0.0002620220184326172,PARAM_VALUE,22,37,checkpoint
0.00030803680419921875,PARAM_VALUE,22,37,checkpoint
0.0003159046173095703,PARAM_VALUE,22,37,checkpoint
0.00035691261291503906,PARAM_VALUE,22,37,checkpoint
0.0003650188446044922,PARAM_VALUE,22,37,checkpoint
0.000370025634765625,PARAM_VALUE,22,37,checkpoint
0.0003750324249267578,PARAM_VALUE,22,37,checkpoint
0.0003800392150878906,PARAM_VALUE,22,37,checkpoint
0.0003859996795654297,PARAM_VALUE,22,37,checkpoint
0.0003910064697265625,PARAM_VALUE,22,37,checkpoint
0.0003960132598876953,PARAM_VALUE,22,37,checkpoint
0.0004010200500488281,PARAM_VALUE,22,37,checkpoint
0.00040602684020996094,PARAM_VALUE,22,37,checkpoint
0.00041294097900390625,PARAM_VALUE,22,37,checkpoint
0.0004220008850097656,PARAM_VALUE,22,37,checkpoint
0.0004889965057373047,PARAM_VALUE,22,37,checkpoint
0.0005359649658203125,PARAM_VALUE,22,37,checkpoint
0.0005481243133544922,PARAM_VALUE,22,37,checkpoint
0.0005559921264648438,PARAM_VALUE,22,37,checkpoint
0.0005640983581542969,PARAM_VALUE,22,37,checkpoint
0.0013420581817626953,ATTITUDE_TARGET,83,48,checkpoint
0.0014328956604003906,ATTITUDE,30,40,checkpoint
0.007901906967163086,LOCAL_POSITION_NED,32,40,checkpoint
0.007930994033813477,ODOMETRY,331,244,checkpoint
0.009128093719482422,HIGHRES_IMU,105,74,checkpoint
0.009148120880126953,ATTITUDE,30,40,checkpoint
0.009161949157714844,ATTITUDE_QUATERNION,31,44,checkpoint
0.011425971984863281,PARAM_VALUE,22,37,checkpoint
0.011586904525756836,PARAM_VALUE,22,37,checkpoint
0.011651992797851562,PARAM_VALUE,22,37,checkpoint
0.011667013168334961,PARAM_VALUE,22,37,checkpoint
0.011677026748657227,PARAM_VALUE,22,37,checkpoint
0.011686086654663086,PARAM_VALUE,22,37,checkpoint
0.011693954467773438,PARAM_VALUE,22,37,checkpoint
0.01170206069946289,PARAM_VALUE,22,37,checkpoint
0.011709928512573242,PARAM_VALUE,22,37,checkpoint
0.011728048324584961,COMMAND_ACK,77,22,checkpoint
0.011805057525634766,ATTITUDE,30,40,checkpoint
0.011825084686279297,PARAM_VALUE,22,37,checkpoint
0.01184391975402832,LOCAL_POSITION_NED,32,40,checkpoint
0.011861085891723633,SERVO_OUTPUT_RAW,36,15,checkpoint
0.011915922164916992,UNKNOWN_410,-2,42,checkpoint
0.011924028396606445,UNKNOWN_410,-2,30,checkpoint
0.01193094253540039,UNKNOWN_410,-2,30,checkpoint
0.01193690299987793,UNKNOWN_410,-2,30,checkpoint
0.011955976486206055,PARAM_VALUE,22,37,checkpoint
0.012018918991088867,PARAM_VALUE,22,37,checkpoint
0.012031078338623047,PARAM_VALUE,22,37,checkpoint
0.012048006057739258,PARAM_VALUE,22,37,checkpoint
0.012058019638061523,PARAM_VALUE,22,37,checkpoint
0.012067079544067383,PARAM_VALUE,22,37,checkpoint
0.012077093124389648,PARAM_VALUE,22,37,checkpoint
0.012087106704711914,PARAM_VALUE,22,37,checkpoint
0.012095928192138672,PARAM_VALUE,22,37,checkpoint
0.012105941772460938,PARAM_VALUE,22,37,checkpoint
0.013256072998046875,ATTITUDE_QUATERNION,31,44,checkpoint
0.013274908065795898,GLOBAL_POSITION_INT,33,40,checkpoint
0.013284921646118164,POSITION_TARGET_LOCAL_NED,85,63,checkpoint
0.01342010498046875,GLOBAL_POSITION_INT,33,40,checkpoint
0.013448953628540039,UNKNOWN_410,-2,42,checkpoint
0.013459920883178711,UNKNOWN_410,-2,30,checkpoint
0.01346898078918457,UNKNOWN_410,-2,30,checkpoint
0.013709068298339844,UNKNOWN_410,-2,30,checkpoint
0.021682024002075195,ATTITUDE,30,40,checkpoint
0.021709918975830078,ATTITUDE_TARGET,83,48,checkpoint
0.022253036499023438,PARAM_VALUE,22,37,checkpoint
0.0222780704498291,PARAM_VALUE,22,37,checkpoint
0.02228689193725586,PARAM_VALUE,22,37,checkpoint
0.02229595184326172,PARAM_VALUE,22,37,checkpoint
0.022304058074951172,PARAM_VALUE,22,37,checkpoint
0.022311925888061523,PARAM_VALUE,22,37,checkpoint
0.022320032119750977,PARAM_VALUE,22,37,checkpoint
0.022327899932861328,PARAM_VALUE,22,37,checkpoint
0.02233600616455078,PARAM_VALUE,22,37,checkpoint
0.022344112396240234,PARAM_VALUE,22,37,checkpoint
0.022351980209350586,PARAM_VALUE,22,37,checkpoint
0.022361040115356445,PARAM_VALUE,22,37,checkpoint
0.022368907928466797,PARAM_VALUE,22,37,checkpoint
0.02237701416015625,PARAM_VALUE,22,37,checkpoint
0.02238607406616211,PARAM_VALUE,22,37,checkpoint
0.02239394187927246,PARAM_VALUE,22,37,checkpoint
0.022402048110961914,PARAM_VALUE,22,37,checkpoint
0.022411108016967773,PARAM_VALUE,22,37,checkpoint
0.02241802215576172,PARAM_VALUE,22,37,checkpoint
0.022424936294555664,PARAM_VALUE,22,37,checkpoint
0.025517940521240234,ATTITUDE,30,40,checkpoint
0.029319047927856445,LOCAL_POSITION_NED,32,40,checkpoint
0.02934098243713379,SERVO_OUTPUT_RAW,36,15,checkpoint
0.029366016387939453,HIGHRES_IMU,105,73,checkpoint
0.029386043548583984,ATTITUDE,30,40,checkpoint
0.029401063919067383,ATTITUDE_QUATERNION,31,44,checkpoint
0.03332400321960449,ATTITUDE_QUATERNION,31,44,checkpoint
0.033349037170410156,GLOBAL_POSITION_INT,33,40,checkpoint
0.033360958099365234,POSITION_TARGET_LOCAL_NED,85,63,checkpoint
0.0334019660949707,GLOBAL_POSITION_INT,33,40,checkpoint
0.03342604637145996,GPS_RAW_INT,24,56,checkpoint
0.03748202323913574,LOCAL_POSITION_NED,32,40,checkpoint
0.03751111030578613,ODOMETRY,331,244,checkpoint
0.038156986236572266,SYSTEM_TIME,2,19,checkpoint
0.03819990158081055,SYSTEM_TIME,2,19,checkpoint
0.03825998306274414,PARAM_VALUE,22,37,checkpoint
0.03834795951843262,PARAM_VALUE,22,37,checkpoint
0.03835892677307129,PARAM_VALUE,22,37,checkpoint
0.038368940353393555,PARAM_VALUE,22,37,checkpoint
0.03837895393371582,PARAM_VALUE,22,37,checkpoint
0.038388967514038086,PARAM_VALUE,22,37,checkpoint
0.03839898109436035,PARAM_VALUE,22,37,checkpoint
0.03840899467468262,PARAM_VALUE,22,37,checkpoint
0.03841710090637207,PARAM_VALUE,22,37,checkpoint
0.038427114486694336,PARAM_VALUE,22,37,checkpoint
0.0384368896484375,PARAM_VALUE,22,37,checkpoint
0.03844594955444336,PARAM_VALUE,22,37,checkpoint
0.03845500946044922,PARAM_VALUE,22,37,checkpoint
0.03846406936645508,PARAM_VALUE,22,37,checkpoint
0.038474082946777344,PARAM_VALUE,22,37,checkpoint
0.038481950759887695,PARAM_VALUE,22,37,checkpoint
0.038491010665893555,PARAM_VALUE,22,37,checkpoint
0.03849911689758301,PARAM_VALUE,22,37,checkpoint
0.03850698471069336,PARAM_VALUE,22,37,checkpoint
0.03851604461669922,PARAM_VALUE,22,37,checkpoint
0.03867006301879883,MISSION_REQUEST_LIST,43,14,checkpoint
0.03874707221984863,MISSION_COUNT,44,21,checkpoint
0.039359092712402344,PARAM_SET,23,35,checkpoint
0.039598941802978516,UNKNOWN_345,-2,33,checkpoint
0.041335105895996094,ATTITUDE_TARGET,83,48,checkpoint
0.0419459342956543,ATTITUDE,30,40,checkpoint
0.045317888259887695,ATTITUDE,30,40,checkpoint
0.049276113510131836,LOCAL_POSITION_NED,32,40,checkpoint
0.04929494857788086,SERVO_OUTPUT_RAW,36,15,checkpoint
0.049340009689331055,HIGHRES_IMU,105,74,checkpoint
0.04936695098876953,ATTITUDE,30,40,checkpoint
0.04938197135925293,ATTITUDE_QUATERNION,31,44,checkpoint
0.05015897750854492,MISSION_REQUEST_INT,51,16,checkpoint
0.050512075424194336,MISSION_ITEM_INT,73,49,checkpoint
0.051284074783325195,MISSION_REQUEST_INT,51,16,checkpoint
0.05151510238647461,MISSION_ITEM_INT,73,49,checkpoint
0.052011966705322266,MISSION_REQUEST_INT,51,16,checkpoint
0.05246901512145996,MISSION_ITEM_INT,73,49,checkpoint
0.05288290977478027,MISSION_REQUEST_INT,51,16,checkpoint
0.05305290222167969,MISSION_ITEM_INT,73,49,checkpoint
0.05321788787841797,ATTITUDE_QUATERNION,31,44,checkpoint
0.05323910713195801,GLOBAL_POSITION_INT,33,40,checkpoint
0.05325007438659668,POSITION_TARGET_LOCAL_NED,85,63,checkpoint
0.05328106880187988,GLOBAL_POSITION_INT,33,40,checkpoint
0.05352592468261719,MISSION_REQUEST_INT,51,16,checkpoint
0.05369400978088379,MISSION_ITEM_INT,73,49,checkpoint
0.05410599708557129,MISSION_REQUEST_INT,51,16,checkpoint
0.05425405502319336,MISSION_ITEM_INT,73,49,checkpoint
0.054991960525512695,MISSION_REQUEST_INT,51,16,checkpoint
0.05519604682922363,MISSION_ITEM_INT,73,49,checkpoint
0.055735111236572266,MISSION_REQUEST_INT,51,16,checkpoint
0.055915117263793945,MISSION_ITEM_INT,73,49,checkpoint
0.05627012252807617,MISSION_REQUEST_INT,51,16,checkpoint
0.05643796920776367,MISSION_ITEM_INT,73,49,checkpoint
0.05681896209716797,MISSION_REQUEST_INT,51,16,checkpoint
0.05703401565551758,MISSION_ITEM_INT,73,49,checkpoint
0.05749011039733887,MISSION_REQUEST_INT,51,16,checkpoint
0.05773806571960449,MISSION_ITEM_INT,73,49,checkpoint
0.05872297286987305,MISSION_REQUEST_INT,51,16,checkpoint
0.05929207801818848,MISSION_ITEM_INT,73,49,checkpoint
0.06132102012634277,ATTITUDE_TARGET,83,48,checkpoint
0.061415910720825195,ATTITUDE,30,40,checkpoint
0.06416010856628418,MISSION_REQUEST_INT,51,16,checkpoint
0.0643320083618164,MISSION_ITEM_INT,73,49,checkpoint
0.06467390060424805,MISSION_REQUEST_INT,51,16,checkpoint
0.06486201286315918,MISSION_ITEM_INT,73,49,checkpoint
0.0651559829711914,MISSION_REQUEST_INT,51,16,checkpoint
0.06533598899841309,ATTITUDE,30,40,checkpoint
0.0654759407043457,MISSION_ITEM_INT,73,49,checkpoint
0.06579709053039551,GPS_RAW_INT,24,56,checkpoint
0.06580901145935059,MISSION_REQUEST_INT,51,16,checkpoint
0.06592702865600586,MISSION_ITEM_INT,73,49,checkpoint
0.0662240982055664,MISSION_REQUEST_INT,51,16,checkpoint
0.06662607192993164,MISSION_ITEM_INT,73,49,checkpoint
0.06692910194396973,MISSION_REQUEST_INT,51,16,checkpoint
0.0672159194946289,MISSION_ITEM_INT,73,49,checkpoint
0.06772708892822266,MISSION_REQUEST_INT,51,16,checkpoint
0.06793808937072754,MISSION_ITEM_INT,73,49,checkpoint
0.06834697723388672,MISSION_REQUEST_INT,51,16,checkpoint
0.0685889720916748,MISSION_ITEM_INT,73,49,checkpoint
0.06897711753845215,MISSION_REQUEST_INT,51,16,checkpoint
0.06919312477111816,MISSION_ITEM_INT,73,49,checkpoint
0.06939196586608887,LOCAL_POSITION_NED,32,40,checkpoint
0.0694119930267334,TIMESYNC,111,25,checkpoint
0.06946301460266113,HIGHRES_IMU,105,74,checkpoint
0.06947493553161621,SERVO_OUTPUT_RAW,36,15,checkpoint
0.06947493553161621,LOCAL_POSITION_NED,32,40,checkpoint
0.0694880485534668,ATTITUDE,30,40,checkpoint
0.06949996948242188,ALTITUDE,141,44,checkpoint
0.06951403617858887,ODOMETRY,331,244,checkpoint
0.06952691078186035,ATTITUDE_QUATERNION,31,44,checkpoint
0.06953811645507812,ATTITUDE_TARGET,83,48,checkpoint
0.0695490837097168,EXTENDED_SYS_STATE,245,14,checkpoint
0.06956195831298828,POSITION_TARGET_LOCAL_NED,85,63,checkpoint
0.06957292556762695,SERVO_OUTPUT_RAW,36,15,checkpoint
0.06958603858947754,SYS_STATUS,1,52,checkpoint
0.06959700584411621,VFR_HUD,74,29,checkpoint
0.06968498229980469,MISSION_REQUEST_INT,51,16,checkpoint
0.06987500190734863,MISSION_ITEM_INT,73,49,checkpoint
0.07030296325683594,MISSION_REQUEST_INT,51,16,checkpoint
0.0705099105834961,MISSION_ITEM_INT,73,49,checkpoint
0.07085800170898438,MISSION_REQUEST_INT,51,16,checkpoint
0.07105398178100586,MISSION_ITEM_INT,73,49,checkpoint
0.07140994071960449,MISSION_REQUEST_INT,51,16,checkpoint
0.07158803939819336,MISSION_ITEM_INT,73,49,checkpoint
0.07194399833679199,MISSION_REQUEST_INT,51,16,checkpoint
0.0721120834350586,MISSION_ITEM_INT,73,49,checkpoint
0.07239890098571777,MISSION_REQUEST_INT,51,16,checkpoint
0.07255291938781738,MISSION_ITEM_INT,73,49,checkpoint
0.07287311553955078,MISSION_REQUEST_INT,51,16,checkpoint
0.07308197021484375,MISSION_ITEM_INT,73,49,checkpoint
0.07337594032287598,GLOBAL_POSITION_INT,33,40,checkpoint
0.07338094711303711,MISSION_REQUEST_INT,51,16,checkpoint
0.07341790199279785,ATTITUDE_QUATERNION,31,44,checkpoint
0.07343411445617676,GLOBAL_POSITION_INT,33,40,checkpoint
0.07344508171081543,POSITION_TARGET_LOCAL_NED,85,63,checkpoint
0.07357311248779297,MISSION_ITEM_INT,73,49,checkpoint
0.07386302947998047,MISSION_REQUEST_INT,51,16,checkpoint
0.07401800155639648,MISSION_ITEM_INT,73,49,checkpoint
0.07474493980407715,MISSION_REQUEST_INT,51,16,checkpoint
0.07494091987609863,MISSION_ITEM_INT,73,49,checkpoint
0.08260703086853027,ATTITUDE,30,40,checkpoint
0.08281397819519043,MISSION_REQUEST_INT,51,16,checkpoint
0.0830390453338623,MISSION_ITEM_INT,73,49,checkpoint
0.08350491523742676,MISSION_REQUEST_INT,51,16,checkpoint
0.08369112014770508,MISSION_ITEM_INT,73,49,checkpoint
0.08409309387207031,MISSION_REQUEST_INT,51,16,checkpoint
0.08423495292663574,MISSION_ITEM_INT,73,49,checkpoint
0.08464694023132324,MISSION_REQUEST_INT,51,16,checkpoint
0.0848228931427002,MISSION_ITEM_INT,73,49,checkpoint
0.08518600463867188,MISSION_REQUEST_INT,51,16,checkpoint
0.08546209335327148,MISSION_ITEM_INT,73,49,checkpoint
0.08587408065795898,MISSION_REQUEST_INT,51,16,checkpoint
0.08610701560974121,MISSION_ITEM_INT,73,49,checkpoint
0.08648300170898438,MISSION_REQUEST_INT,51,16,checkpoint
0.08738589286804199,MISSION_ITEM_INT,73,49,checkpoint
0.0877079963684082,MISSION_REQUEST_INT,51,16,checkpoint
0.08794498443603516,ATTITUDE,30,40,checkpoint
0.08796405792236328,MISSION_ITEM_INT,73,49,checkpoint
0.0880429744720459,ATTITUDE_TARGET,83,48,checkpoint
0.08806300163269043,VFR_HUD,74,29,checkpoint
0.08844590187072754,MISSION_REQUEST_INT,51,16,checkpoint
0.08859896659851074,MISSION_ITEM_INT,73,49,checkpoint
0.08898305892944336,MISSION_REQUEST_INT,51,16,checkpoint
0.08910202980041504,MISSION_ITEM_INT,73,49,checkpoint
0.08941793441772461,MISSION_REQUEST_INT,51,16,checkpoint
0.09028196334838867,MISSION_ITEM_INT,73,49,checkpoint
0.09043312072753906,HIGHRES_IMU,105,73,checkpoint
0.09046006202697754,ATTITUDE,30,40,checkpoint
0.09047698974609375,ATTITUDE_QUATERNION,31,44,checkpoint
0.09243392944335938,LOCAL_POSITION_NED,32,40,checkpoint
0.09249305725097656,SERVO_OUTPUT_RAW,36,15,checkpoint
0.09284496307373047,MISSION_REQUEST_INT,51,16,checkpoint
0.09325504302978516,MISSION_ITEM_INT,73,49,checkpoint
0.09332394599914551,ATTITUDE_QUATERNION,31,44,checkpoint
0.09334492683410645,GLOBAL_POSITION_INT,33,40,checkpoint
0.09335589408874512,POSITION_TARGET_LOCAL_NED,85,63,checkpoint
0.09352612495422363,GLOBAL_POSITION_INT,33,40,checkpoint
0.09806704521179199,MISSION_ACK,47,14,checkpoint
0.0985720157623291,MISSION_REQUEST_LIST,43,15,checkpoint
0.09878206253051758,MISSION_COUNT,44,17,checkpoint
0.0999140739440918,GPS_RAW_INT,24,56,checkpoint
0.10260009765625,ATTITUDE_TARGET,83,48,checkpoint
0.10263991355895996,ATTITUDE,30,40,checkpoint
0.10540294647216797,ATTITUDE,30,40,checkpoint
0.10546398162841797,LOCAL_POSITION_NED,32,40,checkpoint
0.10549211502075195,ODOMETRY,331,244,checkpoint
0.10939693450927734,LOCAL_POSITION_NED,32,40,checkpoint
0.10949897766113281,SERVO_OUTPUT_RAW,36,15,checkpoint
0.11162304878234863,HIGHRES_IMU,105,73,checkpoint
0.11171603202819824,ATTITUDE,30,40,checkpoint
0.11178112030029297,ATTITUDE_QUATERNION,31,44,checkpoint
0.11538004875183105,ATTITUDE_QUATERNION,31,44,checkpoint
0.11540699005126953,GLOBAL_POSITION_INT,33,40,checkpoint
0.1154179573059082,POSITION_TARGET_LOCAL_NED,85,63,checkpoint
0.11582207679748535,GLOBAL_POSITION_INT,33,40,checkpoint
0.12357711791992188,ATTITUDE_TARGET,83,48,checkpoint
0.1237339973449707,ATTITUDE,30,40,checkpoint
0.12840795516967773,ATTITUDE,30,40,checkpoint
0.129364013671875,HIGHRES_IMU,105,74,checkpoint
0.1293809413909912,ATTITUDE,30,40,checkpoint
0.1293950080871582,ATTITUDE_QUATERNION,31,44,checkpoint
0.1294100284576416,GPS_RAW_INT,24,56,checkpoint
0.1301729679107666,LOCAL_POSITION_NED,32,40,checkpoint
0.13019394874572754,SERVO_OUTPUT_RAW,36,15,checkpoint
0.13338994979858398,ATTITUDE_QUATERNION,31,44,checkpoint
0.13341593742370605,GLOBAL_POSITION_INT,33,40,checkpoint
0.13342809677124023,POSITION_TARGET_LOCAL_NED,85,63,checkpoint
0.13346290588378906,GLOBAL_POSITION_INT,33,40,checkpoint
0.13779902458190918,LOCAL_POSITION_NED,32,40,checkpoint
0.13782501220703125,ODOMETRY,331,244,checkpoint
0.14181089401245117,ATTITUDE,30,40,checkpoint
0.14193010330200195,ATTITUDE_TARGET,83,48,checkpoint
0.14670610427856445,ATTITUDE,30,40,checkpoint
0.14929890632629395,LOCAL_POSITION_NED,32,40,checkpoint
0.14932012557983398,SERVO_OUTPUT_RAW,36,15,checkpoint
0.14933204650878906,HIGHRES_IMU,105,73,checkpoint
0.1493680477142334,ATTITUDE,30,40,checkpoint
0.1493830680847168,ATTITUDE_QUATERNION,31,44,checkpoint
0.1533510684967041,ATTITUDE_QUATERNION,31,44,checkpoint
0.15337491035461426,GLOBAL_POSITION_INT,33,40,checkpoint
0.15338706970214844,POSITION_TARGET_LOCAL_NED,85,63,checkpoint
0.15348100662231445,GLOBAL_POSITION_INT,33,40,checkpoint
0.16250395774841309,ATTITUDE_TARGET,83,48,checkpoint
0.16254901885986328,ATTITUDE,30,40,checkpoint
0.16539907455444336,GPS_RAW_INT,24,56,checkpoint
0.1654059886932373,ATTITUDE,30,40,checkpoint
0.1692490577697754,LOCAL_POSITION_NED,32,40,checkpoint
0.1692640781402588,SERVO_OUTPUT_RAW,36,15,checkpoint
0.1693129539489746,TIMESYNC,111,25,checkpoint
0.16942191123962402,HIGHRES_IMU,105,73,checkpoint
0.1694331169128418,LOCAL_POSITION_NED,32,40,checkpoint
0.16944098472595215,ATTITUDE,30,40,checkpoint
0.1694469451904297,ALTITUDE,141,44,checkpoint
0.16945600509643555,ODOMETRY,331,244,checkpoint
0.169464111328125,ATTITUDE_QUATERNION,31,44,checkpoint
0.16947007179260254,ATTITUDE_TARGET,83,48,checkpoint
0.1694800853729248,POSITION_TARGET_LOCAL_NED,85,63,checkpoint
0.16948604583740234,SERVO_OUTPUT_RAW,36,15,checkpoint
0.1694929599761963,VFR_HUD,74,29,checkpoint
0.17337703704833984,ATTITUDE_QUATERNION,31,44,checkpoint
0.17339301109313965,GLOBAL_POSITION_INT,33,40,checkpoint
0.1733999252319336,POSITION_TARGET_LOCAL_NED,85,63,checkpoint
0.17342495918273926,GLOBAL_POSITION_INT,33,40,checkpoint
0.1813220977783203,ATTITUDE_TARGET,83,48,checkpoint
0.18137407302856445,ATTITUDE,30,40,checkpoint
0.18140697479248047,GPS_RAW_INT,24,56,checkpoint
0.18529391288757324,ATTITUDE,30,40,checkpoint
0.1909339427947998,HIGHRES_IMU,105,74,checkpoint
0.19096112251281738,ATTITUDE,30,40,checkpoint
0.19097900390625,ATTITUDE_QUATERNION,31,44,checkpoint
0.19189000129699707,LOCAL_POSITION_NED,32,40,checkpoint
0.19200706481933594,SERVO_OUTPUT_RAW,36,15,checkpoint
0.1933460235595703,ATTITUDE_QUATERNION,31,44,checkpoint
0.19340109825134277,GLOBAL_POSITION_INT,33,40,checkpoint
0.19341492652893066,POSITION_TARGET_LOCAL_NED,85,63,checkpoint
0.19414496421813965,GLOBAL_POSITION_INT,33,40,checkpoint
0.19802093505859375,GPS_RAW_INT,24,56,checkpoint
0.20126795768737793,ATTITUDE_TARGET,83,48,checkpoint
0.2012929916381836,ATTITUDE,30,40,checkpoint
0.2052779197692871,ATTITUDE,30,40,checkpoint
0.2053370475769043,LOCAL_POSITION_NED,32,40,checkpoint
0.20536303520202637,ODOMETRY,331,244,checkpoint
0.2093980312347412,LOCAL_POSITION_NED,32,40,checkpoint
0.20939898490905762,HIGHRES_IMU,105,74,checkpoint
0.20942401885986328,ATTITUDE,30,40,checkpoint
0.20943808555603027,ATTITUDE_QUATERNION,31,44,checkpoint
0.20945501327514648,SERVO_OUTPUT_RAW,36,15,checkpoint
0.21329689025878906,ATTITUDE_QUATERNION,31,44,checkpoint
0.2133328914642334,GLOBAL_POSITION_INT,33,40,checkpoint
0.21343207359313965,GLOBAL_POSITION_INT,33,40,checkpoint
0.2134699821472168,POSITION_TARGET_LOCAL_NED,85,63,checkpoint
0.22135710716247559,ATTITUDE_TARGET,83,48,checkpoint
0.2214820384979248,ATTITUDE,30,40,checkpoint
0.22531700134277344,ATTITUDE,30,40,checkpoint
0.22930407524108887,LOCAL_POSITION_NED,32,40,checkpoint
0.2293250560760498,SERVO_OUTPUT_RAW,36,15,checkpoint
0.22942209243774414,HIGHRES_IMU,105,73,checkpoint
0.22943806648254395,ATTITUDE,30,40,checkpoint
0.22944998741149902,ATTITUDE_QUATERNION,31,44,checkpoint
0.2294619083404541,GPS_RAW_INT,24,56,checkpoint
0.23333406448364258,ATTITUDE_QUATERNION,31,44,checkpoint
0.23335790634155273,GLOBAL_POSITION_INT,33,40,checkpoint
0.233367919921875,POSITION_TARGET_LOCAL_NED,85,63,checkpoint
0.233381986618042,GLOBAL_POSITION_INT,33,40,checkpoint
0.23752808570861816,LOCAL_POSITION_NED,32,40,checkpoint
0.23756003379821777,ODOMETRY,331,244,checkpoint
0.24129891395568848,ATTITUDE_TARGET,83,48,checkpoint
0.2413620948791504,ATTITUDE,30,40,checkpoint
0.2453320026397705,ATTITUDE,30,40,checkpoint
0.24946188926696777,LOCAL_POSITION_NED,32,40,checkpoint
0.24948596954345703,SERVO_OUTPUT_RAW,36,15,checkpoint
0.24952912330627441,HIGHRES_IMU,105,74,checkpoint
0.2495560646057129,ATTITUDE,30,40,checkpoint
0.2495720386505127,ATTITUDE_QUATERNION,31,44,checkpoint
0.2533540725708008,ATTITUDE_QUATERNION,31,44,checkpoint
0.25337696075439453,GLOBAL_POSITION_INT,33,40,checkpoint
0.2533879280090332,POSITION_TARGET_LOCAL_NED,85,63,checkpoint
0.2534599304199219,GLOBAL_POSITION_INT,33,40,checkpoint
0.2613348960876465,ATTITUDE_TARGET,83,48,checkpoint
0.26135897636413574,ATTITUDE,30,40,checkpoint
0.261383056640625,GPS_RAW_INT,24,56,checkpoint
0.26531291007995605,ATTITUDE,30,40,checkpoint
0.26970410346984863,LOCAL_POSITION_NED,32,40,checkpoint
0.26973509788513184,TIMESYNC,111,25,checkpoint
0.2697598934173584,SERVO_OUTPUT_RAW,36,15,checkpoint
0.2697610855102539,HIGHRES_IMU,105,73,checkpoint
0.2697720527648926,LOCAL_POSITION_NED,32,40,checkpoint
0.26978492736816406,ATTITUDE,30,40,checkpoint
0.26982688903808594,ALTITUDE,141,44,checkpoint
0.26984190940856934,ODOMETRY,331,244,checkpoint
0.2698531150817871,ATTITUDE_QUATERNION,31,44,checkpoint
0.26986193656921387,ATTITUDE_TARGET,83,48,checkpoint
0.26987195014953613,EXTENDED_SYS_STATE,245,14,checkpoint
0.2698850631713867,POSITION_TARGET_LOCAL_NED,85,63,checkpoint
0.2698969841003418,SERVO_OUTPUT_RAW,36,15,checkpoint
0.26990795135498047,SYS_STATUS,1,52,checkpoint
0.26992011070251465,VFR_HUD,74,29,checkpoint
0.2735309600830078,GLOBAL_POSITION_INT,33,40,checkpoint
0.27367305755615234,ATTITUDE_QUATERNION,31,44,checkpoint
0.2738640308380127,GLOBAL_POSITION_INT,33,40,checkpoint
0.27388691902160645,POSITION_TARGET_LOCAL_NED,85,63,checkpoint
0.2813301086425781,ATTITUDE_TARGET,83,48,checkpoint
0.2813739776611328,ATTITUDE,30,40,checkpoint
0.28548502922058105,ATTITUDE,30,40,checkpoint
0.2894120216369629,LOCAL_POSITION_NED,32,40,checkpoint
0.28943705558776855,SERVO_OUTPUT_RAW,36,15,checkpoint
0.29012107849121094,HIGHRES_IMU,105,73,checkpoint
0.2901480197906494,ATTITUDE,30,40,checkpoint
0.2901639938354492,ATTITUDE_QUATERNION,31,44,checkpoint
0.2934229373931885,ATTITUDE_QUATERNION,31,44,checkpoint
0.29344797134399414,GLOBAL_POSITION_INT,33,40,checkpoint
0.2934579849243164,POSITION_TARGET_LOCAL_NED,85,63,checkpoint
0.29447507858276367,GLOBAL_POSITION_INT,33,40,checkpoint
0.29739809036254883,GPS_RAW_INT,24,56,checkpoint
0.30128908157348633,ATTITUDE_TARGET,83,48,checkpoint
0.30133605003356934,ATTITUDE,30,40,checkpoint
0.305311918258667,ATTITUDE,30,40,checkpoint
0.30542802810668945,LOCAL_POSITION_NED,32,40,checkpoint
0.30547404289245605,ODOMETRY,331,244,checkpoint
0.30933594703674316,LOCAL_POSITION_NED,32,40,checkpoint
0.3093850612640381,HIGHRES_IMU,105,74,checkpoint
0.3093910217285156,SERVO_OUTPUT_RAW,36,15,checkpoint
0.30941104888916016,ATTITUDE,30,40,checkpoint
0.30942511558532715,ATTITUDE_QUATERNION,31,44,checkpoint
0.31354403495788574,ATTITUDE_QUATERNION,31,44,checkpoint
0.3135800361633301,GLOBAL_POSITION_INT,33,40,checkpoint
0.31359195709228516,POSITION_TARGET_LOCAL_NED,85,63,checkpoint
0.3136589527130127,GLOBAL_POSITION_INT,33,40,checkpoint
0.3213989734649658,ATTITUDE_TARGET,83,48,checkpoint
0.3215179443359375,ATTITUDE,30,40,checkpoint
0.325329065322876,ATTITUDE,30,40,checkpoint
0.32937002182006836,LOCAL_POSITION_NED,32,40,checkpoint
0.3293910026550293,SERVO_OUTPUT_RAW,36,15,checkpoint
0.32948899269104004,HIGHRES_IMU,105,74,checkpoint
0.32950806617736816,ATTITUDE,30,40,checkpoint
0.32952189445495605,ATTITUDE_QUATERNION,31,44,checkpoint
0.32953500747680664,GPS_RAW_INT,24,56,checkpoint
0.3334391117095947,ATTITUDE_QUATERNION,31,44,checkpoint
0.33346104621887207,GLOBAL_POSITION_INT,33,40,checkpoint
0.33347010612487793,POSITION_TARGET_LOCAL_NED,85,63,checkpoint
0.3334779739379883,VFR_HUD,74,29,checkpoint
0.33348703384399414,GLOBAL_POSITION_INT,33,40,checkpoint
0.33734798431396484,LOCAL_POSITION_NED,32,40,checkpoint
0.3373739719390869,ODOMETRY,331,244,checkpoint
0.34126996994018555,ATTITUDE_TARGET,83,48,checkpoint
0.3413870334625244,ATTITUDE,30,40,checkpoint
0.3456740379333496,ATTITUDE,30,40,checkpoint
0.34946203231811523,LOCAL_POSITION_NED,32,40,checkpoint
0.3495209217071533,SERVO_OUTPUT_RAW,36,15,checkpoint
0.3497309684753418,HIGHRES_IMU,105,74,checkpoint
0.34975600242614746,ATTITUDE,30,40,checkpoint
0.34977006912231445,ATTITUDE_QUATERNION,31,44,checkpoint
0.3534109592437744,ATTITUDE_QUATERNION,31,44,checkpoint
0.3534359931945801,GLOBAL_POSITION_INT,33,40,checkpoint
0.35344696044921875,POSITION_TARGET_LOCAL_NED,85,63,checkpoint
0.3554060459136963,GLOBAL_POSITION_INT,33,40,checkpoint
0.3612360954284668,ATTITUDE_TARGET,83,48,checkpoint
0.36128902435302734,ATTITUDE,30,40,checkpoint
0.3613109588623047,GPS_RAW_INT,24,56,checkpoint
0.3653719425201416,ATTITUDE,30,40,checkpoint
0.36945390701293945,LOCAL_POSITION_NED,32,40,checkpoint
0.3694760799407959,SERVO_OUTPUT_RAW,36,15,checkpoint
0.36949992179870605,TIMESYNC,111,25,checkpoint
0.3695249557495117,HIGHRES_IMU,105,74,checkpoint
0.369534969329834,LOCAL_POSITION_NED,32,40,checkpoint
0.36954808235168457,ATTITUDE,30,40,checkpoint
0.36955809593200684,ALTITUDE,141,44,checkpoint
0.3695709705352783,ODOMETRY,331,244,checkpoint
0.369581937789917,ATTITUDE_QUATERNION,31,44,checkpoint
0.36959195137023926,ATTITUDE_TARGET,83,48,checkpoint
0.36960506439208984,POSITION_TARGET_LOCAL_NED,85,63,checkpoint
0.3696150779724121,SERVO_OUTPUT_RAW,36,15,checkpoint
0.3696260452270508,VFR_HUD,74,29,checkpoint
0.3733799457550049,ATTITUDE_QUATERNION,31,44,checkpoint
0.37340211868286133,GLOBAL_POSITION_INT,33,40,checkpoint
0.3734130859375,POSITION_TARGET_LOCAL_NED,85,63,checkpoint
0.373568058013916,GLOBAL_POSITION_INT,33,40,checkpoint
0.38132500648498535,ATTITUDE_TARGET,83,48,checkpoint
0.38137006759643555,ATTITUDE,30,40,checkpoint
0.38146209716796875,GPS_RAW_INT,24,56,checkpoint
0.3814809322357178,MISSION_ACK,47,16,checkpoint
0.38201403617858887,MISSION_REQUEST_LIST,43,15,checkpoint
0.38213491439819336,MISSION_COUNT,44,17,checkpoint
0.38542699813842773,ATTITUDE,30,40,checkpoint
0.3900001049041748,HIGHRES_IMU,105,73,checkpoint
0.39005589485168457,ATTITUDE,30,40,checkpoint
0.39008092880249023,LOCAL_POSITION_NED,32,40,checkpoint
0.39010000228881836,ATTITUDE_QUATERNION,31,44,checkpoint
0.39010190963745117,SERVO_OUTPUT_RAW,36,15,checkpoint
0.3957479000091553,GLOBAL_POSITION_INT,33,40,checkpoint
0.39577698707580566,GPS_RAW_INT,24,56,checkpoint
0.3958320617675781,ATTITUDE_QUATERNION,31,44,checkpoint
0.3959510326385498,GLOBAL_POSITION_INT,33,40,checkpoint
0.3959619998931885,POSITION_TARGET_LOCAL_NED,85,63,checkpoint
0.4035770893096924,ATTITUDE_TARGET,83,48,checkpoint
0.4036381244659424,ATTITUDE,30,40,checkpoint
0.40572690963745117,LOCAL_POSITION_NED,32,40,checkpoint
0.4057600498199463,ODOMETRY,331,244,checkpoint
0.40596795082092285,ATTITUDE,30,40,checkpoint
0.40982508659362793,LOCAL_POSITION_NED,32,40,checkpoint
0.4098479747772217,SERVO_OUTPUT_RAW,36,15,checkpoint
0.4099760055541992,HIGHRES_IMU,105,73,checkpoint
0.410006046295166,ATTITUDE,30,40,checkpoint
0.410067081451416,ATTITUDE_QUATERNION,31,44,checkpoint
0.4133799076080322,ATTITUDE_QUATERNION,31,44,checkpoint
0.41340088844299316,GLOBAL_POSITION_INT,33,40,checkpoint
0.413409948348999,POSITION_TARGET_LOCAL_NED,85,63,checkpoint
0.41352105140686035,GLOBAL_POSITION_INT,33,40,checkpoint
0.4223361015319824,ATTITUDE_TARGET,83,48,checkpoint
0.4223799705505371,ATTITUDE,30,40,checkpoint
0.4256141185760498,ATTITUDE,30,40,checkpoint
0.4293229579925537,LOCAL_POSITION_NED,32,40,checkpoint
0.42934203147888184,SERVO_OUTPUT_RAW,36,15,checkpoint
0.4293849468231201,HIGHRES_IMU,105,74,checkpoint
0.4293949604034424,ATTITUDE,30,40,checkpoint
0.42940306663513184,ATTITUDE_QUATERNION,31,44,checkpoint
0.4294109344482422,GPS_RAW_INT,24,56,checkpoint
0.4338400363922119,ATTITUDE_QUATERNION,31,44,checkpoint
0.43392395973205566,GLOBAL_POSITION_INT,33,40,checkpoint
0.43393898010253906,POSITION_TARGET_LOCAL_NED,85,63,checkpoint
0.4339900016784668,GLOBAL_POSITION_INT,33,40,checkpoint
0.4373331069946289,LOCAL_POSITION_NED,32,40,checkpoint
0.4373750686645508,ODOMETRY,331,244,checkpoint
0.4412989616394043,ATTITUDE_TARGET,83,48,checkpoint
0.4417910575866699,ATTITUDE,30,40,checkpoint
0.44543004035949707,ATTITUDE,30,40,checkpoint
0.4493861198425293,LOCAL_POSITION_NED,32,40,checkpoint
0.44944095611572266,SERVO_OUTPUT_RAW,36,15,checkpoint
0.45197510719299316,HIGHRES_IMU,105,73,checkpoint
0.4519970417022705,ATTITUDE,30,40,checkpoint
0.4520070552825928,ATTITUDE_QUATERNION,31,44,checkpoint
0.4533820152282715,ATTITUDE_QUATERNION,31,44,checkpoint
0.4533989429473877,GLOBAL_POSITION_INT,33,40,checkpoint
0.45340394973754883,GLOBAL_POSITION_INT,33,40,checkpoint
0.4534139633178711,POSITION_TARGET_LOCAL_NED,85,63,checkpoint
0.4541659355163574,HEARTBEAT,0,21,checkpoint
0.45496606826782227,MISSION_ACK,47,16,checkpoint
0.4633610248565674,ATTITUDE,30,40,checkpoint
0.4634590148925781,GPS_RAW_INT,24,56,checkpoint
0.46361708641052246,ATTITUDE_TARGET,83,48,checkpoint
0.46535611152648926,ATTITUDE,30,40,checkpoint
0.47307395935058594,TIMESYNC,111,25,checkpoint
0.47310590744018555,HIGHRES_IMU,105,74,checkpoint
0.4731171131134033,LOCAL_POSITION_NED,32,40,checkpoint
0.4731299877166748,ATTITUDE,30,40,checkpoint
0.47314000129699707,ALTITUDE,141,44,checkpoint
0.47315406799316406,ODOMETRY,331,244,checkpoint
0.47316694259643555,ATTITUDE_QUATERNION,31,44,checkpoint
0.4731769561767578,ATTITUDE_TARGET,83,48,checkpoint
0.4731879234313965,EXTENDED_SYS_STATE,245,14,checkpoint
0.4732029438018799,POSITION_TARGET_LOCAL_NED,85,63,checkpoint
0.47321391105651855,SERVO_OUTPUT_RAW,36,15,checkpoint
0.47322607040405273,SYS_STATUS,1,52,checkpoint
0.473236083984375,VFR_HUD,74,29,checkpoint
0.47324705123901367,LOCAL_POSITION_NED,32,40,checkpoint
0.47327208518981934,SERVO_OUTPUT_RAW,36,15,checkpoint
0.47427892684936523,GLOBAL_POSITION_INT,33,40,checkpoint
0.4744110107421875,ATTITUDE_QUATERNION,31,44,checkpoint
0.4748349189758301,GLOBAL_POSITION_INT,33,40,checkpoint
0.47510504722595215,POSITION_TARGET_LOCAL_NED,85,63,checkpoint
0.48127007484436035,ATTITUDE,30,40,checkpoint
0.4815380573272705,ATTITUDE_TARGET,83,48,checkpoint
0.48549509048461914,ATTITUDE,30,40,checkpoint
0.4893310070037842,LOCAL_POSITION_NED,32,40,checkpoint
0.48935604095458984,SERVO_OUTPUT_RAW,36,15,checkpoint
0.4895451068878174,HIGHRES_IMU,105,74,checkpoint
0.4895749092102051,ATTITUDE,30,40,checkpoint
0.489591121673584,ATTITUDE_QUATERNION,31,44,checkpoint
0.49324893951416016,ATTITUDE_QUATERNION,31,44,checkpoint
0.49330997467041016,GLOBAL_POSITION_INT,33,40,checkpoint
0.4933290481567383,GPS_RAW_INT,24,56,checkpoint
0.49334096908569336,GLOBAL_POSITION_INT,33,40,checkpoint
0.4933900833129883,POSITION_TARGET_LOCAL_NED,85,63,checkpoint
0.5016779899597168,ATTITUDE_TARGET,83,48,checkpoint
0.5017399787902832,ATTITUDE,30,40,checkpoint
0.5053670406341553,ATTITUDE,30,40,checkpoint
0.5060679912567139,LOCAL_POSITION_NED,32,40,checkpoint
0.5060970783233643,ODOMETRY,331,244,checkpoint
0.5093529224395752,LOCAL_POSITION_NED,32,40,checkpoint
0.509376049041748,SERVO_OUTPUT_RAW,36,15,checkpoint
0.5094139575958252,HIGHRES_IMU,105,73,checkpoint
0.5094420909881592,ATTITUDE,30,40,checkpoint
0.5094590187072754,ATTITUDE_QUATERNION,31,44,checkpoint
0.5133728981018066,ATTITUDE_QUATERNION,31,44,checkpoint
0.5133991241455078,GLOBAL_POSITION_INT,33,40,checkpoint
0.5134110450744629,POSITION_TARGET_LOCAL_NED,85,63,checkpoint
0.5151870250701904,GLOBAL_POSITION_INT,33,40,checkpoint
0.5213758945465088,ATTITUDE_TARGET,83,48,checkpoint
0.5213971138000488,ATTITUDE,30,40,checkpoint
0.5256209373474121,ATTITUDE,30,40,checkpoint
0.5257160663604736,GPS_RAW_INT,24,56,checkpoint
0.5296599864959717,LOCAL_POSITION_NED,32,40,checkpoint
0.5296831130981445,SERVO_OUTPUT_RAW,36,15,checkpoint
0.5306129455566406,HIGHRES_IMU,105,73,checkpoint
0.5306360721588135,ATTITUDE,30,40,checkpoint
0.5306510925292969,ATTITUDE_QUATERNION,31,44,checkpoint
0.5342040061950684,ATTITUDE_QUATERNION,31,44,checkpoint
0.5343129634857178,GLOBAL_POSITION_INT,33,40,checkpoint
0.5343160629272461,GLOBAL_POSITION_INT,33,40,checkpoint
0.5343430042266846,POSITION_TARGET_LOCAL_NED,85,63,checkpoint
0.54032301902771,LOCAL_POSITION_NED,32,40,checkpoint
0.5403521060943604,ODOMETRY,331,244,checkpoint
0.5463380813598633,ATTITUDE_TARGET,83,48,checkpoint
0.5464489459991455,ATTITUDE,30,40,checkpoint
0.5510051250457764,ATTITUDE,30,40,checkpoint
0.554685115814209,HIGHRES_IMU,105,74,checkpoint
0.5547099113464355,ATTITUDE,30,40,checkpoint
0.554724931716919,ATTITUDE_QUATERNION,31,44,checkpoint
0.5548419952392578,LOCAL_POSITION_NED,32,40,checkpoint
0.554893970489502,SERVO_OUTPUT_RAW,36,15,checkpoint
0.5582120418548584,ATTITUDE_QUATERNION,31,44,checkpoint
0.5582640171051025,GLOBAL_POSITION_INT,33,40,checkpoint
0.5582759380340576,POSITION_TARGET_LOCAL_NED,85,63,checkpoint
0.5583209991455078,GLOBAL_POSITION_INT,33,40,checkpoint
0.566227912902832,ATTITUDE,30,40,checkpoint
0.5662550926208496,GPS_RAW_INT,24,56,checkpoint
0.5662639141082764,ATTITUDE_TARGET,83,48,checkpoint
0.5701780319213867,ATTITUDE,30,40,checkpoint
0.5745511054992676,TIMESYNC,111,25,checkpoint
0.5745658874511719,LOCAL_POSITION_NED,32,40,checkpoint
0.5745770931243896,HIGHRES_IMU,105,73,checkpoint
0.5745871067047119,SERVO_OUTPUT_RAW,36,15,checkpoint
0.5745890140533447,LOCAL_POSITION_NED,32,40,checkpoint
0.5746009349822998,ATTITUDE,30,40,checkpoint
0.5746119022369385,ALTITUDE,141,44,checkpoint
0.5746250152587891,ODOMETRY,331,244,checkpoint
0.5746378898620605,ATTITUDE_QUATERNION,31,44,checkpoint
0.5746479034423828,ATTITUDE_TARGET,83,48,checkpoint
0.5746619701385498,POSITION_TARGET_LOCAL_NED,85,63,checkpoint
0.5746729373931885,SERVO_OUTPUT_RAW,36,15,checkpoint
0.5746829509735107,VFR_HUD,74,29,checkpoint
0.5784039497375488,ATTITUDE_QUATERNION,31,44,checkpoint
0.5784270763397217,GLOBAL_POSITION_INT,33,40,checkpoint
0.578437089920044,POSITION_TARGET_LOCAL_NED,85,63,checkpoint
0.5784690380096436,GLOBAL_POSITION_INT,33,40,checkpoint
0.5861790180206299,HEARTBEAT,0,21,checkpoint
0.5861999988555908,ALTITUDE,141,44,checkpoint
0.5862081050872803,ATTITUDE_TARGET,83,48,checkpoint
0.5862200260162354,EXTENDED_SYS_STATE,245,14,checkpoint
0.5862290859222412,GPS_RAW_INT,24,56,checkpoint
0.5862410068511963,OPEN_DRONE_ID_LOCATION,12901,70,checkpoint
0.5862491130828857,OPEN_DRONE_ID_SYSTEM,12904,37,checkpoint
0.5862579345703125,SCALED_PRESSURE,29,26,checkpoint
0.586266040802002,SYS_STATUS,1,52,checkpoint
0.5862729549407959,VFR_HUD,74,29,checkpoint
0.5862789154052734,UNKNOWN_8,-2,33,checkpoint
0.5867230892181396,ATTITUDE,30,40,checkpoint
0.5904181003570557,ATTITUDE,30,40,checkpoint
0.5991919040679932,LOCAL_POSITION_NED,32,40,checkpoint
0.5992100238800049,SERVO_OUTPUT_RAW,36,15,checkpoint
0.5992190837860107,UNKNOWN_411,-2,13,checkpoint
0.5995659828186035,HIGHRES_IMU,105,73,checkpoint
0.5995891094207764,ATTITUDE,30,40,checkpoint
0.5996029376983643,ATTITUDE_QUATERNION,31,44,checkpoint
0.6005430221557617,COMMAND_LONG,76,44,checkpoint
0.6011419296264648,ATTITUDE_QUATERNION,31,44,checkpoint
0.6011641025543213,GLOBAL_POSITION_INT,33,40,checkpoint
0.6011650562286377,GLOBAL_POSITION_INT,33,40,checkpoint
0.6011769771575928,POSITION_TARGET_LOCAL_NED,85,63,checkpoint
0.6011879444122314,GPS_RAW_INT,24,56,checkpoint
0.6042990684509277,COMMAND_ACK,77,22,checkpoint
0.6082830429077148,ATTITUDE_TARGET,83,48,checkpoint
0.6085109710693359,ATTITUDE,30,40,checkpoint
0.6111741065979004,LOCAL_POSITION_NED,32,40,checkpoint
0.6112070083618164,ATTITUDE,30,40,checkpoint
0.6112849712371826,ODOMETRY,331,244,checkpoint
0.6174499988555908,HIGHRES_IMU,105,73,checkpoint
0.6174759864807129,ATTITUDE,30,40,checkpoint
0.6174910068511963,ATTITUDE_QUATERNION,31,44,checkpoint
0.6180410385131836,LOCAL_POSITION_NED,32,40,checkpoint
0.6180610656738281,SERVO_OUTPUT_RAW,36,15,checkpoint
0.6187949180603027,GLOBAL_POSITION_INT,33,40,checkpoint
0.6189639568328857,ATTITUDE_QUATERNION,31,44,checkpoint
0.6190149784088135,GLOBAL_POSITION_INT,33,40,checkpoint
0.6190280914306641,POSITION_TARGET_LOCAL_NED,85,63,checkpoint
0.6240251064300537,MISSION_CURRENT,42,22,checkpoint
0.627669095993042,ATTITUDE,30,40,checkpoint
0.6283450126647949,ATTITUDE_TARGET,83,48,checkpoint
0.6303410530090332,GPS_RAW_INT,24,56,checkpoint
0.6305530071258545,ATTITUDE,30,40,checkpoint
0.6342201232910156,HIGHRES_IMU,105,74,checkpoint
0.6342489719390869,ATTITUDE,30,40,checkpoint
0.6342580318450928,LOCAL_POSITION_NED,32,40,checkpoint
0.6342639923095703,ATTITUDE_QUATERNION,31,44,checkpoint
0.6343278884887695,SERVO_OUTPUT_RAW,36,15,checkpoint
0.6384539604187012,ATTITUDE_QUATERNION,31,44,checkpoint
0.6386420726776123,GLOBAL_POSITION_INT,33,40,checkpoint
0.6386659145355225,POSITION_TARGET_LOCAL_NED,85,63,checkpoint
0.6387979984283447,GLOBAL_POSITION_INT,33,40,checkpoint
0.6445910930633545,LOCAL_POSITION_NED,32,40,checkpoint
0.6446249485015869,ODOMETRY,331,244,checkpoint
0.6474959850311279,ATTITUDE,30,40,checkpoint
0.6475379467010498,ATTITUDE_TARGET,83,48,checkpoint
0.65077805519104,ATTITUDE,30,40,checkpoint
0.6554319858551025,HIGHRES_IMU,105,73,checkpoint
0.6554529666900635,LOCAL_POSITION_NED,32,40,checkpoint
0.6554601192474365,ATTITUDE,30,40,checkpoint
0.6554698944091797,SERVO_OUTPUT_RAW,36,15,checkpoint
0.6555089950561523,ATTITUDE_QUATERNION,31,44,checkpoint
0.6591110229492188,ATTITUDE_QUATERNION,31,44,checkpoint
0.659466028213501,GLOBAL_POSITION_INT,33,40,checkpoint
0.6596500873565674,POSITION_TARGET_LOCAL_NED,85,63,checkpoint
0.6597509384155273,GLOBAL_POSITION_INT,33,40,checkpoint
0.6630949974060059,GPS_RAW_INT,24,56,checkpoint
0.6671600341796875,ATTITUDE_TARGET,83,48,checkpoint
0.6671938896179199,ATTITUDE,30,40,checkpoint
0.6759719848632812,ATTITUDE,30,40,checkpoint
0.6791749000549316,LOCAL_POSITION_NED,32,40,checkpoint
0.6794209480285645,SERVO_OUTPUT_RAW,36,15,checkpoint
0.6819689273834229,TIMESYNC,111,25,checkpoint
0.6820259094238281,HIGHRES_IMU,105,74,checkpoint
0.6820449829101562,LOCAL_POSITION_NED,32,40,checkpoint
0.6820659637451172,ATTITUDE,30,40,checkpoint
0.6820828914642334,ALTITUDE,141,44,checkpoint
0.6821279525756836,ODOMETRY,331,244,checkpoint
0.6821520328521729,ATTITUDE_QUATERNION,31,44,checkpoint
0.6821699142456055,ATTITUDE_TARGET,83,48,checkpoint
0.6821920871734619,EXTENDED_SYS_STATE,245,14,checkpoint
0.6822218894958496,POSITION_TARGET_LOCAL_NED,85,63,checkpoint
0.6822431087493896,SERVO_OUTPUT_RAW,36,15,checkpoint
0.6822679042816162,SYS_STATUS,1,52,checkpoint
0.6823210716247559,VFR_HUD,74,29,checkpoint
0.6825900077819824,ATTITUDE_QUATERNION,31,44,checkpoint
0.6826179027557373,GLOBAL_POSITION_INT,33,40,checkpoint
0.6826279163360596,POSITION_TARGET_LOCAL_NED,85,63,checkpoint
0.6836860179901123,GLOBAL_POSITION_INT,33,40,checkpoint
0.6971900463104248,ATTITUDE,30,40,checkpoint
0.6972000598907471,ATTITUDE_TARGET,83,48,checkpoint
0.7068979740142822,HIGHRES_IMU,105,73,checkpoint
0.7074069976806641,ATTITUDE,30,40,checkpoint
0.7075490951538086,ATTITUDE,30,40,checkpoint
0.7077329158782959,ATTITUDE_QUATERNION,31,44,checkpoint
0.7077488899230957,GPS_RAW_INT,24,56,checkpoint
0.709907054901123,ATTITUDE_QUATERNION,31,44,checkpoint
0.7099349498748779,GLOBAL_POSITION_INT,33,40,checkpoint
0.709989070892334,GLOBAL_POSITION_INT,33,40,checkpoint
0.7100019454956055,LOCAL_POSITION_NED,32,40,checkpoint
0.7100110054016113,POSITION_TARGET_LOCAL_NED,85,63,checkpoint
0.7100191116333008,SERVO_OUTPUT_RAW,36,15,checkpoint
0.7144711017608643,ATTITUDE,30,40,checkpoint
0.7154719829559326,ATTITUDE_TARGET,83,48,checkpoint
0.7193930149078369,ATTITUDE,30,40,checkpoint
0.7194321155548096,LOCAL_POSITION_NED,32,40,checkpoint
0.7196640968322754,ODOMETRY,331,244,checkpoint
0.7225520610809326,LOCAL_POSITION_NED,32,40,checkpoint
0.7225639820098877,HIGHRES_IMU,105,73,checkpoint
0.7225699424743652,SERVO_OUTPUT_RAW,36,15,checkpoint
0.7225909233093262,ATTITUDE,30,40,checkpoint
0.7226459980010986,ATTITUDE_QUATERNION,31,44,checkpoint
0.7257709503173828,ATTITUDE_QUATERNION,31,44,checkpoint
0.7257890701293945,GLOBAL_POSITION_INT,33,40,checkpoint
0.7257919311523438,GLOBAL_POSITION_INT,33,40,checkpoint
0.725801944732666,POSITION_TARGET_LOCAL_NED,85,63,checkpoint
0.7354350090026855,ATTITUDE,30,40,checkpoint
0.7354450225830078,ATTITUDE_TARGET,83,48,checkpoint
0.7413229942321777,GPS_RAW_INT,24,56,checkpoint
0.741461992263794,ATTITUDE,30,40,checkpoint
0.7418229579925537,LOCAL_POSITION_NED,32,40,checkpoint
0.7418389320373535,SERVO_OUTPUT_RAW,36,15,checkpoint
0.7419970035552979,HIGHRES_IMU,105,74,checkpoint
0.742016077041626,ATTITUDE,30,40,checkpoint
0.7420310974121094,ATTITUDE_QUATERNION,31,44,checkpoint
0.7457489967346191,GLOBAL_POSITION_INT,33,40,checkpoint
0.7457740306854248,ATTITUDE_QUATERNION,31,44,checkpoint
0.7457931041717529,GLOBAL_POSITION_INT,33,40,checkpoint
0.7458040714263916,POSITION_TARGET_LOCAL_NED,85,63,checkpoint
0.7507829666137695,LOCAL_POSITION_NED,32,40,checkpoint
0.7508230209350586,ODOMETRY,331,244,checkpoint
0.7546749114990234,ATTITUDE,30,40,checkpoint
0.7548329830169678,ATTITUDE_TARGET,83,48,checkpoint
0.7645759582519531,HIGHRES_IMU,105,74,checkpoint
0.7646241188049316,ATTITUDE,30,40,checkpoint
0.7646389007568359,ATTITUDE_QUATERNION,31,44,checkpoint
0.7650260925292969,ATTITUDE,30,40,checkpoint
0.76521897315979,LOCAL_POSITION_NED,32,40,checkpoint
0.7652649879455566,SERVO_OUTPUT_RAW,36,15,checkpoint
0.7706348896026611,ATTITUDE_QUATERNION,31,44,checkpoint
0.7707080841064453,GLOBAL_POSITION_INT,33,40,checkpoint
0.7707240581512451,POSITION_TARGET_LOCAL_NED,85,63,checkpoint
0.7710189819335938,GLOBAL_POSITION_INT,33,40,checkpoint
0.7748548984527588,GPS_RAW_INT,24,56,checkpoint
0.7789459228515625,ATTITUDE_TARGET,83,48,checkpoint
0.7793979644775391,ATTITUDE,30,40,checkpoint
0.7850320339202881,ATTITUDE,30,40,checkpoint
0.7871949672698975,LOCAL_POSITION_NED,32,40,checkpoint
0.7885739803314209,SERVO_OUTPUT_RAW,36,15,checkpoint
0.7897570133209229,TIMESYNC,111,25,checkpoint
0.7897849082946777,HIGHRES_IMU,105,74,checkpoint
0.7897989749908447,LOCAL_POSITION_NED,32,40,checkpoint
0.7898130416870117,ATTITUDE,30,40,checkpoint
0.7898249626159668,ALTITUDE,141,44,checkpoint
0.789841890335083,ODOMETRY,331,244,checkpoint
0.7898550033569336,ATTITUDE_QUATERNION,31,44,checkpoint
0.7898669242858887,ATTITUDE_TARGET,83,48,checkpoint
0.7898850440979004,POSITION_TARGET_LOCAL_NED,85,63,checkpoint
0.7898991107940674,SERVO_OUTPUT_RAW,36,15,checkpoint
0.7899110317230225,VFR_HUD,74,29,checkpoint
0.7922000885009766,ATTITUDE_QUATERNION,31,44,checkpoint
0.7922348976135254,GLOBAL_POSITION_INT,33,40,checkpoint
0.792349100112915,GLOBAL_POSITION_INT,33,40,checkpoint
0.7923729419708252,POSITION_TARGET_LOCAL_NED,85,63,checkpoint
0.7988569736480713,ATTITUDE,30,40,checkpoint
0.800894021987915,ATTITUDE_TARGET,83,48,checkpoint
0.8009519577026367,GPS_RAW_INT,24,56,checkpoint
0.8029260635375977,ATTITUDE,30,40,checkpoint
0.8070080280303955,LOCAL_POSITION_NED,32,40,checkpoint
0.80702805519104,SERVO_OUTPUT_RAW,36,15,checkpoint
0.8070459365844727,HIGHRES_IMU,105,74,checkpoint
0.8070740699768066,ATTITUDE,30,40,checkpoint
0.8070909976959229,ATTITUDE_QUATERNION,31,44,checkpoint
0.8071050643920898,GPS_RAW_INT,24,56,checkpoint
0.8117749691009521,GLOBAL_POSITION_INT,33,40,checkpoint
0.8125131130218506,ATTITUDE_QUATERNION,31,44,checkpoint
0.8125391006469727,GLOBAL_POSITION_INT,33,40,checkpoint
0.8125510215759277,POSITION_TARGET_LOCAL_NED,85,63,checkpoint
0.8208720684051514,ATTITUDE,30,40,checkpoint
0.8209700584411621,ATTITUDE_TARGET,83,48,checkpoint
0.8246951103210449,ATTITUDE,30,40,checkpoint
0.8247010707855225,LOCAL_POSITION_NED,32,40,checkpoint
0.824739933013916,ODOMETRY,331,244,checkpoint
0.8278710842132568,HEARTBEAT,0,21,checkpoint
0.8290441036224365,STATUSTEXT,253,53,checkpoint
0.8290860652923584,HIGHRES_IMU,105,73,checkpoint
0.8291621208190918,ATTITUDE,30,40,checkpoint
0.8291819095611572,ATTITUDE_QUATERNION,31,44,checkpoint
0.829448938369751,LOCAL_POSITION_NED,32,40,checkpoint
0.8294870853424072,SERVO_OUTPUT_RAW,36,15,checkpoint
0.8295021057128906,HEARTBEAT,0,21,checkpoint
0.8328769207000732,ATTITUDE_QUATERNION,31,44,checkpoint
0.8329000473022461,GLOBAL_POSITION_INT,33,40,checkpoint
0.8329129219055176,POSITION_TARGET_LOCAL_NED,85,63,checkpoint
0.8329141139984131,GLOBAL_POSITION_INT,33,40,checkpoint
0.8398349285125732,ATTITUDE,30,40,checkpoint
0.8399059772491455,ATTITUDE_TARGET,83,48,checkpoint
0.843156099319458,GPS_RAW_INT,24,56,checkpoint
0.8431711196899414,ATTITUDE,30,40,checkpoint
0.8486568927764893,HIGHRES_IMU,105,73,checkpoint
0.8486769199371338,ATTITUDE,30,40,checkpoint
0.8486928939819336,ATTITUDE_QUATERNION,31,44,checkpoint
0.8486950397491455,LOCAL_POSITION_NED,32,40,checkpoint
0.8487639427185059,SERVO_OUTPUT_RAW,36,15,checkpoint
0.8519101142883301,GLOBAL_POSITION_INT,33,40,checkpoint
0.8524470329284668,ATTITUDE_QUATERNION,31,44,checkpoint
0.8524761199951172,GLOBAL_POSITION_INT,33,40,checkpoint
0.8524889945983887,POSITION_TARGET_LOCAL_NED,85,63,checkpoint
0.8524980545043945,VFR_HUD,74,29,checkpoint
0.8559820652008057,LOCAL_POSITION_NED,32,40,checkpoint
0.8560140132904053,ODOMETRY,331,244,checkpoint
0.8624470233917236,ATTITUDE_TARGET,83,48,checkpoint
0.8624670505523682,ATTITUDE,30,40,checkpoint
0.8658909797668457,ATTITUDE,30,40,checkpoint
0.8701140880584717,LOCAL_POSITION_NED,32,40,checkpoint
0.8702459335327148,SERVO_OUTPUT_RAW,36,15,checkpoint
0.8704829216003418,HIGHRES_IMU,105,74,checkpoint
0.8705039024353027,ATTITUDE,30,40,checkpoint
0.8705589771270752,ATTITUDE_QUATERNION,31,44,checkpoint
0.873420000076294,ATTITUDE_QUATERNION,31,44,checkpoint
0.8734729290008545,GLOBAL_POSITION_INT,33,40,checkpoint
0.8736898899078369,GLOBAL_POSITION_INT,33,40,checkpoint
0.8738200664520264,POSITION_TARGET_LOCAL_NED,85,63,checkpoint
0.8768889904022217,GPS_RAW_INT,24,56,checkpoint
0.8789401054382324,ATTITUDE_TARGET,83,48,checkpoint
0.8790130615234375,STATUSTEXT,253,64,checkpoint
0.879040002822876,ATTITUDE,30,40,checkpoint
0.8827219009399414,ATTITUDE,30,40,checkpoint
0.8867819309234619,LOCAL_POSITION_NED,32,40,checkpoint
0.8868370056152344,HEARTBEAT,0,21,checkpoint
0.8868370056152344,SERVO_OUTPUT_RAW,36,15,checkpoint
0.8868999481201172,TIMESYNC,111,25,checkpoint
0.8869171142578125,HIGHRES_IMU,105,73,checkpoint
0.8869240283966064,LOCAL_POSITION_NED,32,40,checkpoint
0.8869330883026123,ATTITUDE,30,40,checkpoint
0.8869409561157227,ALTITUDE,141,44,checkpoint
0.8869509696960449,ODOMETRY,331,244,checkpoint
0.8869590759277344,ATTITUDE_QUATERNION,31,44,checkpoint
0.8869650363922119,ATTITUDE_TARGET,83,48,checkpoint
0.8869729042053223,ESTIMATOR_STATUS,230,54,checkpoint
0.8869800567626953,EXTENDED_SYS_STATE,245,14,checkpoint
0.8869929313659668,OPEN_DRONE_ID_LOCATION,12901,70,checkpoint
0.8870010375976562,OPEN_DRONE_ID_SYSTEM,12904,37,checkpoint
0.8870079517364502,PING,4,21,checkpoint
0.8870151042938232,POSITION_TARGET_LOCAL_NED,85,63,checkpoint
0.8870229721069336,SCALED_PRESSURE,29,26,checkpoint
0.8870301246643066,SERVO_OUTPUT_RAW,36,15,checkpoint
0.8870410919189453,SYS_STATUS,1,52,checkpoint
0.8870489597320557,SYSTEM_TIME,2,22,checkpoint
0.8870570659637451,VFR_HUD,74,29,checkpoint
0.8870639801025391,UNKNOWN_8,-2,33,checkpoint
0.8873929977416992,HEARTBEAT,0,21,checkpoint
0.8885259628295898,PING,4,26,checkpoint
0.8909099102020264,ATTITUDE_QUATERNION,31,44,checkpoint
0.8909189701080322,GLOBAL_POSITION_INT,33,40,checkpoint
0.890984058380127,GLOBAL_POSITION_INT,33,40,checkpoint
0.8910079002380371,POSITION_TARGET_LOCAL_NED,85,63,checkpoint
0.8910300731658936,HEARTBEAT,0,21,checkpoint
0.9009671211242676,ATTITUDE_TARGET,83,48,checkpoint
0.9010651111602783,ATTITUDE,30,40,checkpoint
0.9104359149932861,ATTITUDE,30,40,checkpoint
0.9125471115112305,LOCAL_POSITION_NED,32,40,checkpoint
0.9125571250915527,HIGHRES_IMU,105,74,checkpoint
0.9125709533691406,SERVO_OUTPUT_RAW,36,15,checkpoint
0.9126479625701904,ATTITUDE,30,40,checkpoint
0.9126670360565186,ATTITUDE_QUATERNION,31,44,checkpoint
0.9126780033111572,GPS_RAW_INT,24,56,checkpoint
0.9204809665679932,MISSION_CURRENT,42,22,checkpoint
0.9219169616699219,ATTITUDE_QUATERNION,31,44,checkpoint
0.9219439029693604,GLOBAL_POSITION_INT,33,40,checkpoint
0.9219579696655273,POSITION_TARGET_LOCAL_NED,85,63,checkpoint
0.9222860336303711,GLOBAL_POSITION_INT,33,40,checkpoint
0.9254250526428223,ATTITUDE_TARGET,83,48,checkpoint
0.9255950450897217,ATTITUDE,30,40,checkpoint
0.9286189079284668,ATTITUDE,30,40,checkpoint
0.9287450313568115,LOCAL_POSITION_NED,32,40,checkpoint
0.9288389682769775,ODOMETRY,331,244,checkpoint
0.928926944732666,COMMAND_LONG,76,44,checkpoint
0.9352920055389404,HIGHRES_IMU,105,74,checkpoint
0.935326099395752,ATTITUDE,30,40,checkpoint
0.9353580474853516,ATTITUDE_QUATERNION,31,44,checkpoint
0.9368469715118408,LOCAL_POSITION_NED,32,40,checkpoint
0.9368679523468018,SERVO_OUTPUT_RAW,36,15,checkpoint
0.9421830177307129,AUTOPILOT_VERSION,148,72,checkpoint
0.9423389434814453,ATTITUDE_QUATERNION,31,44,checkpoint
0.9423611164093018,GLOBAL_POSITION_INT,33,40,checkpoint
0.9423730373382568,POSITION_TARGET_LOCAL_NED,85,63,checkpoint
0.9428360462188721,GLOBAL_POSITION_INT,33,40,checkpoint
0.9449529647827148,ATTITUDE_TARGET,83,48,checkpoint
0.9453320503234863,COMMAND_ACK,77,22,checkpoint
0.9454529285430908,ATTITUDE,30,40,checkpoint
0.9455149173736572,GPS_RAW_INT,24,56,checkpoint
0.9500000476837158,ATTITUDE,30,40,checkpoint
0.9549529552459717,LOCAL_POSITION_NED,32,40,checkpoint
0.9549710750579834,SERVO_OUTPUT_RAW,36,15,checkpoint
0.9549860954284668,HIGHRES_IMU,105,73,checkpoint
0.9551980495452881,ATTITUDE,30,40,checkpoint
0.9553859233856201,ATTITUDE_QUATERNION,31,44,checkpoint
0.9573891162872314,ATTITUDE_QUATERNION,31,44,checkpoint
0.9574160575866699,GLOBAL_POSITION_INT,33,40,checkpoint
0.9574270248413086,POSITION_TARGET_LOCAL_NED,85,63,checkpoint
0.9577240943908691,GLOBAL_POSITION_INT,33,40,checkpoint
0.9621319770812988,LOCAL_POSITION_NED,32,40,checkpoint
0.9621889591217041,ODOMETRY,331,244,checkpoint
0.9677150249481201,ATTITUDE_TARGET,83,48,checkpoint
0.9677190780639648,ATTITUDE,30,40,checkpoint
0.9705209732055664,ATTITUDE,30,40,checkpoint
0.9760138988494873,HIGHRES_IMU,105,73,checkpoint
0.9760329723358154,ATTITUDE,30,40,checkpoint
0.9760439395904541,ATTITUDE_QUATERNION,31,44,checkpoint
0.9763479232788086,LOCAL_POSITION_NED,32,40,checkpoint
0.9764750003814697,SERVO_OUTPUT_RAW,36,15,checkpoint
0.9765110015869141,GLOBAL_POSITION_INT,33,40,checkpoint
0.9826769828796387,GPS_RAW_INT,24,56,checkpoint
0.983083963394165,ATTITUDE_QUATERNION,31,44,checkpoint
0.9831709861755371,GLOBAL_POSITION_INT,33,40,checkpoint
0.9832100868225098,POSITION_TARGET_LOCAL_NED,85,63,checkpoint
0.9847829341888428,ATTITUDE,30,40,checkpoint
0.9848930835723877,ATTITUDE_TARGET,83,48,checkpoint
0.988400936126709,ATTITUDE,30,40,checkpoint
0.9923410415649414,LOCAL_POSITION_NED,32,40,checkpoint
0.9923629760742188,SERVO_OUTPUT_RAW,36,15,checkpoint
0.9924089908599854,TIMESYNC,111,25,checkpoint
0.9925119876861572,HIGHRES_IMU,105,74,checkpoint
0.9925429821014404,LOCAL_POSITION_NED,32,40,checkpoint
0.9926481246948242,ATTITUDE,30,40,checkpoint
0.9927239418029785,ALTITUDE,141,44,checkpoint
0.9927370548248291,ODOMETRY,331,244,checkpoint
0.992743968963623,ATTITUDE_QUATERNION,31,44,checkpoint
0.9927499294281006,ATTITUDE_TARGET,83,48,checkpoint
0.9927608966827393,POSITION_TARGET_LOCAL_NED,85,63,checkpoint
0.9927680492401123,SERVO_OUTPUT_RAW,36,15,checkpoint
0.9927749633789062,VFR_HUD,74,29,checkpoint
0.9968740940093994,ATTITUDE_QUATERNION,31,44,checkpoint
0.9969050884246826,GLOBAL_POSITION_INT,33,40,checkpoint
0.9969630241394043,GLOBAL_POSITION_INT,33,40,checkpoint
0.996973991394043,POSITION_TARGET_LOCAL_NED,85,63,checkpoint
1.0126800537109375,ATTITUDE,30,40,checkpoint
1.0129420757293701,ATTITUDE,30,40,checkpoint
1.0129709243774414,ATTITUDE_TARGET,83,48,checkpoint
1.0129899978637695,GPS_RAW_INT,24,56,checkpoint
1.0152580738067627,HIGHRES_IMU,105,73,checkpoint
1.0152668952941895,LOCAL_POSITION_NED,32,40,checkpoint
1.0152978897094727,SERVO_OUTPUT_RAW,36,15,checkpoint
1.015312910079956,ATTITUDE,30,40,checkpoint
1.0153250694274902,ATTITUDE_QUATERNION,31,44,checkpoint
1.0153729915618896,GPS_RAW_INT,24,56,checkpoint
1.018239974975586,GLOBAL_POSITION_INT,33,40,checkpoint
1.0182840824127197,ATTITUDE_QUATERNION,31,44,checkpoint
1.018306016921997,GLOBAL_POSITION_INT,33,40,checkpoint
1.0183169841766357,POSITION_TARGET_LOCAL_NED,85,63,checkpoint
1.0245170593261719,ATTITUDE,30,40,checkpoint
1.0245609283447266,ATTITUDE_TARGET,83,48,checkpoint
1.0318069458007812,LOCAL_POSITION_NED,32,40,checkpoint
1.031831979751587,ODOMETRY,331,244,checkpoint
1.0324170589447021,ATTITUDE,30,40,checkpoint
1.036118984222412,LOCAL_POSITION_NED,32,40,checkpoint
1.036125898361206,HIGHRES_IMU,105,73,checkpoint
1.0361380577087402,SERVO_OUTPUT_RAW,36,15,checkpoint
1.0361449718475342,ATTITUDE,30,40,checkpoint
1.0362379550933838,ATTITUDE_QUATERNION,31,44,checkpoint
1.0369760990142822,GLOBAL_POSITION_INT,33,40,checkpoint
1.0373120307922363,ATTITUDE_QUATERNION,31,44,checkpoint
1.03739595413208,GLOBAL_POSITION_INT,33,40,checkpoint
1.0382959842681885,POSITION_TARGET_LOCAL_NED,85,63,checkpoint
1.045548915863037,ATTITUDE,30,40,checkpoint
1.0456180572509766,GPS_RAW_INT,24,56,checkpoint
1.0462191104888916,ATTITUDE_TARGET,83,48,checkpoint
1.0527241230010986,HIGHRES_IMU,105,74,checkpoint
1.0527410507202148,ATTITUDE,30,40,checkpoint
1.0527470111846924,ATTITUDE,30,40,checkpoint
1.0527589321136475,ATTITUDE_QUATERNION,31,44,checkpoint
1.052767038345337,LOCAL_POSITION_NED,32,40,checkpoint
1.0527770519256592,SERVO_OUTPUT_RAW,36,15,checkpoint
1.062026023864746,GLOBAL_POSITION_INT,33,40,checkpoint
1.0620980262756348,ATTITUDE_QUATERNION,31,44,checkpoint
1.062119960784912,GLOBAL_POSITION_INT,33,40,checkpoint
1.0621309280395508,POSITION_TARGET_LOCAL_NED,85,63,checkpoint
1.0641350746154785,LOCAL_POSITION_NED,32,40,checkpoint
1.064155101776123,ODOMETRY,331,244,checkpoint
1.0667929649353027,ATTITUDE_TARGET,83,48,checkpoint
1.0687940120697021,ATTITUDE,30,40,checkpoint
1.0695819854736328,ATTITUDE,30,40,checkpoint
1.0733098983764648,HIGHRES_IMU,105,74,checkpoint
1.0733299255371094,ATTITUDE,30,40,checkpoint
1.0733420848846436,ATTITUDE_QUATERNION,31,44,checkpoint
1.0736210346221924,LOCAL_POSITION_NED,32,40,checkpoint
1.0736720561981201,SERVO_OUTPUT_RAW,36,15,checkpoint
1.0770909786224365,GLOBAL_POSITION_INT,33,40,checkpoint
1.0771191120147705,ATTITUDE_QUATERNION,31,44,checkpoint
1.0771400928497314,GLOBAL_POSITION_INT,33,40,checkpoint
1.0771510601043701,POSITION_TARGET_LOCAL_NED,85,63,checkpoint
1.077186107635498,GPS_RAW_INT,24,56,checkpoint
1.0882039070129395,ATTITUDE,30,40,checkpoint
1.0884220600128174,ATTITUDE_TARGET,83,48,checkpoint
1.0904159545898438,ATTITUDE,30,40,checkpoint
1.093601942062378,LOCAL_POSITION_NED,32,40,checkpoint
1.0936250686645508,SERVO_OUTPUT_RAW,36,15,checkpoint
1.0936520099639893,TIMESYNC,111,25,checkpoint
1.093667984008789,HIGHRES_IMU,105,73,checkpoint
1.0938351154327393,LOCAL_POSITION_NED,32,40,checkpoint
1.0938820838928223,ATTITUDE,30,40,checkpoint
1.093912124633789,ALTITUDE,141,44,checkpoint
1.0939249992370605,ODOMETRY,331,244,checkpoint
1.0939340591430664,ATTITUDE_QUATERNION,31,44,checkpoint
1.093940019607544,ATTITUDE_TARGET,83,48,checkpoint
1.0939490795135498,EXTENDED_SYS_STATE,245,14,checkpoint
1.0940709114074707,POSITION_TARGET_LOCAL_NED,85,63,checkpoint
1.0940821170806885,SERVO_OUTPUT_RAW,36,15,checkpoint
1.0940918922424316,SYS_STATUS,1,52,checkpoint
1.0948340892791748,VFR_HUD,74,29,checkpoint
1.0966119766235352,ATTITUDE_QUATERNION,31,44,checkpoint
1.0966579914093018,GLOBAL_POSITION_INT,33,40,checkpoint
1.0966861248016357,POSITION_TARGET_LOCAL_NED,85,63,checkpoint
1.0966920852661133,GLOBAL_POSITION_INT,33,40,checkpoint
1.1070621013641357,ATTITUDE_TARGET,83,48,checkpoint
1.107224941253662,VFR_HUD,74,29,checkpoint
1.1072580814361572,ATTITUDE,30,40,checkpoint
1.1090168952941895,ATTITUDE,30,40,checkpoint
1.1129920482635498,HIGHRES_IMU,105,74,checkpoint
1.1130130290985107,ATTITUDE,30,40,checkpoint
1.1130270957946777,ATTITUDE_QUATERNION,31,44,checkpoint
1.1130380630493164,GPS_RAW_INT,24,56,checkpoint
1.1132030487060547,LOCAL_POSITION_NED,32,40,checkpoint
1.1132240295410156,SERVO_OUTPUT_RAW,36,15,checkpoint
1.1163499355316162,GLOBAL_POSITION_INT,33,40,checkpoint
1.1163740158081055,ATTITUDE_QUATERNION,31,44,checkpoint
1.1164560317993164,GLOBAL_POSITION_INT,33,40,checkpoint
1.1164700984954834,POSITION_TARGET_LOCAL_NED,85,63,checkpoint
1.124385118484497,ATTITUDE_TARGET,83,48,checkpoint
1.124385118484497,ATTITUDE,30,40,checkpoint
1.128674030303955,LOCAL_POSITION_NED,32,40,checkpoint
1.1287949085235596,ATTITUDE,30,40,checkpoint
1.1288039684295654,ODOMETRY,331,244,checkpoint
1.1328179836273193,LOCAL_POSITION_NED,32,40,checkpoint
1.132878065109253,SERVO_OUTPUT_RAW,36,15,checkpoint
1.1333510875701904,HIGHRES_IMU,105,73,checkpoint
1.1333930492401123,ATTITUDE,30,40,checkpoint
1.1334059238433838,ATTITUDE_QUATERNION,31,44,checkpoint
1.1387059688568115,GLOBAL_POSITION_INT,33,40,checkpoint
1.1390159130096436,ATTITUDE_QUATERNION,31,44,checkpoint
1.1391210556030273,GLOBAL_POSITION_INT,33,40,checkpoint
1.1391379833221436,POSITION_TARGET_LOCAL_NED,85,63,checkpoint
1.146785020828247,ATTITUDE_TARGET,83,48,checkpoint
1.147679090499878,ATTITUDE,30,40,checkpoint
1.1477010250091553,GPS_RAW_INT,24,56,checkpoint
1.1505279541015625,ATTITUDE,30,40,checkpoint
1.152501106262207,HIGHRES_IMU,105,73,checkpoint
1.1527149677276611,LOCAL_POSITION_NED,32,40,checkpoint
1.152803897857666,SERVO_OUTPUT_RAW,36,15,checkpoint
1.1529419422149658,ATTITUDE,30,40,checkpoint
1.1530470848083496,ATTITUDE_QUATERNION,31,44,checkpoint
1.1564719676971436,ATTITUDE_QUATERNION,31,44,checkpoint
1.1565160751342773,GLOBAL_POSITION_INT,33,40,checkpoint
1.156527042388916,POSITION_TARGET_LOCAL_NED,85,63,checkpoint
1.156623125076294,GLOBAL_POSITION_INT,33,40,checkpoint
1.1605539321899414,LOCAL_POSITION_NED,32,40,checkpoint
1.160620927810669,ODOMETRY,331,244,checkpoint
1.1668100357055664,ATTITUDE,30,40,checkpoint
1.1696300506591797,ATTITUDE_TARGET,83,48,checkpoint
1.1717901229858398,ATTITUDE,30,40,checkpoint
1.1761729717254639,HIGHRES_IMU,105,74,checkpoint
1.1762380599975586,ATTITUDE,30,40,checkpoint
1.1762518882751465,ATTITUDE_QUATERNION,31,44,checkpoint
1.1762659549713135,LOCAL_POSITION_NED,32,40,checkpoint
1.1763639450073242,SERVO_OUTPUT_RAW,36,15,checkpoint
1.179379940032959,GLOBAL_POSITION_INT,33,40,checkpoint
1.1794559955596924,GPS_RAW_INT,24,56,checkpoint
1.1800670623779297,ATTITUDE_QUATERNION,31,44,checkpoint
1.1801350116729736,GLOBAL_POSITION_INT,33,40,checkpoint
1.1801469326019287,POSITION_TARGET_LOCAL_NED,85,63,checkpoint
1.1853480339050293,ATTITUDE,30,40,checkpoint
1.1854050159454346,ATTITUDE_TARGET,83,48,checkpoint
1.1884870529174805,ATTITUDE,30,40,checkpoint
1.194188117980957,TIMESYNC,111,25,checkpoint
1.194214105606079,HIGHRES_IMU,105,74,checkpoint
1.1942219734191895,LOCAL_POSITION_NED,32,40,checkpoint
1.1942310333251953,ATTITUDE,30,40,checkpoint
1.1942379474639893,ALTITUDE,141,44,checkpoint
1.1942520141601562,ODOMETRY,331,244,checkpoint
1.194261074066162,ATTITUDE_QUATERNION,31,44,checkpoint
1.194267988204956,ATTITUDE_TARGET,83,48,checkpoint
1.1942811012268066,POSITION_TARGET_LOCAL_NED,85,63,checkpoint
1.194288969039917,SERVO_OUTPUT_RAW,36,15,checkpoint
1.19429612159729,VFR_HUD,74,29,checkpoint
1.1943659782409668,LOCAL_POSITION_NED,32,40,checkpoint
1.1943869590759277,SERVO_OUTPUT_RAW,36,15,checkpoint
1.1964139938354492,GLOBAL_POSITION_INT,33,40,checkpoint
1.1964430809020996,ATTITUDE_QUATERNION,31,44,checkpoint
1.196465015411377,GLOBAL_POSITION_INT,33,40,checkpoint
1.1964750289916992,POSITION_TARGET_LOCAL_NED,85,63,checkpoint
1.2043778896331787,ATTITUDE,30,40,checkpoint
1.2044060230255127,ATTITUDE_TARGET,83,48,checkpoint
1.204521894454956,GPS_RAW_INT,24,56,checkpoint
1.2085919380187988,GPS_RAW_INT,24,56,checkpoint
1.2085940837860107,ATTITUDE,30,40,checkpoint
1.2133269309997559,HIGHRES_IMU,105,74,checkpoint
1.2134509086608887,ATTITUDE,30,40,checkpoint
1.2134671211242676,ATTITUDE_QUATERNION,31,44,checkpoint
1.2136030197143555,LOCAL_POSITION_NED,32,40,checkpoint
1.2136199474334717,SERVO_OUTPUT_RAW,36,15,checkpoint
1.2177720069885254,GLOBAL_POSITION_INT,33,40,checkpoint
1.2178459167480469,ATTITUDE_QUATERNION,31,44,checkpoint
1.217911958694458,GLOBAL_POSITION_INT,33,40,checkpoint
1.2179241180419922,POSITION_TARGET_LOCAL_NED,85,63,checkpoint
1.225574016571045,ATTITUDE_TARGET,83,48,checkpoint
1.2257039546966553,ATTITUDE,30,40,checkpoint
1.2307379245758057,LOCAL_POSITION_NED,32,40,checkpoint
1.230752944946289,ATTITUDE,30,40,checkpoint
1.230762004852295,ODOMETRY,331,244,checkpoint
1.234800100326538,LOCAL_POSITION_NED,32,40,checkpoint
1.2348220348358154,SERVO_OUTPUT_RAW,36,15,checkpoint
1.2348558902740479,HIGHRES_IMU,105,74,checkpoint
1.2358450889587402,ATTITUDE,30,40,checkpoint
1.2358620166778564,ATTITUDE_QUATERNION,31,44,checkpoint
1.2387309074401855,GLOBAL_POSITION_INT,33,40,checkpoint
1.2387449741363525,ATTITUDE_QUATERNION,31,44,checkpoint
1.2388999462127686,GLOBAL_POSITION_INT,33,40,checkpoint
1.2389569282531738,POSITION_TARGET_LOCAL_NED,85,63,checkpoint
1.2488329410552979,ATTITUDE,30,40,checkpoint
1.2488980293273926,GPS_RAW_INT,24,56,checkpoint
1.2494990825653076,ATTITUDE_TARGET,83,48,checkpoint
1.2533049583435059,ATTITUDE,30,40,checkpoint
1.2585549354553223,HIGHRES_IMU,105,73,checkpoint
1.2585749626159668,ATTITUDE,30,40,checkpoint
1.258584976196289,ATTITUDE_QUATERNION,31,44,checkpoint
1.2586500644683838,LOCAL_POSITION_NED,32,40,checkpoint
1.2586729526519775,SERVO_OUTPUT_RAW,36,15,checkpoint
1.2612369060516357,ATTITUDE_QUATERNION,31,44,checkpoint
1.2613029479980469,GLOBAL_POSITION_INT,33,40,checkpoint
1.2613170146942139,POSITION_TARGET_LOCAL_NED,85,63,checkpoint
1.2619221210479736,GLOBAL_POSITION_INT,33,40,checkpoint
1.265960931777954,LOCAL_POSITION_NED,32,40,checkpoint
1.2660229206085205,ODOMETRY,331,244,checkpoint
1.2684690952301025,ATTITUDE,30,40,checkpoint
1.2685120105743408,ATTITUDE_TARGET,83,48,checkpoint
1.2728219032287598,ATTITUDE,30,40,checkpoint
1.2784080505371094,HIGHRES_IMU,105,73,checkpoint
1.2784559726715088,LOCAL_POSITION_NED,32,40,checkpoint
1.2784700393676758,ATTITUDE,30,40,checkpoint
1.2784969806671143,ATTITUDE_QUATERNION,31,44,checkpoint
1.2786049842834473,SERVO_OUTPUT_RAW,36,15,checkpoint
1.2827820777893066,GLOBAL_POSITION_INT,33,40,checkpoint
1.2828030586242676,GPS_RAW_INT,24,56,checkpoint
1.282818078994751,ATTITUDE_QUATERNION,31,44,checkpoint
1.2828760147094727,GLOBAL_POSITION_INT,33,40,checkpoint
1.2828879356384277,POSITION_TARGET_LOCAL_NED,85,63,checkpoint
1.289186954498291,ATTITUDE,30,40,checkpoint
1.2892980575561523,ATTITUDE_TARGET,83,48,checkpoint
1.2930500507354736,ATTITUDE,30,40,checkpoint
1.296720027923584,TIMESYNC,111,25,checkpoint
1.2967801094055176,HIGHRES_IMU,105,74,checkpoint
1.2968039512634277,LOCAL_POSITION_NED,32,40,checkpoint
1.2968130111694336,ATTITUDE,30,40,checkpoint
1.2968759536743164,ALTITUDE,141,44,checkpoint
1.2968881130218506,ODOMETRY,331,244,checkpoint
1.296895980834961,ATTITUDE_QUATERNION,31,44,checkpoint
1.2969040870666504,ATTITUDE_TARGET,83,48,checkpoint
1.2969110012054443,EXTENDED_SYS_STATE,245,14,checkpoint
1.2969210147857666,POSITION_TARGET_LOCAL_NED,85,63,checkpoint
1.296929121017456,SERVO_OUTPUT_RAW,36,15,checkpoint
1.2969369888305664,SYS_STATUS,1,52,checkpoint
1.2969961166381836,VFR_HUD,74,29,checkpoint
1.297818899154663,LOCAL_POSITION_NED,32,40,checkpoint
1.2978389263153076,SERVO_OUTPUT_RAW,36,15,checkpoint
1.300731897354126,GLOBAL_POSITION_INT,33,40,checkpoint
1.3007400035858154,ATTITUDE_QUATERNION,31,44,checkpoint
1.3007640838623047,GLOBAL_POSITION_INT,33,40,checkpoint
1.300766944885254,UNKNOWN_380,-2,32,checkpoint
1.300774097442627,POSITION_TARGET_LOCAL_NED,85,63,checkpoint
1.300781011581421,UNKNOWN_380,-2,32,checkpoint
1.3085370063781738,ATTITUDE_TARGET,83,48,checkpoint
1.3085410594940186,ATTITUDE,30,40,checkpoint

1.312546968460083,ATTITUDE,30,40,Arming
1.3171250820159912,HIGHRES_IMU,105,73,Arming
1.3171849250793457,ATTITUDE,30,40,Arming
1.3171989917755127,ATTITUDE_QUATERNION,31,44,Arming
1.3177640438079834,LOCAL_POSITION_NED,32,40,Arming
1.3177881240844727,SERVO_OUTPUT_RAW,36,15,Arming
1.3204810619354248,GLOBAL_POSITION_INT,33,40,Arming
1.3205020427703857,ATTITUDE_QUATERNION,31,44,Arming
1.3205211162567139,GLOBAL_POSITION_INT,33,40,Arming
1.3205299377441406,POSITION_TARGET_LOCAL_NED,85,63,Arming
1.3237121105194092,HEARTBEAT,0,21,Arming
1.3246190547943115,HEARTBEAT,0,21,Arming
1.3285939693450928,ATTITUDE,30,40,Arming
1.3286099433898926,ATTITUDE_TARGET,83,48,Arming
1.3286230564117432,UNKNOWN_411,-2,13,Arming
1.3325691223144531,LOCAL_POSITION_NED,32,40,Arming
1.3325860500335693,ODOMETRY,331,244,Arming
1.3326239585876465,ATTITUDE,30,40,Arming
1.3370540142059326,LOCAL_POSITION_NED,32,40,Arming
1.3370890617370605,HIGHRES_IMU,105,74,Arming
1.3371200561523438,SERVO_OUTPUT_RAW,36,15,Arming
1.3372790813446045,ATTITUDE,30,40,Arming
1.337291955947876,ATTITUDE_QUATERNION,31,44,Arming
1.3405969142913818,ATTITUDE_QUATERNION,31,44,Arming
1.3405981063842773,GLOBAL_POSITION_INT,33,40,Arming
1.340620994567871,GLOBAL_POSITION_INT,33,40,Arming
1.3406319618225098,POSITION_TARGET_LOCAL_NED,85,63,Arming
1.3456780910491943,GPS_RAW_INT,24,56,Arming
1.3487739562988281,ATTITUDE,30,40,Arming
1.3487739562988281,ATTITUDE_TARGET,83,48,Arming
1.3526759147644043,ATTITUDE,30,40,Arming
1.3566880226135254,HIGHRES_IMU,105,74,Arming
1.3567039966583252,LOCAL_POSITION_NED,32,40,Arming
1.3567099571228027,ATTITUDE,30,40,Arming
1.356722116470337,ATTITUDE_QUATERNION,31,44,Arming
1.3567230701446533,SERVO_OUTPUT_RAW,36,15,Arming
1.3614931106567383,ATTITUDE_QUATERNION,31,44,Arming
1.3615140914916992,GLOBAL_POSITION_INT,33,40,Arming
1.361525058746338,POSITION_TARGET_LOCAL_NED,85,63,Arming
1.3615319728851318,VFR_HUD,74,29,Arming
1.3616809844970703,GLOBAL_POSITION_INT,33,40,Arming
1.3652610778808594,LOCAL_POSITION_NED,32,40,Arming
1.3653419017791748,ODOMETRY,331,244,Arming
1.368561029434204,ATTITUDE,30,40,Arming
1.3685860633850098,ATTITUDE_TARGET,83,48,Arming
1.3727519512176514,ATTITUDE,30,40,Arming
1.3765599727630615,HIGHRES_IMU,105,73,Arming
1.3766520023345947,ATTITUDE,30,40,Arming
1.3766520023345947,LOCAL_POSITION_NED,32,40,Arming
1.3766670227050781,ATTITUDE_QUATERNION,31,44,Arming
1.3766961097717285,SERVO_OUTPUT_RAW,36,15,Arming
1.3807849884033203,ATTITUDE_QUATERNION,31,44,Arming
1.3808119297027588,GLOBAL_POSITION_INT,33,40,Arming
1.380821943283081,POSITION_TARGET_LOCAL_NED,85,63,Arming
1.3809089660644531,GLOBAL_POSITION_INT,33,40,Arming
1.3810229301452637,GPS_RAW_INT,24,56,Arming
1.388895034790039,ATTITUDE,30,40,Arming
1.3888969421386719,ATTITUDE_TARGET,83,48,Arming
1.3925080299377441,ATTITUDE,30,40,Arming
1.4004321098327637,TIMESYNC,111,25,Arming
1.4004669189453125,HIGHRES_IMU,105,73,Arming
1.4004781246185303,LOCAL_POSITION_NED,32,40,Arming
1.4004878997802734,ATTITUDE,30,40,Arming
1.4006249904632568,ALTITUDE,141,44,Arming
1.4006400108337402,ODOMETRY,331,244,Arming
1.4006500244140625,ATTITUDE_QUATERNION,31,44,Arming
1.4006569385528564,ATTITUDE_TARGET,83,48,Arming
1.4006719589233398,POSITION_TARGET_LOCAL_NED,85,63,Arming
1.4007470607757568,SERVO_OUTPUT_RAW,36,15,Arming
1.4007670879364014,VFR_HUD,74,29,Arming
1.4008510112762451,LOCAL_POSITION_NED,32,40,Arming
1.4010279178619385,SERVO_OUTPUT_RAW,36,15,Arming
1.4035420417785645,GLOBAL_POSITION_INT,33,40,Arming
1.4035661220550537,ATTITUDE_QUATERNION,31,44,Arming
1.4035849571228027,GLOBAL_POSITION_INT,33,40,Arming
1.403597116470337,POSITION_TARGET_LOCAL_NED,85,63,Arming
1.4086060523986816,ATTITUDE,30,40,Arming
1.4086229801177979,ATTITUDE_TARGET,83,48,Arming
1.4086480140686035,GPS_RAW_INT,24,56,Arming
1.4135549068450928,ATTITUDE,30,40,Arming
1.4136359691619873,GPS_RAW_INT,24,56,Arming
1.4167160987854004,HIGHRES_IMU,105,74,Arming
1.4167768955230713,ATTITUDE,30,40,Arming
1.4167931079864502,ATTITUDE_QUATERNION,31,44,Arming
1.417227029800415,LOCAL_POSITION_NED,32,40,Arming
1.4172499179840088,SERVO_OUTPUT_RAW,36,15,Arming
1.4205670356750488,ATTITUDE_QUATERNION,31,44,Arming
1.4205670356750488,GLOBAL_POSITION_INT,33,40,Arming
1.4206249713897705,GLOBAL_POSITION_INT,33,40,Arming
1.4206368923187256,POSITION_TARGET_LOCAL_NED,85,63,Arming
1.428636074066162,ATTITUDE_TARGET,83,48,Arming
1.4312410354614258,ATTITUDE,30,40,Arming
1.4334180355072021,LOCAL_POSITION_NED,32,40,Arming
1.4334640502929688,ATTITUDE,30,40,Arming
1.43361496925354,ODOMETRY,331,244,Arming
1.4374229907989502,HIGHRES_IMU,105,73,Arming
1.4374330043792725,LOCAL_POSITION_NED,32,40,Arming
1.4375419616699219,SERVO_OUTPUT_RAW,36,15,Arming
1.437554121017456,ATTITUDE,30,40,Arming
1.4376089572906494,ATTITUDE_QUATERNION,31,44,Arming
1.441528081893921,GLOBAL_POSITION_INT,33,40,Arming
1.4415490627288818,ATTITUDE_QUATERNION,31,44,Arming
1.4415700435638428,GLOBAL_POSITION_INT,33,40,Arming
1.4415791034698486,POSITION_TARGET_LOCAL_NED,85,63,Arming
1.4461300373077393,GPS_RAW_INT,24,56,Arming
1.4518210887908936,ATTITUDE_TARGET,83,48,Arming
1.4520440101623535,ATTITUDE,30,40,Arming
1.4525320529937744,ATTITUDE,30,40,Arming
1.4566230773925781,HIGHRES_IMU,105,73,Arming
1.4566459655761719,ATTITUDE,30,40,Arming
1.456658124923706,ATTITUDE_QUATERNION,31,44,Arming
1.4566590785980225,LOCAL_POSITION_NED,32,40,Arming
1.4567201137542725,SERVO_OUTPUT_RAW,36,15,Arming
1.460824966430664,ATTITUDE_QUATERNION,31,44,Arming
1.4608540534973145,GLOBAL_POSITION_INT,33,40,Arming
1.4608650207519531,POSITION_TARGET_LOCAL_NED,85,63,Arming
1.4609301090240479,GLOBAL_POSITION_INT,33,40,Arming
1.4646859169006348,LOCAL_POSITION_NED,32,40,Arming
1.4648969173431396,ODOMETRY,331,244,Arming
1.468656063079834,ATTITUDE_TARGET,83,48,Arming
1.4687650203704834,ATTITUDE,30,40,Arming
1.4725849628448486,ATTITUDE,30,40,Arming
1.4768481254577637,LOCAL_POSITION_NED,32,40,Arming
1.4768779277801514,SERVO_OUTPUT_RAW,36,15,Arming
1.4777469635009766,HIGHRES_IMU,105,74,Arming
1.477816104888916,ATTITUDE,30,40,Arming
1.477829933166504,ATTITUDE_QUATERNION,31,44,Arming
1.4778399467468262,GPS_RAW_INT,24,56,Arming
1.4816648960113525,GLOBAL_POSITION_INT,33,40,Arming
1.4817368984222412,ATTITUDE_QUATERNION,31,44,Arming
1.4817581176757812,GLOBAL_POSITION_INT,33,40,Arming
1.4817678928375244,POSITION_TARGET_LOCAL_NED,85,63,Arming
1.4912059307098389,ATTITUDE,30,40,Arming
1.4912409782409668,ATTITUDE_TARGET,83,48,Arming
1.4943509101867676,ATTITUDE,30,40,Arming
1.4978680610656738,TIMESYNC,111,25,Arming
1.4979310035705566,HIGHRES_IMU,105,74,Arming
1.497941017150879,LOCAL_POSITION_NED,32,40,Arming
1.49794602394104,LOCAL_POSITION_NED,32,40,Arming
1.4979500770568848,ATTITUDE,30,40,Arming
1.4979569911956787,ALTITUDE,141,44,Arming
1.4979679584503174,ODOMETRY,331,244,Arming
1.4979760646820068,ATTITUDE_QUATERNION,31,44,Arming
1.4979829788208008,ATTITUDE_TARGET,83,48,Arming
1.4979920387268066,EXTENDED_SYS_STATE,245,14,Arming
1.4980039596557617,POSITION_TARGET_LOCAL_NED,85,63,Arming
1.4980080127716064,SERVO_OUTPUT_RAW,36,15,Arming
1.4980120658874512,SERVO_OUTPUT_RAW,36,15,Arming
1.498020887374878,SYS_STATUS,1,52,Arming
1.4980289936065674,VFR_HUD,74,29,Arming
1.5005829334259033,GLOBAL_POSITION_INT,33,40,Arming
1.5006799697875977,ATTITUDE_QUATERNION,31,44,Arming
1.5008139610290527,GLOBAL_POSITION_INT,33,40,Arming
1.500864028930664,POSITION_TARGET_LOCAL_NED,85,63,Arming
1.5094671249389648,ATTITUDE_TARGET,83,48,Arming
1.5106830596923828,ATTITUDE,30,40,Arming
1.514172077178955,ATTITUDE,30,40,Arming
1.5150039196014404,GPS_RAW_INT,24,56,Arming
1.5189900398254395,HIGHRES_IMU,105,73,Arming
1.5190129280090332,ATTITUDE,30,40,Arming
1.5190269947052002,ATTITUDE_QUATERNION,31,44,Arming
1.5192720890045166,LOCAL_POSITION_NED,32,40,Arming
1.519623041152954,SERVO_OUTPUT_RAW,36,15,Arming
1.5231819152832031,GLOBAL_POSITION_INT,33,40,Arming
1.5247681140899658,ATTITUDE_QUATERNION,31,44,Arming
1.5248150825500488,GLOBAL_POSITION_INT,33,40,Arming
1.524907112121582,POSITION_TARGET_LOCAL_NED,85,63,Arming
1.5354979038238525,ATTITUDE_TARGET,83,48,Arming
1.5356581211090088,ATTITUDE,30,40,Arming
1.5377171039581299,ATTITUDE,30,40,Arming
1.5378749370574951,LOCAL_POSITION_NED,32,40,Arming
1.5378940105438232,ODOMETRY,331,244,Arming
1.539552927017212,HIGHRES_IMU,105,74,Arming
1.5395760536193848,ATTITUDE,30,40,Arming
1.5396718978881836,ATTITUDE_QUATERNION,31,44,Arming
1.5397069454193115,LOCAL_POSITION_NED,32,40,Arming
1.5398049354553223,SERVO_OUTPUT_RAW,36,15,Arming
1.5482110977172852,GLOBAL_POSITION_INT,33,40,Arming
1.5482261180877686,ATTITUDE_QUATERNION,31,44,Arming
1.548253059387207,GLOBAL_POSITION_INT,33,40,Arming
1.5482659339904785,POSITION_TARGET_LOCAL_NED,85,63,Arming
1.5530900955200195,GPS_RAW_INT,24,56,Arming
1.5567889213562012,ATTITUDE,30,40,Arming
1.557305097579956,ATTITUDE_TARGET,83,48,Arming
1.5588130950927734,ATTITUDE,30,40,Arming
1.562757968902588,HIGHRES_IMU,105,73,Arming
1.563460111618042,ATTITUDE,30,40,Arming
1.5635170936584473,ATTITUDE_QUATERNION,31,44,Arming
1.5642340183258057,LOCAL_POSITION_NED,32,40,Arming
1.5642879009246826,SERVO_OUTPUT_RAW,36,15,Arming
1.5674870014190674,GLOBAL_POSITION_INT,33,40,Arming
1.5676259994506836,ATTITUDE_QUATERNION,31,44,Arming
1.567953109741211,GLOBAL_POSITION_INT,33,40,Arming
1.5680758953094482,POSITION_TARGET_LOCAL_NED,85,63,Arming
1.572119951248169,LOCAL_POSITION_NED,32,40,Arming
1.5722389221191406,ODOMETRY,331,244,Arming
1.5746839046478271,ATTITUDE,30,40,Arming
1.5748610496520996,ATTITUDE_TARGET,83,48,Arming
1.5789690017700195,ATTITUDE,30,40,Arming
1.5825169086456299,HIGHRES_IMU,105,73,Arming
1.5825350284576416,LOCAL_POSITION_NED,32,40,Arming
1.5825378894805908,ATTITUDE,30,40,Arming
1.582550048828125,ATTITUDE_QUATERNION,31,44,Arming
1.5825550556182861,SERVO_OUTPUT_RAW,36,15,Arming
1.5825591087341309,GPS_RAW_INT,24,56,Arming
1.586987018585205,GLOBAL_POSITION_INT,33,40,Arming
1.586993932723999,ATTITUDE_QUATERNION,31,44,Arming
1.5870790481567383,GLOBAL_POSITION_INT,33,40,Arming
1.5870919227600098,POSITION_TARGET_LOCAL_NED,85,63,Arming
1.5957300662994385,ATTITUDE,30,40,Arming
1.5959360599517822,ATTITUDE_TARGET,83,48,Arming
1.598647117614746,ATTITUDE,30,40,Arming
1.6037850379943848,TIMESYNC,111,25,Arming
1.6037909984588623,LOCAL_POSITION_NED,32,40,Arming
1.6038079261779785,HIGHRES_IMU,105,74,Arming
1.6038150787353516,LOCAL_POSITION_NED,32,40,Arming
1.6038179397583008,SERVO_OUTPUT_RAW,36,15,Arming
1.6038260459899902,ATTITUDE,30,40,Arming
1.6038329601287842,ALTITUDE,141,44,Arming
1.6038439273834229,ODOMETRY,331,244,Arming
1.603851079940796,ATTITUDE_QUATERNION,31,44,Arming
1.6038570404052734,ATTITUDE_TARGET,83,48,Arming
1.603868007659912,POSITION_TARGET_LOCAL_NED,85,63,Arming
1.6038761138916016,SERVO_OUTPUT_RAW,36,15,Arming
1.6038830280303955,VFR_HUD,74,29,Arming
1.6070599555969238,ATTITUDE_QUATERNION,31,44,Arming
1.6070690155029297,GLOBAL_POSITION_INT,33,40,Arming
1.6071178913116455,GLOBAL_POSITION_INT,33,40,Arming
1.607131004333496,POSITION_TARGET_LOCAL_NED,85,63,Arming
1.6161189079284668,HEARTBEAT,0,21,Arming
1.6161389350891113,ALTITUDE,141,44,Arming
1.6161460876464844,ATTITUDE_TARGET,83,48,Arming
1.6161549091339111,BATTERY_STATUS,147,53,Arming
1.6161620616912842,UNKNOWN_436,-2,20,Arming
1.61617112159729,ESTIMATOR_STATUS,230,54,Arming
1.616178035736084,EXTENDED_SYS_STATE,245,14,Arming
1.6161859035491943,GPS_RAW_INT,24,56,Arming
1.616192102432251,HOME_POSITION,242,67,Arming
1.6162021160125732,OPEN_DRONE_ID_LOCATION,12901,70,Arming
1.6162090301513672,OPEN_DRONE_ID_SYSTEM,12904,37,Arming
1.6162168979644775,SCALED_PRESSURE,29,26,Arming
1.6162259578704834,SYS_STATUS,1,52,Arming
1.6162331104278564,VFR_HUD,74,29,Arming
1.6162400245666504,UNKNOWN_8,-2,33,Arming
1.6165330410003662,ATTITUDE,30,40,Arming
1.6165590286254883,GPS_RAW_INT,24,56,Arming
1.6181108951568604,COMMAND_LONG,76,44,Arming
1.623744010925293,COMMAND_ACK,77,22,Arming
1.6237668991088867,ATTITUDE,30,40,Arming
1.6240959167480469,HIGHRES_IMU,105,73,Arming
1.624135971069336,LOCAL_POSITION_NED,32,40,Arming
1.62416410446167,SERVO_OUTPUT_RAW,36,15,Arming
1.6241950988769531,ATTITUDE,30,40,Arming
1.6242101192474365,ATTITUDE_QUATERNION,31,44,Arming
1.6275711059570312,GLOBAL_POSITION_INT,33,40,Arming
1.6314539909362793,ATTITUDE_QUATERNION,31,44,Arming
1.6315209865570068,GLOBAL_POSITION_INT,33,40,Arming
1.631532907485962,POSITION_TARGET_LOCAL_NED,85,63,Arming
1.639375925064087,ATTITUDE,30,40,Arming
1.639375925064087,ATTITUDE_TARGET,83,48,Arming
1.64467191696167,LOCAL_POSITION_NED,32,40,Arming
1.6447410583496094,ODOMETRY,331,244,Arming
1.6449999809265137,ATTITUDE,30,40,Arming
1.650960922241211,HIGHRES_IMU,105,74,Arming
1.6510450839996338,LOCAL_POSITION_NED,32,40,Arming
1.6511330604553223,ATTITUDE,30,40,Arming
1.6511828899383545,SERVO_OUTPUT_RAW,36,15,Arming
1.6511878967285156,ATTITUDE_QUATERNION,31,44,Arming
1.6590499877929688,ATTITUDE_QUATERNION,31,44,Arming
1.6590850353240967,GLOBAL_POSITION_INT,33,40,Arming
1.6590979099273682,POSITION_TARGET_LOCAL_NED,85,63,Arming
1.6610190868377686,GLOBAL_POSITION_INT,33,40,Arming
1.661039113998413,GPS_RAW_INT,24,56,Arming
1.6614100933074951,PARAM_REQUEST_READ,20,29,Arming
1.6619009971618652,PARAM_VALUE,22,37,Arming
1.6628949642181396,ATTITUDE_TARGET,83,48,Arming
1.6661179065704346,ATTITUDE,30,40,Arming
1.6745309829711914,MISSION_CURRENT,42,22,Arming
1.6765179634094238,ATTITUDE,30,40,Arming
1.6790180206298828,LOCAL_POSITION_NED,32,40,Arming
1.6791799068450928,SERVO_OUTPUT_RAW,36,15,Arming
1.6812849044799805,HIGHRES_IMU,105,74,Arming
1.6813089847564697,ATTITUDE,30,40,Arming
1.681325912475586,ATTITUDE_QUATERNION,31,44,Arming
1.6824800968170166,ATTITUDE_QUATERNION,31,44,Arming
1.6824889183044434,GLOBAL_POSITION_INT,33,40,Arming
1.682624101638794,GLOBAL_POSITION_INT,33,40,Arming
1.6826810836791992,POSITION_TARGET_LOCAL_NED,85,63,Arming
1.6856989860534668,PARAM_SET,23,35,Arming
1.6857481002807617,COMMAND_LONG,76,44,Arming
1.6860110759735107,PARAM_VALUE,22,37,Arming
1.6860461235046387,HOME_POSITION,242,67,Arming
1.688066005706787,COMMAND_ACK,77,22,Arming
1.688302993774414,LOCAL_POSITION_NED,32,40,Arming
1.6884310245513916,ODOMETRY,331,244,Arming
1.6906039714813232,ATTITUDE_TARGET,83,48,Arming
1.6906540393829346,ATTITUDE,30,40,Arming
1.6909980773925781,PARAM_SET,23,35,Arming
1.691159963607788,PARAM_VALUE,22,37,Arming
1.692991018295288,ATTITUDE,30,40,Arming
1.6977510452270508,LOCAL_POSITION_NED,32,40,Arming
1.6977989673614502,HIGHRES_IMU,105,73,Arming
1.697817087173462,SERVO_OUTPUT_RAW,36,15,Arming
1.6978509426116943,ATTITUDE,30,40,Arming
1.6978700160980225,ATTITUDE_QUATERNION,31,44,Arming
1.6978869438171387,GPS_RAW_INT,24,56,Arming
1.7038090229034424,ATTITUDE_QUATERNION,31,44,Arming
1.7038168907165527,GLOBAL_POSITION_INT,33,40,Arming
1.7038850784301758,GLOBAL_POSITION_INT,33,40,Arming
1.7039029598236084,POSITION_TARGET_LOCAL_NED,85,63,Arming
1.7042219638824463,PARAM_SET,23,35,Arming
1.7044129371643066,PARAM_VALUE,22,37,Arming
1.708730936050415,ATTITUDE_TARGET,83,48,Arming
1.7087740898132324,ATTITUDE,30,40,Arming
1.7143568992614746,ATTITUDE,30,40,Arming
1.7181661128997803,LOCAL_POSITION_NED,32,40,Arming
1.7182300090789795,TIMESYNC,111,25,Arming
1.7182860374450684,SERVO_OUTPUT_RAW,36,15,Arming
1.7182939052581787,HIGHRES_IMU,105,73,Arming
1.7183151245117188,LOCAL_POSITION_NED,32,40,Arming
1.7183270454406738,ATTITUDE,30,40,Arming
1.7183349132537842,ALTITUDE,141,44,Arming
1.7183489799499512,ODOMETRY,331,244,Arming
1.718358039855957,ATTITUDE_QUATERNION,31,44,Arming
1.718364953994751,ATTITUDE_TARGET,83,48,Arming
1.7183759212493896,EXTENDED_SYS_STATE,245,14,Arming
1.7183890342712402,POSITION_TARGET_LOCAL_NED,85,63,Arming
1.718400001525879,SERVO_OUTPUT_RAW,36,15,Arming
1.7184109687805176,SYS_STATUS,1,52,Arming
1.7184200286865234,VFR_HUD,74,29,Arming
1.7186000347137451,PARAM_SET,23,35,Arming
1.7186799049377441,PARAM_VALUE,22,37,Arming
1.7227449417114258,GLOBAL_POSITION_INT,33,40,Arming
1.7227630615234375,ATTITUDE_QUATERNION,31,44,Arming
1.7229070663452148,GLOBAL_POSITION_INT,33,40,Arming
1.7229809761047363,POSITION_TARGET_LOCAL_NED,85,63,Arming
1.7302069664001465,ATTITUDE,30,40,Arming
1.7305018901824951,ATTITUDE_TARGET,83,48,Arming
1.7306950092315674,GPS_RAW_INT,24,56,Arming
1.7327930927276611,ATTITUDE,30,40,Arming
1.7364070415496826,LOCAL_POSITION_NED,32,40,Arming
1.736577033996582,SERVO_OUTPUT_RAW,36,15,Arming
1.7394568920135498,HIGHRES_IMU,105,74,Arming
1.7395360469818115,ATTITUDE,30,40,Arming
1.739556074142456,ATTITUDE_QUATERNION,31,44,Arming
1.7403318881988525,PARAM_SET,23,35,Arming
1.7404160499572754,PARAM_VALUE,22,37,Arming
1.7431681156158447,GLOBAL_POSITION_INT,33,40,Arming
1.7433929443359375,ATTITUDE_QUATERNION,31,44,Arming
1.7435410022735596,GLOBAL_POSITION_INT,33,40,Arming
1.7435739040374756,POSITION_TARGET_LOCAL_NED,85,63,Arming
1.7439219951629639,MISSION_CLEAR_ALL,45,14,Arming
1.7485840320587158,MISSION_ACK,47,14,Arming
1.7488479614257812,ATTITUDE_TARGET,83,48,Arming
1.7488980293273926,ATTITUDE,30,40,Arming
1.754823923110962,ATTITUDE,30,40,Arming
1.7548320293426514,LOCAL_POSITION_NED,32,40,Arming
1.7558810710906982,ODOMETRY,331,244,Arming
1.7619199752807617,LOCAL_POSITION_NED,32,40,Arming
1.7620398998260498,SERVO_OUTPUT_RAW,36,15,Arming
1.762228012084961,ATTITUDE_QUATERNION,31,44,Arming
1.7623751163482666,GLOBAL_POSITION_INT,33,40,Arming
1.7624540328979492,POSITION_TARGET_LOCAL_NED,85,63,Arming
1.7639520168304443,HIGHRES_IMU,105,73,Arming
1.7644569873809814,ATTITUDE,30,40,Arming
1.7645220756530762,ATTITUDE_QUATERNION,31,44,Arming
1.7645471096038818,GLOBAL_POSITION_INT,33,40,Arming
1.7645580768585205,GPS_RAW_INT,24,56,Arming
1.7728049755096436,ATTITUDE_TARGET,83,48,Arming
1.777940034866333,ATTITUDE,30,40,Arming
1.7783360481262207,ATTITUDE,30,40,Arming
1.781378984451294,LOCAL_POSITION_NED,32,40,Arming
1.781378984451294,HIGHRES_IMU,105,73,Arming
1.7813999652862549,ATTITUDE,30,40,Arming
1.781412124633789,ATTITUDE_QUATERNION,31,44,Arming
1.7814819812774658,SERVO_OUTPUT_RAW,36,15,Arming
1.7836649417877197,MISSION_COUNT,44,16,Arming
1.7837679386138916,MISSION_REQUEST_INT,51,16,Arming
1.7840330600738525,MISSION_ITEM_INT,73,49,Arming
1.7845609188079834,GLOBAL_POSITION_INT,33,40,Arming
1.7845849990844727,ATTITUDE_QUATERNION,31,44,Arming
1.7847199440002441,GLOBAL_POSITION_INT,33,40,Arming
1.7847681045532227,POSITION_TARGET_LOCAL_NED,85,63,Arming
1.7935841083526611,LOCAL_POSITION_NED,32,40,Arming
1.793877124786377,ODOMETRY,331,244,Arming
1.7948601245880127,MISSION_REQUEST_INT,51,16,Arming
1.7954559326171875,MISSION_ITEM_INT,73,49,Arming
1.7989819049835205,ATTITUDE_TARGET,83,48,Arming
1.7991969585418701,ATTITUDE,30,40,Arming
1.799454927444458,MISSION_REQUEST_INT,51,16,Arming
1.8000900745391846,MISSION_ITEM_INT,73,49,Arming
1.803205966949463,ATTITUDE,30,40,Arming
1.804413080215454,MISSION_REQUEST_INT,51,16,Arming
1.8049418926239014,MISSION_ITEM_INT,73,49,Arming
1.8068780899047852,LOCAL_POSITION_NED,32,40,Arming
1.8072059154510498,SERVO_OUTPUT_RAW,36,15,Arming
1.8075370788574219,HIGHRES_IMU,105,74,Arming
1.8076128959655762,ATTITUDE,30,40,Arming
1.807642936706543,ATTITUDE_QUATERNION,31,44,Arming
1.8076560497283936,GPS_RAW_INT,24,56,Arming
1.8092689514160156,ATTITUDE_QUATERNION,31,44,Arming
1.8092689514160156,GLOBAL_POSITION_INT,33,40,Arming
1.809340000152588,GLOBAL_POSITION_INT,33,40,Arming
1.8093550205230713,POSITION_TARGET_LOCAL_NED,85,63,Arming
1.81056809425354,MISSION_REQUEST_INT,51,16,Arming
1.8109009265899658,MISSION_ITEM_INT,73,49,Arming
1.8132801055908203,MISSION_REQUEST_INT,51,16,Arming
1.8135230541229248,MISSION_ITEM_INT,73,49,Arming
1.8168830871582031,MISSION_REQUEST_INT,51,16,Arming
1.8171420097351074,MISSION_ITEM_INT,73,49,Arming
1.8179149627685547,ATTITUDE_TARGET,83,48,Arming
1.818039894104004,ATTITUDE,30,40,Arming
1.8228280544281006,MISSION_REQUEST_INT,51,16,Arming
1.8234179019927979,ATTITUDE,30,40,Arming
1.8246290683746338,MISSION_ITEM_INT,73,49,Arming
1.829211950302124,MISSION_REQUEST_INT,51,16,Arming
1.829859972000122,TIMESYNC,111,25,Arming
1.8298780918121338,HIGHRES_IMU,105,73,Arming
1.8298859596252441,LOCAL_POSITION_NED,32,40,Arming
1.8298969268798828,ATTITUDE,30,40,Arming
1.8299059867858887,ALTITUDE,141,44,Arming
1.830029010772705,ODOMETRY,331,244,Arming
1.8300421237945557,ATTITUDE_QUATERNION,31,44,Arming
1.830049991607666,ATTITUDE_TARGET,83,48,Arming
1.8300650119781494,POSITION_TARGET_LOCAL_NED,85,63,Arming
1.8300750255584717,SERVO_OUTPUT_RAW,36,15,Arming
1.8300840854644775,VFR_HUD,74,29,Arming
1.8305060863494873,LOCAL_POSITION_NED,32,40,Arming
1.8305320739746094,SERVO_OUTPUT_RAW,36,15,Arming
1.8309929370880127,MISSION_ITEM_INT,73,49,Arming
1.8344149589538574,MISSION_REQUEST_INT,51,16,Arming
1.8346660137176514,MISSION_ITEM_INT,73,49,Arming
1.8382771015167236,GLOBAL_POSITION_INT,33,40,Arming
1.8395020961761475,MISSION_REQUEST_INT,51,16,Arming
1.8398170471191406,MISSION_ITEM_INT,73,49,Arming
1.8409769535064697,ATTITUDE_QUATERNION,31,44,Arming
1.8425230979919434,GLOBAL_POSITION_INT,33,40,Arming
1.8427050113677979,POSITION_TARGET_LOCAL_NED,85,63,Arming
1.8531510829925537,ATTITUDE_TARGET,83,48,Arming
1.8533151149749756,GPS_RAW_INT,24,56,Arming
1.8541679382324219,ATTITUDE,30,40,Arming
1.8542070388793945,GPS_RAW_INT,24,56,Arming
1.8551249504089355,MISSION_REQUEST_INT,51,16,Arming
1.8552680015563965,MISSION_ITEM_INT,73,49,Arming
1.8576760292053223,MISSION_REQUEST_INT,51,16,Arming
1.8578948974609375,MISSION_ITEM_INT,73,49,Arming
1.8608770370483398,ATTITUDE,30,40,Arming
1.8613181114196777,HIGHRES_IMU,105,73,Arming
1.861382007598877,ATTITUDE_QUATERNION,31,44,Arming
1.8617839813232422,LOCAL_POSITION_NED,32,40,Arming
1.8618080615997314,SERVO_OUTPUT_RAW,36,15,Arming
1.8621931076049805,MISSION_REQUEST_INT,51,16,Arming
1.862396001815796,MISSION_ITEM_INT,73,49,Arming
1.8631811141967773,MISSION_REQUEST_INT,51,16,Arming
1.8633899688720703,MISSION_ITEM_INT,73,49,Arming
1.8648240566253662,ATTITUDE_QUATERNION,31,44,Arming
1.8652820587158203,GLOBAL_POSITION_INT,33,40,Arming
1.866353988647461,ATTITUDE,30,40,Arming
1.866379976272583,GLOBAL_POSITION_INT,33,40,Arming
1.8682479858398438,POSITION_TARGET_LOCAL_NED,85,63,Arming
1.8696730136871338,MISSION_REQUEST_INT,51,16,Arming
1.869987964630127,MISSION_ITEM_INT,73,49,Arming
1.8726649284362793,ATTITUDE_TARGET,83,48,Arming
1.8727741241455078,MISSION_REQUEST_INT,51,16,Arming
1.8730480670928955,MISSION_ITEM_INT,73,49,Arming
1.874372959136963,ATTITUDE,30,40,Arming
1.8755879402160645,LOCAL_POSITION_NED,32,40,Arming
1.8756520748138428,ATTITUDE,30,40,Arming
1.8756771087646484,ODOMETRY,331,244,Arming
1.8780651092529297,LOCAL_POSITION_NED,32,40,Arming
1.878082036972046,SERVO_OUTPUT_RAW,36,15,Arming
1.878119945526123,HIGHRES_IMU,105,74,Arming
1.8781819343566895,ATTITUDE_QUATERNION,31,44,Arming
1.8805699348449707,MISSION_REQUEST_INT,51,16,Arming
1.881269931793213,MISSION_ITEM_INT,73,49,Arming
1.8822400569915771,GLOBAL_POSITION_INT,33,40,Arming
1.8823349475860596,GPS_RAW_INT,24,56,Arming
1.8830358982086182,ATTITUDE_QUATERNION,31,44,Arming
1.8832340240478516,GLOBAL_POSITION_INT,33,40,Arming
1.883254051208496,POSITION_TARGET_LOCAL_NED,85,63,Arming
1.8857100009918213,ATTITUDE,30,40,Arming
1.8861429691314697,MISSION_REQUEST_INT,51,16,Arming
1.8863890171051025,MISSION_ITEM_INT,73,49,Arming
1.8895270824432373,ATTITUDE_TARGET,83,48,Arming
1.8912899494171143,MISSION_REQUEST_INT,51,16,Arming
1.8916189670562744,MISSION_ITEM_INT,73,49,Arming
1.89170503616333,HEARTBEAT,0,21,Arming
1.8941619396209717,ATTITUDE,30,40,Arming
1.8942680358886719,ATTITUDE,30,40,Arming
1.89463210105896,MISSION_REQUEST_INT,51,16,Arming
1.8948678970336914,MISSION_ITEM_INT,73,49,Arming
1.8963189125061035,MISSION_REQUEST_INT,51,16,Arming
1.8965680599212646,MISSION_ITEM_INT,73,49,Arming
1.9014389514923096,HIGHRES_IMU,105,73,Arming
1.9016449451446533,ATTITUDE_QUATERNION,31,44,Arming
1.9020490646362305,LOCAL_POSITION_NED,32,40,Arming
1.902069091796875,SERVO_OUTPUT_RAW,36,15,Arming
1.9020800590515137,HEARTBEAT,0,21,Arming
1.9023211002349854,GLOBAL_POSITION_INT,33,40,Arming
1.9023590087890625,ATTITUDE_QUATERNION,31,44,Arming
1.9023780822753906,GLOBAL_POSITION_INT,33,40,Arming
1.9023919105529785,POSITION_TARGET_LOCAL_NED,85,63,Arming
1.9024019241333008,VFR_HUD,74,29,Arming
1.9027509689331055,MISSION_REQUEST_INT,51,16,Arming
1.903419017791748,MISSION_ITEM_INT,73,49,Arming
1.9059700965881348,MISSION_REQUEST_INT,51,16,Arming
1.9061191082000732,LOCAL_POSITION_NED,32,40,Arming
1.9061369895935059,ATTITUDE,30,40,Arming
1.9061520099639893,ODOMETRY,331,244,Arming
1.9062750339508057,MISSION_ITEM_INT,73,49,Arming
1.9088890552520752,MISSION_REQUEST_INT,51,16,Arming
1.9092650413513184,MISSION_ITEM_INT,73,49,Arming
1.9095680713653564,ATTITUDE_TARGET,83,48,Arming
1.9174931049346924,MISSION_REQUEST_INT,51,16,Arming
1.9178199768066406,MISSION_ITEM_INT,73,49,Arming
1.9178669452667236,ATTITUDE,30,40,Arming
1.9178729057312012,ATTITUDE,30,40,Arming
1.9179449081420898,GPS_RAW_INT,24,56,Arming
1.9191360473632812,HIGHRES_IMU,105,73,Arming
1.9191370010375977,LOCAL_POSITION_NED,32,40,Arming
1.919205904006958,ATTITUDE_QUATERNION,31,44,Arming
1.9192099571228027,SERVO_OUTPUT_RAW,36,15,Arming
1.92171311378479,MISSION_REQUEST_INT,51,16,Arming
1.921968936920166,MISSION_ITEM_INT,73,49,Arming
1.9225349426269531,ATTITUDE_QUATERNION,31,44,Arming
1.9225420951843262,GLOBAL_POSITION_INT,33,40,Arming
1.9225609302520752,GLOBAL_POSITION_INT,33,40,Arming
1.9225740432739258,POSITION_TARGET_LOCAL_NED,85,63,Arming
1.9249260425567627,MISSION_REQUEST_INT,51,16,Arming
1.925220012664795,MISSION_ITEM_INT,73,49,Arming
1.9279460906982422,MISSION_REQUEST_INT,51,16,Arming
1.928114891052246,MISSION_ITEM_INT,73,49,Arming
1.9283299446105957,ATTITUDE,30,40,Arming
1.9363300800323486,ATTITUDE_TARGET,83,48,Arming
1.9363999366760254,MISSION_REQUEST_INT,51,16,Arming
1.9366850852966309,MISSION_ITEM_INT,73,49,Arming
1.9398109912872314,MISSION_REQUEST_INT,51,16,Arming
1.9399681091308594,MISSION_ITEM_INT,73,49,Arming
1.9423370361328125,MISSION_REQUEST_INT,51,16,Arming
1.9426889419555664,MISSION_ITEM_INT,73,49,Arming
1.9438049793243408,ATTITUDE,30,40,Arming
1.9438331127166748,ATTITUDE,30,40,Arming
1.944282054901123,LOCAL_POSITION_NED,32,40,Arming
1.9442849159240723,HEARTBEAT,0,21,Arming
1.9442989826202393,TIMESYNC,111,25,Arming
1.9443109035491943,HIGHRES_IMU,105,74,Arming
1.9443130493164062,SERVO_OUTPUT_RAW,36,15,Arming
1.9443190097808838,LOCAL_POSITION_NED,32,40,Arming
1.9443280696868896,ALTITUDE,141,44,Arming
1.9443390369415283,ODOMETRY,331,244,Arming
1.9443480968475342,ATTITUDE_QUATERNION,31,44,Arming
1.9443559646606445,ATTITUDE_TARGET,83,48,Arming
1.9443650245666504,BATTERY_STATUS,147,53,Arming
1.9443728923797607,UNKNOWN_436,-2,20,Arming
1.9443790912628174,ESTIMATOR_STATUS,230,54,Arming
1.9443869590759277,EXTENDED_SYS_STATE,245,14,Arming
1.9443960189819336,HOME_POSITION,242,67,Arming
1.9444079399108887,OPEN_DRONE_ID_LOCATION,12901,70,Arming
1.9444160461425781,OPEN_DRONE_ID_SYSTEM,12904,37,Arming
1.9444239139556885,PING,4,21,Arming
1.944432020187378,POSITION_TARGET_LOCAL_NED,85,63,Arming
1.9444420337677002,SCALED_PRESSURE,29,26,Arming
1.9444489479064941,SERVO_OUTPUT_RAW,36,15,Arming
1.9444689750671387,SYS_STATUS,1,52,Arming
1.9444780349731445,SYSTEM_TIME,2,22,Arming
1.9444899559020996,VFR_HUD,74,29,Arming
1.944498062133789,VIBRATION,241,32,Arming
1.9445059299468994,UNKNOWN_8,-2,33,Arming
1.949059009552002,PING,4,26,Arming
1.9491629600524902,MISSION_REQUEST_INT,51,16,Arming
1.950103998184204,GLOBAL_POSITION_INT,33,40,Arming
1.9501891136169434,ATTITUDE_QUATERNION,31,44,Arming
1.9502289295196533,MISSION_ITEM_INT,73,49,Arming
1.9502670764923096,GLOBAL_POSITION_INT,33,40,Arming
1.950282096862793,POSITION_TARGET_LOCAL_NED,85,63,Arming
1.9526491165161133,MISSION_REQUEST_INT,51,16,Arming
1.9529340267181396,MISSION_ITEM_INT,73,49,Arming
1.9565041065216064,ATTITUDE_TARGET,83,48,Arming
1.956554889678955,MISSION_REQUEST_INT,51,16,Arming
1.9567079544067383,MISSION_ITEM_INT,73,49,Arming
1.9569830894470215,ATTITUDE,30,40,Arming
1.9570069313049316,GPS_RAW_INT,24,56,Arming
1.9597699642181396,MISSION_REQUEST_INT,51,16,Arming
1.9602179527282715,ATTITUDE,30,40,Arming
1.9602289199829102,MISSION_ITEM_INT,73,49,Arming
1.9643099308013916,MISSION_REQUEST_INT,51,16,Arming
1.9647810459136963,MISSION_ITEM_INT,73,49,Arming
1.966325044631958,LOCAL_POSITION_NED,32,40,Arming
1.9664149284362793,SERVO_OUTPUT_RAW,36,15,Arming
1.9664709568023682,HIGHRES_IMU,105,74,Arming
1.9665729999542236,ATTITUDE_QUATERNION,31,44,Arming
1.9678490161895752,MISSION_REQUEST_INT,51,16,Arming
1.9680349826812744,MISSION_ITEM_INT,73,49,Arming
1.970257043838501,ATTITUDE,30,40,Arming
1.9702610969543457,ATTITUDE_QUATERNION,31,44,Arming
1.9702858924865723,GLOBAL_POSITION_INT,33,40,Arming
1.9702908992767334,GLOBAL_POSITION_INT,33,40,Arming
1.9703059196472168,POSITION_TARGET_LOCAL_NED,85,63,Arming
1.9741480350494385,ATTITUDE_TARGET,83,48,Arming
1.9753470420837402,ATTITUDE,30,40,Arming
1.9760000705718994,MISSION_REQUEST_INT,51,16,Arming
1.9760959148406982,MISSION_CURRENT,42,18,Arming
1.976444959640503,MISSION_ITEM_INT,73,49,Arming
1.9792299270629883,LOCAL_POSITION_NED,32,40,Arming
1.979306936264038,ODOMETRY,331,244,Arming
1.9797251224517822,ATTITUDE,30,40,Arming
1.9818949699401855,MISSION_REQUEST_INT,51,16,Arming
1.9845991134643555,MISSION_ITEM_INT,73,49,Arming
1.9848461151123047,LOCAL_POSITION_NED,32,40,Arming
1.9848730564117432,SERVO_OUTPUT_RAW,36,15,Arming
1.986962080001831,MISSION_REQUEST_INT,51,16,Arming
1.9872090816497803,HIGHRES_IMU,105,73,Arming
1.9872550964355469,MISSION_ITEM_INT,73,49,Arming
1.987293004989624,ATTITUDE_QUATERNION,31,44,Arming
1.9896190166473389,ATTITUDE_QUATERNION,31,44,Arming
1.989696979522705,GLOBAL_POSITION_INT,33,40,Arming
1.9897119998931885,POSITION_TARGET_LOCAL_NED,85,63,Arming
1.9916620254516602,ATTITUDE,30,40,Arming
1.9917569160461426,GLOBAL_POSITION_INT,33,40,Arming
1.991797924041748,GPS_RAW_INT,24,56,Arming
1.9947760105133057,MISSION_REQUEST_INT,51,16,Arming
1.9951839447021484,MISSION_ITEM_INT,73,49,Arming
1.9994540214538574,MISSION_REQUEST_INT,51,16,Arming
1.9997670650482178,MISSION_ITEM_INT,73,49,Arming
2.0007669925689697,ATTITUDE_TARGET,83,48,Arming
2.0008389949798584,ATTITUDE,30,40,Arming
2.0042049884796143,ATTITUDE,30,40,Arming
2.006488084793091,MISSION_REQUEST_INT,51,16,Arming
2.008574962615967,MISSION_ITEM_INT,73,49,Arming
2.012212038040161,LOCAL_POSITION_NED,32,40,Arming
2.012237071990967,SERVO_OUTPUT_RAW,36,15,Arming
2.0122759342193604,HIGHRES_IMU,105,74,Arming
2.012399911880493,ATTITUDE_QUATERNION,31,44,Arming
2.0124359130859375,ATTITUDE_QUATERNION,31,44,Arming
2.012558937072754,GLOBAL_POSITION_INT,33,40,Arming
2.012579917907715,POSITION_TARGET_LOCAL_NED,85,63,Arming
2.012847900390625,MISSION_REQUEST_INT,51,16,Arming
2.013062000274658,MISSION_ITEM_INT,73,49,Arming
2.0160770416259766,MISSION_REQUEST_INT,51,16,Arming
2.016184091567993,LOCAL_POSITION_NED,32,40,Arming
2.016200065612793,ATTITUDE,30,40,Arming
2.0162129402160645,ODOMETRY,331,244,Arming
2.0162250995635986,GLOBAL_POSITION_INT,33,40,Arming
2.0163180828094482,MISSION_ITEM_INT,73,49,Arming
2.0191850662231445,MISSION_REQUEST_INT,51,16,Arming
2.0195109844207764,MISSION_ITEM_INT,73,49,Arming
2.020328998565674,ATTITUDE_TARGET,83,48,Arming
2.0238521099090576,MISSION_REQUEST_INT,51,16,Arming
2.0244109630584717,MISSION_ITEM_INT,73,49,Arming
2.0255420207977295,GPS_RAW_INT,24,56,Arming
2.025796890258789,ATTITUDE,30,40,Arming
2.029268980026245,MISSION_REQUEST_INT,51,16,Arming
2.0296199321746826,MISSION_ITEM_INT,73,49,Arming
2.0309619903564453,HIGHRES_IMU,105,73,Arming
2.030987024307251,ATTITUDE,30,40,Arming
2.0310020446777344,ATTITUDE_QUATERNION,31,44,Arming
2.0310869216918945,LOCAL_POSITION_NED,32,40,Arming
2.0311129093170166,SERVO_OUTPUT_RAW,36,15,Arming
2.032327890396118,MISSION_REQUEST_INT,51,16,Arming
2.0325560569763184,MISSION_ITEM_INT,73,49,Arming
2.0344200134277344,GLOBAL_POSITION_INT,33,40,Arming
2.034820079803467,ATTITUDE_QUATERNION,31,44,Arming
2.034883975982666,GLOBAL_POSITION_INT,33,40,Arming
2.0348989963531494,POSITION_TARGET_LOCAL_NED,85,63,Arming
2.0352680683135986,MISSION_REQUEST_INT,51,16,Arming
2.0362958908081055,MISSION_ITEM_INT,73,49,Arming
2.036885976791382,ATTITUDE,30,40,Arming
2.040273904800415,MISSION_REQUEST_INT,51,16,Arming
2.040492057800293,MISSION_ITEM_INT,73,49,Arming
2.040576934814453,ATTITUDE_TARGET,83,48,Arming
2.0441839694976807,ATTITUDE,30,40,Arming
2.046955108642578,MISSION_REQUEST_INT,51,16,Arming
2.047240972518921,MISSION_ITEM_INT,73,49,Arming
2.0487570762634277,TIMESYNC,111,25,Arming
2.048784017562866,HIGHRES_IMU,105,73,Arming
2.0487940311431885,LOCAL_POSITION_NED,32,40,Arming
2.048804998397827,ATTITUDE,30,40,Arming
2.0488131046295166,ALTITUDE,141,44,Arming
2.0488269329071045,ODOMETRY,331,244,Arming
2.0488359928131104,ATTITUDE_QUATERNION,31,44,Arming
2.0488440990448,ATTITUDE_TARGET,83,48,Arming
2.048872947692871,POSITION_TARGET_LOCAL_NED,85,63,Arming
2.0488810539245605,SERVO_OUTPUT_RAW,36,15,Arming
2.048888921737671,VFR_HUD,74,29,Arming
2.049041986465454,LOCAL_POSITION_NED,32,40,Arming
2.0490899085998535,SERVO_OUTPUT_RAW,36,15,Arming
2.0496840476989746,MISSION_REQUEST_INT,51,16,Arming
2.0498299598693848,MISSION_ITEM_INT,73,49,Arming
2.0505940914154053,MISSION_REQUEST_INT,51,16,Arming
2.0509040355682373,MISSION_ITEM_INT,73,49,Arming
2.0517289638519287,MISSION_REQUEST_INT,51,16,Arming
2.052079916000366,MISSION_ITEM_INT,73,49,Arming
2.0522329807281494,GLOBAL_POSITION_INT,33,40,Arming
2.0525319576263428,ATTITUDE_QUATERNION,31,44,Arming
2.0525550842285156,GLOBAL_POSITION_INT,33,40,Arming
2.0525660514831543,POSITION_TARGET_LOCAL_NED,85,63,Arming
2.0552399158477783,MISSION_REQUEST_INT,51,16,Arming
2.0554471015930176,MISSION_ITEM_INT,73,49,Arming
2.056025981903076,ATTITUDE,30,40,Arming
2.056051015853882,GPS_RAW_INT,24,56,Arming
2.0578269958496094,MISSION_REQUEST_INT,51,16,Arming
2.0580949783325195,MISSION_ITEM_INT,73,49,Arming
2.058964967727661,MISSION_REQUEST_INT,51,16,Arming
2.0591559410095215,MISSION_ITEM_INT,73,49,Arming
2.060210943222046,MISSION_REQUEST_INT,51,16,Arming
2.060422897338867,MISSION_ITEM_INT,73,49,Arming
2.063167095184326,MISSION_REQUEST_INT,51,16,Arming
2.0633981227874756,ATTITUDE_TARGET,83,48,Arming
2.0634500980377197,GPS_RAW_INT,24,56,Arming
2.06345796585083,MISSION_ITEM_INT,73,49,Arming
2.064631938934326,ATTITUDE,30,40,Arming
2.069303035736084,MISSION_REQUEST_INT,51,16,Arming
2.069538116455078,MISSION_ITEM_INT,73,49,Arming
2.070936918258667,LOCAL_POSITION_NED,32,40,Arming
2.071052074432373,SERVO_OUTPUT_RAW,36,15,Arming
2.0710690021514893,HIGHRES_IMU,105,74,Arming
2.071113109588623,ATTITUDE,30,40,Arming
2.071129083633423,ATTITUDE_QUATERNION,31,44,Arming
2.0721559524536133,GLOBAL_POSITION_INT,33,40,Arming
2.072187900543213,ATTITUDE_QUATERNION,31,44,Arming
2.0722289085388184,MISSION_REQUEST_INT,51,16,Arming
2.0722789764404297,GLOBAL_POSITION_INT,33,40,Arming
2.072334051132202,POSITION_TARGET_LOCAL_NED,85,63,Arming
2.0723869800567627,MISSION_ITEM_INT,73,49,Arming
2.0763890743255615,ATTITUDE,30,40,Arming
2.077471971511841,MISSION_REQUEST_INT,51,16,Arming
2.077686071395874,MISSION_ITEM_INT,73,49,Arming
2.080271005630493,ATTITUDE_TARGET,83,48,Arming
2.080760955810547,MISSION_REQUEST_INT,51,16,Arming
2.0809640884399414,MISSION_ITEM_INT,73,49,Arming
2.0835258960723877,MISSION_REQUEST_INT,51,16,Arming
2.0838921070098877,MISSION_ITEM_INT,73,49,Arming
2.084775924682617,LOCAL_POSITION_NED,32,40,Arming
2.0848379135131836,ODOMETRY,331,244,Arming
2.085845947265625,ATTITUDE,30,40,Arming
2.0871939659118652,MISSION_REQUEST_INT,51,16,Arming
2.0873959064483643,MISSION_ITEM_INT,73,49,Arming
2.0883209705352783,LOCAL_POSITION_NED,32,40,Arming
2.088325023651123,HIGHRES_IMU,105,74,Arming
2.0886690616607666,ATTITUDE,30,40,Arming
2.0886878967285156,ATTITUDE_QUATERNION,31,44,Arming
2.088866949081421,SERVO_OUTPUT_RAW,36,15,Arming
2.0891640186309814,MISSION_REQUEST_INT,51,16,Arming
2.089376926422119,MISSION_ITEM_INT,73,49,Arming
2.0903589725494385,MISSION_REQUEST_INT,51,16,Arming
2.090522050857544,MISSION_ITEM_INT,73,49,Arming
2.091403007507324,MISSION_REQUEST_INT,51,16,Arming
2.091615915298462,MISSION_ITEM_INT,73,49,Arming
2.092113971710205,GLOBAL_POSITION_INT,33,40,Arming
2.0921339988708496,GPS_RAW_INT,24,56,Arming
2.092134952545166,ATTITUDE_QUATERNION,31,44,Arming
2.0921590328216553,GLOBAL_POSITION_INT,33,40,Arming
2.092170000076294,POSITION_TARGET_LOCAL_NED,85,63,Arming
2.094041109085083,MISSION_REQUEST_INT,51,16,Arming
2.094180107116699,MISSION_ITEM_INT,73,49,Arming
2.095384120941162,MISSION_REQUEST_INT,51,16,Arming
2.0956499576568604,MISSION_ITEM_INT,73,49,Arming
2.0962729454040527,UNKNOWN_410,-2,42,Arming
2.09633207321167,UNKNOWN_410,-2,30,Arming
2.0963408946990967,UNKNOWN_410,-2,30,Arming
2.0963470935821533,UNKNOWN_410,-2,30,Arming
2.096353054046631,UNKNOWN_410,-2,30,Arming
2.096405029296875,ATTITUDE,30,40,Arming
2.0964860916137695,UNKNOWN_410,-2,42,Arming
2.0964980125427246,UNKNOWN_410,-2,30,Arming
2.096506118774414,UNKNOWN_410,-2,30,Arming
2.0965139865875244,UNKNOWN_410,-2,30,Arming
2.096522092819214,UNKNOWN_410,-2,30,Arming
2.098331928253174,MISSION_REQUEST_INT,51,16,Arming
2.0987389087677,MISSION_ITEM_INT,73,49,Arming
2.1004300117492676,MISSION_REQUEST_INT,51,16,Arming
2.100882053375244,MISSION_ITEM_INT,73,49,Arming
2.1030139923095703,ATTITUDE_TARGET,83,48,Arming
2.1046550273895264,ATTITUDE,30,40,Arming
2.1050798892974854,MISSION_REQUEST_INT,51,16,Arming
2.105346918106079,MISSION_ITEM_INT,73,49,Arming
2.108052968978882,HIGHRES_IMU,105,74,Arming
2.1080760955810547,ATTITUDE,30,40,Arming
2.1080799102783203,LOCAL_POSITION_NED,32,40,Arming
2.1080880165100098,ATTITUDE_QUATERNION,31,44,Arming
2.1080989837646484,SERVO_OUTPUT_RAW,36,15,Arming
2.108114004135132,MISSION_REQUEST_INT,51,16,Arming
2.108473062515259,MISSION_ITEM_INT,73,49,Arming
2.1107449531555176,MISSION_REQUEST_INT,51,16,Arming
2.1109681129455566,MISSION_ITEM_INT,73,49,Arming
2.1123979091644287,ATTITUDE_QUATERNION,31,44,Arming
2.1124329566955566,GLOBAL_POSITION_INT,33,40,Arming
2.112445116043091,POSITION_TARGET_LOCAL_NED,85,63,Arming
2.112459897994995,GLOBAL_POSITION_INT,33,40,Arming
2.1133110523223877,MISSION_REQUEST_INT,51,16,Arming
2.1135051250457764,MISSION_ITEM_INT,73,49,Arming
2.1158809661865234,MISSION_REQUEST_INT,51,16,Arming
2.116142988204956,MISSION_ITEM_INT,73,49,Arming
2.1162350177764893,LOCAL_POSITION_NED,32,40,Arming
2.116292953491211,ATTITUDE,30,40,Arming
2.116307020187378,ODOMETRY,331,244,Arming
2.120274066925049,ATTITUDE_TARGET,83,48,Arming
2.121170997619629,MISSION_REQUEST_INT,51,16,Arming
2.1214020252227783,MISSION_ITEM_INT,73,49,Arming
2.124114990234375,GPS_RAW_INT,24,56,Arming
2.124130964279175,ATTITUDE,30,40,Arming
2.1274209022521973,MISSION_REQUEST_INT,51,16,Arming
2.127758026123047,MISSION_ITEM_INT,73,49,Arming
2.1284871101379395,HIGHRES_IMU,105,74,Arming
2.1285040378570557,LOCAL_POSITION_NED,32,40,Arming
2.128509998321533,ATTITUDE,30,40,Arming
2.1285219192504883,ATTITUDE_QUATERNION,31,44,Arming
2.1285300254821777,SERVO_OUTPUT_RAW,36,15,Arming
2.131777048110962,MISSION_REQUEST_INT,51,16,Arming
2.132115125656128,MISSION_ITEM_INT,73,49,Arming
2.133004903793335,ATTITUDE_QUATERNION,31,44,Arming
2.133028030395508,GLOBAL_POSITION_INT,33,40,Arming
2.1330299377441406,GLOBAL_POSITION_INT,33,40,Arming
2.1330409049987793,POSITION_TARGET_LOCAL_NED,85,63,Arming
2.134887933731079,MISSION_REQUEST_INT,51,16,Arming
2.1350550651550293,MISSION_ITEM_INT,73,49,Arming
2.1360859870910645,ATTITUDE,30,40,Arming
2.136286973953247,MISSION_REQUEST_INT,51,16,Arming
2.1364779472351074,MISSION_ITEM_INT,73,49,Arming
2.138730049133301,MISSION_REQUEST_INT,51,16,Arming
2.1389529705047607,MISSION_ITEM_INT,73,49,Arming
2.1401259899139404,MISSION_REQUEST_INT,51,16,Arming
2.14040207862854,MISSION_ITEM_INT,73,49,Arming
2.140713930130005,ATTITUDE_TARGET,83,48,Arming
2.147578001022339,ATTITUDE,30,40,Arming
2.148883104324341,MISSION_REQUEST_INT,51,16,Arming
2.149137020111084,MISSION_ITEM_INT,73,49,Arming
2.1521120071411133,TIMESYNC,111,25,Arming
2.15214204788208,HIGHRES_IMU,105,73,Arming
2.1521971225738525,LOCAL_POSITION_NED,32,40,Arming
2.1522700786590576,SERVO_OUTPUT_RAW,36,15,Arming
2.1523149013519287,LOCAL_POSITION_NED,32,40,Arming
2.152332067489624,ATTITUDE,30,40,Arming
2.1523399353027344,ALTITUDE,141,44,Arming
2.1523520946502686,ODOMETRY,331,244,Arming
2.152359962463379,ATTITUDE_QUATERNION,31,44,Arming
2.1523680686950684,ATTITUDE_TARGET,83,48,Arming
2.1523759365081787,EXTENDED_SYS_STATE,245,14,Arming
2.1523890495300293,POSITION_TARGET_LOCAL_NED,85,63,Arming
2.1523990631103516,SERVO_OUTPUT_RAW,36,15,Arming
2.152409076690674,SYS_STATUS,1,52,Arming
2.152416944503784,VFR_HUD,74,29,Arming
2.153386116027832,ATTITUDE_QUATERNION,31,44,Arming
2.1535520553588867,GLOBAL_POSITION_INT,33,40,Arming
2.153568983078003,POSITION_TARGET_LOCAL_NED,85,63,Arming
2.1536428928375244,GLOBAL_POSITION_INT,33,40,Arming
2.15592098236084,MISSION_REQUEST_INT,51,16,Arming
2.1560120582580566,ATTITUDE,30,40,Arming
2.1560308933258057,GPS_RAW_INT,24,56,Arming
2.156172037124634,MISSION_ITEM_INT,73,49,Arming
2.159364938735962,MISSION_REQUEST_INT,51,16,Arming
2.159761905670166,MISSION_ITEM_INT,73,49,Arming
2.161691904067993,ATTITUDE_TARGET,83,48,Arming
2.1617259979248047,VFR_HUD,74,29,Arming
2.164484977722168,ATTITUDE,30,40,Arming
2.1645750999450684,MISSION_REQUEST_INT,51,16,Arming
2.164971113204956,MISSION_ITEM_INT,73,49,Arming
2.16788911819458,MISSION_REQUEST_INT,51,16,Arming
2.1680710315704346,HIGHRES_IMU,105,73,Arming
2.1680750846862793,LOCAL_POSITION_NED,32,40,Arming
2.168091058731079,ATTITUDE,30,40,Arming
2.168095111846924,SERVO_OUTPUT_RAW,36,15,Arming
2.168102979660034,ATTITUDE_QUATERNION,31,44,Arming
2.1683640480041504,MISSION_ITEM_INT,73,49,Arming
2.171128988265991,MISSION_REQUEST_INT,51,16,Arming
2.171394109725952,MISSION_ITEM_INT,73,49,Arming
2.172147035598755,GLOBAL_POSITION_INT,33,40,Arming
2.1721599102020264,ATTITUDE_QUATERNION,31,44,Arming
2.172271966934204,GLOBAL_POSITION_INT,33,40,Arming
2.1723310947418213,POSITION_TARGET_LOCAL_NED,85,63,Arming
2.1738638877868652,MISSION_REQUEST_INT,51,16,Arming
2.174360990524292,MISSION_ITEM_INT,73,49,Arming
2.175467014312744,MISSION_REQUEST_INT,51,16,Arming
2.1758909225463867,MISSION_ITEM_INT,73,49,Arming
2.176482915878296,ATTITUDE,30,40,Arming
2.180556058883667,ATTITUDE_TARGET,83,48,Arming
2.1807730197906494,MISSION_REQUEST_INT,51,16,Arming
2.1810009479522705,MISSION_ITEM_INT,73,49,Arming
2.183587074279785,MISSION_REQUEST_INT,51,16,Arming
2.1837971210479736,MISSION_ITEM_INT,73,49,Arming
2.186271905899048,LOCAL_POSITION_NED,32,40,Arming
2.1863300800323486,ATTITUDE,30,40,Arming
2.186337947845459,ODOMETRY,331,244,Arming
2.186466932296753,GPS_RAW_INT,24,56,Arming
2.1869149208068848,MISSION_REQUEST_INT,51,16,Arming
2.1870229244232178,MISSION_ITEM_INT,73,49,Arming
2.187938928604126,MISSION_REQUEST_INT,51,16,Arming
2.1880340576171875,HIGHRES_IMU,105,74,Arming
2.188049077987671,ATTITUDE,30,40,Arming
2.188060998916626,ATTITUDE_QUATERNION,31,44,Arming
2.1880850791931152,LOCAL_POSITION_NED,32,40,Arming
2.1881179809570312,MISSION_ITEM_INT,73,49,Arming
2.188141107559204,SERVO_OUTPUT_RAW,36,15,Arming
2.1906509399414062,MISSION_REQUEST_INT,51,16,Arming
2.1908750534057617,MISSION_ITEM_INT,73,49,Arming
2.192405939102173,GLOBAL_POSITION_INT,33,40,Arming
2.1938669681549072,ATTITUDE_QUATERNION,31,44,Arming
2.193977117538452,GLOBAL_POSITION_INT,33,40,Arming
2.1939949989318848,POSITION_TARGET_LOCAL_NED,85,63,Arming
2.197957992553711,ATTITUDE,30,40,Arming
2.1981399059295654,MISSION_REQUEST_INT,51,16,Arming
2.1983730792999268,MISSION_ITEM_INT,73,49,Arming
2.1999619007110596,ATTITUDE_TARGET,83,48,Arming
2.2019898891448975,MISSION_REQUEST_INT,51,16,Arming
2.2026169300079346,MISSION_ITEM_INT,73,49,Arming
2.20414400100708,ATTITUDE,30,40,Arming
2.2048439979553223,MISSION_REQUEST_INT,51,16,Arming
2.205064058303833,MISSION_ITEM_INT,73,49,Arming
2.208066940307617,MISSION_REQUEST_INT,51,16,Arming
2.2082080841064453,HIGHRES_IMU,105,73,Arming
2.208209991455078,LOCAL_POSITION_NED,32,40,Arming
2.2082359790802,SERVO_OUTPUT_RAW,36,15,Arming
2.208271026611328,ATTITUDE,30,40,Arming
2.2082860469818115,ATTITUDE_QUATERNION,31,44,Arming
2.208292007446289,MISSION_ITEM_INT,73,49,Arming
2.2121798992156982,GLOBAL_POSITION_INT,33,40,Arming
2.212306022644043,ATTITUDE_QUATERNION,31,44,Arming
2.2123680114746094,GLOBAL_POSITION_INT,33,40,Arming
2.21238112449646,POSITION_TARGET_LOCAL_NED,85,63,Arming
2.2142789363861084,MISSION_ACK,47,20,Arming
2.216629981994629,LOCAL_POSITION_NED,32,40,Arming
2.2166919708251953,ATTITUDE,30,40,Arming
2.216705083847046,ODOMETRY,331,244,Arming
2.221656084060669,ATTITUDE_TARGET,83,48,Arming
2.225184917449951,ATTITUDE,30,40,Arming
2.2251861095428467,GPS_RAW_INT,24,56,Arming
2.230659008026123,HIGHRES_IMU,105,74,Arming
2.230695962905884,ATTITUDE,30,40,Arming
2.230710029602051,ATTITUDE_QUATERNION,31,44,Arming
2.2308220863342285,LOCAL_POSITION_NED,32,40,Arming
2.2308359146118164,SERVO_OUTPUT_RAW,36,15,Arming
2.2366080284118652,GLOBAL_POSITION_INT,33,40,Arming
2.237473964691162,ATTITUDE_QUATERNION,31,44,Arming
2.237546920776367,GLOBAL_POSITION_INT,33,40,Arming
2.237746000289917,POSITION_TARGET_LOCAL_NED,85,63,Arming
2.243479013442993,ATTITUDE,30,40,Arming
2.246591091156006,ATTITUDE_TARGET,83,48,Arming
2.250049114227295,ATTITUDE,30,40,Arming
2.252568006515503,TIMESYNC,111,25,Arming
2.2525930404663086,HIGHRES_IMU,105,74,Arming
2.252603054046631,LOCAL_POSITION_NED,32,40,Arming
2.252635955810547,ATTITUDE,30,40,Arming
2.252648115158081,ALTITUDE,141,44,Arming
2.2526590824127197,ODOMETRY,331,244,Arming
2.25266695022583,ATTITUDE_QUATERNION,31,44,Arming
2.2526729106903076,ATTITUDE_TARGET,83,48,Arming
2.2526841163635254,POSITION_TARGET_LOCAL_NED,85,63,Arming
2.2526919841766357,SERVO_OUTPUT_RAW,36,15,Arming
2.2526988983154297,VFR_HUD,74,29,Arming
2.2554430961608887,LOCAL_POSITION_NED,32,40,Arming
2.2554690837860107,SERVO_OUTPUT_RAW,36,15,Arming
2.2574191093444824,GLOBAL_POSITION_INT,33,40,Arming
2.257465124130249,ATTITUDE_QUATERNION,31,44,Arming
2.2575740814208984,GLOBAL_POSITION_INT,33,40,Arming
2.257607936859131,POSITION_TARGET_LOCAL_NED,85,63,Arming
2.261444091796875,ATTITUDE,30,40,Arming
2.2614989280700684,GPS_RAW_INT,24,56,Arming
2.266995906829834,ATTITUDE_TARGET,83,48,Arming
2.267021894454956,GPS_RAW_INT,24,56,Arming
2.268721103668213,ATTITUDE,30,40,Arming
2.272731065750122,HIGHRES_IMU,105,73,Arming
2.272784948348999,ATTITUDE,30,40,Arming
2.272804021835327,ATTITUDE_QUATERNION,31,44,Arming
2.2728869915008545,LOCAL_POSITION_NED,32,40,Arming
2.2729690074920654,SERVO_OUTPUT_RAW,36,15,Arming
2.2766339778900146,GLOBAL_POSITION_INT,33,40,Arming
2.276703119277954,ATTITUDE_QUATERNION,31,44,Arming
2.276726007461548,GLOBAL_POSITION_INT,33,40,Arming
2.27673602104187,POSITION_TARGET_LOCAL_NED,85,63,Arming
2.280519962310791,ATTITUDE,30,40,Arming
2.28485107421875,ATTITUDE_TARGET,83,48,Arming
2.2887918949127197,LOCAL_POSITION_NED,32,40,Arming

2.2888989448547363,ODOMETRY,331,244,Takeoff
2.2924880981445312,HIGHRES_IMU,105,73,Takeoff
2.2925069332122803,ATTITUDE,30,40,Takeoff
2.2925190925598145,ATTITUDE_QUATERNION,31,44,Takeoff
2.2925291061401367,GPS_RAW_INT,24,56,Takeoff
2.2925589084625244,LOCAL_POSITION_NED,32,40,Takeoff
2.292625904083252,SERVO_OUTPUT_RAW,36,15,Takeoff
2.296552896499634,GLOBAL_POSITION_INT,33,40,Takeoff
2.296617031097412,ATTITUDE_QUATERNION,31,44,Takeoff
2.2966411113739014,GLOBAL_POSITION_INT,33,40,Takeoff
2.29665207862854,POSITION_TARGET_LOCAL_NED,85,63,Takeoff
2.300662040710449,ATTITUDE,30,40,Takeoff
2.304490089416504,ATTITUDE_TARGET,83,48,Takeoff
2.309860944747925,ATTITUDE,30,40,Takeoff
2.3100550174713135,HEARTBEAT,0,21,Takeoff
2.312488079071045,HIGHRES_IMU,105,74,Takeoff
2.3125059604644775,ATTITUDE,30,40,Takeoff
2.3125181198120117,ATTITUDE_QUATERNION,31,44,Takeoff
2.3125319480895996,HEARTBEAT,0,21,Takeoff
2.312549114227295,LOCAL_POSITION_NED,32,40,Takeoff
2.312608003616333,SERVO_OUTPUT_RAW,36,15,Takeoff
2.3165650367736816,GLOBAL_POSITION_INT,33,40,Takeoff
2.316654920578003,ATTITUDE_QUATERNION,31,44,Takeoff
2.3167319297790527,GLOBAL_POSITION_INT,33,40,Takeoff
2.3167450428009033,POSITION_TARGET_LOCAL_NED,85,63,Takeoff
2.32071590423584,LOCAL_POSITION_NED,32,40,Takeoff
2.320734977722168,ATTITUDE,30,40,Takeoff
2.3207449913024902,ODOMETRY,331,244,Takeoff
2.3246309757232666,GPS_RAW_INT,24,56,Takeoff
2.32470703125,ATTITUDE_TARGET,83,48,Takeoff
2.3285889625549316,ATTITUDE,30,40,Takeoff
2.3326780796051025,HIGHRES_IMU,105,73,Takeoff
2.3327279090881348,ATTITUDE,30,40,Takeoff
2.332742929458618,ATTITUDE_QUATERNION,31,44,Takeoff
2.333048105239868,LOCAL_POSITION_NED,32,40,Takeoff
2.333116054534912,SERVO_OUTPUT_RAW,36,15,Takeoff
2.336967945098877,ATTITUDE_QUATERNION,31,44,Takeoff
2.336967945098877,GLOBAL_POSITION_INT,33,40,Takeoff
2.3370089530944824,GLOBAL_POSITION_INT,33,40,Takeoff
2.337027072906494,POSITION_TARGET_LOCAL_NED,85,63,Takeoff
2.3404300212860107,ATTITUDE,30,40,Takeoff
2.344536066055298,ATTITUDE_TARGET,83,48,Takeoff
2.351391077041626,ATTITUDE,30,40,Takeoff
2.3523359298706055,TIMESYNC,111,25,Takeoff
2.352354049682617,HIGHRES_IMU,105,73,Takeoff
2.3523600101470947,LOCAL_POSITION_NED,32,40,Takeoff
2.3523669242858887,ATTITUDE,30,40,Takeoff
2.3523731231689453,ALTITUDE,141,44,Takeoff
2.352384090423584,ODOMETRY,331,244,Takeoff
2.352391004562378,ATTITUDE_QUATERNION,31,44,Takeoff
2.352397918701172,ATTITUDE_TARGET,83,48,Takeoff
2.3524069786071777,EXTENDED_SYS_STATE,245,14,Takeoff
2.3524160385131836,LOCAL_POSITION_NED,32,40,Takeoff
2.3524179458618164,POSITION_TARGET_LOCAL_NED,85,63,Takeoff
2.3524250984191895,SERVO_OUTPUT_RAW,36,15,Takeoff
2.3524329662323,SYS_STATUS,1,52,Takeoff
2.352440118789673,VFR_HUD,74,29,Takeoff
2.352471113204956,SERVO_OUTPUT_RAW,36,15,Takeoff
2.3582239151000977,GLOBAL_POSITION_INT,33,40,Takeoff
2.358607053756714,ATTITUDE_QUATERNION,31,44,Takeoff
2.358628988265991,GLOBAL_POSITION_INT,33,40,Takeoff
2.35863995552063,POSITION_TARGET_LOCAL_NED,85,63,Takeoff
2.3605659008026123,ATTITUDE,30,40,Takeoff
2.360862970352173,GPS_RAW_INT,24,56,Takeoff
2.3653459548950195,ATTITUDE_TARGET,83,48,Takeoff
2.368910074234009,ATTITUDE,30,40,Takeoff
2.372476100921631,HIGHRES_IMU,105,74,Takeoff
2.372546911239624,LOCAL_POSITION_NED,32,40,Takeoff
2.3726539611816406,ATTITUDE,30,40,Takeoff
2.372668981552124,SERVO_OUTPUT_RAW,36,15,Takeoff
2.3726699352264404,ATTITUDE_QUATERNION,31,44,Takeoff
2.3765110969543457,GLOBAL_POSITION_INT,33,40,Takeoff
2.37654709815979,ATTITUDE_QUATERNION,31,44,Takeoff
2.3765769004821777,GLOBAL_POSITION_INT,33,40,Takeoff
2.3765869140625,POSITION_TARGET_LOCAL_NED,85,63,Takeoff
2.381298065185547,ATTITUDE,30,40,Takeoff
2.38447904586792,ATTITUDE_TARGET,83,48,Takeoff
2.3885390758514404,LOCAL_POSITION_NED,32,40,Takeoff
2.388585090637207,ODOMETRY,331,244,Takeoff
2.3886361122131348,ATTITUDE,30,40,Takeoff
2.392725944519043,LOCAL_POSITION_NED,32,40,Takeoff
2.3927950859069824,SERVO_OUTPUT_RAW,36,15,Takeoff
2.392807960510254,HIGHRES_IMU,105,74,Takeoff
2.3930931091308594,ATTITUDE,30,40,Takeoff
2.393105983734131,ATTITUDE_QUATERNION,31,44,Takeoff
2.3931150436401367,GPS_RAW_INT,24,56,Takeoff
2.397252082824707,ATTITUDE_QUATERNION,31,44,Takeoff
2.397300958633423,GLOBAL_POSITION_INT,33,40,Takeoff
2.3973159790039062,POSITION_TARGET_LOCAL_NED,85,63,Takeoff
2.3979198932647705,GLOBAL_POSITION_INT,33,40,Takeoff
2.4004099369049072,ATTITUDE,30,40,Takeoff
2.4045259952545166,ATTITUDE_TARGET,83,48,Takeoff
2.4085121154785156,ATTITUDE,30,40,Takeoff
2.4129679203033447,HIGHRES_IMU,105,73,Takeoff
2.4129910469055176,ATTITUDE,30,40,Takeoff
2.4129929542541504,LOCAL_POSITION_NED,32,40,Takeoff
2.4130051136016846,ATTITUDE_QUATERNION,31,44,Takeoff
2.4131579399108887,SERVO_OUTPUT_RAW,36,15,Takeoff
2.4169039726257324,GLOBAL_POSITION_INT,33,40,Takeoff
2.4177041053771973,ATTITUDE_QUATERNION,31,44,Takeoff
2.4177589416503906,GLOBAL_POSITION_INT,33,40,Takeoff
2.417772054672241,POSITION_TARGET_LOCAL_NED,85,63,Takeoff
2.4177820682525635,VFR_HUD,74,29,Takeoff
2.420957088470459,LOCAL_POSITION_NED,32,40,Takeoff
2.4209859371185303,ATTITUDE,30,40,Takeoff
2.420999050140381,ODOMETRY,331,244,Takeoff
2.424643039703369,GPS_RAW_INT,24,56,Takeoff
2.430525064468384,ATTITUDE,30,40,Takeoff
2.4305930137634277,ATTITUDE_TARGET,83,48,Takeoff
2.4325459003448486,HIGHRES_IMU,105,74,Takeoff
2.4327430725097656,ATTITUDE,30,40,Takeoff
2.432765007019043,ATTITUDE_QUATERNION,31,44,Takeoff
2.4327659606933594,LOCAL_POSITION_NED,32,40,Takeoff
2.4327890872955322,SERVO_OUTPUT_RAW,36,15,Takeoff
2.4366469383239746,GLOBAL_POSITION_INT,33,40,Takeoff
2.436711072921753,ATTITUDE_QUATERNION,31,44,Takeoff
2.4367659091949463,GLOBAL_POSITION_INT,33,40,Takeoff
2.436779022216797,POSITION_TARGET_LOCAL_NED,85,63,Takeoff
2.4405510425567627,ATTITUDE,30,40,Takeoff
2.444504976272583,ATTITUDE_TARGET,83,48,Takeoff
2.4486820697784424,ATTITUDE,30,40,Takeoff
2.4524240493774414,TIMESYNC,111,25,Takeoff
2.4524459838867188,HIGHRES_IMU,105,73,Takeoff
2.4524528980255127,LOCAL_POSITION_NED,32,40,Takeoff
2.452454090118408,LOCAL_POSITION_NED,32,40,Takeoff
2.452461004257202,ATTITUDE,30,40,Takeoff
2.452467918395996,ALTITUDE,141,44,Takeoff
2.452479124069214,ODOMETRY,331,244,Takeoff
2.4524800777435303,SERVO_OUTPUT_RAW,36,15,Takeoff
2.452486991882324,ATTITUDE_QUATERNION,31,44,Takeoff
2.452493906021118,ATTITUDE_TARGET,83,48,Takeoff
2.452505111694336,POSITION_TARGET_LOCAL_NED,85,63,Takeoff
2.45251202583313,SERVO_OUTPUT_RAW,36,15,Takeoff
2.4525198936462402,VFR_HUD,74,29,Takeoff
2.457031011581421,ATTITUDE_QUATERNION,31,44,Takeoff
2.4570629596710205,GLOBAL_POSITION_INT,33,40,Takeoff
2.4570789337158203,POSITION_TARGET_LOCAL_NED,85,63,Takeoff
2.4573049545288086,GLOBAL_POSITION_INT,33,40,Takeoff
2.45740008354187,GPS_RAW_INT,24,56,Takeoff
2.4616780281066895,ATTITUDE,30,40,Takeoff
2.465446949005127,ATTITUDE_TARGET,83,48,Takeoff
2.4654700756073,GPS_RAW_INT,24,56,Takeoff
2.468614101409912,ATTITUDE,30,40,Takeoff
2.4729509353637695,HIGHRES_IMU,105,73,Takeoff
2.473017930984497,ATTITUDE,30,40,Takeoff
2.4730350971221924,ATTITUDE_QUATERNION,31,44,Takeoff
2.473181962966919,LOCAL_POSITION_NED,32,40,Takeoff
2.473242998123169,SERVO_OUTPUT_RAW,36,15,Takeoff
2.477919101715088,GLOBAL_POSITION_INT,33,40,Takeoff
2.478102922439575,ATTITUDE_QUATERNION,31,44,Takeoff
2.478166103363037,GLOBAL_POSITION_INT,33,40,Takeoff
2.478178024291992,POSITION_TARGET_LOCAL_NED,85,63,Takeoff
2.480350971221924,ATTITUDE,30,40,Takeoff
2.484683036804199,ATTITUDE_TARGET,83,48,Takeoff
2.488739013671875,LOCAL_POSITION_NED,32,40,Takeoff
2.48876690864563,ODOMETRY,331,244,Takeoff
2.489137887954712,ATTITUDE,30,40,Takeoff
2.4941201210021973,HIGHRES_IMU,105,73,Takeoff
2.4941420555114746,ATTITUDE,30,40,Takeoff
2.494154930114746,ATTITUDE_QUATERNION,31,44,Takeoff
2.4941658973693848,GPS_RAW_INT,24,56,Takeoff
2.494239091873169,LOCAL_POSITION_NED,32,40,Takeoff
2.4942638874053955,SERVO_OUTPUT_RAW,36,15,Takeoff
2.4965579509735107,GLOBAL_POSITION_INT,33,40,Takeoff
2.496680974960327,ATTITUDE_QUATERNION,31,44,Takeoff
2.496746063232422,GLOBAL_POSITION_INT,33,40,Takeoff
2.4967620372772217,POSITION_TARGET_LOCAL_NED,85,63,Takeoff
2.5006179809570312,ATTITUDE,30,40,Takeoff
2.5052850246429443,ATTITUDE_TARGET,83,48,Takeoff
2.5107409954071045,ATTITUDE,30,40,Takeoff
2.512479066848755,HIGHRES_IMU,105,74,Takeoff
2.512502908706665,ATTITUDE,30,40,Takeoff
2.512515068054199,ATTITUDE_QUATERNION,31,44,Takeoff
2.5134100914001465,LOCAL_POSITION_NED,32,40,Takeoff
2.5134329795837402,SERVO_OUTPUT_RAW,36,15,Takeoff
2.5165250301361084,ATTITUDE_QUATERNION,31,44,Takeoff
2.5165810585021973,GLOBAL_POSITION_INT,33,40,Takeoff
2.5165910720825195,POSITION_TARGET_LOCAL_NED,85,63,Takeoff
2.516608953475952,GLOBAL_POSITION_INT,33,40,Takeoff
2.521256923675537,LOCAL_POSITION_NED,32,40,Takeoff
2.5213260650634766,ATTITUDE,30,40,Takeoff
2.5213398933410645,ODOMETRY,331,244,Takeoff
2.52561092376709,ATTITUDE_TARGET,83,48,Takeoff
2.5256669521331787,GPS_RAW_INT,24,56,Takeoff
2.528672933578491,ATTITUDE,30,40,Takeoff
2.5325839519500732,HIGHRES_IMU,105,74,Takeoff
2.532641887664795,ATTITUDE,30,40,Takeoff
2.532649040222168,LOCAL_POSITION_NED,32,40,Takeoff
2.5326550006866455,ATTITUDE_QUATERNION,31,44,Takeoff
2.532670021057129,SERVO_OUTPUT_RAW,36,15,Takeoff
2.537126064300537,ATTITUDE_QUATERNION,31,44,Takeoff
2.5372090339660645,GLOBAL_POSITION_INT,33,40,Takeoff
2.537221908569336,POSITION_TARGET_LOCAL_NED,85,63,Takeoff
2.5372560024261475,GLOBAL_POSITION_INT,33,40,Takeoff
2.5406811237335205,ATTITUDE,30,40,Takeoff
2.54453706741333,ATTITUDE_TARGET,83,48,Takeoff
2.5489139556884766,ATTITUDE,30,40,Takeoff
2.553162097930908,TIMESYNC,111,25,Takeoff
2.553201913833618,HIGHRES_IMU,105,74,Takeoff
2.5532119274139404,LOCAL_POSITION_NED,32,40,Takeoff
2.553222894668579,ATTITUDE,30,40,Takeoff
2.5532329082489014,ALTITUDE,141,44,Takeoff
2.5532469749450684,ODOMETRY,331,244,Takeoff
2.5532538890838623,ATTITUDE_QUATERNION,31,44,Takeoff
2.5532588958740234,ATTITUDE_TARGET,83,48,Takeoff
2.5532660484313965,EXTENDED_SYS_STATE,245,14,Takeoff
2.553278923034668,POSITION_TARGET_LOCAL_NED,85,63,Takeoff
2.5532851219177246,SERVO_OUTPUT_RAW,36,15,Takeoff
2.5532939434051514,SYS_STATUS,1,52,Takeoff
2.553299903869629,VFR_HUD,74,29,Takeoff
2.553741931915283,LOCAL_POSITION_NED,32,40,Takeoff
2.5538039207458496,SERVO_OUTPUT_RAW,36,15,Takeoff
2.5569310188293457,GLOBAL_POSITION_INT,33,40,Takeoff
2.5569469928741455,GPS_RAW_INT,24,56,Takeoff
2.5579380989074707,ATTITUDE_QUATERNION,31,44,Takeoff
2.557997941970825,GLOBAL_POSITION_INT,33,40,Takeoff
2.558011054992676,POSITION_TARGET_LOCAL_NED,85,63,Takeoff
2.560839891433716,ATTITUDE,30,40,Takeoff
2.5645439624786377,ATTITUDE_TARGET,83,48,Takeoff
2.568505048751831,ATTITUDE,30,40,Takeoff
2.5728049278259277,HIGHRES_IMU,105,73,Takeoff
2.572829008102417,ATTITUDE,30,40,Takeoff
2.5729610919952393,ATTITUDE_QUATERNION,31,44,Takeoff
2.5729620456695557,LOCAL_POSITION_NED,32,40,Takeoff
2.5729880332946777,SERVO_OUTPUT_RAW,36,15,Takeoff
2.576507091522217,GLOBAL_POSITION_INT,33,40,Takeoff
2.5765631198883057,ATTITUDE_QUATERNION,31,44,Takeoff
2.5766260623931885,GLOBAL_POSITION_INT,33,40,Takeoff
2.57663893699646,POSITION_TARGET_LOCAL_NED,85,63,Takeoff
2.5807650089263916,ATTITUDE,30,40,Takeoff
2.584609031677246,ATTITUDE_TARGET,83,48,Takeoff
2.588628053665161,LOCAL_POSITION_NED,32,40,Takeoff
2.588654041290283,ODOMETRY,331,244,Takeoff
2.5886659622192383,GPS_RAW_INT,24,56,Takeoff
2.588679075241089,ATTITUDE,30,40,Takeoff
2.592439889907837,HIGHRES_IMU,105,73,Takeoff
2.5925021171569824,ATTITUDE,30,40,Takeoff
2.5925168991088867,ATTITUDE_QUATERNION,31,44,Takeoff
2.593885898590088,LOCAL_POSITION_NED,32,40,Takeoff
2.5944080352783203,SERVO_OUTPUT_RAW,36,15,Takeoff
2.5966269969940186,GLOBAL_POSITION_INT,33,40,Takeoff
2.5967330932617188,ATTITUDE_QUATERNION,31,44,Takeoff
2.5969250202178955,GLOBAL_POSITION_INT,33,40,Takeoff
2.5969700813293457,POSITION_TARGET_LOCAL_NED,85,63,Takeoff
2.6004109382629395,ATTITUDE,30,40,Takeoff
2.6045799255371094,ATTITUDE_TARGET,83,48,Takeoff
2.608586072921753,ATTITUDE,30,40,Takeoff
2.612886905670166,HIGHRES_IMU,105,74,Takeoff
2.612908124923706,LOCAL_POSITION_NED,32,40,Takeoff
2.612920045852661,ATTITUDE,30,40,Takeoff
2.612934112548828,ATTITUDE_QUATERNION,31,44,Takeoff
2.6129860877990723,SERVO_OUTPUT_RAW,36,15,Takeoff
2.616446018218994,GLOBAL_POSITION_INT,33,40,Takeoff
2.6164989471435547,ATTITUDE_QUATERNION,31,44,Takeoff
2.6165199279785156,GLOBAL_POSITION_INT,33,40,Takeoff
2.616529941558838,POSITION_TARGET_LOCAL_NED,85,63,Takeoff
2.620526075363159,LOCAL_POSITION_NED,32,40,Takeoff
2.620551109313965,ATTITUDE,30,40,Takeoff
2.6205639839172363,ODOMETRY,331,244,Takeoff
2.6246390342712402,GPS_RAW_INT,24,56,Takeoff
2.6247119903564453,ATTITUDE_TARGET,83,48,Takeoff
2.6285440921783447,ATTITUDE,30,40,Takeoff
2.6324050426483154,HIGHRES_IMU,105,73,Takeoff
2.6324539184570312,ATTITUDE,30,40,Takeoff
2.6324689388275146,ATTITUDE_QUATERNION,31,44,Takeoff
2.6324849128723145,LOCAL_POSITION_NED,32,40,Takeoff
2.632524013519287,SERVO_OUTPUT_RAW,36,15,Takeoff
2.636478900909424,GLOBAL_POSITION_INT,33,40,Takeoff
2.636497974395752,ATTITUDE_QUATERNION,31,44,Takeoff
2.636518955230713,GLOBAL_POSITION_INT,33,40,Takeoff
2.6365280151367188,POSITION_TARGET_LOCAL_NED,85,63,Takeoff
2.640458106994629,ATTITUDE,30,40,Takeoff
2.6447830200195312,ATTITUDE_TARGET,83,48,Takeoff
2.6485021114349365,ATTITUDE,30,40,Takeoff
2.652463912963867,TIMESYNC,111,25,Takeoff
2.6524910926818848,LOCAL_POSITION_NED,32,40,Takeoff
2.6525259017944336,HIGHRES_IMU,105,74,Takeoff
2.6525349617004395,LOCAL_POSITION_NED,32,40,Takeoff
2.6525449752807617,ATTITUDE,30,40,Takeoff
2.652545928955078,SERVO_OUTPUT_RAW,36,15,Takeoff
2.652553081512451,ALTITUDE,141,44,Takeoff
2.6525650024414062,ODOMETRY,331,244,Takeoff
2.6525731086730957,ATTITUDE_QUATERNION,31,44,Takeoff
2.6525800228118896,ATTITUDE_TARGET,83,48,Takeoff
2.6525909900665283,POSITION_TARGET_LOCAL_NED,85,63,Takeoff
2.6525959968566895,SERVO_OUTPUT_RAW,36,15,Takeoff
2.6526010036468506,VFR_HUD,74,29,Takeoff
2.656435966491699,GLOBAL_POSITION_INT,33,40,Takeoff
2.656491994857788,GPS_RAW_INT,24,56,Takeoff
2.656522035598755,ATTITUDE_QUATERNION,31,44,Takeoff
2.6565399169921875,GLOBAL_POSITION_INT,33,40,Takeoff
2.6565499305725098,POSITION_TARGET_LOCAL_NED,85,63,Takeoff
2.6605660915374756,ATTITUDE,30,40,Takeoff
2.664573907852173,HEARTBEAT,0,21,Takeoff
2.664602041244507,ALTITUDE,141,44,Takeoff
2.664612054824829,ATTITUDE_TARGET,83,48,Takeoff
2.6646249294281006,EXTENDED_SYS_STATE,245,14,Takeoff
2.664634943008423,GPS_RAW_INT,24,56,Takeoff
2.6646509170532227,OPEN_DRONE_ID_LOCATION,12901,70,Takeoff
2.6646599769592285,OPEN_DRONE_ID_SYSTEM,12904,37,Takeoff
2.6646718978881836,SCALED_PRESSURE,29,26,Takeoff
2.664685010910034,SYS_STATUS,1,52,Takeoff
2.66469407081604,VFR_HUD,74,29,Takeoff
2.664702892303467,UNKNOWN_8,-2,33,Takeoff
2.6651949882507324,COMMAND_LONG,76,44,Takeoff
2.6685678958892822,COMMAND_ACK,77,22,Takeoff
2.6685941219329834,ATTITUDE,30,40,Takeoff
2.673072099685669,LOCAL_POSITION_NED,32,40,Takeoff
2.6730918884277344,SERVO_OUTPUT_RAW,36,15,Takeoff
2.674201011657715,HIGHRES_IMU,105,74,Takeoff
2.674233913421631,ATTITUDE,30,40,Takeoff
2.674246072769165,ATTITUDE_QUATERNION,31,44,Takeoff
2.6768178939819336,GLOBAL_POSITION_INT,33,40,Takeoff
2.6768789291381836,ATTITUDE_QUATERNION,31,44,Takeoff
2.6769258975982666,GLOBAL_POSITION_INT,33,40,Takeoff
2.6769731044769287,POSITION_TARGET_LOCAL_NED,85,63,Takeoff
2.6805219650268555,ATTITUDE,30,40,Takeoff
2.6847898960113525,ATTITUDE_TARGET,83,48,Takeoff
2.6885108947753906,LOCAL_POSITION_NED,32,40,Takeoff
2.6885650157928467,ATTITUDE,30,40,Takeoff
2.688570976257324,ODOMETRY,331,244,Takeoff
2.6885859966278076,GPS_RAW_INT,24,56,Takeoff
2.692564010620117,HIGHRES_IMU,105,73,Takeoff
2.6925771236419678,ATTITUDE,30,40,Takeoff
2.692584991455078,ATTITUDE_QUATERNION,31,44,Takeoff
2.6926159858703613,LOCAL_POSITION_NED,32,40,Takeoff
2.692634105682373,SERVO_OUTPUT_RAW,36,15,Takeoff
2.6964540481567383,GLOBAL_POSITION_INT,33,40,Takeoff
2.6965041160583496,ATTITUDE_QUATERNION,31,44,Takeoff
2.6965620517730713,GLOBAL_POSITION_INT,33,40,Takeoff
2.6965749263763428,POSITION_TARGET_LOCAL_NED,85,63,Takeoff
2.700468063354492,ATTITUDE,30,40,Takeoff
2.7046430110931396,ATTITUDE_TARGET,83,48,Takeoff
2.705749988555908,MISSION_CURRENT,42,22,Takeoff
2.708585023880005,ATTITUDE,30,40,Takeoff
2.712574005126953,HIGHRES_IMU,105,73,Takeoff
2.712596893310547,ATTITUDE,30,40,Takeoff
2.712610960006714,ATTITUDE_QUATERNION,31,44,Takeoff
2.7135510444641113,LOCAL_POSITION_NED,32,40,Takeoff
2.7136070728302,SERVO_OUTPUT_RAW,36,15,Takeoff
2.7165141105651855,GLOBAL_POSITION_INT,33,40,Takeoff
2.7165169715881348,ATTITUDE_QUATERNION,31,44,Takeoff
2.7165379524230957,GLOBAL_POSITION_INT,33,40,Takeoff
2.7165470123291016,POSITION_TARGET_LOCAL_NED,85,63,Takeoff
2.7217841148376465,LOCAL_POSITION_NED,32,40,Takeoff
2.721820116043091,ATTITUDE,30,40,Takeoff
2.7218329906463623,ODOMETRY,331,244,Takeoff
2.721843957901001,GPS_RAW_INT,24,56,Takeoff
2.724411964416504,ATTITUDE_TARGET,83,48,Takeoff
2.72861909866333,ATTITUDE,30,40,Takeoff
2.7325570583343506,HIGHRES_IMU,105,74,Takeoff
2.732583999633789,LOCAL_POSITION_NED,32,40,Takeoff
2.7326059341430664,SERVO_OUTPUT_RAW,36,15,Takeoff
2.7326080799102783,ATTITUDE,30,40,Takeoff
2.7326200008392334,ATTITUDE_QUATERNION,31,44,Takeoff
2.736522912979126,GLOBAL_POSITION_INT,33,40,Takeoff
2.736649990081787,ATTITUDE_QUATERNION,31,44,Takeoff
2.73667311668396,GLOBAL_POSITION_INT,33,40,Takeoff
2.736685037612915,POSITION_TARGET_LOCAL_NED,85,63,Takeoff
2.7404110431671143,ATTITUDE,30,40,Takeoff
2.744472026824951,ATTITUDE_TARGET,83,48,Takeoff
2.7486178874969482,ATTITUDE,30,40,Takeoff
2.7525429725646973,TIMESYNC,111,25,Takeoff
2.7525670528411865,HIGHRES_IMU,105,73,Takeoff
2.752574920654297,LOCAL_POSITION_NED,32,40,Takeoff
2.752603054046631,ATTITUDE,30,40,Takeoff
2.7526140213012695,ALTITUDE,141,44,Takeoff
2.752619981765747,LOCAL_POSITION_NED,32,40,Takeoff
2.7526259422302246,ODOMETRY,331,244,Takeoff
2.752634048461914,ATTITUDE_QUATERNION,31,44,Takeoff
2.7526400089263916,SERVO_OUTPUT_RAW,36,15,Takeoff
2.7526419162750244,ATTITUDE_TARGET,83,48,Takeoff
2.752650022506714,EXTENDED_SYS_STATE,245,14,Takeoff
2.7526609897613525,POSITION_TARGET_LOCAL_NED,85,63,Takeoff
2.7526679039001465,SERVO_OUTPUT_RAW,36,15,Takeoff
2.752674102783203,SYS_STATUS,1,52,Takeoff
2.7526779174804688,VFR_HUD,74,29,Takeoff
2.7564070224761963,GLOBAL_POSITION_INT,33,40,Takeoff
2.756427049636841,GPS_RAW_INT,24,56,Takeoff
2.756485939025879,ATTITUDE_QUATERNION,31,44,Takeoff
2.7565059661865234,GLOBAL_POSITION_INT,33,40,Takeoff
2.7565150260925293,POSITION_TARGET_LOCAL_NED,85,63,Takeoff
2.7604920864105225,ATTITUDE,30,40,Takeoff
2.764493942260742,ATTITUDE_TARGET,83,48,Takeoff
2.770296096801758,ATTITUDE,30,40,Takeoff
2.774549961090088,HIGHRES_IMU,105,73,Takeoff
2.7746050357818604,ATTITUDE,30,40,Takeoff
2.774617910385132,ATTITUDE_QUATERNION,31,44,Takeoff
2.7746529579162598,LOCAL_POSITION_NED,32,40,Takeoff
2.7746660709381104,SERVO_OUTPUT_RAW,36,15,Takeoff
2.776503086090088,GLOBAL_POSITION_INT,33,40,Takeoff
2.776524066925049,ATTITUDE_QUATERNION,31,44,Takeoff
2.7765469551086426,GLOBAL_POSITION_INT,33,40,Takeoff
2.776556968688965,POSITION_TARGET_LOCAL_NED,85,63,Takeoff
2.7804489135742188,ATTITUDE,30,40,Takeoff
2.7846240997314453,ATTITUDE_TARGET,83,48,Takeoff
2.7884321212768555,LOCAL_POSITION_NED,32,40,Takeoff
2.7884879112243652,ODOMETRY,331,244,Takeoff
2.788490056991577,ATTITUDE,30,40,Takeoff
2.788501024246216,GPS_RAW_INT,24,56,Takeoff
2.792541027069092,HIGHRES_IMU,105,74,Takeoff
2.7925970554351807,ATTITUDE,30,40,Takeoff
2.7925989627838135,LOCAL_POSITION_NED,32,40,Takeoff
2.792609930038452,ATTITUDE_QUATERNION,31,44,Takeoff
2.7926580905914307,SERVO_OUTPUT_RAW,36,15,Takeoff
2.7965800762176514,GLOBAL_POSITION_INT,33,40,Takeoff
2.796627998352051,ATTITUDE_QUATERNION,31,44,Takeoff
2.796649932861328,GLOBAL_POSITION_INT,33,40,Takeoff
2.796674966812134,POSITION_TARGET_LOCAL_NED,85,63,Takeoff
2.800610065460205,ATTITUDE,30,40,Takeoff
2.8063089847564697,ATTITUDE_TARGET,83,48,Takeoff
2.8091659545898438,ATTITUDE,30,40,Takeoff
2.812525987625122,HIGHRES_IMU,105,74,Takeoff
2.8125391006469727,LOCAL_POSITION_NED,32,40,Takeoff
2.812546968460083,ATTITUDE,30,40,Takeoff
2.812558889389038,ATTITUDE_QUATERNION,31,44,Takeoff
2.8125600814819336,SERVO_OUTPUT_RAW,36,15,Takeoff
2.8179099559783936,GLOBAL_POSITION_INT,33,40,Takeoff
2.8183059692382812,ATTITUDE_QUATERNION,31,44,Takeoff
2.8183369636535645,GLOBAL_POSITION_INT,33,40,Takeoff
2.8183510303497314,POSITION_TARGET_LOCAL_NED,85,63,Takeoff
2.820625066757202,LOCAL_POSITION_NED,32,40,Takeoff
2.820683002471924,ATTITUDE,30,40,Takeoff
2.8206989765167236,ODOMETRY,331,244,Takeoff
2.820712089538574,GPS_RAW_INT,24,56,Takeoff
2.8246190547943115,ATTITUDE_TARGET,83,48,Takeoff
2.8285999298095703,ATTITUDE,30,40,Takeoff
2.8327269554138184,HIGHRES_IMU,105,73,Takeoff
2.8327980041503906,ATTITUDE,30,40,Takeoff
2.8328120708465576,ATTITUDE_QUATERNION,31,44,Takeoff
2.8332479000091553,LOCAL_POSITION_NED,32,40,Takeoff
2.833336114883423,SERVO_OUTPUT_RAW,36,15,Takeoff
2.8366611003875732,GLOBAL_POSITION_INT,33,40,Takeoff
2.8367719650268555,ATTITUDE_QUATERNION,31,44,Takeoff
2.8367960453033447,GLOBAL_POSITION_INT,33,40,Takeoff
2.8369030952453613,POSITION_TARGET_LOCAL_NED,85,63,Takeoff
2.840656042098999,ATTITUDE,30,40,Takeoff
2.844588041305542,ATTITUDE_TARGET,83,48,Takeoff
2.848917007446289,ATTITUDE,30,40,Takeoff
2.8524529933929443,TIMESYNC,111,25,Takeoff
2.8525149822235107,HIGHRES_IMU,105,74,Takeoff
2.8525259494781494,LOCAL_POSITION_NED,32,40,Takeoff
2.852526903152466,LOCAL_POSITION_NED,32,40,Takeoff
2.8525359630584717,ATTITUDE,30,40,Takeoff
2.852544069290161,ALTITUDE,141,44,Takeoff
2.8525490760803223,SERVO_OUTPUT_RAW,36,15,Takeoff
2.8525569438934326,ODOMETRY,331,244,Takeoff
2.8525660037994385,ATTITUDE_QUATERNION,31,44,Takeoff
2.852574110031128,ATTITUDE_TARGET,83,48,Takeoff
2.85258412361145,GPS_RAW_INT,24,56,Takeoff
2.852592945098877,POSITION_TARGET_LOCAL_NED,85,63,Takeoff
2.8526010513305664,SERVO_OUTPUT_RAW,36,15,Takeoff
2.8526089191436768,VFR_HUD,74,29,Takeoff
2.8564209938049316,GLOBAL_POSITION_INT,33,40,Takeoff
2.8564670085906982,ATTITUDE_QUATERNION,31,44,Takeoff
2.856489896774292,GLOBAL_POSITION_INT,33,40,Takeoff
2.8565011024475098,POSITION_TARGET_LOCAL_NED,85,63,Takeoff
2.8611929416656494,ATTITUDE,30,40,Takeoff
2.8654119968414307,ATTITUDE_TARGET,83,48,Takeoff
2.8654351234436035,GPS_RAW_INT,24,56,Takeoff
2.868583917617798,ATTITUDE,30,40,Takeoff
2.8723831176757812,HIGHRES_IMU,105,73,Takeoff
2.8724279403686523,ATTITUDE,30,40,Takeoff
2.8724379539489746,LOCAL_POSITION_NED,32,40,Takeoff
2.872441053390503,ATTITUDE_QUATERNION,31,44,Takeoff
2.8724570274353027,SERVO_OUTPUT_RAW,36,15,Takeoff
2.8768889904022217,ATTITUDE_QUATERNION,31,44,Takeoff
2.8769121170043945,GLOBAL_POSITION_INT,33,40,Takeoff
2.876923084259033,POSITION_TARGET_LOCAL_NED,85,63,Takeoff
2.877324104309082,GLOBAL_POSITION_INT,33,40,Takeoff
2.8807120323181152,ATTITUDE,30,40,Takeoff
2.88450288772583,ATTITUDE_TARGET,83,48,Takeoff
2.8884379863739014,LOCAL_POSITION_NED,32,40,Takeoff
2.888493061065674,ODOMETRY,331,244,Takeoff
2.8885068893432617,GPS_RAW_INT,24,56,Takeoff
2.888582944869995,ATTITUDE,30,40,Takeoff
2.8890631198883057,HEARTBEAT,0,21,Takeoff
2.89290189743042,HIGHRES_IMU,105,73,Takeoff
2.892956018447876,ATTITUDE,30,40,Takeoff
2.8929641246795654,LOCAL_POSITION_NED,32,40,Takeoff
2.892971992492676,ATTITUDE_QUATERNION,31,44,Takeoff
2.893031120300293,SERVO_OUTPUT_RAW,36,15,Takeoff
2.8930459022521973,HEARTBEAT,0,21,Takeoff
2.8964879512786865,GLOBAL_POSITION_INT,33,40,Takeoff
2.8965370655059814,ATTITUDE_QUATERNION,31,44,Takeoff
2.896559000015259,GLOBAL_POSITION_INT,33,40,Takeoff
2.896573066711426,POSITION_TARGET_LOCAL_NED,85,63,Takeoff
2.900444984436035,ATTITUDE,30,40,Takeoff
2.904832124710083,ATTITUDE_TARGET,83,48,Takeoff
2.9088311195373535,ATTITUDE,30,40,Takeoff
2.912461996078491,HIGHRES_IMU,105,74,Takeoff
2.9124820232391357,ATTITUDE,30,40,Takeoff
2.9124929904937744,ATTITUDE_QUATERNION,31,44,Takeoff
2.912508964538574,LOCAL_POSITION_NED,32,40,Takeoff
2.9125289916992188,SERVO_OUTPUT_RAW,36,15,Takeoff
2.916508913040161,GLOBAL_POSITION_INT,33,40,Takeoff
2.916532039642334,ATTITUDE_QUATERNION,31,44,Takeoff
2.916553020477295,GLOBAL_POSITION_INT,33,40,Takeoff
2.9165639877319336,POSITION_TARGET_LOCAL_NED,85,63,Takeoff
2.916588068008423,VFR_HUD,74,29,Takeoff
2.920825958251953,LOCAL_POSITION_NED,32,40,Takeoff
2.9208929538726807,ATTITUDE,30,40,Takeoff
2.920907974243164,ODOMETRY,331,244,Takeoff
2.920919895172119,GPS_RAW_INT,24,56,Takeoff
2.9245989322662354,ATTITUDE_TARGET,83,48,Takeoff
2.928502082824707,ATTITUDE,30,40,Takeoff
2.932555913925171,HIGHRES_IMU,105,74,Takeoff
2.932711124420166,LOCAL_POSITION_NED,32,40,Takeoff
2.932711124420166,ATTITUDE,30,40,Takeoff
2.932734966278076,ATTITUDE_QUATERNION,31,44,Takeoff
2.932785987854004,SERVO_OUTPUT_RAW,36,15,Takeoff
2.9370460510253906,GLOBAL_POSITION_INT,33,40,Takeoff
2.9378468990325928,ATTITUDE_QUATERNION,31,44,Takeoff
2.9379711151123047,GLOBAL_POSITION_INT,33,40,Takeoff
2.9379899501800537,POSITION_TARGET_LOCAL_NED,85,63,Takeoff
2.940526008605957,ATTITUDE,30,40,Takeoff
2.944511890411377,ATTITUDE_TARGET,83,48,Takeoff
2.948632001876831,ATTITUDE,30,40,Takeoff
2.9538559913635254,HEARTBEAT,0,21,Takeoff
2.953916072845459,TIMESYNC,111,25,Takeoff
2.9539289474487305,HIGHRES_IMU,105,74,Takeoff
2.9539361000061035,LOCAL_POSITION_NED,32,40,Takeoff
2.953946113586426,ATTITUDE,30,40,Takeoff
2.9539530277252197,ALTITUDE,141,44,Takeoff
2.953963041305542,ODOMETRY,331,244,Takeoff
2.9539709091186523,ATTITUDE_QUATERNION,31,44,Takeoff
2.9539780616760254,ATTITUDE_TARGET,83,48,Takeoff
2.953984022140503,ESTIMATOR_STATUS,230,54,Takeoff
2.953990936279297,EXTENDED_SYS_STATE,245,14,Takeoff
2.9539968967437744,GPS_RAW_INT,24,56,Takeoff
2.954008102416992,OPEN_DRONE_ID_LOCATION,12901,70,Takeoff
2.9540131092071533,LOCAL_POSITION_NED,32,40,Takeoff
2.954015016555786,OPEN_DRONE_ID_SYSTEM,12904,37,Takeoff
2.95402193069458,PING,4,21,Takeoff
2.9540300369262695,POSITION_TARGET_LOCAL_NED,85,63,Takeoff
2.9540350437164307,SERVO_OUTPUT_RAW,36,15,Takeoff
2.95403790473938,SCALED_PRESSURE,29,26,Takeoff
2.954045057296753,SERVO_OUTPUT_RAW,36,15,Takeoff
2.954054117202759,SYS_STATUS,1,52,Takeoff
2.9540610313415527,SYSTEM_TIME,2,22,Takeoff
2.9540679454803467,VFR_HUD,74,29,Takeoff
2.9540750980377197,UNKNOWN_8,-2,33,Takeoff
2.954957962036133,PING,4,26,Takeoff
2.9571099281311035,GLOBAL_POSITION_INT,33,40,Takeoff
2.9571750164031982,ATTITUDE_QUATERNION,31,44,Takeoff
2.9571950435638428,GLOBAL_POSITION_INT,33,40,Takeoff
2.957205057144165,POSITION_TARGET_LOCAL_NED,85,63,Takeoff
2.962306022644043,ATTITUDE,30,40,Takeoff
2.962517023086548,COMMAND_LONG,76,44,Takeoff
2.9625539779663086,COMMAND_LONG,76,44,Takeoff
2.9647810459136963,ATTITUDE_TARGET,83,48,Takeoff
2.9690639972686768,COMMAND_ACK,77,22,Takeoff
2.969644069671631,ATTITUDE,30,40,Takeoff
2.972844123840332,HIGHRES_IMU,105,74,Takeoff
2.9729080200195312,ATTITUDE,30,40,Takeoff
2.972923994064331,ATTITUDE_QUATERNION,31,44,Takeoff
2.9731929302215576,STATUSTEXT,253,64,Takeoff
2.973259925842285,LOCAL_POSITION_NED,32,40,Takeoff
2.973270893096924,SERVO_OUTPUT_RAW,36,15,Takeoff
2.9732789993286133,UNKNOWN_410,-2,26,Takeoff
2.9764339923858643,COMMAND_ACK,77,22,Takeoff
2.976454973220825,STATUSTEXT,253,64,Takeoff
2.9764719009399414,GLOBAL_POSITION_INT,33,40,Takeoff
2.9764859676361084,UNKNOWN_410,-2,26,Takeoff
2.9784629344940186,ATTITUDE_QUATERNION,31,44,Takeoff
2.978532075881958,GLOBAL_POSITION_INT,33,40,Takeoff
2.9785449504852295,POSITION_TARGET_LOCAL_NED,85,63,Takeoff
2.980492115020752,ATTITUDE,30,40,Takeoff
2.9846320152282715,ATTITUDE_TARGET,83,48,Takeoff
2.9846649169921875,GPS_RAW_INT,24,56,Takeoff
2.9848830699920654,COMMAND_LONG,76,44,Takeoff
2.985102891921997,MISSION_CURRENT,42,22,Takeoff
2.988801956176758,ATTITUDE,30,40,Takeoff
2.9888060092926025,COMMAND_ACK,77,22,Takeoff
2.9888620376586914,LOCAL_POSITION_NED,32,40,Takeoff
2.9888739585876465,ODOMETRY,331,244,Takeoff
2.9925010204315186,HIGHRES_IMU,105,73,Takeoff
2.9925239086151123,ATTITUDE,30,40,Takeoff
2.992540121078491,ATTITUDE_QUATERNION,31,44,Takeoff
2.9925711154937744,LOCAL_POSITION_NED,32,40,Takeoff
2.9926350116729736,SERVO_OUTPUT_RAW,36,23,Takeoff
2.996678113937378,GLOBAL_POSITION_INT,33,40,Takeoff
2.9967169761657715,ATTITUDE_QUATERNION,31,44,Takeoff
2.9967470169067383,GLOBAL_POSITION_INT,33,40,Takeoff
2.9967589378356934,POSITION_TARGET_LOCAL_NED,85,63,Takeoff
3.0004570484161377,COMMAND_ACK,77,22,Takeoff
3.0005130767822266,ATTITUDE,30,40,Takeoff
3.0049219131469727,ATTITUDE_TARGET,83,48,Takeoff
3.0085220336914062,ATTITUDE,30,40,Takeoff
3.0126819610595703,HIGHRES_IMU,105,73,Takeoff
3.012692928314209,LOCAL_POSITION_NED,32,40,Takeoff
3.0127251148223877,SERVO_OUTPUT_RAW,36,23,Takeoff
3.0127530097961426,ATTITUDE,30,40,Takeoff
3.0127670764923096,ATTITUDE_QUATERNION,31,44,Takeoff
3.016645908355713,GLOBAL_POSITION_INT,33,40,Takeoff
3.016835927963257,ATTITUDE_QUATERNION,31,44,Takeoff
3.0168590545654297,GLOBAL_POSITION_INT,33,40,Takeoff
3.0168700218200684,POSITION_TARGET_LOCAL_NED,85,63,Takeoff
3.020442008972168,LOCAL_POSITION_NED,32,40,Takeoff
3.020508050918579,ATTITUDE,30,40,Takeoff
3.0205259323120117,ODOMETRY,331,244,Takeoff
3.0205419063568115,GPS_RAW_INT,24,56,Takeoff
3.0247130393981934,ATTITUDE_TARGET,83,48,Takeoff
3.0289089679718018,ATTITUDE,30,40,Takeoff
3.033015012741089,HIGHRES_IMU,105,74,Takeoff
3.0330710411071777,ATTITUDE,30,40,Takeoff
3.033083915710449,ATTITUDE_QUATERNION,31,44,Takeoff
3.0331389904022217,LOCAL_POSITION_NED,32,40,Takeoff
3.033234119415283,SERVO_OUTPUT_RAW,36,23,Takeoff
3.0364699363708496,GLOBAL_POSITION_INT,33,40,Takeoff
3.0365169048309326,ATTITUDE_QUATERNION,31,44,Takeoff
3.0365400314331055,GLOBAL_POSITION_INT,33,40,Takeoff
3.036550998687744,POSITION_TARGET_LOCAL_NED,85,63,Takeoff
3.041224956512451,ATTITUDE,30,40,Takeoff
3.0451650619506836,ATTITUDE_TARGET,83,48,Takeoff
3.048633098602295,STATUSTEXT,253,64,Takeoff
3.0487029552459717,STATUSTEXT,253,64,Takeoff
3.048722982406616,ATTITUDE,30,40,Takeoff
3.048737049102783,POSITION_TARGET_GLOBAL_INT,87,63,Takeoff
3.0487489700317383,UNKNOWN_410,-2,25,Takeoff
3.048754930496216,UNKNOWN_410,-2,29,Takeoff
3.0487968921661377,POSITION_TARGET_GLOBAL_INT,87,63,Takeoff
3.0488080978393555,UNKNOWN_410,-2,25,Takeoff
3.0488131046295166,UNKNOWN_410,-2,29,Takeoff
3.052625894546509,LOCAL_POSITION_NED,32,40,Takeoff
3.0526270866394043,TIMESYNC,111,25,Takeoff
3.0526490211486816,SERVO_OUTPUT_RAW,36,23,Takeoff
3.052654981613159,HIGHRES_IMU,105,73,Takeoff
3.052664041519165,LOCAL_POSITION_NED,32,40,Takeoff
3.05267596244812,ATTITUDE,30,40,Takeoff
3.052685022354126,ALTITUDE,141,44,Takeoff
3.0526978969573975,ODOMETRY,331,244,Takeoff
3.0527069568634033,ATTITUDE_QUATERNION,31,44,Takeoff
3.052716016769409,ATTITUDE_TARGET,83,48,Takeoff
3.0527288913726807,GPS_RAW_INT,24,56,Takeoff
3.052738904953003,POSITION_TARGET_LOCAL_NED,85,63,Takeoff
3.052747964859009,SERVO_OUTPUT_RAW,36,23,Takeoff
3.052757978439331,VFR_HUD,74,29,Takeoff
3.0567009449005127,GLOBAL_POSITION_INT,33,40,Takeoff
3.0567879676818848,ATTITUDE_QUATERNION,31,44,Takeoff
3.0568299293518066,GLOBAL_POSITION_INT,33,40,Takeoff
3.0568459033966064,POSITION_TARGET_LOCAL_NED,85,63,Takeoff
3.0604801177978516,ATTITUDE,30,40,Takeoff
3.0644500255584717,ATTITUDE_TARGET,83,48,Takeoff
3.0645129680633545,GPS_RAW_INT,24,56,Takeoff
3.0686540603637695,ATTITUDE,30,40,Takeoff
3.073369026184082,HIGHRES_IMU,105,74,Takeoff
3.073460102081299,LOCAL_POSITION_NED,32,40,Takeoff
3.0735979080200195,ATTITUDE,30,40,Takeoff
3.073621988296509,SERVO_OUTPUT_RAW,36,23,Takeoff
3.073625087738037,ATTITUDE_QUATERNION,31,44,Takeoff
3.0763399600982666,STATUSTEXT,253,64,Takeoff
3.0764219760894775,GLOBAL_POSITION_INT,33,40,Takeoff
3.0764739513397217,ATTITUDE_QUATERNION,31,44,Takeoff
3.076530933380127,GLOBAL_POSITION_INT,33,40,Takeoff
3.0765440464019775,POSITION_TARGET_LOCAL_NED,85,63,Takeoff
3.0803771018981934,ATTITUDE,30,40,Takeoff
3.084942102432251,GPS_RAW_INT,24,56,Takeoff
3.085024118423462,ATTITUDE_TARGET,83,48,Takeoff
3.088804006576538,LOCAL_POSITION_NED,32,40,Takeoff
3.088819980621338,ATTITUDE,30,40,Takeoff
3.088918924331665,ODOMETRY,331,244,Takeoff
3.0923879146575928,HIGHRES_IMU,105,74,Takeoff
3.092442035675049,ATTITUDE,30,40,Takeoff
3.092456102371216,ATTITUDE_QUATERNION,31,44,Takeoff
3.0924570560455322,LOCAL_POSITION_NED,32,40,Takeoff
3.0924770832061768,SERVO_OUTPUT_RAW,36,23,Takeoff
3.096360921859741,GLOBAL_POSITION_INT,33,40,Takeoff
3.096419095993042,ATTITUDE_QUATERNION,31,44,Takeoff
3.096440076828003,GLOBAL_POSITION_INT,33,40,Takeoff
3.096450090408325,POSITION_TARGET_LOCAL_NED,85,63,Takeoff
3.1005730628967285,ATTITUDE,30,40,Takeoff
3.1006500720977783,STATUSTEXT,253,64,Takeoff
3.1046440601348877,ATTITUDE_TARGET,83,48,Takeoff
3.108505964279175,ATTITUDE,30,40,Takeoff
3.112442970275879,HIGHRES_IMU,105,73,Takeoff
3.1124939918518066,ATTITUDE,30,40,Takeoff
3.1125059127807617,ATTITUDE_QUATERNION,31,44,Takeoff
3.1125080585479736,LOCAL_POSITION_NED,32,40,Takeoff
3.11252498626709,SERVO_OUTPUT_RAW,36,23,Takeoff
3.117063045501709,GLOBAL_POSITION_INT,33,40,Takeoff
3.117126941680908,ATTITUDE_QUATERNION,31,44,Takeoff
3.1171350479125977,GPS_RAW_INT,24,56,Takeoff
3.117266893386841,GLOBAL_POSITION_INT,33,40,Takeoff
3.1172749996185303,POSITION_TARGET_LOCAL_NED,85,63,Takeoff
3.120389938354492,LOCAL_POSITION_NED,32,40,Takeoff
3.120558977127075,ATTITUDE,30,40,Takeoff
3.1206300258636475,ODOMETRY,331,244,Takeoff
3.124453067779541,ATTITUDE_TARGET,83,48,Takeoff
3.128472089767456,ATTITUDE,30,40,Takeoff
3.1332850456237793,HIGHRES_IMU,105,73,Takeoff
3.1333060264587402,LOCAL_POSITION_NED,32,40,Takeoff
3.133316993713379,ATTITUDE,30,40,Takeoff
3.133327007293701,ATTITUDE_QUATERNION,31,44,Takeoff
3.1333320140838623,SERVO_OUTPUT_RAW,36,23,Takeoff
3.1364879608154297,GLOBAL_POSITION_INT,33,40,Takeoff
3.136543035507202,ATTITUDE_QUATERNION,31,44,Takeoff
3.136564016342163,GLOBAL_POSITION_INT,33,40,Takeoff
3.1365740299224854,POSITION_TARGET_LOCAL_NED,85,63,Takeoff
3.1406049728393555,ATTITUDE,30,40,Takeoff
3.144474983215332,ATTITUDE_TARGET,83,48,Takeoff
3.1488120555877686,POSITION_TARGET_GLOBAL_INT,87,63,Takeoff
3.148890972137451,ATTITUDE,30,40,Takeoff
3.1524109840393066,TIMESYNC,111,25,Takeoff
3.1525089740753174,HIGHRES_IMU,105,74,Takeoff
3.1525189876556396,LOCAL_POSITION_NED,32,40,Takeoff
3.152527093887329,ATTITUDE,30,40,Takeoff
3.152534008026123,ALTITUDE,141,44,Takeoff
3.1525449752807617,ODOMETRY,331,244,Takeoff
3.152553081512451,ATTITUDE_QUATERNION,31,44,Takeoff
3.152559995651245,ATTITUDE_TARGET,83,48,Takeoff
3.1525700092315674,GPS_RAW_INT,24,56,Takeoff
3.1525790691375732,POSITION_TARGET_LOCAL_NED,85,63,Takeoff
3.152585983276367,SERVO_OUTPUT_RAW,36,23,Takeoff
3.152595043182373,SYS_STATUS,1,52,Takeoff
3.152601957321167,VFR_HUD,74,29,Takeoff
3.1530840396881104,LOCAL_POSITION_NED,32,40,Takeoff
3.1531450748443604,SERVO_OUTPUT_RAW,36,23,Takeoff
3.1565821170806885,GLOBAL_POSITION_INT,33,40,Takeoff
3.1567819118499756,ATTITUDE_QUATERNION,31,44,Takeoff
3.156872034072876,GLOBAL_POSITION_INT,33,40,Takeoff
3.156883955001831,POSITION_TARGET_LOCAL_NED,85,63,Takeoff
3.160533905029297,ATTITUDE,30,40,Takeoff
3.1658670902252197,ATTITUDE_TARGET,83,48,Takeoff
3.1659440994262695,VFR_HUD,74,29,Takeoff
3.168623924255371,ATTITUDE,30,40,Takeoff
3.1725270748138428,HIGHRES_IMU,105,73,Takeoff
3.172529935836792,LOCAL_POSITION_NED,32,40,Takeoff
3.1725480556488037,SERVO_OUTPUT_RAW,36,23,Takeoff
3.17254900932312,ATTITUDE,30,40,Takeoff
3.172559976577759,ATTITUDE_QUATERNION,31,44,Takeoff
3.176561117172241,GLOBAL_POSITION_INT,33,40,Takeoff
3.176635980606079,ATTITUDE_QUATERNION,31,44,Takeoff
3.1766738891601562,GLOBAL_POSITION_INT,33,40,Takeoff
3.1766889095306396,POSITION_TARGET_LOCAL_NED,85,63,Takeoff
3.180906057357788,ATTITUDE,30,40,Takeoff
3.1851329803466797,GPS_RAW_INT,24,56,Takeoff
3.1851749420166016,ATTITUDE_TARGET,83,48,Takeoff
3.1884589195251465,LOCAL_POSITION_NED,32,40,Takeoff
3.188481092453003,ODOMETRY,331,244,Takeoff
3.188494920730591,ATTITUDE,30,40,Takeoff
3.1928670406341553,HIGHRES_IMU,105,73,Takeoff
3.192939043045044,ATTITUDE,30,40,Takeoff
3.1929540634155273,ATTITUDE_QUATERNION,31,44,Takeoff
3.1929709911346436,LOCAL_POSITION_NED,32,40,Takeoff
3.1931700706481934,SERVO_OUTPUT_RAW,36,23,Takeoff
3.1965789794921875,GLOBAL_POSITION_INT,33,40,Takeoff
3.196639060974121,ATTITUDE_QUATERNION,31,44,Takeoff
3.196702003479004,GLOBAL_POSITION_INT,33,40,Takeoff
3.1967129707336426,POSITION_TARGET_LOCAL_NED,85,63,Takeoff
3.200406074523926,ATTITUDE,30,40,Takeoff
3.204514980316162,ATTITUDE_TARGET,83,48,Takeoff
3.208456039428711,ATTITUDE,30,40,Takeoff
3.2126100063323975,HIGHRES_IMU,105,74,Takeoff
3.2126660346984863,LOCAL_POSITION_NED,32,40,Takeoff
3.2127089500427246,ATTITUDE,30,40,Takeoff
3.212722063064575,ATTITUDE_QUATERNION,31,44,Takeoff
3.2127280235290527,SERVO_OUTPUT_RAW,36,23,Takeoff
3.21642804145813,GLOBAL_POSITION_INT,33,40,Takeoff
3.216444969177246,GPS_RAW_INT,24,56,Takeoff
3.2165169715881348,ATTITUDE_QUATERNION,31,44,Takeoff
3.216538906097412,GLOBAL_POSITION_INT,33,40,Takeoff
3.2165489196777344,POSITION_TARGET_LOCAL_NED,85,63,Takeoff
3.2205419540405273,LOCAL_POSITION_NED,32,40,Takeoff
3.2206060886383057,ATTITUDE,30,40,Takeoff
3.220618963241577,ODOMETRY,331,244,Takeoff
3.224414110183716,ATTITUDE_TARGET,83,48,Takeoff
3.2286620140075684,ATTITUDE,30,40,Takeoff
3.232409954071045,HIGHRES_IMU,105,74,Takeoff
3.2324531078338623,ATTITUDE,30,40,Takeoff
3.232491970062256,LOCAL_POSITION_NED,32,40,Takeoff
3.232511043548584,SERVO_OUTPUT_RAW,36,23,Takeoff
3.232672929763794,ATTITUDE_QUATERNION,31,44,Takeoff
3.236624002456665,GLOBAL_POSITION_INT,33,40,Takeoff
3.2367069721221924,ATTITUDE_QUATERNION,31,44,Takeoff
3.236785888671875,GLOBAL_POSITION_INT,33,40,Takeoff
3.236802101135254,POSITION_TARGET_LOCAL_NED,85,63,Takeoff
3.240415096282959,ATTITUDE,30,40,Takeoff
3.24448299407959,ATTITUDE_TARGET,83,48,Takeoff
3.248491048812866,GPS_RAW_INT,24,56,Takeoff
3.248521089553833,ATTITUDE,30,40,Takeoff
3.2485411167144775,POSITION_TARGET_GLOBAL_INT,87,63,Takeoff
3.25295090675354,TIMESYNC,111,25,Takeoff
3.2530059814453125,HIGHRES_IMU,105,73,Takeoff
3.2530150413513184,LOCAL_POSITION_NED,32,40,Takeoff
3.253024101257324,ATTITUDE,30,40,Takeoff
3.2530300617218018,ALTITUDE,141,44,Takeoff
3.2530410289764404,ODOMETRY,331,244,Takeoff
3.2530479431152344,ATTITUDE_QUATERNION,31,44,Takeoff
3.253048896789551,LOCAL_POSITION_NED,32,40,Takeoff
3.253053903579712,ATTITUDE_TARGET,83,48,Takeoff
3.253066062927246,POSITION_TARGET_LOCAL_NED,85,63,Takeoff
3.253075122833252,SERVO_OUTPUT_RAW,36,23,Takeoff
3.2530829906463623,VFR_HUD,74,29,Takeoff
3.253148078918457,SERVO_OUTPUT_RAW,36,23,Takeoff
3.256395101547241,GLOBAL_POSITION_INT,33,40,Takeoff
3.2564430236816406,ATTITUDE_QUATERNION,31,44,Takeoff
3.256495952606201,GLOBAL_POSITION_INT,33,40,Takeoff
3.25650691986084,POSITION_TARGET_LOCAL_NED,85,63,Takeoff
3.2604711055755615,ATTITUDE,30,40,Takeoff
3.264549970626831,ATTITUDE_TARGET,83,48,Takeoff
3.264573097229004,GPS_RAW_INT,24,56,Takeoff
3.2685110569000244,ATTITUDE,30,40,Takeoff
3.2725179195404053,HIGHRES_IMU,105,74,Takeoff
3.2725729942321777,ATTITUDE,30,40,Takeoff
3.272573947906494,LOCAL_POSITION_NED,32,40,Takeoff
3.2725870609283447,ATTITUDE_QUATERNION,31,44,Takeoff
3.2725911140441895,SERVO_OUTPUT_RAW,36,23,Takeoff
3.2765040397644043,GLOBAL_POSITION_INT,33,40,Takeoff
3.2765390872955322,ATTITUDE_QUATERNION,31,44,Takeoff
3.276561975479126,GLOBAL_POSITION_INT,33,40,Takeoff
3.2765719890594482,POSITION_TARGET_LOCAL_NED,85,63,Takeoff
3.280608892440796,ATTITUDE,30,40,Takeoff
3.2844040393829346,GPS_RAW_INT,24,56,Takeoff
3.284450054168701,ATTITUDE_TARGET,83,48,Takeoff
3.288378953933716,LOCAL_POSITION_NED,32,40,Takeoff
3.2883970737457275,ODOMETRY,331,244,Takeoff
3.2884418964385986,ATTITUDE,30,40,Takeoff
3.2925939559936523,HIGHRES_IMU,105,73,Takeoff
3.292617082595825,ATTITUDE,30,40,Takeoff
3.292630910873413,ATTITUDE_QUATERNION,31,44,Takeoff
3.292670965194702,LOCAL_POSITION_NED,32,40,Takeoff
3.2926900386810303,SERVO_OUTPUT_RAW,36,23,Takeoff
3.296605110168457,GLOBAL_POSITION_INT,33,40,Takeoff
3.2967069149017334,ATTITUDE_QUATERNION,31,44,Takeoff
3.2967629432678223,GLOBAL_POSITION_INT,33,40,Takeoff
3.296783924102783,POSITION_TARGET_LOCAL_NED,85,63,Takeoff
3.3004720211029053,ATTITUDE,30,40,Takeoff
3.3045170307159424,ATTITUDE_TARGET,83,48,Takeoff
3.30669903755188,HEARTBEAT,0,21,Takeoff
3.308483123779297,HEARTBEAT,0,21,Takeoff
3.3089330196380615,ATTITUDE,30,40,Takeoff
3.3128530979156494,HIGHRES_IMU,105,73,Takeoff
3.3129661083221436,ATTITUDE,30,40,Takeoff
3.3129990100860596,ATTITUDE_QUATERNION,31,44,Takeoff
3.3130381107330322,LOCAL_POSITION_NED,32,40,Takeoff
3.3131260871887207,SERVO_OUTPUT_RAW,36,23,Takeoff
3.316473960876465,GLOBAL_POSITION_INT,33,40,Takeoff
3.316498041152954,GPS_RAW_INT,24,56,Takeoff
3.3165431022644043,ATTITUDE_QUATERNION,31,44,Takeoff
3.3165650367736816,GLOBAL_POSITION_INT,33,40,Takeoff
3.3165740966796875,POSITION_TARGET_LOCAL_NED,85,63,Takeoff
3.3205180168151855,LOCAL_POSITION_NED,32,40,Takeoff
3.3205459117889404,ATTITUDE,30,40,Takeoff
3.320557117462158,ODOMETRY,331,244,Takeoff
3.324908971786499,ATTITUDE_TARGET,83,48,Takeoff
3.3284850120544434,ATTITUDE,30,40,Takeoff
3.3324100971221924,HIGHRES_IMU,105,74,Takeoff
3.332427978515625,ATTITUDE,30,40,Takeoff
3.3324389457702637,ATTITUDE_QUATERNION,31,44,Takeoff
3.3324520587921143,LOCAL_POSITION_NED,32,40,Takeoff
3.3324999809265137,SERVO_OUTPUT_RAW,36,23,Takeoff
3.336925983428955,GLOBAL_POSITION_INT,33,40,Takeoff
3.337049961090088,ATTITUDE_QUATERNION,31,44,Takeoff
3.3371200561523438,GLOBAL_POSITION_INT,33,40,Takeoff
3.337131977081299,POSITION_TARGET_LOCAL_NED,85,63,Takeoff
3.34049391746521,ATTITUDE,30,40,Takeoff
3.344473123550415,ATTITUDE_TARGET,83,48,Takeoff
3.348397970199585,GPS_RAW_INT,24,56,Takeoff
3.3484370708465576,ATTITUDE,30,40,Takeoff
3.3484549522399902,POSITION_TARGET_GLOBAL_INT,87,63,Takeoff
3.3526039123535156,TIMESYNC,111,25,Takeoff
3.3526339530944824,LOCAL_POSITION_NED,32,40,Takeoff
3.3526558876037598,SERVO_OUTPUT_RAW,36,23,Takeoff
3.352674961090088,HIGHRES_IMU,105,74,Takeoff
3.35268497467041,LOCAL_POSITION_NED,32,40,Takeoff
3.3526949882507324,ATTITUDE,30,40,Takeoff
3.3527979850769043,ALTITUDE,141,44,Takeoff
3.3528189659118652,ODOMETRY,331,244,Takeoff
3.3528289794921875,ATTITUDE_QUATERNION,31,44,Takeoff
3.3528339862823486,ATTITUDE_TARGET,83,48,Takeoff
3.3528480529785156,POSITION_TARGET_LOCAL_NED,85,63,Takeoff
3.3528549671173096,SERVO_OUTPUT_RAW,36,23,Takeoff
3.352864980697632,SYS_STATUS,1,52,Takeoff
3.3528740406036377,VFR_HUD,74,29,Takeoff
3.3565080165863037,GLOBAL_POSITION_INT,33,40,Takeoff
3.356610059738159,ATTITUDE_QUATERNION,31,44,Takeoff
3.3566839694976807,GLOBAL_POSITION_INT,33,40,Takeoff
3.35669207572937,POSITION_TARGET_LOCAL_NED,85,63,Takeoff
3.360464096069336,ATTITUDE,30,40,Takeoff
3.364531993865967,ATTITUDE_TARGET,83,48,Takeoff
3.3685309886932373,UNKNOWN_380,-2,32,Takeoff
3.368583917617798,ATTITUDE,30,40,Takeoff
3.368643045425415,UNKNOWN_380,-2,32,Takeoff
3.372849941253662,HIGHRES_IMU,105,74,Takeoff
3.372908115386963,ATTITUDE,30,40,Takeoff
3.372921943664551,ATTITUDE_QUATERNION,31,44,Takeoff
3.374222993850708,LOCAL_POSITION_NED,32,40,Takeoff
3.374274969100952,SERVO_OUTPUT_RAW,36,23,Takeoff
3.376444101333618,GLOBAL_POSITION_INT,33,40,Takeoff
3.3764960765838623,ATTITUDE_QUATERNION,31,44,Takeoff
3.3765170574188232,GLOBAL_POSITION_INT,33,40,Takeoff
3.3765270709991455,POSITION_TARGET_LOCAL_NED,85,63,Takeoff
3.380352020263672,ATTITUDE,30,40,Takeoff
3.3803720474243164,GPS_RAW_INT,24,56,Takeoff
3.3848888874053955,ATTITUDE_TARGET,83,48,Takeoff
3.3886260986328125,LOCAL_POSITION_NED,32,40,Takeoff
3.388650894165039,ODOMETRY,331,244,Takeoff
3.3886759281158447,ATTITUDE,30,40,Takeoff
3.392496109008789,HIGHRES_IMU,105,74,Takeoff
3.3925468921661377,LOCAL_POSITION_NED,32,40,Takeoff
3.3925468921661377,ATTITUDE,30,40,Takeoff
3.392561912536621,ATTITUDE_QUATERNION,31,44,Takeoff
3.3926188945770264,SERVO_OUTPUT_RAW,36,23,Takeoff
3.396404981613159,GLOBAL_POSITION_INT,33,40,Takeoff
3.3964641094207764,ATTITUDE_QUATERNION,31,44,Takeoff
3.396522045135498,GLOBAL_POSITION_INT,33,40,Takeoff
3.3965330123901367,POSITION_TARGET_LOCAL_NED,85,63,Takeoff
3.4007771015167236,ATTITUDE,30,40,Takeoff
3.4048850536346436,ATTITUDE_TARGET,83,48,Takeoff
3.4085209369659424,ATTITUDE,30,40,Takeoff
3.412425994873047,HIGHRES_IMU,105,73,Takeoff
3.4124860763549805,ATTITUDE,30,40,Takeoff
3.412497043609619,LOCAL_POSITION_NED,32,40,Takeoff
3.4124999046325684,ATTITUDE_QUATERNION,31,44,Takeoff
3.4125559329986572,SERVO_OUTPUT_RAW,36,23,Takeoff
3.4171841144561768,GLOBAL_POSITION_INT,33,40,Takeoff
3.4172110557556152,ATTITUDE_QUATERNION,31,44,Takeoff
3.4172310829162598,GLOBAL_POSITION_INT,33,40,Takeoff
3.4172379970550537,GPS_RAW_INT,24,56,Takeoff
3.4172420501708984,POSITION_TARGET_LOCAL_NED,85,63,Takeoff
3.4172511100769043,VFR_HUD,74,29,Takeoff
3.4204421043395996,LOCAL_POSITION_NED,32,40,Takeoff
3.420459032058716,ATTITUDE,30,40,Takeoff
3.4204699993133545,ODOMETRY,331,244,Takeoff
3.424431085586548,ATTITUDE_TARGET,83,48,Takeoff
3.428507089614868,ATTITUDE,30,40,Takeoff
3.4341440200805664,HIGHRES_IMU,105,73,Takeoff
3.434169054031372,ATTITUDE,30,40,Takeoff
3.434180974960327,ATTITUDE_QUATERNION,31,44,Takeoff
3.434191942214966,LOCAL_POSITION_NED,32,40,Takeoff
3.434209108352661,SERVO_OUTPUT_RAW,36,23,Takeoff
3.4403159618377686,GLOBAL_POSITION_INT,33,40,Takeoff
3.4403738975524902,ATTITUDE_QUATERNION,31,44,Takeoff
3.440397024154663,GLOBAL_POSITION_INT,33,40,Takeoff
3.4404070377349854,POSITION_TARGET_LOCAL_NED,85,63,Takeoff
3.4423089027404785,ATTITUDE,30,40,Takeoff
3.4445629119873047,ATTITUDE_TARGET,83,48,Takeoff
3.449639081954956,GPS_RAW_INT,24,56,Takeoff
3.4496610164642334,POSITION_TARGET_GLOBAL_INT,87,63,Takeoff
3.449753999710083,ATTITUDE,30,40,Takeoff
3.452404022216797,TIMESYNC,111,25,Takeoff
3.4524590969085693,HIGHRES_IMU,105,74,Takeoff
3.4524660110473633,LOCAL_POSITION_NED,32,40,Takeoff
3.452467918395996,LOCAL_POSITION_NED,32,40,Takeoff
3.4524760246276855,ATTITUDE,30,40,Takeoff
3.4524829387664795,ALTITUDE,141,44,Takeoff
3.452493906021118,ODOMETRY,331,244,Takeoff
3.4525020122528076,ATTITUDE_QUATERNION,31,44,Takeoff
3.452510118484497,ATTITUDE_TARGET,83,48,Takeoff
3.452523946762085,SERVO_OUTPUT_RAW,36,23,Takeoff
3.452526092529297,POSITION_TARGET_LOCAL_NED,85,63,Takeoff
3.4525339603424072,SERVO_OUTPUT_RAW,36,23,Takeoff
3.4525411128997803,VFR_HUD,74,29,Takeoff
3.4565799236297607,GLOBAL_POSITION_INT,33,40,Takeoff
3.456641912460327,ATTITUDE_QUATERNION,31,44,Takeoff
3.456696033477783,GLOBAL_POSITION_INT,33,40,Takeoff
3.456707000732422,POSITION_TARGET_LOCAL_NED,85,63,Takeoff
3.4604580402374268,ATTITUDE,30,40,Takeoff
3.4645450115203857,ATTITUDE_TARGET,83,48,Takeoff
3.464569091796875,GPS_RAW_INT,24,56,Takeoff
3.468485116958618,ATTITUDE,30,40,Takeoff
3.472522020339966,HIGHRES_IMU,105,73,Takeoff
3.472585916519165,LOCAL_POSITION_NED,32,40,Takeoff
3.4726510047912598,SERVO_OUTPUT_RAW,36,23,Takeoff
3.472656011581421,ATTITUDE,30,40,Takeoff
3.4726719856262207,ATTITUDE_QUATERNION,31,44,Takeoff
3.477066993713379,GLOBAL_POSITION_INT,33,40,Takeoff
3.477066993713379,ATTITUDE_QUATERNION,31,44,Takeoff
3.4771149158477783,GLOBAL_POSITION_INT,33,40,Takeoff
3.477130889892578,POSITION_TARGET_LOCAL_NED,85,63,Takeoff
3.480583906173706,ATTITUDE,30,40,Takeoff
3.4806458950042725,GPS_RAW_INT,24,56,Takeoff
3.486427068710327,ATTITUDE_TARGET,83,48,Takeoff
3.4884729385375977,LOCAL_POSITION_NED,32,40,Takeoff
3.4885499477386475,ODOMETRY,331,244,Takeoff
3.4893341064453125,ATTITUDE,30,40,Takeoff
3.492579936981201,HIGHRES_IMU,105,74,Takeoff
3.4926369190216064,ATTITUDE,30,40,Takeoff
3.4926750659942627,ATTITUDE_QUATERNION,31,44,Takeoff
3.4928181171417236,LOCAL_POSITION_NED,32,40,Takeoff
3.4928719997406006,SERVO_OUTPUT_RAW,36,23,Takeoff
3.496490955352783,GLOBAL_POSITION_INT,33,40,Takeoff
3.4965450763702393,ATTITUDE_QUATERNION,31,44,Takeoff
3.4965980052948,GLOBAL_POSITION_INT,33,40,Takeoff
3.496608018875122,POSITION_TARGET_LOCAL_NED,85,63,Takeoff
3.5004830360412598,ATTITUDE,30,40,Takeoff
3.504470109939575,ATTITUDE_TARGET,83,48,Takeoff
3.5085349082946777,ATTITUDE,30,40,Takeoff
3.512460947036743,HIGHRES_IMU,105,74,Takeoff
3.512489080429077,LOCAL_POSITION_NED,32,40,Takeoff
3.5124900341033936,ATTITUDE,30,40,Takeoff
3.512502908706665,ATTITUDE_QUATERNION,31,44,Takeoff
3.5125060081481934,SERVO_OUTPUT_RAW,36,23,Takeoff
3.5125129222869873,GPS_RAW_INT,24,56,Takeoff
3.516541004180908,GLOBAL_POSITION_INT,33,40,Takeoff
3.51659893989563,ATTITUDE_QUATERNION,31,44,Takeoff
3.516623020172119,GLOBAL_POSITION_INT,33,40,Takeoff
3.5166330337524414,POSITION_TARGET_LOCAL_NED,85,63,Takeoff
3.520634889602661,LOCAL_POSITION_NED,32,40,Takeoff
3.52069091796875,ATTITUDE,30,40,Takeoff
3.5207040309906006,ODOMETRY,331,244,Takeoff
3.52449107170105,ATTITUDE_TARGET,83,48,Takeoff
3.528597116470337,ATTITUDE,30,40,Takeoff
3.5324409008026123,HIGHRES_IMU,105,73,Takeoff
3.532486915588379,LOCAL_POSITION_NED,32,40,Takeoff
3.5325019359588623,ATTITUDE,30,40,Takeoff
3.5325090885162354,SERVO_OUTPUT_RAW,36,23,Takeoff
3.532520055770874,ATTITUDE_QUATERNION,31,44,Takeoff
3.536587953567505,GLOBAL_POSITION_INT,33,40,Takeoff
3.536669969558716,ATTITUDE_QUATERNION,31,44,Takeoff
3.536708116531372,GLOBAL_POSITION_INT,33,40,Takeoff
3.5367259979248047,POSITION_TARGET_LOCAL_NED,85,63,Takeoff
3.5404250621795654,ATTITUDE,30,40,Takeoff
3.545207977294922,ATTITUDE_TARGET,83,48,Takeoff
3.5485599040985107,GPS_RAW_INT,24,56,Takeoff
3.5485799312591553,POSITION_TARGET_GLOBAL_INT,87,63,Takeoff
3.548643112182617,ATTITUDE,30,40,Takeoff
3.552493095397949,TIMESYNC,111,25,Takeoff
3.552549123764038,HIGHRES_IMU,105,73,Takeoff
3.5525529384613037,LOCAL_POSITION_NED,32,40,Takeoff
3.552557945251465,LOCAL_POSITION_NED,32,40,Takeoff
3.5525660514831543,ATTITUDE,30,40,Takeoff
3.5525729656219482,ALTITUDE,141,44,Takeoff
3.5525829792022705,ODOMETRY,331,244,Takeoff
3.5525898933410645,ATTITUDE_QUATERNION,31,44,Takeoff
3.5526509284973145,ATTITUDE_TARGET,83,48,Takeoff
3.5526680946350098,POSITION_TARGET_LOCAL_NED,85,63,Takeoff
3.552678108215332,SERVO_OUTPUT_RAW,36,23,Takeoff
3.552686929702759,SYS_STATUS,1,52,Takeoff
3.552694082260132,VFR_HUD,74,29,Takeoff
3.5527079105377197,SERVO_OUTPUT_RAW,36,23,Takeoff
3.556432008743286,GLOBAL_POSITION_INT,33,40,Takeoff
3.55645489692688,ATTITUDE_QUATERNION,31,44,Takeoff
3.556584119796753,GLOBAL_POSITION_INT,33,40,Takeoff
3.5566320419311523,POSITION_TARGET_LOCAL_NED,85,63,Takeoff
3.5604090690612793,ATTITUDE,30,40,Takeoff
3.5645980834960938,ATTITUDE_TARGET,83,48,Takeoff
3.568490982055664,ATTITUDE,30,40,Takeoff
3.5730741024017334,HIGHRES_IMU,105,74,Takeoff
3.5731611251831055,ATTITUDE,30,40,Takeoff
3.5731730461120605,ATTITUDE_QUATERNION,31,44,Takeoff
3.573280096054077,LOCAL_POSITION_NED,32,40,Takeoff
3.5733001232147217,SERVO_OUTPUT_RAW,36,23,Takeoff
3.5764269828796387,GLOBAL_POSITION_INT,33,40,Takeoff
3.576474905014038,ATTITUDE_QUATERNION,31,44,Takeoff
3.576496124267578,GLOBAL_POSITION_INT,33,40,Takeoff
3.576504945755005,POSITION_TARGET_LOCAL_NED,85,63,Takeoff
3.5805370807647705,ATTITUDE,30,40,Takeoff
3.580601930618286,GPS_RAW_INT,24,56,Takeoff
3.584428071975708,ATTITUDE_TARGET,83,48,Takeoff
3.5885469913482666,LOCAL_POSITION_NED,32,40,Takeoff
3.5885720252990723,ODOMETRY,331,244,Takeoff
3.5890719890594482,ATTITUDE,30,40,Takeoff
3.592426061630249,HIGHRES_IMU,105,73,Takeoff
3.5924460887908936,ATTITUDE,30,40,Takeoff
3.5924570560455322,ATTITUDE_QUATERNION,31,44,Takeoff
3.5924880504608154,LOCAL_POSITION_NED,32,40,Takeoff
3.5925040245056152,SERVO_OUTPUT_RAW,36,23,Takeoff
3.5971169471740723,GLOBAL_POSITION_INT,33,40,Takeoff
3.5971930027008057,ATTITUDE_QUATERNION,31,44,Takeoff
3.597214937210083,GLOBAL_POSITION_INT,33,40,Takeoff
3.5972249507904053,POSITION_TARGET_LOCAL_NED,85,63,Takeoff
3.600598096847534,ATTITUDE,30,40,Takeoff
3.604685068130493,ATTITUDE_TARGET,83,48,Takeoff
3.608491897583008,ATTITUDE,30,40,Takeoff
3.6126809120178223,HIGHRES_IMU,105,73,Takeoff
3.6127429008483887,ATTITUDE,30,40,Takeoff
3.612757921218872,ATTITUDE_QUATERNION,31,44,Takeoff
3.6127688884735107,GPS_RAW_INT,24,56,Takeoff
3.612952947616577,LOCAL_POSITION_NED,32,40,Takeoff
3.6130170822143555,SERVO_OUTPUT_RAW,36,23,Takeoff
3.6164839267730713,GLOBAL_POSITION_INT,33,40,Takeoff
3.6164960861206055,ATTITUDE_QUATERNION,31,44,Takeoff
3.616518020629883,GLOBAL_POSITION_INT,33,40,Takeoff
3.616528034210205,POSITION_TARGET_LOCAL_NED,85,63,Takeoff
3.620471954345703,LOCAL_POSITION_NED,32,40,Takeoff
3.620526075363159,ATTITUDE,30,40,Takeoff
3.620738983154297,ODOMETRY,331,244,Takeoff
3.6245861053466797,ATTITUDE_TARGET,83,48,Takeoff
3.6285200119018555,ATTITUDE,30,40,Takeoff
3.632378101348877,HIGHRES_IMU,105,74,Takeoff
3.6324269771575928,ATTITUDE,30,40,Takeoff
3.632431983947754,LOCAL_POSITION_NED,32,40,Takeoff
3.6324400901794434,ATTITUDE_QUATERNION,31,44,Takeoff
3.632451057434082,SERVO_OUTPUT_RAW,36,23,Takeoff
3.63647198677063,GLOBAL_POSITION_INT,33,40,Takeoff
3.6365089416503906,ATTITUDE_QUATERNION,31,44,Takeoff
3.6365299224853516,GLOBAL_POSITION_INT,33,40,Takeoff
3.6365389823913574,POSITION_TARGET_LOCAL_NED,85,63,Takeoff
3.640641927719116,ATTITUDE,30,40,Takeoff
3.644476890563965,GPS_RAW_INT,24,56,Takeoff
3.644490957260132,ATTITUDE_TARGET,83,48,Takeoff
3.6484251022338867,POSITION_TARGET_GLOBAL_INT,87,63,Takeoff
3.64847993850708,ATTITUDE,30,40,Takeoff
3.6526288986206055,LOCAL_POSITION_NED,32,40,Takeoff
3.652635097503662,TIMESYNC,111,25,Takeoff
3.6527020931243896,SERVO_OUTPUT_RAW,36,23,Takeoff
3.6527369022369385,HIGHRES_IMU,105,74,Takeoff
3.6527469158172607,LOCAL_POSITION_NED,32,40,Takeoff
3.6527581214904785,ATTITUDE,30,40,Takeoff
3.652764081954956,ALTITUDE,141,44,Takeoff
3.6527740955352783,ODOMETRY,331,244,Takeoff
3.6527819633483887,ATTITUDE_QUATERNION,31,44,Takeoff
3.6527891159057617,ATTITUDE_TARGET,83,48,Takeoff
3.652851104736328,POSITION_TARGET_LOCAL_NED,85,63,Takeoff
3.652863025665283,SERVO_OUTPUT_RAW,36,23,Takeoff
3.6528730392456055,VFR_HUD,74,29,Takeoff
3.656809091567993,ATTITUDE_QUATERNION,31,44,Takeoff
3.656809091567993,GLOBAL_POSITION_INT,33,40,Takeoff
3.6568520069122314,GLOBAL_POSITION_INT,33,40,Takeoff
3.656872034072876,POSITION_TARGET_LOCAL_NED,85,63,Takeoff
3.660460948944092,ATTITUDE,30,40,Takeoff
3.6644890308380127,HEARTBEAT,0,21,Takeoff
3.664557933807373,ALTITUDE,141,44,Takeoff
3.664566993713379,ATTITUDE_TARGET,83,48,Takeoff
3.6645750999450684,BATTERY_STATUS,147,53,Takeoff
3.6645801067352295,UNKNOWN_436,-2,21,Takeoff
3.66458797454834,ESTIMATOR_STATUS,230,54,Takeoff
3.6645939350128174,EXTENDED_SYS_STATE,245,14,Takeoff
3.664602041244507,GPS_RAW_INT,24,56,Takeoff
3.664608955383301,HOME_POSITION,242,67,Takeoff
3.664618968963623,OPEN_DRONE_ID_LOCATION,12901,70,Takeoff
3.664626121520996,OPEN_DRONE_ID_SYSTEM,12904,37,Takeoff
3.6646339893341064,SCALED_PRESSURE,29,26,Takeoff
3.6646430492401123,SYS_STATUS,1,52,Takeoff
3.6646509170532227,VFR_HUD,74,29,Takeoff
3.6646668910980225,UNKNOWN_8,-2,33,Takeoff
3.6673619747161865,COMMAND_LONG,76,44,Takeoff
3.668545961380005,COMMAND_ACK,77,22,Takeoff
3.6685988903045654,ATTITUDE,30,40,Takeoff
3.673048973083496,HIGHRES_IMU,105,73,Takeoff
3.6730990409851074,LOCAL_POSITION_NED,32,40,Takeoff
3.6731109619140625,ATTITUDE,30,40,Takeoff
3.6731231212615967,ATTITUDE_QUATERNION,31,44,Takeoff
3.6731600761413574,SERVO_OUTPUT_RAW,36,23,Takeoff
3.6764988899230957,GLOBAL_POSITION_INT,33,40,Takeoff
3.676561117172241,ATTITUDE_QUATERNION,31,44,Takeoff
3.6765849590301514,GLOBAL_POSITION_INT,33,40,Takeoff
3.6765949726104736,POSITION_TARGET_LOCAL_NED,85,63,Takeoff
3.676604986190796,UNKNOWN_411,-2,13,Takeoff
3.6804521083831787,ATTITUDE,30,40,Takeoff
3.6805670261383057,GPS_RAW_INT,24,56,Takeoff
3.684636116027832,ATTITUDE_TARGET,83,48,Takeoff
3.6893670558929443,LOCAL_POSITION_NED,32,40,Takeoff
3.689404010772705,ODOMETRY,331,244,Takeoff
3.6894071102142334,ATTITUDE,30,40,Takeoff
3.692608118057251,HIGHRES_IMU,105,74,Takeoff
3.6927599906921387,ATTITUDE,30,40,Takeoff
3.6928141117095947,ATTITUDE_QUATERNION,31,44,Takeoff
3.6928489208221436,LOCAL_POSITION_NED,32,40,Takeoff
3.6928999423980713,SERVO_OUTPUT_RAW,36,23,Takeoff
3.6964399814605713,GLOBAL_POSITION_INT,33,40,Takeoff
3.696484088897705,ATTITUDE_QUATERNION,31,44,Takeoff
3.6965060234069824,GLOBAL_POSITION_INT,33,40,Takeoff
3.6965160369873047,POSITION_TARGET_LOCAL_NED,85,63,Takeoff
3.7007720470428467,ATTITUDE,30,40,Takeoff
3.7070579528808594,ATTITUDE_TARGET,83,48,Takeoff
3.7085258960723877,ATTITUDE,30,40,Takeoff
3.7124218940734863,HIGHRES_IMU,105,73,Takeoff
3.7125000953674316,ATTITUDE,30,40,Takeoff
3.7125120162963867,ATTITUDE_QUATERNION,31,44,Takeoff
3.712522029876709,GPS_RAW_INT,24,56,Takeoff
3.71335506439209,LOCAL_POSITION_NED,32,40,Takeoff
3.714226007461548,SERVO_OUTPUT_RAW,36,23,Takeoff
3.717057943344116,GLOBAL_POSITION_INT,33,40,Takeoff
3.7172629833221436,ATTITUDE_QUATERNION,31,44,Takeoff
3.717315912246704,GLOBAL_POSITION_INT,33,40,Takeoff
3.7173290252685547,POSITION_TARGET_LOCAL_NED,85,63,Takeoff
3.718190908432007,MISSION_CURRENT,42,22,Takeoff
3.720499038696289,LOCAL_POSITION_NED,32,40,Takeoff
3.720555067062378,ATTITUDE,30,40,Takeoff
3.7205679416656494,ODOMETRY,331,244,Takeoff
3.7245380878448486,ATTITUDE_TARGET,83,48,Takeoff
3.728588104248047,ATTITUDE,30,40,Takeoff
3.7333829402923584,LOCAL_POSITION_NED,32,40,Takeoff
3.733405113220215,SERVO_OUTPUT_RAW,36,23,Takeoff
3.734170913696289,HIGHRES_IMU,105,73,Takeoff
3.7342369556427,ATTITUDE,30,40,Takeoff
3.7342569828033447,ATTITUDE_QUATERNION,31,44,Takeoff
3.7364280223846436,GLOBAL_POSITION_INT,33,40,Takeoff
3.7365849018096924,ATTITUDE_QUATERNION,31,44,Takeoff
3.7366371154785156,GLOBAL_POSITION_INT,33,40,Takeoff
3.7366490364074707,POSITION_TARGET_LOCAL_NED,85,63,Takeoff
3.7404251098632812,ATTITUDE,30,40,Takeoff
3.7467780113220215,ATTITUDE_TARGET,83,48,Takeoff
3.748249053955078,GPS_RAW_INT,24,56,Takeoff
3.750452995300293,POSITION_TARGET_GLOBAL_INT,87,63,Takeoff
3.7505009174346924,ATTITUDE,30,40,Takeoff
3.7543559074401855,LOCAL_POSITION_NED,32,40,Takeoff
3.754408121109009,SERVO_OUTPUT_RAW,36,23,Takeoff
3.754408121109009,TIMESYNC,111,25,Takeoff
3.754426956176758,HIGHRES_IMU,105,74,Takeoff
3.7544360160827637,LOCAL_POSITION_NED,32,40,Takeoff
3.7544479370117188,ATTITUDE,30,40,Takeoff
3.754457950592041,ALTITUDE,141,44,Takeoff
3.7544710636138916,ODOMETRY,331,244,Takeoff
3.7544779777526855,ATTITUDE_QUATERNION,31,44,Takeoff
3.7544848918914795,ATTITUDE_TARGET,83,48,Takeoff
3.7544960975646973,POSITION_TARGET_LOCAL_NED,85,63,Takeoff
3.7545039653778076,SERVO_OUTPUT_RAW,36,23,Takeoff
3.7545130252838135,SYS_STATUS,1,52,Takeoff
3.7545199394226074,VFR_HUD,74,29,Takeoff
3.756542921066284,GLOBAL_POSITION_INT,33,40,Takeoff
3.7566161155700684,ATTITUDE_QUATERNION,31,44,Takeoff
3.756640911102295,GLOBAL_POSITION_INT,33,40,Takeoff
3.756653070449829,POSITION_TARGET_LOCAL_NED,85,63,Takeoff
3.760462999343872,ATTITUDE,30,40,Takeoff
3.7646329402923584,ATTITUDE_TARGET,83,48,Takeoff
3.7685599327087402,ATTITUDE,30,40,Takeoff
3.7724409103393555,HIGHRES_IMU,105,74,Takeoff
3.7724831104278564,LOCAL_POSITION_NED,32,40,Takeoff
3.7724950313568115,ATTITUDE,30,40,Takeoff
3.772502899169922,SERVO_OUTPUT_RAW,36,23,Takeoff
3.7725090980529785,ATTITUDE_QUATERNION,31,44,Takeoff
3.7769670486450195,GLOBAL_POSITION_INT,33,40,Takeoff
3.777014970779419,GPS_RAW_INT,24,56,Takeoff
3.777195930480957,ATTITUDE_QUATERNION,31,44,Takeoff
3.7772610187530518,GLOBAL_POSITION_INT,33,40,Takeoff
3.777287006378174,POSITION_TARGET_LOCAL_NED,85,63,Takeoff
3.780419111251831,ATTITUDE,30,40,Takeoff
3.784482955932617,ATTITUDE_TARGET,83,48,Takeoff
3.7885079383850098,LOCAL_POSITION_NED,32,40,Takeoff
3.788551092147827,ATTITUDE,30,40,Takeoff
3.7885611057281494,ODOMETRY,331,244,Takeoff
3.792527914047241,HIGHRES_IMU,105,74,Takeoff
3.7925920486450195,ATTITUDE,30,40,Takeoff
3.792603015899658,ATTITUDE_QUATERNION,31,44,Takeoff
3.7926130294799805,LOCAL_POSITION_NED,32,40,Takeoff
3.792634963989258,SERVO_OUTPUT_RAW,36,23,Takeoff
3.796494960784912,GLOBAL_POSITION_INT,33,40,Takeoff
3.796523094177246,ATTITUDE_QUATERNION,31,44,Takeoff
3.7965760231018066,GLOBAL_POSITION_INT,33,40,Takeoff
3.7965869903564453,POSITION_TARGET_LOCAL_NED,85,63,Takeoff
3.800446033477783,ATTITUDE,30,40,Takeoff
3.804555892944336,ATTITUDE_TARGET,83,48,Takeoff
3.808487892150879,ATTITUDE,30,40,Takeoff
3.8124489784240723,HIGHRES_IMU,105,74,Takeoff
3.812469959259033,ATTITUDE,30,40,Takeoff
3.812480926513672,ATTITUDE_QUATERNION,31,44,Takeoff
3.8124899864196777,GPS_RAW_INT,24,56,Takeoff
3.8125059604644775,LOCAL_POSITION_NED,32,40,Takeoff
3.8125600814819336,SERVO_OUTPUT_RAW,36,23,Takeoff
3.8164310455322266,GLOBAL_POSITION_INT,33,40,Takeoff
3.8164710998535156,ATTITUDE_QUATERNION,31,44,Takeoff
3.816490888595581,GLOBAL_POSITION_INT,33,40,Takeoff
3.8165009021759033,POSITION_TARGET_LOCAL_NED,85,63,Takeoff
3.8206839561462402,LOCAL_POSITION_NED,32,40,Takeoff
3.820773124694824,ATTITUDE,30,40,Takeoff
3.820789098739624,ODOMETRY,331,244,Takeoff
3.824549913406372,ATTITUDE_TARGET,83,48,Takeoff
3.828498125076294,ATTITUDE,30,40,Takeoff
3.833014965057373,HIGHRES_IMU,105,73,Takeoff
3.8330330848693848,LOCAL_POSITION_NED,32,40,Takeoff
3.833051919937134,SERVO_OUTPUT_RAW,36,23,Takeoff
3.8330729007720947,ATTITUDE,30,40,Takeoff
3.833082914352417,ATTITUDE_QUATERNION,31,44,Takeoff
3.8366401195526123,GLOBAL_POSITION_INT,33,40,Takeoff
3.836699962615967,ATTITUDE_QUATERNION,31,44,Takeoff
3.836735963821411,GLOBAL_POSITION_INT,33,40,Takeoff
3.836750030517578,POSITION_TARGET_LOCAL_NED,85,63,Takeoff
3.8406898975372314,ATTITUDE,30,40,Takeoff
3.844433069229126,GPS_RAW_INT,24,56,Takeoff
3.844470977783203,ATTITUDE_TARGET,83,48,Takeoff
3.8485910892486572,ATTITUDE,30,40,Takeoff
3.848673105239868,POSITION_TARGET_GLOBAL_INT,87,63,Takeoff
3.8524580001831055,TIMESYNC,111,25,Takeoff
3.852479934692383,LOCAL_POSITION_NED,32,40,Takeoff
3.8524980545043945,SERVO_OUTPUT_RAW,36,23,Takeoff
3.852509021759033,HIGHRES_IMU,105,73,Takeoff
3.8525168895721436,LOCAL_POSITION_NED,32,40,Takeoff
3.8525218963623047,ATTITUDE,30,40,Takeoff
3.8525259494781494,ALTITUDE,141,44,Takeoff
3.8525331020355225,ODOMETRY,331,244,Takeoff
3.852536916732788,ATTITUDE_QUATERNION,31,44,Takeoff
3.852540969848633,ATTITUDE_TARGET,83,48,Takeoff
3.852548122406006,POSITION_TARGET_LOCAL_NED,85,63,Takeoff
3.8525519371032715,SERVO_OUTPUT_RAW,36,23,Takeoff
3.8525569438934326,VFR_HUD,74,29,Takeoff
3.8564929962158203,GLOBAL_POSITION_INT,33,40,Takeoff
3.8565521240234375,ATTITUDE_QUATERNION,31,44,Takeoff
3.8566389083862305,GLOBAL_POSITION_INT,33,40,Takeoff
3.8566501140594482,POSITION_TARGET_LOCAL_NED,85,63,Takeoff
3.86053204536438,ATTITUDE,30,40,Takeoff
3.8644859790802,ATTITUDE_TARGET,83,48,Takeoff
3.8645520210266113,GPS_RAW_INT,24,56,Takeoff
3.8684630393981934,ATTITUDE,30,40,Takeoff
3.8725318908691406,LOCAL_POSITION_NED,32,40,Takeoff
3.872558116912842,HIGHRES_IMU,105,74,Takeoff
3.872615098953247,ATTITUDE,30,40,Takeoff
3.8726160526275635,SERVO_OUTPUT_RAW,36,23,Takeoff
3.872627019882202,ATTITUDE_QUATERNION,31,44,Takeoff
3.876436948776245,GLOBAL_POSITION_INT,33,40,Takeoff
3.8764779567718506,ATTITUDE_QUATERNION,31,44,Takeoff
3.876487970352173,GPS_RAW_INT,24,56,Takeoff
3.8765408992767334,GLOBAL_POSITION_INT,33,40,Takeoff
3.8765509128570557,POSITION_TARGET_LOCAL_NED,85,63,Takeoff
3.880614995956421,ATTITUDE,30,40,Takeoff
3.8844499588012695,ATTITUDE_TARGET,83,48,Takeoff
3.888413906097412,LOCAL_POSITION_NED,32,40,Takeoff
3.8884620666503906,ODOMETRY,331,244,Takeoff
3.88846492767334,ATTITUDE,30,40,Takeoff
3.88863205909729,HEARTBEAT,0,21,Takeoff
3.8923919200897217,HIGHRES_IMU,105,73,Takeoff
3.8924400806427,ATTITUDE,30,40,Takeoff
3.8924429416656494,LOCAL_POSITION_NED,32,40,Takeoff
3.892451047897339,ATTITUDE_QUATERNION,31,44,Takeoff
3.8924660682678223,SERVO_OUTPUT_RAW,36,23,Takeoff
3.8924720287323,HEARTBEAT,0,21,Takeoff
3.8971760272979736,GLOBAL_POSITION_INT,33,40,Takeoff
3.8972039222717285,ATTITUDE_QUATERNION,31,44,Takeoff
3.8972299098968506,GLOBAL_POSITION_INT,33,40,Takeoff
3.897239923477173,POSITION_TARGET_LOCAL_NED,85,63,Takeoff
3.900502920150757,ATTITUDE,30,40,Takeoff
3.904675006866455,ATTITUDE_TARGET,83,48,Takeoff
3.908428907394409,GPS_RAW_INT,24,56,Takeoff
3.9085140228271484,ATTITUDE,30,40,Takeoff
3.9128260612487793,HIGHRES_IMU,105,74,Takeoff
3.9128730297088623,LOCAL_POSITION_NED,32,40,Takeoff
3.912885904312134,ATTITUDE,30,40,Takeoff
3.9128971099853516,ATTITUDE_QUATERNION,31,44,Takeoff
3.9129300117492676,SERVO_OUTPUT_RAW,36,23,Takeoff
3.9164628982543945,GLOBAL_POSITION_INT,33,40,Takeoff
3.916508913040161,ATTITUDE_QUATERNION,31,44,Takeoff
3.91656494140625,GLOBAL_POSITION_INT,33,40,Takeoff
3.9165759086608887,POSITION_TARGET_LOCAL_NED,85,63,Takeoff
3.916584014892578,VFR_HUD,74,29,Takeoff
3.9204699993133545,LOCAL_POSITION_NED,32,40,Takeoff
3.920491933822632,ATTITUDE,30,40,Takeoff
3.9205029010772705,ODOMETRY,331,244,Takeoff
3.9248769283294678,ATTITUDE_TARGET,83,48,Takeoff
3.9285950660705566,ATTITUDE,30,40,Takeoff
3.93247389793396,HIGHRES_IMU,105,74,Takeoff
3.9325249195098877,ATTITUDE,30,40,Takeoff
3.93253493309021,LOCAL_POSITION_NED,32,40,Takeoff
3.9325389862060547,ATTITUDE_QUATERNION,31,44,Takeoff
3.932590961456299,SERVO_OUTPUT_RAW,36,23,Takeoff
3.936635971069336,GLOBAL_POSITION_INT,33,40,Takeoff
3.936918020248413,ATTITUDE_QUATERNION,31,44,Takeoff
3.9369800090789795,GLOBAL_POSITION_INT,33,40,Takeoff
3.93699312210083,POSITION_TARGET_LOCAL_NED,85,63,Takeoff
3.940603017807007,ATTITUDE,30,40,Takeoff
3.9444580078125,GPS_RAW_INT,24,56,Takeoff
3.9445269107818604,ATTITUDE_TARGET,83,48,Takeoff
3.948499917984009,POSITION_TARGET_GLOBAL_INT,87,63,Takeoff
3.9485650062561035,ATTITUDE,30,40,Takeoff
3.9526479244232178,HEARTBEAT,0,21,Takeoff
3.9526689052581787,TIMESYNC,111,25,Takeoff
3.9526801109313965,HIGHRES_IMU,105,73,Takeoff
3.952686071395874,LOCAL_POSITION_NED,32,40,Takeoff
3.9526889324188232,LOCAL_POSITION_NED,32,40,Takeoff
3.9526920318603516,ATTITUDE,30,40,Takeoff
3.9526970386505127,ALTITUDE,141,44,Takeoff
3.9527039527893066,ODOMETRY,331,244,Takeoff
3.9527080059051514,ATTITUDE_QUATERNION,31,44,Takeoff
3.952712059020996,ATTITUDE_TARGET,83,48,Takeoff
3.9527170658111572,BATTERY_STATUS,147,53,Takeoff
3.952721118927002,UNKNOWN_436,-2,21,Takeoff
3.9527270793914795,ESTIMATOR_STATUS,230,54,Takeoff
3.9527339935302734,EXTENDED_SYS_STATE,245,14,Takeoff
3.9527430534362793,HOME_POSITION,242,67,Takeoff
3.952747106552124,SERVO_OUTPUT_RAW,36,23,Takeoff
3.952752113342285,OPEN_DRONE_ID_LOCATION,12901,70,Takeoff
3.9527580738067627,OPEN_DRONE_ID_SYSTEM,12904,37,Takeoff
3.952763080596924,PING,4,21,Takeoff
3.9527690410614014,POSITION_TARGET_LOCAL_NED,85,63,Takeoff
3.9527759552001953,SCALED_PRESSURE,29,26,Takeoff
3.952781915664673,SERVO_OUTPUT_RAW,36,23,Takeoff
3.9527900218963623,SYS_STATUS,1,52,Takeoff
3.9527969360351562,SYSTEM_TIME,2,22,Takeoff
3.952802896499634,VFR_HUD,74,29,Takeoff
3.952810049057007,VIBRATION,241,32,Takeoff
3.9528160095214844,UNKNOWN_8,-2,33,Takeoff
3.9543139934539795,PING,4,26,Takeoff
3.956942081451416,GLOBAL_POSITION_INT,33,40,Takeoff
3.9569859504699707,ATTITUDE_QUATERNION,31,44,Takeoff
3.9570069313049316,GLOBAL_POSITION_INT,33,40,Takeoff
3.957019090652466,POSITION_TARGET_LOCAL_NED,85,63,Takeoff
3.9604930877685547,ATTITUDE,30,40,Takeoff
3.9647319316864014,ATTITUDE_TARGET,83,48,Takeoff
3.971571922302246,ATTITUDE,30,40,Takeoff
3.972590923309326,HIGHRES_IMU,105,73,Takeoff
3.9726359844207764,LOCAL_POSITION_NED,32,40,Takeoff
3.9726479053497314,ATTITUDE,30,40,Takeoff
3.972661018371582,ATTITUDE_QUATERNION,31,44,Takeoff
3.9726879596710205,SERVO_OUTPUT_RAW,36,23,Takeoff
3.976569890975952,GLOBAL_POSITION_INT,33,40,Takeoff
3.9765920639038086,GPS_RAW_INT,24,56,Takeoff
3.97660493850708,ATTITUDE_QUATERNION,31,44,Takeoff
3.976623058319092,GLOBAL_POSITION_INT,33,40,Takeoff
3.9766321182250977,POSITION_TARGET_LOCAL_NED,85,63,Takeoff
3.981050968170166,ATTITUDE,30,40,Takeoff
3.984586000442505,ATTITUDE_TARGET,83,48,Takeoff
3.984653949737549,MISSION_CURRENT,42,22,Takeoff
3.9891419410705566,LOCAL_POSITION_NED,32,40,Takeoff
3.9891650676727295,ODOMETRY,331,244,Takeoff
3.9892220497131348,ATTITUDE,30,40,Takeoff
3.992500066757202,HIGHRES_IMU,105,74,Takeoff
3.9925549030303955,ATTITUDE,30,40,Takeoff
3.992568016052246,ATTITUDE_QUATERNION,31,44,Takeoff
3.99257493019104,LOCAL_POSITION_NED,32,40,Takeoff
3.9926280975341797,SERVO_OUTPUT_RAW,36,23,Takeoff
3.9966020584106445,GLOBAL_POSITION_INT,33,40,Takeoff
3.9966259002685547,ATTITUDE_QUATERNION,31,44,Takeoff
3.9966471195220947,GLOBAL_POSITION_INT,33,40,Takeoff
3.9966559410095215,POSITION_TARGET_LOCAL_NED,85,63,Takeoff
4.000633955001831,ATTITUDE,30,40,Takeoff
4.004487037658691,ATTITUDE_TARGET,83,48,Takeoff
4.008400917053223,GPS_RAW_INT,24,56,Takeoff
4.00846791267395,ATTITUDE,30,40,Takeoff
4.013144016265869,HIGHRES_IMU,105,73,Takeoff
4.0131919384002686,LOCAL_POSITION_NED,32,40,Takeoff
4.013228893280029,ATTITUDE,30,40,Takeoff
4.0132410526275635,ATTITUDE_QUATERNION,31,44,Takeoff
4.013251066207886,SERVO_OUTPUT_RAW,36,23,Takeoff
4.016474008560181,ATTITUDE_QUATERNION,31,44,Takeoff
4.01648211479187,GLOBAL_POSITION_INT,33,40,Takeoff
4.016495943069458,GLOBAL_POSITION_INT,33,40,Takeoff
4.016505002975464,POSITION_TARGET_LOCAL_NED,85,63,Takeoff
4.020509958267212,LOCAL_POSITION_NED,32,40,Takeoff
4.02052903175354,ATTITUDE,30,40,Takeoff
4.020540952682495,ODOMETRY,331,244,Takeoff
4.024445056915283,ATTITUDE_TARGET,83,48,Takeoff
4.028662919998169,ATTITUDE,30,40,Takeoff
4.032644033432007,HIGHRES_IMU,105,73,Takeoff
4.032666921615601,ATTITUDE,30,40,Takeoff
4.032679080963135,ATTITUDE_QUATERNION,31,44,Takeoff
4.032691955566406,LOCAL_POSITION_NED,32,40,Takeoff
4.032751083374023,SERVO_OUTPUT_RAW,36,23,Takeoff
4.036387920379639,GLOBAL_POSITION_INT,33,40,Takeoff
4.036498069763184,ATTITUDE_QUATERNION,31,44,Takeoff
4.036523103713989,GLOBAL_POSITION_INT,33,40,Takeoff
4.036531925201416,POSITION_TARGET_LOCAL_NED,85,63,Takeoff
4.040472984313965,ATTITUDE,30,40,Takeoff
4.040534973144531,GPS_RAW_INT,24,56,Takeoff
4.045001029968262,ATTITUDE_TARGET,83,48,Takeoff
4.048656940460205,POSITION_TARGET_GLOBAL_INT,87,63,Takeoff
4.048702955245972,ATTITUDE,30,40,Takeoff
4.04876708984375,POSITION_TARGET_GLOBAL_INT,87,63,Takeoff
4.052603006362915,LOCAL_POSITION_NED,32,40,Takeoff
4.05262303352356,SERVO_OUTPUT_RAW,36,23,Takeoff
4.05273699760437,TIMESYNC,111,25,Takeoff
4.052762985229492,HIGHRES_IMU,105,74,Takeoff
4.052772045135498,LOCAL_POSITION_NED,32,40,Takeoff
4.052778959274292,ATTITUDE,30,40,Takeoff
4.052786111831665,ALTITUDE,141,44,Takeoff
4.052796125411987,ODOMETRY,331,244,Takeoff
4.052803039550781,ATTITUDE_QUATERNION,31,44,Takeoff
4.052809953689575,ATTITUDE_TARGET,83,48,Takeoff
4.0528199672698975,POSITION_TARGET_LOCAL_NED,85,63,Takeoff
4.052828073501587,SERVO_OUTPUT_RAW,36,23,Takeoff
4.052834987640381,VFR_HUD,74,31,Takeoff
4.056396007537842,GLOBAL_POSITION_INT,33,40,Takeoff
4.0564329624176025,ATTITUDE_QUATERNION,31,44,Takeoff
4.056452989578247,GLOBAL_POSITION_INT,33,40,Takeoff
4.056462049484253,POSITION_TARGET_LOCAL_NED,85,63,Takeoff
4.060878038406372,ATTITUDE,30,40,Takeoff
4.064522981643677,ATTITUDE_TARGET,83,48,Takeoff
4.064579963684082,GPS_RAW_INT,24,56,Takeoff

36.3985800743103,ATTITUDE_TARGET,83,48,other
36.39889311790466,ATTITUDE,30,40,other
36.41365909576416,GPS_RAW_INT,24,56,other
36.41368293762207,POSITION_TARGET_GLOBAL_INT,87,63,other
36.41742706298828,ATTITUDE,30,40,other
36.42008900642395,TIMESYNC,111,25,other
36.4202299118042,HIGHRES_IMU,105,74,other
36.42023992538452,LOCAL_POSITION_NED,32,40,other
36.420249938964844,ATTITUDE,30,40,other
36.42025589942932,ALTITUDE,141,44,other
36.420268058776855,ODOMETRY,331,244,other
36.420275926589966,ATTITUDE_QUATERNION,31,44,other
36.42028307914734,ATTITUDE_TARGET,83,48,other
36.42029595375061,POSITION_TARGET_LOCAL_NED,85,63,other
36.420305013656616,SERVO_OUTPUT_RAW,36,24,other
36.42031407356262,SYS_STATUS,1,52,other
36.42032194137573,VFR_HUD,74,31,other
36.420385122299194,LOCAL_POSITION_NED,32,40,other
36.4203999042511,SERVO_OUTPUT_RAW,36,24,other
36.42176699638367,GLOBAL_POSITION_INT,33,40,other
36.421802043914795,ATTITUDE_QUATERNION,31,44,other
36.42183589935303,GLOBAL_POSITION_INT,33,40,other
36.42184805870056,POSITION_TARGET_LOCAL_NED,85,63,other
36.42597699165344,MISSION_CURRENT,42,22,other
36.42767810821533,ATTITUDE,30,40,other
36.4288170337677,ATTITUDE_TARGET,83,48,other
36.428874015808105,VFR_HUD,74,31,other
36.43179702758789,ATTITUDE,30,40,other
36.43577194213867,HIGHRES_IMU,105,74,other
36.43579411506653,ATTITUDE,30,40,other
36.43580508232117,ATTITUDE_QUATERNION,31,44,other
36.43582606315613,LOCAL_POSITION_NED,32,40,other
36.43587803840637,SERVO_OUTPUT_RAW,36,24,other
36.4399139881134,GLOBAL_POSITION_INT,33,40,other
36.44000792503357,ATTITUDE_QUATERNION,31,44,other
36.44003391265869,GLOBAL_POSITION_INT,33,40,other
36.44004511833191,POSITION_TARGET_LOCAL_NED,85,63,other
36.458909034729004,GPS_RAW_INT,24,56,other
36.459261894226074,ATTITUDE,30,40,other
36.45937204360962,ATTITUDE_TARGET,83,48,other
36.45999598503113,ATTITUDE,30,40,other
36.46002793312073,LOCAL_POSITION_NED,32,40,other
36.46012997627258,ODOMETRY,331,244,other
36.46291708946228,HIGHRES_IMU,105,74,other
36.462955951690674,ATTITUDE,30,40,other
36.462965965270996,ATTITUDE_QUATERNION,31,44,other
36.463380098342896,LOCAL_POSITION_NED,32,40,other
36.46344208717346,SERVO_OUTPUT_RAW,36,24,other
36.4651141166687,GLOBAL_POSITION_INT,33,40,other
36.46540307998657,ATTITUDE_QUATERNION,31,44,other
36.46546792984009,GLOBAL_POSITION_INT,33,40,other
36.46549892425537,POSITION_TARGET_LOCAL_NED,85,63,other
36.47413492202759,ATTITUDE,30,40,other
36.47425889968872,ATTITUDE_TARGET,83,48,other
36.47914409637451,ATTITUDE,30,40,other
36.4833550453186,HIGHRES_IMU,105,73,other
36.483397006988525,ATTITUDE,30,40,other
36.48341989517212,ATTITUDE_QUATERNION,31,44,other
36.483439922332764,GPS_RAW_INT,24,56,other
36.48354196548462,LOCAL_POSITION_NED,32,40,other
36.48359394073486,SERVO_OUTPUT_RAW,36,24,other
36.48533296585083,GLOBAL_POSITION_INT,33,40,other
36.48549509048462,ATTITUDE_QUATERNION,31,44,other
36.485564947128296,GLOBAL_POSITION_INT,33,40,other
36.48557710647583,POSITION_TARGET_LOCAL_NED,85,63,other
36.48894810676575,LOCAL_POSITION_NED,32,40,other
36.48910593986511,ODOMETRY,331,244,other
36.49231791496277,ATTITUDE,30,40,other
36.49255108833313,ATTITUDE_TARGET,83,48,other
36.4992470741272,ATTITUDE,30,40,other
36.501734018325806,HIGHRES_IMU,105,74,other
36.50178503990173,LOCAL_POSITION_NED,32,40,other
36.501786947250366,ATTITUDE,30,40,other
36.50180006027222,ATTITUDE_QUATERNION,31,44,other
36.50180792808533,SERVO_OUTPUT_RAW,36,24,other
36.50522589683533,ATTITUDE_QUATERNION,31,44,other
36.50524711608887,GLOBAL_POSITION_INT,33,40,other
36.505255937576294,GLOBAL_POSITION_INT,33,40,other
36.50525689125061,POSITION_TARGET_LOCAL_NED,85,63,other
36.51281404495239,ATTITUDE,30,40,other
36.51289391517639,ATTITUDE_TARGET,83,48,other
36.516226053237915,GPS_RAW_INT,24,56,other
36.516247034072876,POSITION_TARGET_GLOBAL_INT,87,63,other
36.51628398895264,ATTITUDE,30,40,other
36.52049493789673,LOCAL_POSITION_NED,32,40,other
36.52052593231201,TIMESYNC,111,25,other
36.52053999900818,SERVO_OUTPUT_RAW,36,24,other
36.52068209648132,HIGHRES_IMU,105,73,other
36.52069807052612,LOCAL_POSITION_NED,32,40,other
36.52071404457092,ATTITUDE,30,40,other
36.520724058151245,ALTITUDE,141,44,other
36.52073907852173,ODOMETRY,331,244,other
36.520750999450684,ATTITUDE_QUATERNION,31,44,other
36.52076005935669,ATTITUDE_TARGET,83,48,other
36.520769119262695,POSITION_TARGET_LOCAL_NED,85,63,other
36.52077794075012,SERVO_OUTPUT_RAW,36,24,other
36.520790100097656,VFR_HUD,74,31,other
36.52861499786377,ATTITUDE_QUATERNION,31,44,other
36.52894401550293,GLOBAL_POSITION_INT,33,40,other
36.5289580821991,POSITION_TARGET_LOCAL_NED,85,63,other
36.5289990901947,GLOBAL_POSITION_INT,33,40,other
36.532464027404785,ATTITUDE,30,40,other
36.53251504898071,ATTITUDE_TARGET,83,48,other
36.532630920410156,GPS_RAW_INT,24,56,other
36.536725997924805,ATTITUDE,30,40,other
36.54058003425598,LOCAL_POSITION_NED,32,40,other
36.540602922439575,SERVO_OUTPUT_RAW,36,24,other
36.540770053863525,HIGHRES_IMU,105,74,other
36.54078698158264,ATTITUDE,30,40,other
36.54079794883728,ATTITUDE_QUATERNION,31,44,other
36.54420709609985,ATTITUDE_QUATERNION,31,44,other
36.544265031814575,GLOBAL_POSITION_INT,33,40,other
36.54427695274353,POSITION_TARGET_LOCAL_NED,85,63,other
36.54430603981018,GLOBAL_POSITION_INT,33,40,other
36.54934597015381,GPS_RAW_INT,24,56,other
36.557157039642334,ATTITUDE_TARGET,83,48,other
36.5576810836792,ATTITUDE,30,40,other
36.559427976608276,ATTITUDE,30,40,other
36.559515953063965,LOCAL_POSITION_NED,32,40,other
36.5595440864563,ODOMETRY,331,244,other
36.56099605560303,LOCAL_POSITION_NED,32,40,other
36.56101608276367,SERVO_OUTPUT_RAW,36,24,other
36.56133508682251,HIGHRES_IMU,105,73,other
36.561387062072754,ATTITUDE,30,40,other
36.56139898300171,ATTITUDE_QUATERNION,31,44,other
36.564342975616455,ATTITUDE_QUATERNION,31,44,other
36.56436800956726,GLOBAL_POSITION_INT,33,40,other
36.5643789768219,POSITION_TARGET_LOCAL_NED,85,63,other
36.56441903114319,GLOBAL_POSITION_INT,33,40,other
36.57221603393555,ATTITUDE_TARGET,83,48,other
36.57232999801636,ATTITUDE,30,40,other
36.57625603675842,ATTITUDE,30,40,other
36.580471992492676,LOCAL_POSITION_NED,32,40,other
36.5805139541626,HIGHRES_IMU,105,74,other
36.58052611351013,SERVO_OUTPUT_RAW,36,24,other
36.58053493499756,ATTITUDE,30,40,other
36.5805459022522,ATTITUDE_QUATERNION,31,44,other
36.58056402206421,GPS_RAW_INT,24,56,other
36.58419394493103,GLOBAL_POSITION_INT,33,40,other
36.58451509475708,ATTITUDE_QUATERNION,31,44,other
36.58457708358765,GLOBAL_POSITION_INT,33,40,other
36.584588050842285,POSITION_TARGET_LOCAL_NED,85,63,other
36.58840203285217,LOCAL_POSITION_NED,32,40,other
36.58856010437012,ODOMETRY,331,244,other
36.59241199493408,ATTITUDE_TARGET,83,48,other
36.5924859046936,ATTITUDE,30,40,other
36.59698510169983,ATTITUDE,30,40,other
36.60018706321716,LOCAL_POSITION_NED,32,40,other
36.600208044052124,SERVO_OUTPUT_RAW,36,24,other
36.60023498535156,HIGHRES_IMU,105,74,other
36.600253105163574,ATTITUDE,30,40,other
36.6002631187439,ATTITUDE_QUATERNION,31,44,other
36.60421109199524,ATTITUDE_QUATERNION,31,44,other
36.60424995422363,GLOBAL_POSITION_INT,33,40,other
36.60427403450012,GLOBAL_POSITION_INT,33,40,other
36.60428595542908,POSITION_TARGET_LOCAL_NED,85,63,other
36.61502194404602,ATTITUDE_TARGET,83,48,other
36.61505603790283,ATTITUDE,30,40,other
36.615113973617554,GPS_RAW_INT,24,56,other
36.61719489097595,ATTITUDE,30,40,other
36.617342948913574,POSITION_TARGET_GLOBAL_INT,87,63,other
36.620179891586304,LOCAL_POSITION_NED,32,40,other
36.62024402618408,SERVO_OUTPUT_RAW,36,24,other
36.62031006813049,TIMESYNC,111,25,other
36.62036490440369,HIGHRES_IMU,105,73,other
36.62037491798401,LOCAL_POSITION_NED,32,40,other
36.620383977890015,ATTITUDE,30,40,other
36.62039089202881,ALTITUDE,141,44,other
36.62040090560913,ODOMETRY,331,244,other
36.62040996551514,ATTITUDE_QUATERNION,31,44,other
36.62041711807251,ATTITUDE_TARGET,83,48,other
36.62042808532715,POSITION_TARGET_LOCAL_NED,85,63,other
36.620434045791626,SERVO_OUTPUT_RAW,36,24,other
36.6204400062561,SYS_STATUS,1,52,other
36.62049698829651,VFR_HUD,74,31,other
36.626631021499634,GLOBAL_POSITION_INT,33,40,other
36.62664604187012,ATTITUDE_QUATERNION,31,44,other
36.626667976379395,GLOBAL_POSITION_INT,33,40,other
36.62667989730835,POSITION_TARGET_LOCAL_NED,85,63,other
36.632200956344604,ATTITUDE_TARGET,83,48,other
36.63227391242981,ATTITUDE,30,40,other
36.63802695274353,ATTITUDE,30,40,other
36.64231610298157,LOCAL_POSITION_NED,32,40,other
36.642374992370605,SERVO_OUTPUT_RAW,36,24,other
36.64249300956726,HIGHRES_IMU,105,73,other
36.64254593849182,ATTITUDE,30,40,other
36.64255905151367,ATTITUDE_QUATERNION,31,44,other
36.64428210258484,ATTITUDE_QUATERNION,31,44,other
36.6443350315094,GLOBAL_POSITION_INT,33,40,other
36.644346952438354,POSITION_TARGET_LOCAL_NED,85,63,other
36.64436197280884,GLOBAL_POSITION_INT,33,40,other
36.64998698234558,GPS_RAW_INT,24,56,other
36.65214395523071,ATTITUDE_TARGET,83,48,other
36.652209997177124,ATTITUDE,30,40,other
36.65738892555237,ATTITUDE,30,40,other
36.65739107131958,LOCAL_POSITION_NED,32,40,other
36.6574330329895,ODOMETRY,331,244,other
36.660221099853516,LOCAL_POSITION_NED,32,40,other
36.66023802757263,SERVO_OUTPUT_RAW,36,24,other
36.66032600402832,HIGHRES_IMU,105,74,other
36.66038393974304,ATTITUDE,30,40,other
36.66039800643921,ATTITUDE_QUATERNION,31,44,other
36.66430592536926,ATTITUDE_QUATERNION,31,44,other
36.66436409950256,GLOBAL_POSITION_INT,33,40,other
36.66437602043152,POSITION_TARGET_LOCAL_NED,85,63,other
36.664510011672974,GLOBAL_POSITION_INT,33,40,other
36.67378211021423,ATTITUDE_TARGET,83,48,other
36.67417907714844,ATTITUDE,30,40,other
36.676695108413696,ATTITUDE,30,40,other
36.68022704124451,LOCAL_POSITION_NED,32,40,other
36.68027710914612,SERVO_OUTPUT_RAW,36,24,other
36.68034791946411,HIGHRES_IMU,105,73,other
36.68039798736572,ATTITUDE,30,40,other
36.68040990829468,ATTITUDE_QUATERNION,31,44,other
36.680418968200684,GPS_RAW_INT,24,56,other
36.685023069381714,ATTITUDE_QUATERNION,31,44,other
36.685039043426514,GLOBAL_POSITION_INT,33,40,other
36.685075998306274,GLOBAL_POSITION_INT,33,40,other
36.68508791923523,POSITION_TARGET_LOCAL_NED,85,63,other
36.68512296676636,VFR_HUD,74,31,other
36.68836688995361,LOCAL_POSITION_NED,32,40,other
36.68842911720276,ODOMETRY,331,244,other
36.692445039749146,ATTITUDE_TARGET,83,48,other
36.6925630569458,ATTITUDE,30,40,other
36.69627499580383,ATTITUDE,30,40,other
36.7003710269928,LOCAL_POSITION_NED,32,40,other
36.700525999069214,SERVO_OUTPUT_RAW,36,24,other
36.700613021850586,HIGHRES_IMU,105,73,other
36.70071601867676,ATTITUDE,30,40,other
36.700735092163086,ATTITUDE_QUATERNION,31,44,other
36.705934047698975,GLOBAL_POSITION_INT,33,40,other
36.70600390434265,ATTITUDE_QUATERNION,31,44,other
36.7061231136322,GLOBAL_POSITION_INT,33,40,other
36.706209897994995,POSITION_TARGET_LOCAL_NED,85,63,other
36.712275981903076,ATTITUDE_TARGET,83,48,other
36.71233606338501,ATTITUDE,30,40,other
36.71239995956421,GPS_RAW_INT,24,56,other
36.71632695198059,ATTITUDE,30,40,other
36.716387033462524,POSITION_TARGET_GLOBAL_INT,87,63,other
36.72075700759888,LOCAL_POSITION_NED,32,40,other
36.720813035964966,TIMESYNC,111,25,other
36.720824003219604,SERVO_OUTPUT_RAW,36,24,other
36.72083497047424,HIGHRES_IMU,105,74,other
36.72084307670593,LOCAL_POSITION_NED,32,40,other
36.720853090286255,ATTITUDE,30,40,other
36.72086000442505,ALTITUDE,141,44,other
36.72087097167969,ODOMETRY,331,244,other
36.72087907791138,ATTITUDE_QUATERNION,31,44,other
36.72088694572449,ATTITUDE_TARGET,83,48,other
36.720897912979126,POSITION_TARGET_LOCAL_NED,85,63,other
36.720906019210815,SERVO_OUTPUT_RAW,36,24,other
36.72091507911682,VFR_HUD,74,31,other
36.72417497634888,ATTITUDE_QUATERNION,31,44,other
36.724231004714966,GLOBAL_POSITION_INT,33,40,other
36.724241971969604,POSITION_TARGET_LOCAL_NED,85,63,other
36.72430992126465,GLOBAL_POSITION_INT,33,40,other
36.73356103897095,ATTITUDE_TARGET,83,48,other
36.735016107559204,GPS_RAW_INT,24,56,other
36.73834490776062,ATTITUDE,30,40,other
36.738378047943115,ATTITUDE,30,40,other
36.74106502532959,HIGHRES_IMU,105,74,other
36.74108600616455,ATTITUDE_QUATERNION,31,44,other
36.74148511886597,LOCAL_POSITION_NED,32,40,other
36.74150109291077,SERVO_OUTPUT_RAW,36,24,other
36.744524002075195,ATTITUDE_QUATERNION,31,44,other
36.74452996253967,GLOBAL_POSITION_INT,33,40,other
36.74454307556152,GLOBAL_POSITION_INT,33,40,other
36.744553089141846,POSITION_TARGET_LOCAL_NED,85,63,other
36.744566917419434,GPS_RAW_INT,24,56,other
36.748284101486206,ATTITUDE,30,40,other
36.75223398208618,ATTITUDE_TARGET,83,48,other
36.75624394416809,LOCAL_POSITION_NED,32,40,other
36.7562620639801,ATTITUDE,30,40,other
36.756272077560425,ODOMETRY,331,244,other
36.7562940120697,ATTITUDE,30,40,other
36.76034212112427,HIGHRES_IMU,105,73,other
36.760369062423706,ATTITUDE_QUATERNION,31,44,other
36.76054906845093,LOCAL_POSITION_NED,32,40,other
36.760597944259644,SERVO_OUTPUT_RAW,36,24,other
36.76463794708252,GLOBAL_POSITION_INT,33,40,other
36.76480793952942,ATTITUDE_QUATERNION,31,44,other
36.76482892036438,GLOBAL_POSITION_INT,33,40,other
36.764837980270386,POSITION_TARGET_LOCAL_NED,85,63,other
36.76822590827942,ATTITUDE,30,40,other
36.77098989486694,HEARTBEAT,0,21,other
36.77216291427612,HEARTBEAT,0,21,other
36.77233004570007,ATTITUDE_TARGET,83,48,other
36.776577949523926,ATTITUDE,30,40,other
36.77662205696106,ATTITUDE,30,40,other
36.78010892868042,HIGHRES_IMU,105,74,other
36.780179023742676,LOCAL_POSITION_NED,32,40,other
36.78021192550659,ATTITUDE_QUATERNION,31,44,other
36.78022503852844,GPS_RAW_INT,24,56,other
36.78023099899292,SERVO_OUTPUT_RAW,36,24,other
36.78416895866394,GLOBAL_POSITION_INT,33,40,other
36.78422808647156,ATTITUDE_QUATERNION,31,44,other
36.78424692153931,GLOBAL_POSITION_INT,33,40,other
36.78425598144531,POSITION_TARGET_LOCAL_NED,85,63,other
36.78821110725403,LOCAL_POSITION_NED,32,40,other
36.788317918777466,ATTITUDE,30,40,other
36.78833198547363,ODOMETRY,331,244,other
36.79228591918945,ATTITUDE_TARGET,83,48,other
36.79623198509216,ATTITUDE,30,40,other
36.796287059783936,ATTITUDE,30,40,other
36.800549030303955,LOCAL_POSITION_NED,32,40,other
36.800610065460205,SERVO_OUTPUT_RAW,36,24,other
36.801228046417236,HIGHRES_IMU,105,73,other
36.80127501487732,ATTITUDE_QUATERNION,31,44,other
36.80429697036743,GLOBAL_POSITION_INT,33,40,other
36.80432891845703,ATTITUDE_QUATERNION,31,44,other
36.80435109138489,GLOBAL_POSITION_INT,33,40,other
36.804359912872314,POSITION_TARGET_LOCAL_NED,85,63,other
36.8081419467926,ATTITUDE,30,40,other
36.812248945236206,GPS_RAW_INT,24,56,other
36.812304973602295,ATTITUDE_TARGET,83,48,other
36.81618309020996,ATTITUDE,30,40,other
36.816240072250366,POSITION_TARGET_GLOBAL_INT,87,63,other
36.816251039505005,ATTITUDE,30,40,other
36.82065796852112,TIMESYNC,111,25,other
36.82069802284241,LOCAL_POSITION_NED,32,40,other
36.820712089538574,HIGHRES_IMU,105,73,other
36.820720911026,LOCAL_POSITION_NED,32,40,other
36.820728063583374,ALTITUDE,141,44,other
36.820735931396484,ODOMETRY,331,244,other
36.820744037628174,ATTITUDE_QUATERNION,31,44,other
36.82074594497681,SERVO_OUTPUT_RAW,36,24,other
36.82074999809265,ATTITUDE_TARGET,83,48,other
36.820761919021606,POSITION_TARGET_LOCAL_NED,85,63,other
36.82076907157898,SERVO_OUTPUT_RAW,36,24,other
36.820777893066406,SYS_STATUS,1,52,other
36.82078504562378,VFR_HUD,74,31,other
36.824103116989136,GLOBAL_POSITION_INT,33,40,other
36.82415294647217,ATTITUDE_QUATERNION,31,44,other
36.82420611381531,GLOBAL_POSITION_INT,33,40,other
36.824214935302734,POSITION_TARGET_LOCAL_NED,85,63,other
36.82832407951355,ATTITUDE,30,40,other
36.83223605155945,ATTITUDE_TARGET,83,48,other
36.83701801300049,ATTITUDE,30,40,other
36.83705711364746,ATTITUDE,30,40,other
36.84013795852661,HIGHRES_IMU,105,74,other
36.840184926986694,LOCAL_POSITION_NED,32,40,other
36.84018611907959,ATTITUDE_QUATERNION,31,44,other
36.84023404121399,SERVO_OUTPUT_RAW,36,24,other
36.84438490867615,GLOBAL_POSITION_INT,33,40,other
36.84441304206848,GPS_RAW_INT,24,56,other
36.844417095184326,ATTITUDE_QUATERNION,31,44,other
36.84443998336792,GLOBAL_POSITION_INT,33,40,other
36.84445095062256,POSITION_TARGET_LOCAL_NED,85,63,other
36.84817600250244,ATTITUDE,30,40,other
36.85223412513733,ATTITUDE_TARGET,83,48,other
36.85642409324646,LOCAL_POSITION_NED,32,40,other
36.85646605491638,ATTITUDE,30,40,other
36.85647511482239,ATTITUDE,30,40,other
36.856488943099976,ODOMETRY,331,244,other
36.860239028930664,HIGHRES_IMU,105,74,other
36.86026406288147,ATTITUDE_QUATERNION,31,44,other
36.860310077667236,LOCAL_POSITION_NED,32,40,other
36.860328912734985,SERVO_OUTPUT_RAW,36,24,other
36.864511013031006,GLOBAL_POSITION_INT,33,40,other
36.86457896232605,ATTITUDE_QUATERNION,31,44,other
36.86460304260254,GLOBAL_POSITION_INT,33,40,other
36.864612102508545,POSITION_TARGET_LOCAL_NED,85,63,other
36.868326902389526,ATTITUDE,30,40,other
36.87283802032471,ATTITUDE_TARGET,83,48,other
36.873680114746094,GPS_RAW_INT,24,56,other
36.87632703781128,ATTITUDE,30,40,other
36.8765549659729,ATTITUDE,30,40,other
36.88016200065613,HIGHRES_IMU,105,74,other
36.88021492958069,ATTITUDE_QUATERNION,31,44,other
36.88021802902222,LOCAL_POSITION_NED,32,40,other
36.88028001785278,SERVO_OUTPUT_RAW,36,24,other
36.884373903274536,GLOBAL_POSITION_INT,33,40,other
36.884411096572876,ATTITUDE_QUATERNION,31,44,other
36.88443207740784,GLOBAL_POSITION_INT,33,40,other
36.884443044662476,POSITION_TARGET_LOCAL_NED,85,63,other
36.88816499710083,LOCAL_POSITION_NED,32,40,other
36.88818693161011,ATTITUDE,30,40,other
36.88821005821228,ODOMETRY,331,244,other
36.8922278881073,ATTITUDE_TARGET,83,48,other
36.89620304107666,ATTITUDE,30,40,other
36.896267890930176,ATTITUDE,30,40,other
36.900558948516846,HIGHRES_IMU,105,74,other
36.90060591697693,LOCAL_POSITION_NED,32,40,other
36.90061902999878,ATTITUDE_QUATERNION,31,44,other
36.900660037994385,SERVO_OUTPUT_RAW,36,24,other
36.90419912338257,GLOBAL_POSITION_INT,33,40,other
36.904300928115845,ATTITUDE_QUATERNION,31,44,other
36.90432000160217,GLOBAL_POSITION_INT,33,40,other
36.90432906150818,POSITION_TARGET_LOCAL_NED,85,63,other
36.9082510471344,ATTITUDE,30,40,other
36.912277936935425,GPS_RAW_INT,24,56,other
36.912293910980225,ATTITUDE_TARGET,83,48,other
36.91641592979431,ATTITUDE,30,40,other
36.91646909713745,POSITION_TARGET_GLOBAL_INT,87,63,other
36.91646909713745,ATTITUDE,30,40,other
36.92037606239319,TIMESYNC,111,25,other
36.92043089866638,HIGHRES_IMU,105,73,other
36.92043900489807,LOCAL_POSITION_NED,32,40,other
36.920445919036865,ALTITUDE,141,44,other
36.92045593261719,ODOMETRY,331,244,other
36.92046403884888,ATTITUDE_QUATERNION,31,44,other
36.920469999313354,ATTITUDE_TARGET,83,48,other
36.92048192024231,POSITION_TARGET_LOCAL_NED,85,63,other
36.92048907279968,SERVO_OUTPUT_RAW,36,24,other
36.92049598693848,VFR_HUD,74,31,other
36.92097306251526,LOCAL_POSITION_NED,32,40,other
36.921123027801514,SERVO_OUTPUT_RAW,36,24,other
36.92453408241272,ATTITUDE_QUATERNION,31,44,other
36.92455792427063,GLOBAL_POSITION_INT,33,40,other
36.92456793785095,POSITION_TARGET_LOCAL_NED,85,63,other
36.924575090408325,UNKNOWN_380,-2,32,other
36.92540907859802,GLOBAL_POSITION_INT,33,40,other
36.925616979599,UNKNOWN_380,-2,32,other
36.92824411392212,ATTITUDE,30,40,other
36.93234992027283,HEARTBEAT,0,21,other
36.932368993759155,ALTITUDE,141,44,other
36.932377099990845,ATTITUDE_TARGET,83,48,other
36.93238401412964,BATTERY_STATUS,147,53,other
36.93239212036133,UNKNOWN_436,-2,21,other
36.93240189552307,ESTIMATOR_STATUS,230,54,other
36.932409048080444,EXTENDED_SYS_STATE,245,14,other
36.932416915893555,GPS_RAW_INT,24,56,other
36.93242406845093,HOME_POSITION,242,67,other
36.932435035705566,OPEN_DRONE_ID_LOCATION,12901,70,other
36.93244194984436,OPEN_DRONE_ID_SYSTEM,12904,37,other
36.93245005607605,SCALED_PRESSURE,29,26,other
36.93245792388916,SYS_STATUS,1,52,other
36.93246603012085,VFR_HUD,74,31,other
36.93247389793396,UNKNOWN_8,-2,33,other
36.93623900413513,ATTITUDE,30,40,other
36.93868589401245,ATTITUDE,30,40,other
36.94080400466919,HIGHRES_IMU,105,73,other
36.94086408615112,ATTITUDE_QUATERNION,31,44,other
36.94158101081848,LOCAL_POSITION_NED,32,40,other
36.94163107872009,SERVO_OUTPUT_RAW,36,24,other
36.94440793991089,GLOBAL_POSITION_INT,33,40,other
36.94442796707153,GPS_RAW_INT,24,56,other
36.944655895233154,ATTITUDE_QUATERNION,31,44,other
36.944725036621094,GLOBAL_POSITION_INT,33,40,other
36.94473695755005,POSITION_TARGET_LOCAL_NED,85,63,other
36.948198080062866,ATTITUDE,30,40,other
36.9523229598999,ATTITUDE_TARGET,83,48,other
36.95636296272278,LOCAL_POSITION_NED,32,40,other
36.95641589164734,ATTITUDE,30,40,other
36.956417083740234,ATTITUDE,30,40,other
36.95642805099487,ODOMETRY,331,244,other
36.96009111404419,HIGHRES_IMU,105,74,other
36.96013903617859,ATTITUDE_QUATERNION,31,44,other
36.96014904975891,LOCAL_POSITION_NED,32,40,other
36.96020007133484,SERVO_OUTPUT_RAW,36,24,other
36.964322090148926,GLOBAL_POSITION_INT,33,40,other
36.964329957962036,ATTITUDE_QUATERNION,31,44,other
36.964354038238525,GLOBAL_POSITION_INT,33,40,other
36.964365005493164,POSITION_TARGET_LOCAL_NED,85,63,other
36.96825909614563,ATTITUDE,30,40,other
36.97224998474121,ATTITUDE_TARGET,83,48,other
36.97606301307678,ATTITUDE,30,40,other
36.976113080978394,GPS_RAW_INT,24,56,other
36.97611594200134,ATTITUDE,30,40,other
36.98048496246338,HIGHRES_IMU,105,73,other
36.98056602478027,ATTITUDE_QUATERNION,31,44,other
36.98073410987854,LOCAL_POSITION_NED,32,40,other
36.98079490661621,SERVO_OUTPUT_RAW,36,24,other
36.9849579334259,GLOBAL_POSITION_INT,33,40,other
36.9849591255188,ATTITUDE_QUATERNION,31,44,other
36.98504400253296,GLOBAL_POSITION_INT,33,40,other
36.98506212234497,POSITION_TARGET_LOCAL_NED,85,63,other
36.98506999015808,UNKNOWN_411,-2,13,other
36.98818802833557,LOCAL_POSITION_NED,32,40,other
36.988208055496216,ATTITUDE,30,40,other
36.988219022750854,ODOMETRY,331,244,other
36.99216389656067,ATTITUDE_TARGET,83,48,other
36.99687695503235,ATTITUDE,30,40,other
36.996891021728516,ATTITUDE,30,40,other
37.0003719329834,HIGHRES_IMU,105,74,other
37.000410079956055,ATTITUDE_QUATERNION,31,44,other
37.00045108795166,LOCAL_POSITION_NED,32,40,other
37.00046992301941,SERVO_OUTPUT_RAW,36,24,other
37.00424790382385,GLOBAL_POSITION_INT,33,40,other
37.00430703163147,ATTITUDE_QUATERNION,31,44,other
37.0043249130249,GLOBAL_POSITION_INT,33,40,other
37.00433611869812,POSITION_TARGET_LOCAL_NED,85,63,other
37.00822401046753,ATTITUDE,30,40,other
37.008249044418335,GPS_RAW_INT,24,56,other
37.01397705078125,ATTITUDE_TARGET,83,48,other
37.01702094078064,ATTITUDE,30,40,other
37.01712894439697,ATTITUDE,30,40,other
37.019287109375,POSITION_TARGET_GLOBAL_INT,87,63,other
37.02028703689575,TIMESYNC,111,25,other
37.02030897140503,HIGHRES_IMU,105,74,other
37.0203161239624,LOCAL_POSITION_NED,32,40,other
37.020323038101196,ALTITUDE,141,44,other
37.02033305168152,ODOMETRY,331,244,other
37.02034306526184,ATTITUDE_QUATERNION,31,44,other
37.02035307884216,ATTITUDE_TARGET,83,48,other
37.02036905288696,POSITION_TARGET_LOCAL_NED,85,63,other
37.0203800201416,SERVO_OUTPUT_RAW,36,24,other
37.020440101623535,SYS_STATUS,1,52,other
37.02044606208801,LOCAL_POSITION_NED,32,40,other
37.02045702934265,VFR_HUD,74,31,other
37.020503997802734,SERVO_OUTPUT_RAW,36,24,other
37.02457308769226,ATTITUDE_QUATERNION,31,44,other
37.02469205856323,GLOBAL_POSITION_INT,33,40,other
37.02470397949219,POSITION_TARGET_LOCAL_NED,85,63,other
37.0252161026001,GLOBAL_POSITION_INT,33,40,other
37.028433084487915,ATTITUDE,30,40,other
37.03221607208252,ATTITUDE_TARGET,83,48,other
37.03626608848572,ATTITUDE,30,40,other
37.03632211685181,ATTITUDE,30,40,other
37.040257930755615,HIGHRES_IMU,105,73,other
37.04028105735779,ATTITUDE_QUATERNION,31,44,other
37.04029107093811,LOCAL_POSITION_NED,32,40,other
37.04030704498291,SERVO_OUTPUT_RAW,36,24,other
37.044891119003296,GLOBAL_POSITION_INT,33,40,other
37.04491209983826,GPS_RAW_INT,24,56,other
37.044984102249146,ATTITUDE_QUATERNION,31,44,other
37.04500889778137,GLOBAL_POSITION_INT,33,40,other
37.045018911361694,POSITION_TARGET_LOCAL_NED,85,63,other
37.048125982284546,ATTITUDE,30,40,other
37.05269193649292,ATTITUDE_TARGET,83,48,other
37.056193113327026,ATTITUDE,30,40,other
37.05703592300415,LOCAL_POSITION_NED,32,40,other
37.057053089141846,ATTITUDE,30,40,other
37.05706310272217,ODOMETRY,331,244,other
37.060813903808594,HIGHRES_IMU,105,73,other
37.060853004455566,ATTITUDE_QUATERNION,31,44,other
37.06085395812988,LOCAL_POSITION_NED,32,40,other
37.060879945755005,SERVO_OUTPUT_RAW,36,24,other
37.06553792953491,GLOBAL_POSITION_INT,33,40,other
37.065834045410156,ATTITUDE_QUATERNION,31,44,other
37.065853118896484,GLOBAL_POSITION_INT,33,40,other
37.06586408615112,POSITION_TARGET_LOCAL_NED,85,63,other
37.06825399398804,ATTITUDE,30,40,other
37.07223701477051,ATTITUDE_TARGET,83,48,other
37.07696199417114,ATTITUDE,30,40,other
37.07699203491211,GPS_RAW_INT,24,56,other
37.07706093788147,ATTITUDE,30,40,other
37.081706047058105,HIGHRES_IMU,105,74,other
37.08176112174988,ATTITUDE_QUATERNION,31,44,other
37.08266091346741,LOCAL_POSITION_NED,32,40,other
37.08271598815918,SERVO_OUTPUT_RAW,36,24,other
37.085936069488525,GLOBAL_POSITION_INT,33,40,other
37.0887770652771,LOCAL_POSITION_NED,32,40,other
37.08892297744751,ATTITUDE,30,40,other
37.08897590637207,ODOMETRY,331,244,other
37.09099793434143,ATTITUDE_QUATERNION,31,44,other
37.09111404418945,GLOBAL_POSITION_INT,33,40,other
37.09112596511841,POSITION_TARGET_LOCAL_NED,85,63,other
37.09485411643982,ATTITUDE_TARGET,83,48,other
37.09728002548218,ATTITUDE,30,40,other
37.09740495681763,ATTITUDE,30,40,other
37.100117921829224,HIGHRES_IMU,105,73,other
37.10014009475708,ATTITUDE_QUATERNION,31,44,other
37.10025906562805,LOCAL_POSITION_NED,32,40,other
37.10031008720398,SERVO_OUTPUT_RAW,36,24,other
37.105210065841675,ATTITUDE_QUATERNION,31,44,other
37.105210065841675,GLOBAL_POSITION_INT,33,40,other
37.10523295402527,GLOBAL_POSITION_INT,33,40,other
37.10524296760559,POSITION_TARGET_LOCAL_NED,85,63,other
37.10816812515259,ATTITUDE,30,40,other
37.10828399658203,GPS_RAW_INT,24,56,other
37.11230802536011,ATTITUDE_TARGET,83,48,other
37.116153955459595,ATTITUDE,30,40,other
37.1161789894104,POSITION_TARGET_GLOBAL_INT,87,63,other
37.11618494987488,ATTITUDE,30,40,other
37.120917081832886,TIMESYNC,111,25,other
37.120970010757446,HIGHRES_IMU,105,73,other
37.120978116989136,LOCAL_POSITION_NED,32,40,other
37.120980978012085,LOCAL_POSITION_NED,32,40,other
37.120985984802246,ALTITUDE,141,44,other
37.12099599838257,ODOMETRY,331,244,other
37.120996952056885,SERVO_OUTPUT_RAW,36,24,other
37.121005058288574,ATTITUDE_QUATERNION,31,44,other
37.12101101875305,ATTITUDE_TARGET,83,48,other
37.121021032333374,POSITION_TARGET_LOCAL_NED,85,63,other
37.12102794647217,SERVO_OUTPUT_RAW,36,24,other
37.12103509902954,VFR_HUD,74,31,other
37.12501001358032,GLOBAL_POSITION_INT,33,40,other
37.12755298614502,ATTITUDE_QUATERNION,31,44,other
37.127578020095825,GLOBAL_POSITION_INT,33,40,other
37.1275908946991,POSITION_TARGET_LOCAL_NED,85,63,other
37.129843950271606,ATTITUDE,30,40,other
37.13516902923584,ATTITUDE_TARGET,83,48,other
37.13522410392761,GPS_RAW_INT,24,56,other
37.13759899139404,ATTITUDE,30,40,other
37.13759899139404,ATTITUDE,30,40,other
37.14456391334534,HIGHRES_IMU,105,74,other
37.14475989341736,LOCAL_POSITION_NED,32,40,other
37.1448130607605,SERVO_OUTPUT_RAW,36,24,other
37.144834995269775,ATTITUDE_QUATERNION,31,44,other
37.14488410949707,GPS_RAW_INT,24,56,other
37.152955055236816,GLOBAL_POSITION_INT,33,40,other
37.15303111076355,ATTITUDE_QUATERNION,31,44,other
37.1530499458313,GLOBAL_POSITION_INT,33,40,other
37.15306091308594,POSITION_TARGET_LOCAL_NED,85,63,other
37.15418291091919,ATTITUDE,30,40,other
37.15839505195618,ATTITUDE_TARGET,83,48,other
37.1613290309906,LOCAL_POSITION_NED,32,40,other
37.16135001182556,ATTITUDE,30,40,other
37.16136193275452,ODOMETRY,331,244,other
37.16136312484741,ATTITUDE,30,40,other
37.16703391075134,HIGHRES_IMU,105,74,other
37.16703391075134,LOCAL_POSITION_NED,32,40,other
37.1670560836792,ATTITUDE_QUATERNION,31,44,other
37.167057037353516,SERVO_OUTPUT_RAW,36,24,other
37.17087507247925,GLOBAL_POSITION_INT,33,40,other
37.1713330745697,ATTITUDE_QUATERNION,31,44,other
37.17135310173035,GLOBAL_POSITION_INT,33,40,other
37.171364068984985,POSITION_TARGET_LOCAL_NED,85,63,other
37.17589211463928,ATTITUDE,30,40,other
37.181817054748535,ATTITUDE_TARGET,83,48,other
37.183247089385986,ATTITUDE,30,40,other
37.18326807022095,GPS_RAW_INT,24,56,other
37.183837890625,ATTITUDE,30,40,other
37.18560004234314,HIGHRES_IMU,105,73,other
37.18563103675842,LOCAL_POSITION_NED,32,40,other
37.18568706512451,SERVO_OUTPUT_RAW,36,24,other
37.18571090698242,ATTITUDE_QUATERNION,31,44,other
37.18901991844177,GLOBAL_POSITION_INT,33,40,other
37.18903589248657,ATTITUDE_QUATERNION,31,44,other
37.18908905982971,GLOBAL_POSITION_INT,33,40,other
37.18910002708435,POSITION_TARGET_LOCAL_NED,85,63,other
37.18910789489746,VFR_HUD,74,31,other
37.19304895401001,LOCAL_POSITION_NED,32,40,other
37.193103075027466,ATTITUDE,30,40,other
37.19311499595642,ODOMETRY,331,244,other
37.197043895721436,ATTITUDE_TARGET,83,48,other
37.20120191574097,ATTITUDE,30,40,other
37.201409101486206,ATTITUDE,30,40,other
37.20499610900879,HIGHRES_IMU,105,74,other
37.20509099960327,LOCAL_POSITION_NED,32,40,other
37.20513892173767,SERVO_OUTPUT_RAW,36,24,other
37.205153942108154,ATTITUDE_QUATERNION,31,44,other
37.21009612083435,MISSION_CURRENT,42,22,other
37.21309304237366,GLOBAL_POSITION_INT,33,40,other
37.213162899017334,ATTITUDE_QUATERNION,31,44,other
37.21318292617798,GLOBAL_POSITION_INT,33,40,other
37.213191986083984,POSITION_TARGET_LOCAL_NED,85,63,other
37.217612981796265,ATTITUDE,30,40,other
37.21764397621155,GPS_RAW_INT,24,56,other
37.222172021865845,ATTITUDE_TARGET,83,48,other
37.22761106491089,ATTITUDE,30,40,other
37.22769594192505,ATTITUDE,30,40,other
37.227766036987305,POSITION_TARGET_GLOBAL_INT,87,63,other
37.22896194458008,HEARTBEAT,0,21,other
37.22903895378113,TIMESYNC,111,25,other
37.229053020477295,HIGHRES_IMU,105,73,other
37.22905993461609,LOCAL_POSITION_NED,32,40,other
37.22906708717346,ALTITUDE,141,44,other
37.22907590866089,ODOMETRY,331,244,other
37.22908401489258,ATTITUDE_QUATERNION,31,44,other
37.229089975357056,ATTITUDE_TARGET,83,48,other
37.22909688949585,BATTERY_STATUS,147,53,other
37.22910404205322,UNKNOWN_436,-2,21,other
37.2291100025177,ESTIMATOR_STATUS,230,54,other
37.229116916656494,EXTENDED_SYS_STATE,245,14,other
37.229125022888184,HOME_POSITION,242,67,other
37.229135036468506,LOCAL_POSITION_NED,32,40,other
37.22913599014282,OPEN_DRONE_ID_LOCATION,12901,70,other
37.2291419506073,OPEN_DRONE_ID_SYSTEM,12904,37,other
37.22914910316467,PING,4,21,other
37.22915601730347,POSITION_TARGET_LOCAL_NED,85,63,other
37.22916293144226,SCALED_PRESSURE,29,26,other
37.22916889190674,SERVO_OUTPUT_RAW,36,24,other
37.22917604446411,SYS_STATUS,1,52,other
37.229182958602905,SERVO_OUTPUT_RAW,36,24,other
37.22918391227722,SYSTEM_TIME,2,22,other
37.22919201850891,VFR_HUD,74,31,other
37.2292001247406,VIBRATION,241,32,other
37.22920608520508,UNKNOWN_8,-2,33,other
37.230103969573975,PING,4,26,other
37.23317503929138,GLOBAL_POSITION_INT,33,40,other
37.23321199417114,ATTITUDE_QUATERNION,31,44,other
37.233235120773315,GLOBAL_POSITION_INT,33,40,other
37.233246088027954,POSITION_TARGET_LOCAL_NED,85,63,other
37.23697900772095,ATTITUDE,30,40,other
37.24116396903992,ATTITUDE_TARGET,83,48,other
37.245275020599365,ATTITUDE,30,40,other
37.24536108970642,ATTITUDE,30,40,other
37.24924993515015,HIGHRES_IMU,105,73,other
37.24931001663208,ATTITUDE_QUATERNION,31,44,other
37.249321937561035,GPS_RAW_INT,24,56,other
37.24935698509216,LOCAL_POSITION_NED,32,40,other
37.24937391281128,SERVO_OUTPUT_RAW,36,24,other
37.253045082092285,GLOBAL_POSITION_INT,33,40,other
37.253050088882446,ATTITUDE_QUATERNION,31,44,other
37.25306797027588,GLOBAL_POSITION_INT,33,40,other
37.25307607650757,POSITION_TARGET_LOCAL_NED,85,63,other
37.25706696510315,ATTITUDE,30,40,other
37.26251792907715,ATTITUDE_TARGET,83,48,other
37.26616811752319,LOCAL_POSITION_NED,32,40,other
37.266221046447754,ATTITUDE,30,40,other
37.26623201370239,ODOMETRY,331,244,other
37.266846895217896,ATTITUDE,30,40,other
37.27298402786255,LOCAL_POSITION_NED,32,40,other
37.27304291725159,SERVO_OUTPUT_RAW,36,24,other
37.273345947265625,HIGHRES_IMU,105,74,other
37.27337193489075,ATTITUDE_QUATERNION,31,44,other
37.27667808532715,ATTITUDE_QUATERNION,31,44,other
37.276700019836426,GLOBAL_POSITION_INT,33,40,other
37.276710987091064,POSITION_TARGET_LOCAL_NED,85,63,other
37.27902007102966,GLOBAL_POSITION_INT,33,40,other
37.28372001647949,ATTITUDE,30,40,other
37.28407406806946,GPS_RAW_INT,24,56,other
37.2841739654541,ATTITUDE_TARGET,83,48,other
37.2854790687561,ATTITUDE,30,40,other
37.285491943359375,ATTITUDE,30,40,other
37.28925704956055,HIGHRES_IMU,105,74,other
37.2893168926239,ATTITUDE_QUATERNION,31,44,other
37.289413928985596,LOCAL_POSITION_NED,32,40,other
37.28959393501282,SERVO_OUTPUT_RAW,36,24,other
37.293860912323,GLOBAL_POSITION_INT,33,40,other
37.29389405250549,ATTITUDE_QUATERNION,31,44,other
37.294037103652954,GLOBAL_POSITION_INT,33,40,other
37.29422998428345,POSITION_TARGET_LOCAL_NED,85,63,other
37.29754996299744,LOCAL_POSITION_NED,32,40,other
37.29760193824768,ATTITUDE,30,40,other
37.29761505126953,ODOMETRY,331,244,other
37.30112409591675,ATTITUDE_TARGET,83,48,other
37.30521011352539,ATTITUDE,30,40,other
37.30524802207947,ATTITUDE,30,40,other
37.30908012390137,LOCAL_POSITION_NED,32,40,other
37.309098958969116,SERVO_OUTPUT_RAW,36,24,other
37.309165954589844,HIGHRES_IMU,105,74,other
37.309216022491455,ATTITUDE_QUATERNION,31,44,other
37.31306600570679,ATTITUDE_QUATERNION,31,44,other
37.31308603286743,GLOBAL_POSITION_INT,33,40,other
37.313096046447754,POSITION_TARGET_LOCAL_NED,85,63,other
37.313108921051025,GLOBAL_POSITION_INT,33,40,other
37.31713390350342,ATTITUDE,30,40,other
37.31717610359192,GPS_RAW_INT,24,56,other
37.321033000946045,ATTITUDE_TARGET,83,48,other
37.32502794265747,ATTITUDE,30,40,other
37.32505202293396,POSITION_TARGET_GLOBAL_INT,87,63,other
37.32520794868469,ATTITUDE,30,40,other
37.32526206970215,POSITION_TARGET_GLOBAL_INT,87,63,other
37.329155921936035,LOCAL_POSITION_NED,32,40,other
37.32917404174805,SERVO_OUTPUT_RAW,36,24,other
37.32918906211853,TIMESYNC,111,25,other
37.32920789718628,HIGHRES_IMU,105,74,other
37.329214096069336,LOCAL_POSITION_NED,32,40,other
37.32922101020813,ALTITUDE,141,44,other
37.32922911643982,ODOMETRY,331,244,other
37.32923698425293,ATTITUDE_QUATERNION,31,44,other
37.32924199104309,ATTITUDE_TARGET,83,48,other
37.3292510509491,POSITION_TARGET_LOCAL_NED,85,63,other
37.329257011413574,SERVO_OUTPUT_RAW,36,24,other
37.32926392555237,VFR_HUD,74,31,other
37.33324909210205,ATTITUDE_QUATERNION,31,44,other
37.33327102661133,GLOBAL_POSITION_INT,33,40,other
37.33328104019165,POSITION_TARGET_LOCAL_NED,85,63,other
37.33338189125061,GLOBAL_POSITION_INT,33,40,other
37.337048053741455,ATTITUDE,30,40,other
37.34130597114563,ATTITUDE_TARGET,83,48,other
37.34144306182861,GPS_RAW_INT,24,56,other
37.34557008743286,ATTITUDE,30,40,other
37.34558391571045,ATTITUDE,30,40,other
37.34904408454895,LOCAL_POSITION_NED,32,40,other
37.34908103942871,HIGHRES_IMU,105,73,other
37.34910011291504,ATTITUDE_QUATERNION,31,44,other
37.349108934402466,GPS_RAW_INT,24,56,other
37.349164962768555,SERVO_OUTPUT_RAW,36,24,other
37.349250078201294,HEARTBEAT,0,21,other
37.35304498672485,ATTITUDE_QUATERNION,31,44,other
37.35309600830078,GLOBAL_POSITION_INT,33,40,other
37.35310506820679,GLOBAL_POSITION_INT,33,40,other
37.35310912132263,POSITION_TARGET_LOCAL_NED,85,63,other
37.35311794281006,HEARTBEAT,0,21,other
37.35739707946777,ATTITUDE,30,40,other
37.361839056015015,ATTITUDE_TARGET,83,48,other
37.36526012420654,ATTITUDE,30,40,other
37.365330934524536,LOCAL_POSITION_NED,32,40,other
37.3654260635376,ATTITUDE,30,40,other
37.36543893814087,ODOMETRY,331,244,other
37.36942195892334,HIGHRES_IMU,105,73,other
37.369446992874146,ATTITUDE_QUATERNION,31,44,other
37.37071990966797,LOCAL_POSITION_NED,32,40,other
37.371033906936646,SERVO_OUTPUT_RAW,36,24,other
37.373225927352905,ATTITUDE_QUATERNION,31,44,other
37.37325310707092,GLOBAL_POSITION_INT,33,40,other
37.373265981674194,POSITION_TARGET_LOCAL_NED,85,63,other
37.37336206436157,GLOBAL_POSITION_INT,33,40,other
37.37728810310364,ATTITUDE,30,40,other
37.38103795051575,ATTITUDE_TARGET,83,48,other
37.3811559677124,GPS_RAW_INT,24,56,other
37.38515496253967,ATTITUDE,30,40,other
37.38515591621399,ATTITUDE,30,40,other
37.389358043670654,HIGHRES_IMU,105,74,other
37.389358043670654,LOCAL_POSITION_NED,32,40,other
37.38937711715698,SERVO_OUTPUT_RAW,36,24,other
37.38937711715698,ATTITUDE_QUATERNION,31,44,other
37.3931360244751,ATTITUDE_QUATERNION,31,44,other
37.393150091171265,GLOBAL_POSITION_INT,33,40,other
37.39315700531006,GLOBAL_POSITION_INT,33,40,other
37.393168926239014,POSITION_TARGET_LOCAL_NED,85,63,other
37.397119998931885,LOCAL_POSITION_NED,32,40,other
37.39717197418213,ATTITUDE,30,40,other
37.39718508720398,ODOMETRY,331,244,other
37.40116810798645,ATTITUDE_TARGET,83,48,other
37.406188011169434,ATTITUDE,30,40,other
37.40681791305542,ATTITUDE,30,40,other
37.40910291671753,HIGHRES_IMU,105,73,other
37.40917897224426,ATTITUDE_QUATERNION,31,44,other
37.40939211845398,LOCAL_POSITION_NED,32,40,other
37.409446001052856,SERVO_OUTPUT_RAW,36,24,other
37.413142919540405,ATTITUDE_QUATERNION,31,44,other
37.413163900375366,GLOBAL_POSITION_INT,33,40,other
37.41317296028137,POSITION_TARGET_LOCAL_NED,85,63,other
37.41325306892395,GLOBAL_POSITION_INT,33,40,other
37.41327095031738,GPS_RAW_INT,24,56,other
37.41729807853699,ATTITUDE,30,40,other
37.42110800743103,ATTITUDE_TARGET,83,48,other
37.425086975097656,ATTITUDE,30,40,other
37.425137996673584,ATTITUDE,30,40,other
37.42519807815552,POSITION_TARGET_GLOBAL_INT,87,63,other
37.42903995513916,LOCAL_POSITION_NED,32,40,other
37.42905807495117,TIMESYNC,111,25,other
37.429078102111816,HIGHRES_IMU,105,74,other
37.42908501625061,LOCAL_POSITION_NED,32,40,other
37.42909097671509,SERVO_OUTPUT_RAW,36,24,other
37.429091930389404,ALTITUDE,141,44,other
37.42910194396973,ODOMETRY,331,244,other
37.42911100387573,ATTITUDE_QUATERNION,31,44,other
37.42911696434021,ATTITUDE_TARGET,83,48,other
37.42912292480469,POSITION_TARGET_LOCAL_NED,85,63,other
37.42912793159485,SERVO_OUTPUT_RAW,36,24,other
37.429133892059326,SYS_STATUS,1,52,other
37.42913794517517,VFR_HUD,74,31,other
37.43329095840454,ATTITUDE_QUATERNION,31,44,other
37.43330001831055,GLOBAL_POSITION_INT,33,40,other
37.433356046676636,GLOBAL_POSITION_INT,33,40,other
37.4333701133728,POSITION_TARGET_LOCAL_NED,85,63,other
37.43715810775757,ATTITUDE,30,40,other
37.44113302230835,ATTITUDE_TARGET,83,48,other
37.44120693206787,VFR_HUD,74,31,other
37.44501709938049,ATTITUDE,30,40,other
37.4450581073761,ATTITUDE,30,40,other
37.4494891166687,LOCAL_POSITION_NED,32,40,other
37.44953989982605,HIGHRES_IMU,105,74,other
37.4496169090271,SERVO_OUTPUT_RAW,36,24,other
37.44964909553528,ATTITUDE_QUATERNION,31,44,other
37.449671030044556,GPS_RAW_INT,24,56,other
37.45062708854675,MISSION_CURRENT,42,22,other
37.45309591293335,ATTITUDE_QUATERNION,31,44,other
37.45311689376831,GLOBAL_POSITION_INT,33,40,other
37.45312690734863,POSITION_TARGET_LOCAL_NED,85,63,other
37.45323395729065,GLOBAL_POSITION_INT,33,40,other
37.457294940948486,ATTITUDE,30,40,other
37.46104407310486,ATTITUDE_TARGET,83,48,other
37.46551704406738,ATTITUDE,30,40,other
37.46552896499634,LOCAL_POSITION_NED,32,40,other
37.46554899215698,ATTITUDE,30,40,other
37.465559005737305,ODOMETRY,331,244,other
37.471455097198486,HIGHRES_IMU,105,73,other
37.47150993347168,ATTITUDE_QUATERNION,31,44,other
37.47285294532776,LOCAL_POSITION_NED,32,40,other
37.47291302680969,SERVO_OUTPUT_RAW,36,24,other
37.4730589389801,ATTITUDE_QUATERNION,31,44,other
37.47308301925659,GLOBAL_POSITION_INT,33,40,other
37.47309398651123,POSITION_TARGET_LOCAL_NED,85,63,other
37.47313094139099,GLOBAL_POSITION_INT,33,40,other
37.477216958999634,ATTITUDE,30,40,other
37.48125505447388,GPS_RAW_INT,24,56,other
37.48125505447388,ATTITUDE_TARGET,83,48,other
37.4858980178833,ATTITUDE,30,40,other
37.485979080200195,ATTITUDE,30,40,other
37.489150047302246,LOCAL_POSITION_NED,32,40,other
37.48917198181152,HIGHRES_IMU,105,73,other
37.48919105529785,ATTITUDE_QUATERNION,31,44,other
37.48920392990112,SERVO_OUTPUT_RAW,36,24,other
37.493119955062866,ATTITUDE_QUATERNION,31,44,other
37.49320697784424,GLOBAL_POSITION_INT,33,40,other
37.49321889877319,POSITION_TARGET_LOCAL_NED,85,63,other
37.49327111244202,GLOBAL_POSITION_INT,33,40,other
37.497294902801514,LOCAL_POSITION_NED,32,40,other
37.49733901023865,ATTITUDE,30,40,other
37.4973521232605,ODOMETRY,331,244,other
37.50106191635132,ATTITUDE_TARGET,83,48,other
37.50522208213806,ATTITUDE,30,40,other
37.50522208213806,ATTITUDE,30,40,other
37.50924897193909,LOCAL_POSITION_NED,32,40,other
37.50927400588989,SERVO_OUTPUT_RAW,36,24,other
37.50931000709534,HIGHRES_IMU,105,74,other
37.509347915649414,ATTITUDE_QUATERNION,31,44,other
37.51311111450195,ATTITUDE_QUATERNION,31,44,other
37.51313400268555,GLOBAL_POSITION_INT,33,40,other
37.513144969940186,POSITION_TARGET_LOCAL_NED,85,63,other
37.51315498352051,GLOBAL_POSITION_INT,33,40,other
37.51324510574341,GPS_RAW_INT,24,56,other
37.5171639919281,ATTITUDE,30,40,other
37.52121710777283,ATTITUDE_TARGET,83,48,other
37.52629590034485,ATTITUDE,30,40,other
37.526329040527344,ATTITUDE,30,40,other
37.52637600898743,POSITION_TARGET_GLOBAL_INT,87,63,other
37.5292809009552,LOCAL_POSITION_NED,32,40,other
37.5292809009552,TIMESYNC,111,25,other
37.52930402755737,HIGHRES_IMU,105,73,other
37.52930498123169,SERVO_OUTPUT_RAW,36,24,other
37.52931308746338,LOCAL_POSITION_NED,32,40,other
37.529319047927856,ALTITUDE,141,44,other
37.52932810783386,ODOMETRY,331,244,other
37.529335021972656,ATTITUDE_QUATERNION,31,44,other
37.529340982437134,ATTITUDE_TARGET,83,48,other
37.529350996017456,POSITION_TARGET_LOCAL_NED,85,63,other
37.52935791015625,SERVO_OUTPUT_RAW,36,24,other
37.52936601638794,VFR_HUD,74,31,other
37.53303098678589,ATTITUDE_QUATERNION,31,44,other
37.53305101394653,GLOBAL_POSITION_INT,33,40,other
37.53306007385254,POSITION_TARGET_LOCAL_NED,85,63,other
37.53307104110718,GLOBAL_POSITION_INT,33,40,other
37.53719210624695,ATTITUDE,30,40,other
37.54102396965027,ATTITUDE_TARGET,83,48,other
37.541078090667725,GPS_RAW_INT,24,56,other
37.545172929763794,ATTITUDE,30,40,other
37.5452139377594,ATTITUDE,30,40,other
37.54526090621948,GPS_RAW_INT,24,56,other
37.54904794692993,LOCAL_POSITION_NED,32,40,other
37.54908204078674,HIGHRES_IMU,105,73,other
37.54909610748291,SERVO_OUTPUT_RAW,36,24,other
37.54910397529602,ATTITUDE_QUATERNION,31,44,other
37.55378794670105,GLOBAL_POSITION_INT,33,40,other
37.55393409729004,ATTITUDE_QUATERNION,31,44,other
37.5539870262146,GLOBAL_POSITION_INT,33,40,other
37.55399990081787,POSITION_TARGET_LOCAL_NED,85,63,other
37.557382106781006,ATTITUDE,30,40,other
37.56136393547058,ATTITUDE_TARGET,83,48,other
37.5650200843811,ATTITUDE,30,40,other
37.56519794464111,LOCAL_POSITION_NED,32,40,other
37.565248012542725,ATTITUDE,30,40,other
37.565261125564575,ODOMETRY,331,244,other
37.56908106803894,LOCAL_POSITION_NED,32,40,other
37.56913709640503,SERVO_OUTPUT_RAW,36,24,other
37.5694100856781,HIGHRES_IMU,105,74,other
37.56971096992493,ATTITUDE_QUATERNION,31,44,other
37.57303595542908,ATTITUDE_QUATERNION,31,44,other
37.57308793067932,GLOBAL_POSITION_INT,33,40,other
37.57308912277222,GLOBAL_POSITION_INT,33,40,other
37.57310104370117,POSITION_TARGET_LOCAL_NED,85,63,other
37.57815504074097,ATTITUDE,30,40,other
37.58305811882019,ATTITUDE_TARGET,83,48,other
37.58312392234802,GPS_RAW_INT,24,56,other
37.58977198600769,ATTITUDE,30,40,other
37.589909076690674,ATTITUDE,30,40,other
37.59411907196045,HIGHRES_IMU,105,74,other
37.594139099121094,ATTITUDE_QUATERNION,31,44,other
37.59421396255493,LOCAL_POSITION_NED,32,40,other
37.59425592422485,SERVO_OUTPUT_RAW,36,24,other
37.59763193130493,GLOBAL_POSITION_INT,33,40,other
37.59765410423279,ATTITUDE_QUATERNION,31,44,other
37.5977349281311,GLOBAL_POSITION_INT,33,40,other
37.597748041152954,POSITION_TARGET_LOCAL_NED,85,63,other
37.60157489776611,LOCAL_POSITION_NED,32,40,other
37.6016309261322,ATTITUDE,30,40,other
37.60164403915405,ODOMETRY,331,244,other
37.60526394844055,ATTITUDE_TARGET,83,48,other
37.60935711860657,ATTITUDE,30,40,other
37.609358072280884,ATTITUDE,30,40,other
37.613529920578,HIGHRES_IMU,105,73,other
37.613588094711304,ATTITUDE_QUATERNION,31,44,other
37.613686084747314,LOCAL_POSITION_NED,32,40,other
37.61396789550781,SERVO_OUTPUT_RAW,36,24,other
37.617297887802124,ATTITUDE_QUATERNION,31,44,other
37.617319107055664,GLOBAL_POSITION_INT,33,40,other
37.617326974868774,POSITION_TARGET_LOCAL_NED,85,63,other
37.61739897727966,GLOBAL_POSITION_INT,33,40,other
37.61745810508728,GPS_RAW_INT,24,56,other
37.62146711349487,ATTITUDE,30,40,other
37.62538003921509,ATTITUDE_TARGET,83,48,other
37.62985301017761,ATTITUDE,30,40,other
37.62985301017761,ATTITUDE,30,40,other
37.6299090385437,POSITION_TARGET_GLOBAL_INT,87,63,other
37.63333010673523,LOCAL_POSITION_NED,32,40,other
37.63333702087402,TIMESYNC,111,25,other
37.63335990905762,HIGHRES_IMU,105,74,other
37.63336706161499,LOCAL_POSITION_NED,32,40,other
37.633373975753784,ALTITUDE,141,44,other
37.633382081985474,SERVO_OUTPUT_RAW,36,24,other
37.633383989334106,ODOMETRY,331,244,other
37.6333909034729,ATTITUDE_QUATERNION,31,44,other
37.63339710235596,ATTITUDE_TARGET,83,48,other
37.633405923843384,POSITION_TARGET_LOCAL_NED,85,63,other
37.63341307640076,SERVO_OUTPUT_RAW,36,24,other
37.63342094421387,SYS_STATUS,1,52,other
37.63342809677124,VFR_HUD,74,31,other
37.63736391067505,ATTITUDE_QUATERNION,31,44,other
37.63738799095154,GLOBAL_POSITION_INT,33,40,other
37.63739800453186,POSITION_TARGET_LOCAL_NED,85,63,other
37.63742399215698,GLOBAL_POSITION_INT,33,40,other
37.64156889915466,ATTITUDE,30,40,other
37.64596891403198,ATTITUDE_TARGET,83,48,other
37.65014410018921,ATTITUDE,30,40,other
37.65027189254761,GPS_RAW_INT,24,56,other
37.650938987731934,ATTITUDE,30,40,other
37.653395891189575,HIGHRES_IMU,105,73,other
37.65353989601135,ATTITUDE_QUATERNION,31,44,other
37.653563022613525,LOCAL_POSITION_NED,32,40,other
37.653615951538086,SERVO_OUTPUT_RAW,36,24,other
37.65823698043823,GLOBAL_POSITION_INT,33,40,other
37.65970492362976,ATTITUDE_QUATERNION,31,44,other
37.65976405143738,GLOBAL_POSITION_INT,33,40,other
37.65977597236633,POSITION_TARGET_LOCAL_NED,85,63,other
37.66145896911621,ATTITUDE,30,40,other
37.668270111083984,ATTITUDE_TARGET,83,48,other
37.66977000236511,ATTITUDE,30,40,other
37.66982102394104,LOCAL_POSITION_NED,32,40,other
37.66983890533447,ATTITUDE,30,40,other
37.66988492012024,ODOMETRY,331,244,other
37.67778491973877,LOCAL_POSITION_NED,32,40,other
37.67783808708191,SERVO_OUTPUT_RAW,36,24,other
37.678340911865234,HIGHRES_IMU,105,73,other
37.67837595939636,ATTITUDE_QUATERNION,31,44,other
37.679447889328,GLOBAL_POSITION_INT,33,40,other
37.68005108833313,ATTITUDE_QUATERNION,31,44,other
37.680113077163696,GLOBAL_POSITION_INT,33,40,other
37.68012499809265,POSITION_TARGET_LOCAL_NED,85,63,other
37.68244791030884,ATTITUDE,30,40,other
37.68250489234924,GPS_RAW_INT,24,56,other
37.685385942459106,ATTITUDE_TARGET,83,48,other
37.68959093093872,ATTITUDE,30,40,other
37.6896550655365,ATTITUDE,30,40,other
37.69381403923035,LOCAL_POSITION_NED,32,40,other
37.69383406639099,SERVO_OUTPUT_RAW,36,24,other
37.6944100856781,HIGHRES_IMU,105,74,other
37.69443607330322,ATTITUDE_QUATERNION,31,44,other
37.6974561214447,ATTITUDE_QUATERNION,31,44,other
37.69751000404358,GLOBAL_POSITION_INT,33,40,other
37.6975200176239,POSITION_TARGET_LOCAL_NED,85,63,other
37.69752812385559,VFR_HUD,74,31,other
37.6975839138031,GLOBAL_POSITION_INT,33,40,other
37.701371908187866,LOCAL_POSITION_NED,32,40,other
37.70142889022827,ATTITUDE,30,40,other
37.701438903808594,ODOMETRY,331,244,other
37.705995082855225,ATTITUDE_TARGET,83,48,other
37.70933794975281,ATTITUDE,30,40,other
37.709397077560425,UNKNOWN_411,-2,13,other
37.709397077560425,ATTITUDE,30,40,other
37.71344709396362,LOCAL_POSITION_NED,32,40,other
37.71345901489258,HIGHRES_IMU,105,74,other
37.713468074798584,SERVO_OUTPUT_RAW,36,24,other
37.71347904205322,ATTITUDE_QUATERNION,31,44,other
37.71731090545654,ATTITUDE_QUATERNION,31,44,other
37.7173330783844,GLOBAL_POSITION_INT,33,40,other
37.717341899871826,POSITION_TARGET_LOCAL_NED,85,63,other
37.7174129486084,GLOBAL_POSITION_INT,33,40,other
37.71746110916138,GPS_RAW_INT,24,56,other
37.72140312194824,ATTITUDE,30,40,other
37.725234031677246,ATTITUDE_TARGET,83,48,other
37.729377031326294,ATTITUDE,30,40,other
37.72942090034485,ATTITUDE,30,40,other
37.729475021362305,POSITION_TARGET_GLOBAL_INT,87,63,other
37.73352408409119,LOCAL_POSITION_NED,32,40,other
37.73352408409119,TIMESYNC,111,25,other
37.73354411125183,SERVO_OUTPUT_RAW,36,24,other
37.73354411125183,HIGHRES_IMU,105,74,other
37.73355197906494,LOCAL_POSITION_NED,32,40,other
37.733558893203735,ALTITUDE,141,44,other
37.733566999435425,ODOMETRY,331,244,other
37.73357391357422,ATTITUDE_QUATERNION,31,44,other
37.733580112457275,ATTITUDE_TARGET,83,48,other
37.7335889339447,POSITION_TARGET_LOCAL_NED,85,63,other
37.733596086502075,SERVO_OUTPUT_RAW,36,24,other
37.73360300064087,VFR_HUD,74,31,other
37.73728704452515,ATTITUDE_QUATERNION,31,44,other
37.73731303215027,GLOBAL_POSITION_INT,33,40,other
37.73732304573059,POSITION_TARGET_LOCAL_NED,85,63,other
37.73736810684204,GLOBAL_POSITION_INT,33,40,other
37.74130702018738,ATTITUDE,30,40,other
37.74532890319824,ATTITUDE_TARGET,83,48,other
37.74538493156433,GPS_RAW_INT,24,56,other
37.75178408622742,ATTITUDE,30,40,other
37.75178503990173,ATTITUDE,30,40,other
37.75180101394653,GPS_RAW_INT,24,56,other
37.75424003601074,HIGHRES_IMU,105,74,other
37.754295110702515,ATTITUDE_QUATERNION,31,44,other
37.754518032073975,LOCAL_POSITION_NED,32,40,other
37.75469493865967,SERVO_OUTPUT_RAW,36,24,other
37.75769805908203,ATTITUDE_QUATERNION,31,44,other
37.75771999359131,GLOBAL_POSITION_INT,33,40,other
37.75773096084595,POSITION_TARGET_LOCAL_NED,85,63,other
37.75791692733765,GLOBAL_POSITION_INT,33,40,other
37.761805057525635,ATTITUDE,30,40,other
37.766770124435425,ATTITUDE_TARGET,83,48,other
37.76962995529175,LOCAL_POSITION_NED,32,40,other
37.76969790458679,ATTITUDE,30,40,other
37.76971197128296,ODOMETRY,331,244,other
37.769768953323364,ATTITUDE,30,40,other
37.77476191520691,LOCAL_POSITION_NED,32,40,other
37.77488589286804,SERVO_OUTPUT_RAW,36,24,other
37.77493095397949,HIGHRES_IMU,105,73,other
37.77494812011719,ATTITUDE_QUATERNION,31,44,other
37.778522968292236,GLOBAL_POSITION_INT,33,40,other
37.77872610092163,ATTITUDE_QUATERNION,31,44,other
37.77878403663635,GLOBAL_POSITION_INT,33,40,other
37.77879595756531,POSITION_TARGET_LOCAL_NED,85,63,other
37.78130888938904,ATTITUDE,30,40,other
37.78136396408081,GPS_RAW_INT,24,56,other
37.785768032073975,ATTITUDE_TARGET,83,48,other
37.789348125457764,ATTITUDE,30,40,other
37.78939509391785,ATTITUDE,30,40,other
37.790749073028564,HEARTBEAT,0,21,other
37.7935049533844,LOCAL_POSITION_NED,32,40,other
37.79356908798218,SERVO_OUTPUT_RAW,36,24,other
37.793570041656494,HIGHRES_IMU,105,73,other
37.79359292984009,ATTITUDE_QUATERNION,31,44,other
37.79360604286194,HEARTBEAT,0,21,other
37.79719400405884,ATTITUDE_QUATERNION,31,44,other
37.7972149848938,GLOBAL_POSITION_INT,33,40,other
37.79722499847412,POSITION_TARGET_LOCAL_NED,85,63,other
37.797260999679565,GLOBAL_POSITION_INT,33,40,other
37.80146908760071,LOCAL_POSITION_NED,32,40,other
37.801491022109985,ATTITUDE,30,40,other
37.80150103569031,ODOMETRY,331,244,other
37.80558109283447,ATTITUDE_TARGET,83,48,other
37.80945301055908,ATTITUDE,30,40,other
37.80953097343445,ATTITUDE,30,40,other
37.81348896026611,HIGHRES_IMU,105,74,other
37.813507080078125,ATTITUDE_QUATERNION,31,44,other
37.81351590156555,GPS_RAW_INT,24,56,other
37.813570976257324,LOCAL_POSITION_NED,32,40,other
37.81358504295349,SERVO_OUTPUT_RAW,36,24,other
37.81750297546387,ATTITUDE_QUATERNION,31,44,other
37.81750297546387,GLOBAL_POSITION_INT,33,40,other
37.817524909973145,GLOBAL_POSITION_INT,33,40,other
37.81753611564636,POSITION_TARGET_LOCAL_NED,85,63,other
37.82337999343872,ATTITUDE,30,40,other
37.82767701148987,ATTITUDE_TARGET,83,48,other
37.82987999916077,ATTITUDE,30,40,other
37.83231806755066,ATTITUDE,30,40,other
37.83237409591675,POSITION_TARGET_GLOBAL_INT,87,63,other
37.83334302902222,LOCAL_POSITION_NED,32,40,other
37.83339810371399,SERVO_OUTPUT_RAW,36,24,other
37.83395791053772,TIMESYNC,111,25,other
37.834064960479736,HIGHRES_IMU,105,73,other
37.83407402038574,LOCAL_POSITION_NED,32,40,other
37.83408308029175,ALTITUDE,141,44,other
37.83409404754639,ODOMETRY,331,244,other
37.8341019153595,ATTITUDE_QUATERNION,31,44,other
37.83410906791687,ATTITUDE_TARGET,83,48,other
37.83412003517151,POSITION_TARGET_LOCAL_NED,85,63,other
37.834129095077515,SERVO_OUTPUT_RAW,36,24,other
37.83413910865784,SYS_STATUS,1,52,other
37.834147930145264,VFR_HUD,74,31,other
37.837345123291016,ATTITUDE_QUATERNION,31,44,other
37.83736991882324,GLOBAL_POSITION_INT,33,40,other
37.83738112449646,POSITION_TARGET_LOCAL_NED,85,63,other
37.8374400138855,GLOBAL_POSITION_INT,33,40,other
37.84127497673035,ATTITUDE,30,40,other
37.84538197517395,ATTITUDE_TARGET,83,48,other
37.84922695159912,ATTITUDE,30,40,other
37.849278926849365,ATTITUDE,30,40,other
37.849299907684326,GPS_RAW_INT,24,56,other
37.85360407829285,LOCAL_POSITION_NED,32,40,other
37.85362005233765,HIGHRES_IMU,105,74,other
37.85362696647644,SERVO_OUTPUT_RAW,36,24,other
37.85364103317261,ATTITUDE_QUATERNION,31,44,other
37.85737204551697,ATTITUDE_QUATERNION,31,44,other
37.8573899269104,GLOBAL_POSITION_INT,33,40,other
37.85745096206665,GLOBAL_POSITION_INT,33,40,other
37.85746192932129,POSITION_TARGET_LOCAL_NED,85,63,other
37.861433029174805,ATTITUDE,30,40,other
37.86532711982727,ATTITUDE_TARGET,83,48,other
37.869467973709106,ATTITUDE,30,40,other
37.86954092979431,LOCAL_POSITION_NED,32,40,other
37.86959791183472,ATTITUDE,30,40,other
37.86961007118225,ODOMETRY,331,244,other
37.873372077941895,LOCAL_POSITION_NED,32,40,other
37.873409032821655,HIGHRES_IMU,105,74,other
37.87343096733093,SERVO_OUTPUT_RAW,36,24,other
37.87345910072327,ATTITUDE_QUATERNION,31,44,other
37.877273082733154,ATTITUDE_QUATERNION,31,44,other
37.877294063568115,GLOBAL_POSITION_INT,33,40,other
37.87730407714844,POSITION_TARGET_LOCAL_NED,85,63,other
37.87732195854187,GLOBAL_POSITION_INT,33,40,other
37.88134288787842,ATTITUDE,30,40,other
37.88139796257019,GPS_RAW_INT,24,56,other
37.88621211051941,ATTITUDE_TARGET,83,48,other
37.88939595222473,ATTITUDE,30,40,other
37.88945508003235,ATTITUDE,30,40,other
37.89337706565857,LOCAL_POSITION_NED,32,40,other
37.893397092819214,SERVO_OUTPUT_RAW,36,24,other
37.89340090751648,HIGHRES_IMU,105,73,other
37.89341998100281,ATTITUDE_QUATERNION,31,44,other
37.89796710014343,ATTITUDE_QUATERNION,31,44,other
37.89797806739807,GLOBAL_POSITION_INT,33,40,other
37.8979868888855,GLOBAL_POSITION_INT,33,40,other
37.89799690246582,POSITION_TARGET_LOCAL_NED,85,63,other
37.902085065841675,LOCAL_POSITION_NED,32,40,other
37.902137994766235,ATTITUDE,30,40,other
37.902151107788086,ODOMETRY,331,244,other
37.905208110809326,ATTITUDE_TARGET,83,48,other
37.9092481136322,ATTITUDE,30,40,other
37.90930891036987,ATTITUDE,30,40,other
37.91371703147888,LOCAL_POSITION_NED,32,40,other
37.91374492645264,SERVO_OUTPUT_RAW,36,24,other
37.91380190849304,HIGHRES_IMU,105,73,other
37.913822889328,ATTITUDE_QUATERNION,31,44,other
37.913832902908325,GPS_RAW_INT,24,56,other
37.91737604141235,ATTITUDE_QUATERNION,31,44,other
37.91740894317627,GLOBAL_POSITION_INT,33,40,other
37.91743302345276,GLOBAL_POSITION_INT,33,40,other
37.9174439907074,POSITION_TARGET_LOCAL_NED,85,63,other
37.92144203186035,ATTITUDE,30,40,other
37.92528295516968,ATTITUDE_TARGET,83,48,other
37.9295220375061,ATTITUDE,30,40,other
37.92954993247986,ATTITUDE,30,40,other
37.92958307266235,POSITION_TARGET_GLOBAL_INT,87,63,other
37.93325209617615,LOCAL_POSITION_NED,32,40,other
37.933308124542236,SERVO_OUTPUT_RAW,36,24,other
37.933387994766235,TIMESYNC,111,25,other
37.933459997177124,HIGHRES_IMU,105,74,other
37.933470010757446,LOCAL_POSITION_NED,32,40,other
37.933475971221924,ALTITUDE,141,44,other
37.933531045913696,ODOMETRY,331,244,other
37.93354296684265,ATTITUDE_QUATERNION,31,44,other
37.933550119400024,ATTITUDE_TARGET,83,48,other
37.93356204032898,POSITION_TARGET_LOCAL_NED,85,63,other
37.93356895446777,SERVO_OUTPUT_RAW,36,24,other
37.93357706069946,VFR_HUD,74,31,other
37.93721795082092,ATTITUDE_QUATERNION,31,44,other
37.93727111816406,GLOBAL_POSITION_INT,33,40,other
37.93730711936951,GLOBAL_POSITION_INT,33,40,other
37.93732500076294,POSITION_TARGET_LOCAL_NED,85,63,other
37.941694021224976,ATTITUDE,30,40,other
37.946178913116455,HEARTBEAT,0,21,other
37.94623303413391,GPS_RAW_INT,24,56,other
37.94624710083008,ALTITUDE,141,44,other
37.94625806808472,ATTITUDE_TARGET,83,48,other
37.94626998901367,EXTENDED_SYS_STATE,245,14,other
37.94627904891968,GPS_RAW_INT,24,56,other
37.94629192352295,OPEN_DRONE_ID_LOCATION,12901,70,other
37.94629907608032,OPEN_DRONE_ID_SYSTEM,12904,37,other
37.94630694389343,SCALED_PRESSURE,29,26,other
37.946316957473755,SYS_STATUS,1,52,other
37.94632601737976,VFR_HUD,74,31,other
37.946332931518555,UNKNOWN_8,-2,33,other
37.94931602478027,ATTITUDE,30,40,other
37.94937610626221,ATTITUDE,30,40,other
37.95329999923706,LOCAL_POSITION_NED,32,40,other
37.95332098007202,SERVO_OUTPUT_RAW,36,24,other
37.95333409309387,HIGHRES_IMU,105,73,other
37.953392028808594,ATTITUDE_QUATERNION,31,44,other
37.95766091346741,ATTITUDE_QUATERNION,31,44,other
37.95768690109253,GLOBAL_POSITION_INT,33,40,other
37.95770001411438,POSITION_TARGET_LOCAL_NED,85,63,other
37.9579861164093,GLOBAL_POSITION_INT,33,40,other
37.961936950683594,ATTITUDE,30,40,other
37.965399980545044,ATTITUDE_TARGET,83,48,other
37.97001004219055,ATTITUDE,30,40,other
37.970093965530396,LOCAL_POSITION_NED,32,40,other
37.97014594078064,ATTITUDE,30,40,other
37.97015905380249,ODOMETRY,331,244,other
37.97384810447693,HIGHRES_IMU,105,73,other
37.97390794754028,ATTITUDE_QUATERNION,31,44,other
37.97470688819885,LOCAL_POSITION_NED,32,40,other
37.9747850894928,SERVO_OUTPUT_RAW,36,24,other
37.98004508018494,ATTITUDE_QUATERNION,31,44,other
37.980072021484375,GLOBAL_POSITION_INT,33,40,other
37.98008489608765,POSITION_TARGET_LOCAL_NED,85,63,other
37.98008894920349,GLOBAL_POSITION_INT,33,40,other
37.98343801498413,ATTITUDE,30,40,other
37.983503103256226,GPS_RAW_INT,24,56,other
37.98694205284119,ATTITUDE_TARGET,83,48,other
37.99421191215515,ATTITUDE,30,40,other
37.99436092376709,ATTITUDE,30,40,other
37.9961678981781,LOCAL_POSITION_NED,32,40,other
37.996187925338745,SERVO_OUTPUT_RAW,36,24,other
37.996304988861084,HIGHRES_IMU,105,74,other
37.99636697769165,ATTITUDE_QUATERNION,31,44,other
38.00022602081299,ATTITUDE_QUATERNION,31,44,other
38.00028109550476,GLOBAL_POSITION_INT,33,40,other
38.00029397010803,POSITION_TARGET_LOCAL_NED,85,63,other
38.000734090805054,GLOBAL_POSITION_INT,33,40,other
38.00451397895813,LOCAL_POSITION_NED,32,40,other
38.00456690788269,ATTITUDE,30,40,other
38.00458002090454,ODOMETRY,331,244,other
38.008137941360474,ATTITUDE_TARGET,83,48,other
38.009488105773926,ATTITUDE,30,40,other
38.009947061538696,ATTITUDE,30,40,other
38.013307094573975,LOCAL_POSITION_NED,32,40,other
38.013325929641724,SERVO_OUTPUT_RAW,36,24,other
38.01333999633789,HIGHRES_IMU,105,74,other
38.013400077819824,ATTITUDE_QUATERNION,31,44,other
38.01341104507446,GPS_RAW_INT,24,56,other
38.01791000366211,ATTITUDE_QUATERNION,31,44,other
38.017935037612915,GLOBAL_POSITION_INT,33,40,other
38.01797795295715,GLOBAL_POSITION_INT,33,40,other
38.017991065979004,POSITION_TARGET_LOCAL_NED,85,63,other
38.0214319229126,ATTITUDE,30,40,other
38.02666997909546,ATTITUDE_TARGET,83,48,other
38.03040289878845,ATTITUDE,30,40,other
38.03138995170593,ATTITUDE,30,40,other
38.031445026397705,POSITION_TARGET_GLOBAL_INT,87,63,other
38.03450894355774,LOCAL_POSITION_NED,32,40,other
38.034658908843994,SERVO_OUTPUT_RAW,36,24,other
38.03492307662964,TIMESYNC,111,25,other
38.03497004508972,HIGHRES_IMU,105,73,other
38.03498601913452,LOCAL_POSITION_NED,32,40,other
38.035001039505005,ALTITUDE,141,44,other
38.035017013549805,ODOMETRY,331,244,other
38.03502607345581,ATTITUDE_QUATERNION,31,44,other
38.03503203392029,ATTITUDE_TARGET,83,48,other
38.03504300117493,POSITION_TARGET_LOCAL_NED,85,63,other
38.03504991531372,SERVO_OUTPUT_RAW,36,24,other
38.03509998321533,SYS_STATUS,1,52,other
38.03511095046997,VFR_HUD,74,31,other
38.03781795501709,ATTITUDE_QUATERNION,31,44,other
38.03784108161926,GLOBAL_POSITION_INT,33,40,other
38.037856101989746,POSITION_TARGET_LOCAL_NED,85,63,other
38.040050983428955,GLOBAL_POSITION_INT,33,40,other
38.04149103164673,ATTITUDE,30,40,other
38.04529404640198,ATTITUDE_TARGET,83,48,other
38.045910120010376,GPS_RAW_INT,24,56,other
38.049525022506714,ATTITUDE,30,40,other
38.04957699775696,ATTITUDE,30,40,other
38.05394792556763,LOCAL_POSITION_NED,32,40,other
38.05395007133484,HIGHRES_IMU,105,74,other
38.05396795272827,SERVO_OUTPUT_RAW,36,24,other
38.05397295951843,ATTITUDE_QUATERNION,31,44,other
38.05744409561157,GLOBAL_POSITION_INT,33,40,other
38.05746102333069,ATTITUDE_QUATERNION,31,44,other
38.057486057281494,GLOBAL_POSITION_INT,33,40,other
38.057509899139404,POSITION_TARGET_LOCAL_NED,85,63,other
38.06151509284973,ATTITUDE,30,40,other
38.065645933151245,ATTITUDE_TARGET,83,48,other
38.06981801986694,ATTITUDE,30,40,other
38.070674896240234,LOCAL_POSITION_NED,32,40,other
38.070703983306885,ATTITUDE,30,40,other
38.070717096328735,ODOMETRY,331,244,other
38.073281049728394,LOCAL_POSITION_NED,32,40,other
38.07330298423767,SERVO_OUTPUT_RAW,36,24,other
38.073322057724,HIGHRES_IMU,105,73,other
38.07334089279175,ATTITUDE_QUATERNION,31,44,other
38.07753801345825,ATTITUDE_QUATERNION,31,44,other
38.077564001083374,GLOBAL_POSITION_INT,33,40,other
38.07756996154785,GLOBAL_POSITION_INT,33,40,other
38.07757496833801,POSITION_TARGET_LOCAL_NED,85,63,other
38.07758593559265,GPS_RAW_INT,24,56,other
38.08126997947693,ATTITUDE,30,40,other
38.08549094200134,ATTITUDE_TARGET,83,48,other
38.089313983917236,ATTITUDE,30,40,other
38.089378118515015,ATTITUDE,30,40,other
38.093498945236206,LOCAL_POSITION_NED,32,40,other
38.09353494644165,HIGHRES_IMU,105,73,other
38.093605041503906,ATTITUDE_QUATERNION,31,44,other
38.09426999092102,SERVO_OUTPUT_RAW,36,24,other
38.09735107421875,ATTITUDE_QUATERNION,31,44,other
38.097373962402344,GLOBAL_POSITION_INT,33,40,other
38.097383975982666,POSITION_TARGET_LOCAL_NED,85,63,other
38.09739804267883,GLOBAL_POSITION_INT,33,40,other
38.1015739440918,LOCAL_POSITION_NED,32,40,other
38.10159707069397,ATTITUDE,30,40,other
38.101608991622925,ODOMETRY,331,244,other
38.10533308982849,ATTITUDE_TARGET,83,48,other
38.110326051712036,ATTITUDE,30,40,other
38.11032700538635,ATTITUDE,30,40,other
38.11328101158142,LOCAL_POSITION_NED,32,40,other
38.11329793930054,SERVO_OUTPUT_RAW,36,24,other
38.11344909667969,HIGHRES_IMU,105,74,other
38.11350202560425,ATTITUDE_QUATERNION,31,44,other
38.11351299285889,GPS_RAW_INT,24,56,other
38.11746096611023,ATTITUDE_QUATERNION,31,44,other
38.11752200126648,GLOBAL_POSITION_INT,33,40,other
38.118911027908325,GLOBAL_POSITION_INT,33,40,other
38.1189239025116,POSITION_TARGET_LOCAL_NED,85,63,other
38.12136101722717,ATTITUDE,30,40,other
38.12559700012207,ATTITUDE_TARGET,83,48,other
38.12921404838562,ATTITUDE,30,40,other
38.12929892539978,ATTITUDE,30,40,other
38.12934994697571,POSITION_TARGET_GLOBAL_INT,87,63,other
38.133373975753784,LOCAL_POSITION_NED,32,40,other
38.13337802886963,TIMESYNC,111,25,other
38.13339400291443,HIGHRES_IMU,105,74,other
38.133394956588745,SERVO_OUTPUT_RAW,36,24,other
38.13340210914612,LOCAL_POSITION_NED,32,40,other
38.13340902328491,ALTITUDE,141,44,other
38.13341808319092,ODOMETRY,331,244,other
38.13342499732971,ATTITUDE_QUATERNION,31,44,other
38.13343000411987,ATTITUDE_TARGET,83,48,other
38.133440017700195,POSITION_TARGET_LOCAL_NED,85,63,other
38.13344597816467,SERVO_OUTPUT_RAW,36,24,other
38.13345289230347,VFR_HUD,74,31,other
38.13747692108154,ATTITUDE_QUATERNION,31,44,other
38.137507915496826,GLOBAL_POSITION_INT,33,40,other
38.137545108795166,GLOBAL_POSITION_INT,33,40,other
38.13756489753723,POSITION_TARGET_LOCAL_NED,85,63,other
38.141510009765625,ATTITUDE,30,40,other
38.145334005355835,ATTITUDE_TARGET,83,48,other
38.1454119682312,GPS_RAW_INT,24,56,other
38.14609408378601,GPS_RAW_INT,24,56,other
38.15316200256348,ATTITUDE,30,40,other
38.153451919555664,ATTITUDE,30,40,other
38.15490198135376,LOCAL_POSITION_NED,32,40,other
38.15490508079529,HIGHRES_IMU,105,74,other
38.155007123947144,ATTITUDE_QUATERNION,31,44,other
38.15500807762146,SERVO_OUTPUT_RAW,36,24,other
38.15791606903076,ATTITUDE_QUATERNION,31,44,other
38.157938957214355,GLOBAL_POSITION_INT,33,40,other
38.15793991088867,GLOBAL_POSITION_INT,33,40,other
38.157949924468994,POSITION_TARGET_LOCAL_NED,85,63,other
38.161521911621094,ATTITUDE,30,40,other
38.165404081344604,ATTITUDE_TARGET,83,48,other
38.16968297958374,ATTITUDE,30,40,other
38.170063972473145,LOCAL_POSITION_NED,32,40,other
38.17015194892883,ATTITUDE,30,40,other
38.17017698287964,ODOMETRY,331,244,other
38.173362016677856,LOCAL_POSITION_NED,32,40,other
38.173381090164185,SERVO_OUTPUT_RAW,36,24,other
38.173383951187134,HIGHRES_IMU,105,74,other
38.17340111732483,ATTITUDE_QUATERNION,31,44,other
38.1780960559845,GLOBAL_POSITION_INT,33,40,other
38.17811608314514,GPS_RAW_INT,24,56,other
38.17830300331116,ATTITUDE_QUATERNION,31,44,other
38.17843699455261,GLOBAL_POSITION_INT,33,40,other
38.17848491668701,POSITION_TARGET_LOCAL_NED,85,63,other
38.181724071502686,ATTITUDE,30,40,other
38.186716079711914,ATTITUDE_TARGET,83,48,other
38.18989109992981,ATTITUDE,30,40,other
38.19084692001343,ATTITUDE,30,40,other
38.1935760974884,LOCAL_POSITION_NED,32,40,other
38.19359302520752,HIGHRES_IMU,105,73,other
38.19361591339111,ATTITUDE_QUATERNION,31,44,other
38.19374108314514,SERVO_OUTPUT_RAW,36,24,other
38.19753408432007,ATTITUDE_QUATERNION,31,44,other
38.19759702682495,GLOBAL_POSITION_INT,33,40,other
38.197608947753906,POSITION_TARGET_LOCAL_NED,85,63,other
38.19761800765991,VFR_HUD,74,31,other
38.19829201698303,GLOBAL_POSITION_INT,33,40,other
38.20140099525452,LOCAL_POSITION_NED,32,40,other
38.20145511627197,ATTITUDE,30,40,other
38.20146894454956,ODOMETRY,331,244,other
38.20594906806946,ATTITUDE_TARGET,83,48,other
38.209348917007446,ATTITUDE,30,40,other
38.20943307876587,ATTITUDE,30,40,other
38.20950889587402,GPS_RAW_INT,24,56,other
38.214503049850464,HIGHRES_IMU,105,73,other
38.21453499794006,ATTITUDE_QUATERNION,31,44,other
38.214942932128906,LOCAL_POSITION_NED,32,40,other
38.215171098709106,SERVO_OUTPUT_RAW,36,24,other
38.217488050460815,ATTITUDE_QUATERNION,31,44,other
38.217540979385376,GLOBAL_POSITION_INT,33,40,other
38.21755290031433,POSITION_TARGET_LOCAL_NED,85,63,other
38.217570066452026,GLOBAL_POSITION_INT,33,40,other
38.22132897377014,ATTITUDE,30,40,other
38.22536611557007,ATTITUDE_TARGET,83,48,other
38.227176904678345,MISSION_CURRENT,42,22,other
38.22942304611206,ATTITUDE,30,40,other
38.229470014572144,ATTITUDE,30,40,other
38.229531049728394,POSITION_TARGET_GLOBAL_INT,87,63,other
38.23334503173828,HEARTBEAT,0,21,other
38.23339796066284,TIMESYNC,111,25,other
38.23341989517212,HIGHRES_IMU,105,74,other
38.23342800140381,LOCAL_POSITION_NED,32,40,other
38.233439922332764,ALTITUDE,141,44,other
38.233449935913086,ODOMETRY,331,244,other
38.233458042144775,ATTITUDE_QUATERNION,31,44,other
38.23346400260925,ATTITUDE_TARGET,83,48,other
38.23346996307373,ESTIMATOR_STATUS,230,54,other
38.23348307609558,LOCAL_POSITION_NED,32,40,other
38.23354196548462,SERVO_OUTPUT_RAW,36,24,other
38.233587980270386,EXTENDED_SYS_STATE,245,14,other
38.233601093292236,OPEN_DRONE_ID_LOCATION,12901,70,other
38.23360800743103,OPEN_DRONE_ID_SYSTEM,12904,37,other
38.23361396789551,PING,4,21,other
38.233619928359985,POSITION_TARGET_LOCAL_NED,85,63,other
38.233628034591675,SCALED_PRESSURE,29,26,other
38.23363399505615,SERVO_OUTPUT_RAW,36,24,other
38.233848094940186,SYS_STATUS,1,52,other
38.23386812210083,SYSTEM_TIME,2,22,other
38.23387694358826,VFR_HUD,74,31,other
38.23388409614563,UNKNOWN_8,-2,33,other
38.23442506790161,PING,4,26,other
38.23745107650757,ATTITUDE_QUATERNION,31,44,other
38.23747992515564,GLOBAL_POSITION_INT,33,40,other
38.237488985061646,POSITION_TARGET_LOCAL_NED,85,63,other
38.23762893676758,GLOBAL_POSITION_INT,33,40,other
38.24146294593811,ATTITUDE,30,40,other
38.24539399147034,ATTITUDE_TARGET,83,48,other
38.24546194076538,GPS_RAW_INT,24,56,other
38.2493839263916,ATTITUDE,30,40,other
38.2495059967041,ATTITUDE,30,40,other
38.25351405143738,LOCAL_POSITION_NED,32,40,other
38.25354790687561,HIGHRES_IMU,105,73,other
38.25356888771057,ATTITUDE_QUATERNION,31,44,other
38.25358510017395,SERVO_OUTPUT_RAW,36,24,other
38.25761294364929,ATTITUDE_QUATERNION,31,44,other
38.257622957229614,GLOBAL_POSITION_INT,33,40,other
38.257638931274414,GLOBAL_POSITION_INT,33,40,other
38.257648944854736,POSITION_TARGET_LOCAL_NED,85,63,other
38.261712074279785,ATTITUDE,30,40,other
38.265790939331055,ATTITUDE_TARGET,83,48,other
38.26948690414429,ATTITUDE,30,40,other
38.26952505111694,LOCAL_POSITION_NED,32,40,other
38.26954412460327,ATTITUDE,30,40,other
38.26955604553223,ODOMETRY,331,244,other
38.2737250328064,LOCAL_POSITION_NED,32,40,other
38.273746967315674,SERVO_OUTPUT_RAW,36,24,other
38.27383303642273,HIGHRES_IMU,105,74,other
38.27385711669922,ATTITUDE_QUATERNION,31,44,other
38.277509927749634,GLOBAL_POSITION_INT,33,40,other
38.27756690979004,GPS_RAW_INT,24,56,other
38.27767610549927,ATTITUDE_QUATERNION,31,44,other
38.2777259349823,GLOBAL_POSITION_INT,33,40,other
38.277738094329834,POSITION_TARGET_LOCAL_NED,85,63,other
38.281373023986816,ATTITUDE,30,40,other
38.28529405593872,ATTITUDE_TARGET,83,48,other
38.29002404212952,ATTITUDE,30,40,other
38.29011392593384,ATTITUDE,30,40,other
38.29355192184448,HIGHRES_IMU,105,74,other
38.29355502128601,LOCAL_POSITION_NED,32,40,other
38.29360795021057,ATTITUDE_QUATERNION,31,44,other
38.29360795021057,SERVO_OUTPUT_RAW,36,24,other
38.29727792739868,ATTITUDE_QUATERNION,31,44,other
38.29731011390686,GLOBAL_POSITION_INT,33,40,other
38.29733991622925,GLOBAL_POSITION_INT,33,40,other
38.297351121902466,POSITION_TARGET_LOCAL_NED,85,63,other
38.301409006118774,LOCAL_POSITION_NED,32,40,other
38.30142593383789,ATTITUDE,30,40,other
38.30143594741821,ODOMETRY,331,244,other
38.30630302429199,ATTITUDE_TARGET,83,48,other
38.31053709983826,ATTITUDE,30,40,other
38.310630083084106,GPS_RAW_INT,24,56,other
38.31335496902466,HIGHRES_IMU,105,73,other
38.313414096832275,ATTITUDE_QUATERNION,31,44,other
38.31407904624939,ATTITUDE,30,40,other
38.31437802314758,LOCAL_POSITION_NED,32,40,other
38.3143949508667,SERVO_OUTPUT_RAW,36,24,other
38.31832408905029,ATTITUDE_QUATERNION,31,44,other
38.31837606430054,GLOBAL_POSITION_INT,33,40,other
38.318387031555176,POSITION_TARGET_LOCAL_NED,85,63,other
38.318389892578125,GLOBAL_POSITION_INT,33,40,other
38.3215811252594,ATTITUDE,30,40,other
38.32536506652832,ATTITUDE_TARGET,83,48,other
38.329516887664795,ATTITUDE,30,40,other
38.32959699630737,ATTITUDE,30,40,other
38.32960796356201,POSITION_TARGET_GLOBAL_INT,87,63,other
38.32962203025818,POSITION_TARGET_GLOBAL_INT,87,63,other
38.329729080200195,PING,4,17,other
38.32994198799133,PING,4,26,other
38.33561396598816,LOCAL_POSITION_NED,32,40,other
38.33567810058594,SERVO_OUTPUT_RAW,36,24,other
38.33569002151489,PING,4,17,other
38.335891008377075,TIMESYNC,111,25,other
38.33594608306885,HIGHRES_IMU,105,73,other
38.335954904556274,LOCAL_POSITION_NED,32,40,other
38.33596110343933,ALTITUDE,141,44,other
38.33597111701965,ODOMETRY,331,244,other
38.335978984832764,ATTITUDE_QUATERNION,31,44,other
38.33598589897156,ATTITUDE_TARGET,83,48,other
38.33599591255188,POSITION_TARGET_LOCAL_NED,85,63,other
38.33600401878357,SERVO_OUTPUT_RAW,36,24,other
38.33601212501526,VFR_HUD,74,31,other
38.337398052215576,ATTITUDE_QUATERNION,31,44,other
38.33746910095215,GLOBAL_POSITION_INT,33,40,other
38.3374879360199,GLOBAL_POSITION_INT,33,40,other
38.337502002716064,POSITION_TARGET_LOCAL_NED,85,63,other
38.34138798713684,ATTITUDE,30,40,other
38.341437101364136,GPS_RAW_INT,24,56,other
38.34524607658386,ATTITUDE_TARGET,83,48,other
38.34529995918274,GPS_RAW_INT,24,56,other
38.34986090660095,ATTITUDE,30,40,other
38.34993600845337,ATTITUDE,30,40,other
38.350183963775635,HEARTBEAT,0,21,other
38.353310108184814,LOCAL_POSITION_NED,32,40,other
38.35332798957825,HIGHRES_IMU,105,74,other
38.35334897041321,ATTITUDE_QUATERNION,31,44,other
38.353368043899536,SERVO_OUTPUT_RAW,36,24,other
38.35338306427002,HEARTBEAT,0,21,other
38.35741305351257,ATTITUDE_QUATERNION,31,44,other
38.35743498802185,GLOBAL_POSITION_INT,33,40,other
38.357444047927856,POSITION_TARGET_LOCAL_NED,85,63,other
38.35750102996826,GLOBAL_POSITION_INT,33,40,other
38.3614718914032,ATTITUDE,30,40,other
38.36535406112671,ATTITUDE_TARGET,83,48,other
38.3695170879364,LOCAL_POSITION_NED,32,40,other
38.369534969329834,ATTITUDE,30,40,other
38.369544982910156,ODOMETRY,331,244,other
38.369590044021606,ATTITUDE,30,40,other
38.37338089942932,LOCAL_POSITION_NED,32,40,other
38.373433113098145,SERVO_OUTPUT_RAW,36,24,other
38.37347197532654,HIGHRES_IMU,105,73,other
38.37353992462158,ATTITUDE_QUATERNION,31,44,other
38.377691984176636,ATTITUDE_QUATERNION,31,44,other
38.37773394584656,GLOBAL_POSITION_INT,33,40,other
38.37775492668152,GLOBAL_POSITION_INT,33,40,other
38.37775707244873,GPS_RAW_INT,24,56,other
38.37776803970337,POSITION_TARGET_LOCAL_NED,85,63,other
38.382177114486694,ATTITUDE,30,40,other
38.385366916656494,ATTITUDE_TARGET,83,48,other


62.133261919021606,ATTITUDE,30,40,other
62.1365270614624,HIGHRES_IMU,105,74,other
62.136528968811035,LOCAL_POSITION_NED,32,40,other
62.136553049087524,ATTITUDE,30,40,other
62.13656711578369,ATTITUDE_QUATERNION,31,44,other
62.13659596443176,SERVO_OUTPUT_RAW,36,24,other
62.14026594161987,GLOBAL_POSITION_INT,33,40,other
62.14043402671814,ATTITUDE_QUATERNION,31,44,other
62.1405189037323,GLOBAL_POSITION_INT,33,40,other
62.14053392410278,POSITION_TARGET_LOCAL_NED,85,63,other
62.146244049072266,HEARTBEAT,0,21,other
62.148524045944214,ATTITUDE,30,40,other
62.148557901382446,ATTITUDE_TARGET,83,48,other
62.14859890937805,HEARTBEAT,0,21,other
62.153156995773315,ATTITUDE,30,40,other
62.15334391593933,POSITION_TARGET_GLOBAL_INT,87,63,other
62.15638208389282,LOCAL_POSITION_NED,32,40,other
62.156404972076416,SERVO_OUTPUT_RAW,36,24,other
62.156524896621704,TIMESYNC,111,25,other
62.15659689903259,HIGHRES_IMU,105,73,other
62.15661096572876,LOCAL_POSITION_NED,32,40,other
62.1566219329834,ATTITUDE,30,40,other
62.156630992889404,ALTITUDE,141,44,other
62.15664291381836,ODOMETRY,331,244,other
62.15665292739868,ATTITUDE_QUATERNION,31,44,other
62.156662940979004,ATTITUDE_TARGET,83,48,other
62.15667700767517,POSITION_TARGET_LOCAL_NED,85,63,other
62.15668606758118,SERVO_OUTPUT_RAW,36,24,other
62.1566948890686,VFR_HUD,74,31,other
62.1606719493866,ATTITUDE_QUATERNION,31,44,other
62.16069793701172,GLOBAL_POSITION_INT,33,40,other
62.16070103645325,GLOBAL_POSITION_INT,33,40,other
62.16071009635925,POSITION_TARGET_LOCAL_NED,85,63,other
62.16071891784668,GPS_RAW_INT,24,56,other
62.16850805282593,ATTITUDE,30,40,other
62.16854000091553,ATTITUDE_TARGET,83,48,other
62.16856408119202,GPS_RAW_INT,24,56,other
62.1724910736084,ATTITUDE,30,40,other
62.176711082458496,HIGHRES_IMU,105,73,other
62.17674112319946,ATTITUDE,30,40,other
62.17675304412842,ATTITUDE_QUATERNION,31,44,other
62.1767680644989,LOCAL_POSITION_NED,32,40,other
62.17679405212402,SERVO_OUTPUT_RAW,36,24,other
62.18371105194092,GLOBAL_POSITION_INT,33,40,other
62.183878898620605,ATTITUDE_QUATERNION,31,44,other
62.18390893936157,GLOBAL_POSITION_INT,33,40,other
62.18391990661621,POSITION_TARGET_LOCAL_NED,85,63,other
62.18898391723633,ATTITUDE,30,40,other
62.18898797035217,ATTITUDE_TARGET,83,48,other
62.19255709648132,LOCAL_POSITION_NED,32,40,other
62.19268488883972,ODOMETRY,331,244,other
62.19268488883972,ATTITUDE,30,40,other
62.196720123291016,HIGHRES_IMU,105,74,other
62.19678497314453,ATTITUDE,30,40,other
62.1967990398407,ATTITUDE_QUATERNION,31,44,other
62.19681000709534,GPS_RAW_INT,24,56,other
62.19696402549744,LOCAL_POSITION_NED,32,40,other
62.197026014328,SERVO_OUTPUT_RAW,36,24,other
62.20102310180664,GLOBAL_POSITION_INT,33,40,other
62.2010440826416,ATTITUDE_QUATERNION,31,44,other
62.20113706588745,GLOBAL_POSITION_INT,33,40,other
62.20115089416504,POSITION_TARGET_LOCAL_NED,85,63,other
62.20841097831726,ATTITUDE,30,40,other
62.20844101905823,ATTITUDE_TARGET,83,48,other
62.21245503425598,ATTITUDE,30,40,other
62.213813066482544,MISSION_CURRENT,42,22,other
62.21826791763306,LOCAL_POSITION_NED,32,40,other
62.21833109855652,SERVO_OUTPUT_RAW,36,24,other
62.220577001571655,HIGHRES_IMU,105,74,other
62.2206609249115,ATTITUDE,30,40,other
62.2206768989563,ATTITUDE_QUATERNION,31,44,other
62.22404098510742,GLOBAL_POSITION_INT,33,40,other
62.22414708137512,ATTITUDE_QUATERNION,31,44,other
62.2242329120636,GLOBAL_POSITION_INT,33,40,other
62.22425293922424,POSITION_TARGET_LOCAL_NED,85,63,other
62.22677206993103,LOCAL_POSITION_NED,32,40,other
62.22679805755615,ODOMETRY,331,244,other
62.22828793525696,ATTITUDE,30,40,other
62.22830295562744,ATTITUDE_TARGET,83,48,other
62.228315114974976,GPS_RAW_INT,24,56,other
62.23284292221069,ATTITUDE,30,40,other
62.23674988746643,HIGHRES_IMU,105,73,other
62.23674988746643,LOCAL_POSITION_NED,32,40,other
62.23677396774292,SERVO_OUTPUT_RAW,36,24,other
62.23677396774292,ATTITUDE,30,40,other
62.23678708076477,ATTITUDE_QUATERNION,31,44,other
62.24060893058777,GLOBAL_POSITION_INT,33,40,other
62.240668058395386,ATTITUDE_QUATERNION,31,44,other
62.24165892601013,GLOBAL_POSITION_INT,33,40,other
62.241727113723755,POSITION_TARGET_LOCAL_NED,85,63,other
62.24878191947937,ATTITUDE,30,40,other
62.248871088027954,ATTITUDE_TARGET,83,48,other
62.252676010131836,ATTITUDE,30,40,other
62.25267696380615,POSITION_TARGET_GLOBAL_INT,87,63,other
62.25638294219971,TIMESYNC,111,25,other
62.25640797615051,HIGHRES_IMU,105,74,other
62.256417989730835,LOCAL_POSITION_NED,32,40,other
62.25642490386963,ATTITUDE,30,40,other
62.25642991065979,ALTITUDE,141,44,other
62.25643801689148,ODOMETRY,331,244,other
62.25644397735596,ATTITUDE_QUATERNION,31,44,other
62.25644898414612,ATTITUDE_TARGET,83,48,other
62.256458044052124,POSITION_TARGET_LOCAL_NED,85,63,other
62.25646495819092,SERVO_OUTPUT_RAW,36,24,other
62.25647711753845,SYS_STATUS,1,52,other
62.25666308403015,VFR_HUD,74,31,other
62.25681805610657,LOCAL_POSITION_NED,32,40,other
62.25683903694153,SERVO_OUTPUT_RAW,36,24,other
62.260550022125244,ATTITUDE_QUATERNION,31,44,other
62.26063108444214,GLOBAL_POSITION_INT,33,40,other
62.26064395904541,POSITION_TARGET_LOCAL_NED,85,63,other
62.262036085128784,GLOBAL_POSITION_INT,33,40,other
62.262057065963745,GPS_RAW_INT,24,56,other
62.26856994628906,ATTITUDE,30,40,other
62.2685980796814,ATTITUDE_TARGET,83,48,other
62.27496695518494,ATTITUDE,30,40,other
62.276758909225464,LOCAL_POSITION_NED,32,40,other
62.27676010131836,HIGHRES_IMU,105,73,other
62.27678108215332,SERVO_OUTPUT_RAW,36,24,other
62.27683210372925,ATTITUDE,30,40,other
62.276849031448364,ATTITUDE_QUATERNION,31,44,other
62.28049993515015,ATTITUDE_QUATERNION,31,44,other
62.28052997589111,GLOBAL_POSITION_INT,33,40,other
62.28055500984192,POSITION_TARGET_LOCAL_NED,85,63,other
62.28071904182434,GLOBAL_POSITION_INT,33,40,other
62.289052963256836,ATTITUDE,30,40,other
62.28913712501526,ATTITUDE_TARGET,83,48,other
62.29235911369324,LOCAL_POSITION_NED,32,40,other
62.29237699508667,ATTITUDE,30,40,other
62.29238796234131,ODOMETRY,331,244,other
62.29240298271179,GPS_RAW_INT,24,56,other
62.29683303833008,HIGHRES_IMU,105,73,other
62.296884059906006,LOCAL_POSITION_NED,32,40,other
62.2969069480896,SERVO_OUTPUT_RAW,36,24,other
62.297122955322266,ATTITUDE,30,40,other
62.297199010849,ATTITUDE_QUATERNION,31,44,other
62.30038595199585,GLOBAL_POSITION_INT,33,40,other
62.30042600631714,ATTITUDE_QUATERNION,31,44,other
62.300519943237305,GLOBAL_POSITION_INT,33,40,other
62.300535917282104,POSITION_TARGET_LOCAL_NED,85,63,other
62.31028890609741,ATTITUDE_TARGET,83,48,other
62.310322999954224,ATTITUDE,30,40,other
62.313941955566406,ATTITUDE,30,40,other
62.316612005233765,HIGHRES_IMU,105,74,other
62.31761693954468,LOCAL_POSITION_NED,32,40,other
62.31782007217407,SERVO_OUTPUT_RAW,36,24,other
62.31809210777283,ATTITUDE,30,40,other
62.31811809539795,ATTITUDE_QUATERNION,31,44,other
62.320679903030396,ATTITUDE_QUATERNION,31,44,other
62.32075500488281,GLOBAL_POSITION_INT,33,40,other
62.32076597213745,POSITION_TARGET_LOCAL_NED,85,63,other
62.320773124694824,GLOBAL_POSITION_INT,33,40,other
62.32077407836914,VFR_HUD,74,31,other
62.324498891830444,LOCAL_POSITION_NED,32,40,other
62.32452607154846,ODOMETRY,331,244,other
62.32837200164795,ATTITUDE,30,40,other
62.32837390899658,ATTITUDE_TARGET,83,48,other
62.32843995094299,GPS_RAW_INT,24,56,other
62.33299708366394,ATTITUDE,30,40,other
62.33733296394348,LOCAL_POSITION_NED,32,40,other
62.33733892440796,HIGHRES_IMU,105,74,other
62.33742594718933,SERVO_OUTPUT_RAW,36,24,other
62.33769392967224,ATTITUDE,30,40,other
62.33776593208313,ATTITUDE_QUATERNION,31,44,other
62.34169793128967,GLOBAL_POSITION_INT,33,40,other
62.34171104431152,ATTITUDE_QUATERNION,31,44,other
62.34173107147217,GLOBAL_POSITION_INT,33,40,other
62.34173893928528,POSITION_TARGET_LOCAL_NED,85,63,other
62.34874200820923,ATTITUDE,30,40,other
62.34877300262451,ATTITUDE_TARGET,83,48,other
62.352946043014526,POSITION_TARGET_GLOBAL_INT,87,63,other
62.353413105010986,ATTITUDE,30,40,other
62.35649108886719,TIMESYNC,111,25,other
62.35656499862671,HIGHRES_IMU,105,74,other
62.35657811164856,LOCAL_POSITION_NED,32,40,other
62.3565890789032,ATTITUDE,30,40,other
62.356597900390625,ALTITUDE,141,44,other
62.35661196708679,ODOMETRY,331,244,other
62.356621980667114,ATTITUDE_QUATERNION,31,44,other
62.35663104057312,ATTITUDE_TARGET,83,48,other
62.3566460609436,POSITION_TARGET_LOCAL_NED,85,63,other
62.35665702819824,SERVO_OUTPUT_RAW,36,24,other
62.35666799545288,VFR_HUD,74,31,other
62.35703802108765,LOCAL_POSITION_NED,32,40,other
62.35719394683838,SERVO_OUTPUT_RAW,36,24,other
62.36137890815735,GLOBAL_POSITION_INT,33,40,other
62.36140203475952,ATTITUDE_QUATERNION,31,44,other
62.36143898963928,GPS_RAW_INT,24,56,other
62.36145091056824,UNKNOWN_411,-2,13,other
62.36147689819336,GLOBAL_POSITION_INT,33,40,other
62.36149311065674,POSITION_TARGET_LOCAL_NED,85,63,other
62.36845111846924,ATTITUDE,30,40,other
62.36849308013916,ATTITUDE_TARGET,83,48,other
62.36852407455444,GPS_RAW_INT,24,56,other
62.37538695335388,ATTITUDE,30,40,other
62.37930607795715,LOCAL_POSITION_NED,32,40,other
62.3793261051178,HIGHRES_IMU,105,74,other
62.37934708595276,ATTITUDE,30,40,other
62.37936091423035,ATTITUDE_QUATERNION,31,44,other
62.379372119903564,SERVO_OUTPUT_RAW,36,24,other
62.38031196594238,GLOBAL_POSITION_INT,33,40,other
62.38050889968872,ATTITUDE_QUATERNION,31,44,other
62.38059711456299,GLOBAL_POSITION_INT,33,40,other
62.38061308860779,POSITION_TARGET_LOCAL_NED,85,63,other
62.38862109184265,ATTITUDE,30,40,other
62.38971304893494,ATTITUDE_TARGET,83,48,other
62.39237689971924,LOCAL_POSITION_NED,32,40,other
62.39240598678589,ODOMETRY,331,244,other
62.392420053482056,GPS_RAW_INT,24,56,other
62.3933219909668,ATTITUDE,30,40,other
62.39648389816284,HIGHRES_IMU,105,73,other
62.3965630531311,ATTITUDE,30,40,other
62.3965790271759,ATTITUDE_QUATERNION,31,44,other
62.39702105522156,LOCAL_POSITION_NED,32,40,other
62.39708590507507,SERVO_OUTPUT_RAW,36,24,other
62.400397062301636,ATTITUDE_QUATERNION,31,44,other
62.40043807029724,GLOBAL_POSITION_INT,33,40,other
62.40046191215515,GLOBAL_POSITION_INT,33,40,other
62.40047812461853,POSITION_TARGET_LOCAL_NED,85,63,other
62.40842604637146,ATTITUDE_TARGET,83,48,other
62.40846490859985,ATTITUDE,30,40,other
62.41274809837341,ATTITUDE,30,40,other
62.416486978530884,LOCAL_POSITION_NED,32,40,other
62.41655898094177,SERVO_OUTPUT_RAW,36,24,other
62.417989015579224,HIGHRES_IMU,105,73,other
62.418060064315796,ATTITUDE,30,40,other
62.418102979660034,ATTITUDE_QUATERNION,31,44,other
62.42031407356262,GLOBAL_POSITION_INT,33,40,other
62.4203519821167,ATTITUDE_QUATERNION,31,44,other
62.42037796974182,GLOBAL_POSITION_INT,33,40,other
62.42038893699646,POSITION_TARGET_LOCAL_NED,85,63,other
62.42437410354614,LOCAL_POSITION_NED,32,40,other
62.4244339466095,ODOMETRY,331,244,other
62.42444396018982,GPS_RAW_INT,24,56,other
62.4284770488739,ATTITUDE,30,40,other
62.4284770488739,ATTITUDE_TARGET,83,48,other
62.434921979904175,ATTITUDE,30,40,other
62.44218993186951,HIGHRES_IMU,105,74,other
62.442222118377686,LOCAL_POSITION_NED,32,40,other
62.442249059677124,SERVO_OUTPUT_RAW,36,24,other
62.442261934280396,ATTITUDE,30,40,other
62.44227695465088,ATTITUDE_QUATERNION,31,44,other
62.44239091873169,ATTITUDE_QUATERNION,31,44,other
62.44245910644531,GLOBAL_POSITION_INT,33,40,other
62.44250702857971,GLOBAL_POSITION_INT,33,40,other
62.44252395629883,POSITION_TARGET_LOCAL_NED,85,63,other
62.44852805137634,ATTITUDE,30,40,other
62.44857311248779,ATTITUDE_TARGET,83,48,other
62.45238995552063,ATTITUDE,30,40,other
62.45246505737305,POSITION_TARGET_GLOBAL_INT,87,63,other
62.45632600784302,TIMESYNC,111,25,other
62.45635104179382,HIGHRES_IMU,105,73,other
62.456361055374146,LOCAL_POSITION_NED,32,40,other
62.45636296272278,LOCAL_POSITION_NED,32,40,other
62.456368923187256,ATTITUDE,30,40,other
62.45637392997742,ALTITUDE,141,44,other
62.456382036209106,ODOMETRY,331,244,other
62.45638704299927,ATTITUDE_QUATERNION,31,44,other
62.45639204978943,ATTITUDE_TARGET,83,48,other
62.45639896392822,POSITION_TARGET_LOCAL_NED,85,63,other
62.456403970718384,SERVO_OUTPUT_RAW,36,24,other
62.45640993118286,SYS_STATUS,1,52,other
62.45641493797302,VFR_HUD,74,31,other
62.456429958343506,SERVO_OUTPUT_RAW,36,24,other
62.46089506149292,GLOBAL_POSITION_INT,33,40,other
62.460917949676514,ATTITUDE_QUATERNION,31,44,other
62.46094489097595,GLOBAL_POSITION_INT,33,40,other
62.4609580039978,GPS_RAW_INT,24,56,other
62.46095895767212,POSITION_TARGET_LOCAL_NED,85,63,other
62.469823122024536,ATTITUDE_TARGET,83,48,other
62.470113039016724,ATTITUDE,30,40,other
62.47257208824158,ATTITUDE,30,40,other
62.476279973983765,HIGHRES_IMU,105,74,other
62.476293087005615,LOCAL_POSITION_NED,32,40,other
62.47634506225586,ATTITUDE,30,40,other
62.47636008262634,SERVO_OUTPUT_RAW,36,24,other
62.47636103630066,ATTITUDE_QUATERNION,31,44,other
62.480506896972656,ATTITUDE_QUATERNION,31,44,other
62.480576038360596,GLOBAL_POSITION_INT,33,40,other
62.48059010505676,POSITION_TARGET_LOCAL_NED,85,63,other
62.48068809509277,GLOBAL_POSITION_INT,33,40,other
62.489075899124146,ATTITUDE,30,40,other
62.48907804489136,ATTITUDE_TARGET,83,48,other
62.492384910583496,ATTITUDE,30,40,other
62.49238610267639,LOCAL_POSITION_NED,32,40,other
62.4924099445343,ODOMETRY,331,244,other
62.49242305755615,GPS_RAW_INT,24,56,other
62.4963641166687,HIGHRES_IMU,105,74,other
62.4964599609375,ATTITUDE,30,40,other
62.4964759349823,ATTITUDE_QUATERNION,31,44,other
62.496866941452026,LOCAL_POSITION_NED,32,40,other
62.4968900680542,SERVO_OUTPUT_RAW,36,24,other
62.5012149810791,GLOBAL_POSITION_INT,33,40,other
62.50123405456543,ATTITUDE_QUATERNION,31,44,other
62.50188899040222,GLOBAL_POSITION_INT,33,40,other
62.50195503234863,POSITION_TARGET_LOCAL_NED,85,63,other
62.51030206680298,ATTITUDE_TARGET,83,48,other
62.510303020477295,ATTITUDE,30,40,other
62.5123770236969,ATTITUDE,30,40,other
62.51636600494385,HIGHRES_IMU,105,73,other
62.51636600494385,LOCAL_POSITION_NED,32,40,other
62.51638889312744,SERVO_OUTPUT_RAW,36,24,other
62.51638889312744,ATTITUDE,30,40,other
62.51640295982361,ATTITUDE_QUATERNION,31,44,other
62.52035689353943,GLOBAL_POSITION_INT,33,40,other
62.5203640460968,ATTITUDE_QUATERNION,31,44,other
62.520386934280396,GLOBAL_POSITION_INT,33,40,other
62.520397901535034,POSITION_TARGET_LOCAL_NED,85,63,other
62.52466607093811,LOCAL_POSITION_NED,32,40,other
62.524734020233154,ODOMETRY,331,244,other
62.524749994277954,GPS_RAW_INT,24,56,other
62.52830696105957,ATTITUDE,30,40,other
62.52835202217102,ATTITUDE_TARGET,83,48,other
62.53257393836975,ATTITUDE,30,40,other
62.53648090362549,HIGHRES_IMU,105,73,other
62.53650212287903,ATTITUDE,30,40,other
62.53651404380798,ATTITUDE_QUATERNION,31,44,other
62.53657507896423,LOCAL_POSITION_NED,32,40,other
62.53663897514343,SERVO_OUTPUT_RAW,36,24,other
62.54060101509094,GLOBAL_POSITION_INT,33,40,other
62.540623903274536,ATTITUDE_QUATERNION,31,44,other
62.54065203666687,GLOBAL_POSITION_INT,33,40,other
62.540663957595825,POSITION_TARGET_LOCAL_NED,85,63,other
62.54843997955322,ATTITUDE,30,40,other
62.548458099365234,ATTITUDE_TARGET,83,48,other
62.55253195762634,POSITION_TARGET_GLOBAL_INT,87,63,other
62.552552938461304,ATTITUDE,30,40,other
62.5600790977478,LOCAL_POSITION_NED,32,40,other
62.56014704704285,SERVO_OUTPUT_RAW,36,24,other
62.56037712097168,TIMESYNC,111,25,other
62.560446977615356,HIGHRES_IMU,105,74,other
62.560457944869995,LOCAL_POSITION_NED,32,40,other
62.56046795845032,ATTITUDE,30,40,other
62.56047606468201,ALTITUDE,141,44,other
62.560487031936646,ODOMETRY,331,244,other
62.56049609184265,ATTITUDE_QUATERNION,31,44,other
62.560503005981445,ATTITUDE_TARGET,83,48,other
62.56051802635193,GPS_RAW_INT,24,56,other
62.56052899360657,POSITION_TARGET_LOCAL_NED,85,63,other
62.56053900718689,SERVO_OUTPUT_RAW,36,24,other
62.56055212020874,VFR_HUD,74,31,other
62.561245918273926,GLOBAL_POSITION_INT,33,40,other
62.56142497062683,ATTITUDE_QUATERNION,31,44,other
62.56145095825195,GLOBAL_POSITION_INT,33,40,other
62.561464071273804,POSITION_TARGET_LOCAL_NED,85,63,other
62.568464040756226,HEARTBEAT,0,21,other
62.568500995635986,ATTITUDE,30,40,other
62.56853103637695,ALTITUDE,141,44,other
62.56854200363159,ATTITUDE_TARGET,83,48,other
62.568552017211914,BATTERY_STATUS,147,53,other
62.5685601234436,UNKNOWN_436,-2,21,other
62.56857109069824,ESTIMATOR_STATUS,230,54,other
62.56857895851135,EXTENDED_SYS_STATE,245,14,other
62.568588972091675,GPS_RAW_INT,24,56,other
62.56859803199768,HOME_POSITION,242,67,other
62.56861090660095,OPEN_DRONE_ID_LOCATION,12901,70,other
62.56861996650696,OPEN_DRONE_ID_SYSTEM,12904,37,other
62.56862998008728,SCALED_PRESSURE,29,26,other
62.56872510910034,SYS_STATUS,1,52,other
62.56879901885986,VFR_HUD,74,31,other
62.56886100769043,UNKNOWN_8,-2,33,other
62.572591066360474,ATTITUDE,30,40,other
62.57654094696045,HIGHRES_IMU,105,73,other
62.57662105560303,ATTITUDE,30,40,other
62.57663702964783,ATTITUDE_QUATERNION,31,44,other
62.57666492462158,LOCAL_POSITION_NED,32,40,other
62.57673692703247,SERVO_OUTPUT_RAW,36,24,other
62.58100509643555,GLOBAL_POSITION_INT,33,40,other
62.581027030944824,ATTITUDE_QUATERNION,31,44,other
62.58110690116882,GLOBAL_POSITION_INT,33,40,other
62.58112406730652,POSITION_TARGET_LOCAL_NED,85,63,other
62.588829040527344,ATTITUDE,30,40,other
62.588967084884644,ATTITUDE_TARGET,83,48,other
62.5948429107666,ATTITUDE,30,40,other
62.5948429107666,LOCAL_POSITION_NED,32,40,other
62.594871044158936,ODOMETRY,331,244,other
62.594887018203735,GPS_RAW_INT,24,56,other
62.59937500953674,HIGHRES_IMU,105,73,other
62.59940004348755,ATTITUDE,30,40,other
62.599411964416504,ATTITUDE_QUATERNION,31,44,other
62.600038051605225,LOCAL_POSITION_NED,32,40,other
62.60019898414612,SERVO_OUTPUT_RAW,36,24,other
62.60258507728577,GLOBAL_POSITION_INT,33,40,other
62.60290503501892,ATTITUDE_QUATERNION,31,44,other
62.602981090545654,GLOBAL_POSITION_INT,33,40,other
62.602997064590454,POSITION_TARGET_LOCAL_NED,85,63,other
62.610265016555786,ATTITUDE_TARGET,83,48,other
62.610265016555786,ATTITUDE,30,40,other
62.613434076309204,ATTITUDE,30,40,other
62.616575956344604,HIGHRES_IMU,105,74,other
62.61660695075989,LOCAL_POSITION_NED,32,40,other
62.61663007736206,SERVO_OUTPUT_RAW,36,24,other
62.6166410446167,ATTITUDE,30,40,other
62.6166570186615,ATTITUDE_QUATERNION,31,44,other
62.62091112136841,GLOBAL_POSITION_INT,33,40,other
62.620924949645996,ATTITUDE_QUATERNION,31,44,other
62.62099504470825,GLOBAL_POSITION_INT,33,40,other
62.62101101875305,POSITION_TARGET_LOCAL_NED,85,63,other
62.62429189682007,LOCAL_POSITION_NED,32,40,other
62.62432098388672,ODOMETRY,331,244,other
62.624335050582886,GPS_RAW_INT,24,56,other
62.62836694717407,ATTITUDE_TARGET,83,48,other
62.62836790084839,ATTITUDE,30,40,other
62.63261103630066,ATTITUDE,30,40,other
62.637290954589844,HIGHRES_IMU,105,74,other
62.637306928634644,LOCAL_POSITION_NED,32,40,other
62.63731503486633,ATTITUDE,30,40,other
62.6373291015625,ATTITUDE_QUATERNION,31,44,other
62.63733196258545,SERVO_OUTPUT_RAW,36,24,other
62.64112210273743,GLOBAL_POSITION_INT,33,40,other
62.64153289794922,ATTITUDE_QUATERNION,31,44,other
62.64157700538635,GLOBAL_POSITION_INT,33,40,other
62.641592025756836,POSITION_TARGET_LOCAL_NED,85,63,other
62.64853811264038,ATTITUDE_TARGET,83,48,other
62.64854097366333,ATTITUDE,30,40,other
62.652761936187744,POSITION_TARGET_GLOBAL_INT,87,63,other
62.65277099609375,ATTITUDE,30,40,other
62.657243967056274,TIMESYNC,111,25,other
62.6572699546814,HIGHRES_IMU,105,73,other
62.65727996826172,LOCAL_POSITION_NED,32,40,other
62.65728998184204,ATTITUDE,30,40,other
62.65729808807373,ALTITUDE,141,44,other
62.65730094909668,LOCAL_POSITION_NED,32,40,other
62.657310962677,ODOMETRY,331,244,other
62.65732002258301,ATTITUDE_QUATERNION,31,44,other
62.65732502937317,SERVO_OUTPUT_RAW,36,24,other
62.657329082489014,ATTITUDE_TARGET,83,48,other
62.657336950302124,GPS_RAW_INT,24,56,other
62.657346963882446,POSITION_TARGET_LOCAL_NED,85,63,other
62.65735602378845,SERVO_OUTPUT_RAW,36,24,other
62.657382011413574,SYS_STATUS,1,52,other
62.65739297866821,VFR_HUD,74,31,other
62.66031289100647,GLOBAL_POSITION_INT,33,40,other
62.66036891937256,ATTITUDE_QUATERNION,31,44,other
62.66043710708618,GLOBAL_POSITION_INT,33,40,other
62.66045093536377,POSITION_TARGET_LOCAL_NED,85,63,other
62.668708086013794,ATTITUDE,30,40,other
62.66889691352844,ATTITUDE_TARGET,83,48,other
62.67480111122131,ATTITUDE,30,40,other
62.67673397064209,HIGHRES_IMU,105,74,other
62.67676305770874,LOCAL_POSITION_NED,32,40,other
62.67679810523987,ATTITUDE,30,40,other
62.67681407928467,ATTITUDE_QUATERNION,31,44,other
62.67685389518738,SERVO_OUTPUT_RAW,36,24,other
62.68033695220947,GLOBAL_POSITION_INT,33,40,other
62.680378913879395,ATTITUDE_QUATERNION,31,44,other
62.68040609359741,GLOBAL_POSITION_INT,33,40,other
62.68041801452637,POSITION_TARGET_LOCAL_NED,85,63,other
62.68854808807373,ATTITUDE,30,40,other
62.6885769367218,GPS_RAW_INT,24,56,other
62.68860602378845,ATTITUDE_TARGET,83,48,other
62.692394971847534,LOCAL_POSITION_NED,32,40,other
62.69243502616882,ATTITUDE,30,40,other
62.69246292114258,ODOMETRY,331,244,other
62.69649410247803,LOCAL_POSITION_NED,32,40,other
62.696502923965454,HIGHRES_IMU,105,73,other
62.6965229511261,ATTITUDE,30,40,other
62.69653511047363,ATTITUDE_QUATERNION,31,44,other
62.69655895233154,SERVO_OUTPUT_RAW,36,24,other
62.70047903060913,GLOBAL_POSITION_INT,33,40,other
62.70209312438965,ATTITUDE_QUATERNION,31,44,other
62.702176094055176,GLOBAL_POSITION_INT,33,40,other
62.702194929122925,POSITION_TARGET_LOCAL_NED,85,63,other
62.709173917770386,ATTITUDE,30,40,other
62.70918011665344,ATTITUDE_TARGET,83,48,other
62.71230697631836,ATTITUDE,30,40,other
62.716739892959595,HIGHRES_IMU,105,73,other
62.71681094169617,ATTITUDE,30,40,other
62.7168231010437,LOCAL_POSITION_NED,32,40,other
62.71682596206665,ATTITUDE_QUATERNION,31,44,other
62.71688508987427,SERVO_OUTPUT_RAW,36,24,other
62.717013120651245,HEARTBEAT,0,21,other
62.7207670211792,GLOBAL_POSITION_INT,33,40,other
62.722996950149536,ATTITUDE_QUATERNION,31,44,other
62.72303891181946,GLOBAL_POSITION_INT,33,40,other
62.72306299209595,POSITION_TARGET_LOCAL_NED,85,63,other
62.72307801246643,HEARTBEAT,0,21,other
62.724740982055664,UNKNOWN_380,-2,32,other
62.7247428894043,LOCAL_POSITION_NED,32,40,other
62.724770069122314,ODOMETRY,331,244,other
62.724782943725586,GPS_RAW_INT,24,56,other
62.724793910980225,UNKNOWN_380,-2,32,other
62.72855091094971,ATTITUDE,30,40,other
62.72857308387756,ATTITUDE_TARGET,83,48,other
62.732527017593384,ATTITUDE,30,40,other
62.736210107803345,LOCAL_POSITION_NED,32,40,other
62.73628497123718,SERVO_OUTPUT_RAW,36,24,other
62.73692512512207,HIGHRES_IMU,105,74,other
62.73698592185974,ATTITUDE,30,40,other
62.73700189590454,ATTITUDE_QUATERNION,31,44,other
62.74091696739197,GLOBAL_POSITION_INT,33,40,other
62.74092698097229,ATTITUDE_QUATERNION,31,44,other
62.7409610748291,GLOBAL_POSITION_INT,33,40,other
62.74097490310669,POSITION_TARGET_LOCAL_NED,85,63,other
62.748332023620605,ATTITUDE,30,40,other
62.74834609031677,ATTITUDE_TARGET,83,48,other
62.75274205207825,POSITION_TARGET_GLOBAL_INT,87,63,other
62.752952098846436,ATTITUDE,30,40,other
62.75710606575012,TIMESYNC,111,25,other
62.757328033447266,HIGHRES_IMU,105,74,other
62.75734996795654,LOCAL_POSITION_NED,32,40,other
62.75736904144287,ATTITUDE,30,40,other
62.75738191604614,ALTITUDE,141,44,other
62.757405042648315,ODOMETRY,331,244,other
62.75741910934448,ATTITUDE_QUATERNION,31,44,other
62.75743103027344,ATTITUDE_TARGET,83,48,other
62.757450103759766,GPS_RAW_INT,24,56,other
62.757466077804565,POSITION_TARGET_LOCAL_NED,85,63,other
62.757482051849365,SERVO_OUTPUT_RAW,36,24,other
62.75749707221985,VFR_HUD,74,31,other
62.75761389732361,LOCAL_POSITION_NED,32,40,other
62.757713079452515,SERVO_OUTPUT_RAW,36,24,other
62.76036095619202,GLOBAL_POSITION_INT,33,40,other
62.76037907600403,ATTITUDE_QUATERNION,31,44,other
62.760446071624756,GLOBAL_POSITION_INT,33,40,other
62.76046109199524,POSITION_TARGET_LOCAL_NED,85,63,other
62.76868009567261,ATTITUDE,30,40,other
62.76872205734253,ATTITUDE_TARGET,83,48,other
62.768795013427734,GPS_RAW_INT,24,56,other
62.77302002906799,ATTITUDE,30,40,other
62.77902412414551,LOCAL_POSITION_NED,32,40,other
62.779051065444946,SERVO_OUTPUT_RAW,36,24,other
62.779540061950684,HIGHRES_IMU,105,74,other
62.7796049118042,ATTITUDE,30,40,other
62.77961993217468,ATTITUDE_QUATERNION,31,44,other
62.78074908256531,ATTITUDE_QUATERNION,31,44,other
62.780760049819946,GLOBAL_POSITION_INT,33,40,other
62.780776023864746,GLOBAL_POSITION_INT,33,40,other
62.7807879447937,POSITION_TARGET_LOCAL_NED,85,63,other
62.78850197792053,ATTITUDE,30,40,other
62.78850293159485,ATTITUDE_TARGET,83,48,other
62.78857707977295,GPS_RAW_INT,24,56,other
62.7923629283905,LOCAL_POSITION_NED,32,40,other
62.79239010810852,ODOMETRY,331,244,other
62.79270100593567,ATTITUDE,30,40,other
62.79634189605713,LOCAL_POSITION_NED,32,40,other
62.79641389846802,HIGHRES_IMU,105,74,other
62.79655694961548,ATTITUDE,30,40,other
62.796579122543335,SERVO_OUTPUT_RAW,36,24,other
62.79666709899902,ATTITUDE_QUATERNION,31,44,other
62.800270080566406,GLOBAL_POSITION_INT,33,40,other
62.8003249168396,ATTITUDE_QUATERNION,31,44,other
62.80038499832153,GLOBAL_POSITION_INT,33,40,other
62.800398111343384,POSITION_TARGET_LOCAL_NED,85,63,other
62.80954694747925,ATTITUDE,30,40,other
62.809667110443115,ATTITUDE_TARGET,83,48,other
62.81238508224487,ATTITUDE,30,40,other
62.816800117492676,HIGHRES_IMU,105,73,other
62.816869020462036,ATTITUDE,30,40,other
62.816888093948364,ATTITUDE_QUATERNION,31,44,other
62.81693410873413,LOCAL_POSITION_NED,32,40,other
62.81695294380188,SERVO_OUTPUT_RAW,36,24,other
62.82050609588623,GLOBAL_POSITION_INT,33,40,other
62.820547103881836,ATTITUDE_QUATERNION,31,44,other
62.82058310508728,GPS_RAW_INT,24,56,other
62.82061505317688,GLOBAL_POSITION_INT,33,40,other
62.82063007354736,POSITION_TARGET_LOCAL_NED,85,63,other
62.820642948150635,VFR_HUD,74,31,other
62.827500104904175,LOCAL_POSITION_NED,32,40,other
62.827589988708496,ODOMETRY,331,244,other
62.83177995681763,ATTITUDE,30,40,other
62.8318190574646,ATTITUDE_TARGET,83,48,other
62.83396601676941,ATTITUDE,30,40,other
62.8363471031189,HIGHRES_IMU,105,73,other
62.836414098739624,ATTITUDE,30,40,other
62.83643102645874,ATTITUDE_QUATERNION,31,44,other
62.83646297454834,LOCAL_POSITION_NED,32,40,other
62.83653807640076,SERVO_OUTPUT_RAW,36,24,other
62.841296911239624,ATTITUDE_QUATERNION,31,44,other
62.84129810333252,GLOBAL_POSITION_INT,33,40,other
62.84135890007019,GLOBAL_POSITION_INT,33,40,other
62.84138607978821,POSITION_TARGET_LOCAL_NED,85,63,other
62.84847092628479,ATTITUDE,30,40,other
62.848515033721924,ATTITUDE_TARGET,83,48,other
62.85258889198303,ATTITUDE,30,40,other
62.85268712043762,POSITION_TARGET_GLOBAL_INT,87,63,other
62.858213901519775,HEARTBEAT,0,21,other
62.85829305648804,TIMESYNC,111,25,other
62.85830998420715,HIGHRES_IMU,105,74,other
62.858319997787476,LOCAL_POSITION_NED,32,40,other
62.858330965042114,ATTITUDE,30,40,other
62.85834002494812,ALTITUDE,141,44,other
62.85835409164429,ODOMETRY,331,244,other
62.85836410522461,ATTITUDE_QUATERNION,31,44,other
62.85837197303772,ATTITUDE_TARGET,83,48,other
62.85838294029236,BATTERY_STATUS,147,53,other
62.858392000198364,UNKNOWN_436,-2,21,other
62.85840106010437,ESTIMATOR_STATUS,230,54,other
62.85841107368469,EXTENDED_SYS_STATE,245,14,other
62.85841488838196,LOCAL_POSITION_NED,32,40,other
62.858421087265015,GPS_RAW_INT,24,56,other
62.85842990875244,HOME_POSITION,242,67,other
62.85844302177429,OPEN_DRONE_ID_LOCATION,12901,70,other
62.8584520816803,OPEN_DRONE_ID_SYSTEM,12904,37,other
62.85846209526062,PING,4,21,other
62.85847091674805,POSITION_TARGET_LOCAL_NED,85,63,other
62.85847592353821,SERVO_OUTPUT_RAW,36,24,other
62.85848093032837,SCALED_PRESSURE,29,26,other
62.858489990234375,SERVO_OUTPUT_RAW,36,24,other
62.85850191116333,SYS_STATUS,1,52,other
62.858510971069336,SYSTEM_TIME,2,22,other
62.858521938323975,VFR_HUD,74,31,other
62.85853099822998,VIBRATION,241,32,other
62.85854196548462,UNKNOWN_8,-2,33,other
62.859806060791016,PING,4,26,other
62.8609619140625,ATTITUDE_QUATERNION,31,44,other
62.86099100112915,GLOBAL_POSITION_INT,33,40,other
62.861004114151,POSITION_TARGET_LOCAL_NED,85,63,other
62.86250591278076,GLOBAL_POSITION_INT,33,40,other
62.86882400512695,ATTITUDE,30,40,other
62.869038105010986,ATTITUDE_TARGET,83,48,other
62.872929096221924,ATTITUDE,30,40,other
62.87725806236267,LOCAL_POSITION_NED,32,40,other
62.877280950546265,HIGHRES_IMU,105,73,other
62.877312898635864,ATTITUDE,30,40,other
62.87733292579651,ATTITUDE_QUATERNION,31,44,other
62.87733602523804,SERVO_OUTPUT_RAW,36,24,other
62.88049602508545,GLOBAL_POSITION_INT,33,40,other
62.88057208061218,ATTITUDE_QUATERNION,31,44,other
62.88064193725586,GLOBAL_POSITION_INT,33,40,other
62.88065695762634,POSITION_TARGET_LOCAL_NED,85,63,other
62.88844704627991,ATTITUDE,30,40,other
62.88847994804382,GPS_RAW_INT,24,56,other
62.88848304748535,ATTITUDE_TARGET,83,48,other
62.89379405975342,ATTITUDE,30,40,other
62.89380192756653,LOCAL_POSITION_NED,32,40,other
62.8940749168396,ODOMETRY,331,244,other
62.89866304397583,LOCAL_POSITION_NED,32,40,other
62.898685932159424,SERVO_OUTPUT_RAW,36,24,other
62.89980506896973,HIGHRES_IMU,105,74,other
62.89983296394348,ATTITUDE,30,40,other
62.89988899230957,ATTITUDE_QUATERNION,31,44,other
62.90024399757385,GLOBAL_POSITION_INT,33,40,other
62.90032410621643,ATTITUDE_QUATERNION,31,44,other
62.90035104751587,GLOBAL_POSITION_INT,33,40,other
62.90036392211914,POSITION_TARGET_LOCAL_NED,85,63,other
62.908448934555054,ATTITUDE,30,40,other
62.90850210189819,ATTITUDE_TARGET,83,48,other
62.9126501083374,ATTITUDE,30,40,other
62.91950511932373,HIGHRES_IMU,105,74,other
62.91953706741333,ATTITUDE,30,40,other
62.91955089569092,ATTITUDE_QUATERNION,31,44,other
62.919708013534546,LOCAL_POSITION_NED,32,40,other
62.91992998123169,SERVO_OUTPUT_RAW,36,24,other
62.926384925842285,GLOBAL_POSITION_INT,33,40,other
62.92654800415039,GPS_RAW_INT,24,56,other
62.92839694023132,ATTITUDE_QUATERNION,31,44,other
62.92849612236023,GLOBAL_POSITION_INT,33,40,other
62.928508043289185,POSITION_TARGET_LOCAL_NED,85,63,other
62.930798053741455,LOCAL_POSITION_NED,32,40,other
62.9308819770813,ODOMETRY,331,244,other
62.93502902984619,ATTITUDE,30,40,other
62.9350700378418,ATTITUDE_TARGET,83,48,other
62.938451051712036,ATTITUDE,30,40,other
62.9419379234314,LOCAL_POSITION_NED,32,40,other
62.94193911552429,HIGHRES_IMU,105,73,other
62.94196701049805,ATTITUDE,30,40,other
62.94198203086853,ATTITUDE_QUATERNION,31,44,other
62.942102909088135,SERVO_OUTPUT_RAW,36,24,other
62.94597506523132,GLOBAL_POSITION_INT,33,40,other
62.9459969997406,ATTITUDE_QUATERNION,31,44,other
62.94602298736572,GLOBAL_POSITION_INT,33,40,other
62.94603490829468,POSITION_TARGET_LOCAL_NED,85,63,other
62.95460891723633,ATTITUDE,30,40,other
62.95535612106323,ATTITUDE_TARGET,83,48,other
62.95756912231445,ATTITUDE,30,40,other
62.95778012275696,POSITION_TARGET_GLOBAL_INT,87,63,other
62.9583261013031,GPS_RAW_INT,24,56,other
62.95835995674133,POSITION_TARGET_GLOBAL_INT,87,63,other
62.96236705780029,TIMESYNC,111,25,other
62.96243906021118,HIGHRES_IMU,105,73,other
62.962449073791504,LOCAL_POSITION_NED,32,40,other
62.96245098114014,LOCAL_POSITION_NED,32,40,other
62.96246409416199,ATTITUDE,30,40,other
62.9624719619751,ALTITUDE,141,44,other
62.962517976760864,SERVO_OUTPUT_RAW,36,24,other
62.962645053863525,ODOMETRY,331,244,other
62.96267008781433,ATTITUDE_QUATERNION,31,44,other
62.962682008743286,ATTITUDE_TARGET,83,48,other
62.96269702911377,POSITION_TARGET_LOCAL_NED,85,63,other
62.962706089019775,SERVO_OUTPUT_RAW,36,24,other
62.9627161026001,VFR_HUD,74,31,other
62.965641021728516,GLOBAL_POSITION_INT,33,40,other
62.965677976608276,ATTITUDE_QUATERNION,31,44,other
62.96570611000061,GLOBAL_POSITION_INT,33,40,other
62.9657199382782,POSITION_TARGET_LOCAL_NED,85,63,other
62.97366905212402,ATTITUDE,30,40,other
62.97368812561035,ATTITUDE_TARGET,83,48,other
62.973719120025635,GPS_RAW_INT,24,56,other
62.977701902389526,ATTITUDE,30,40,other
62.98168706893921,HIGHRES_IMU,105,74,other
62.98171091079712,ATTITUDE,30,40,other
62.981719970703125,ATTITUDE_QUATERNION,31,44,other
62.98181200027466,LOCAL_POSITION_NED,32,40,other
62.981894969940186,SERVO_OUTPUT_RAW,36,24,other
62.985520124435425,GLOBAL_POSITION_INT,33,40,other
62.98555898666382,ATTITUDE_QUATERNION,31,44,other
62.985584020614624,GLOBAL_POSITION_INT,33,40,other
62.98559498786926,POSITION_TARGET_LOCAL_NED,85,63,other
62.9951651096344,ATTITUDE,30,40,other
62.995275020599365,GPS_RAW_INT,24,56,other
62.996346950531006,ATTITUDE_TARGET,83,48,other
62.9979829788208,LOCAL_POSITION_NED,32,40,other
62.99800896644592,ODOMETRY,331,244,other
62.998018980026245,ATTITUDE,30,40,other
63.00167798995972,HIGHRES_IMU,105,73,other
63.001688957214355,LOCAL_POSITION_NED,32,40,other
63.001702070236206,ATTITUDE,30,40,other
63.00171494483948,ATTITUDE_QUATERNION,31,44,other
63.001856088638306,SERVO_OUTPUT_RAW,36,24,other
63.00328302383423,MISSION_CURRENT,42,22,other
63.00606107711792,GLOBAL_POSITION_INT,33,40,other
63.00719690322876,ATTITUDE_QUATERNION,31,44,other
63.007235050201416,GLOBAL_POSITION_INT,33,40,other
63.0072500705719,POSITION_TARGET_LOCAL_NED,85,63,other
63.01474094390869,ATTITUDE_TARGET,83,48,other
63.014744997024536,ATTITUDE,30,40,other
63.017714977264404,ATTITUDE,30,40,other
63.021615982055664,HIGHRES_IMU,105,73,other
63.0216429233551,ATTITUDE,30,40,other
63.021644115448,LOCAL_POSITION_NED,32,40,other
63.02165603637695,ATTITUDE_QUATERNION,31,44,other
63.02166390419006,SERVO_OUTPUT_RAW,36,24,other
63.02691888809204,ATTITUDE_QUATERNION,31,44,other
63.02696394920349,GLOBAL_POSITION_INT,33,40,other
63.026978969573975,POSITION_TARGET_LOCAL_NED,85,63,other
63.026997089385986,GLOBAL_POSITION_INT,33,40,other
63.0270619392395,GPS_RAW_INT,24,56,other
63.03007411956787,LOCAL_POSITION_NED,32,40,other
63.03010106086731,ODOMETRY,331,244,other
63.033689975738525,ATTITUDE_TARGET,83,48,other
63.03373599052429,ATTITUDE,30,40,other
63.037790060043335,ATTITUDE,30,40,other
63.04227900505066,HIGHRES_IMU,105,74,other
63.04242205619812,ATTITUDE,30,40,other
63.0424280166626,LOCAL_POSITION_NED,32,40,other
63.04243803024292,ATTITUDE_QUATERNION,31,44,other
63.04252910614014,SERVO_OUTPUT_RAW,36,24,other
63.04701209068298,GLOBAL_POSITION_INT,33,40,other
63.047115087509155,ATTITUDE_QUATERNION,31,44,other
63.04718899726868,GLOBAL_POSITION_INT,33,40,other
63.047203063964844,POSITION_TARGET_LOCAL_NED,85,63,other
63.05366802215576,ATTITUDE,30,40,other
63.053707122802734,ATTITUDE_TARGET,83,48,other
63.05788207054138,GPS_RAW_INT,24,56,other
63.057934045791626,ATTITUDE,30,40,other
63.058221101760864,POSITION_TARGET_GLOBAL_INT,87,63,other
63.061691999435425,TIMESYNC,111,25,other
63.061723947525024,HIGHRES_IMU,105,74,other
63.06173396110535,LOCAL_POSITION_NED,32,40,other
63.061744928359985,ATTITUDE,30,40,other
63.06174898147583,LOCAL_POSITION_NED,32,40,other
63.06175398826599,ALTITUDE,141,44,other
63.06176710128784,ODOMETRY,331,244,other
63.06177806854248,ATTITUDE_QUATERNION,31,44,other
63.06178593635559,ATTITUDE_TARGET,83,48,other
63.06180000305176,POSITION_TARGET_LOCAL_NED,85,63,other
63.06181001663208,SERVO_OUTPUT_RAW,36,24,other
63.061819076538086,SYS_STATUS,1,52,other
63.061826944351196,VFR_HUD,74,31,other
63.062066078186035,SERVO_OUTPUT_RAW,36,24,other
63.06568908691406,GLOBAL_POSITION_INT,33,40,other
63.065747022628784,ATTITUDE_QUATERNION,31,44,other
63.06577110290527,GLOBAL_POSITION_INT,33,40,other
63.065783977508545,POSITION_TARGET_LOCAL_NED,85,63,other
63.074294090270996,ATTITUDE_TARGET,83,48,other
63.07434606552124,ATTITUDE,30,40,other
63.074410915374756,VFR_HUD,74,31,other
63.07918405532837,ATTITUDE,30,40,other
63.08167600631714,LOCAL_POSITION_NED,32,40,other
63.081676959991455,HIGHRES_IMU,105,73,other
63.08169507980347,SERVO_OUTPUT_RAW,36,24,other
63.08177995681763,ATTITUDE,30,40,other
63.081804037094116,ATTITUDE_QUATERNION,31,44,other
63.08568096160889,GLOBAL_POSITION_INT,33,40,other
63.0858359336853,ATTITUDE_QUATERNION,31,44,other
63.0858941078186,GLOBAL_POSITION_INT,33,40,other
63.085904121398926,POSITION_TARGET_LOCAL_NED,85,63,other
63.08976697921753,GPS_RAW_INT,24,56,other
63.09600806236267,ATTITUDE_TARGET,83,48,other
63.096019983291626,ATTITUDE,30,40,other
63.09827995300293,LOCAL_POSITION_NED,32,40,other
63.098304986953735,ATTITUDE,30,40,other
63.09834599494934,ODOMETRY,331,244,other
63.10220694541931,LOCAL_POSITION_NED,32,40,other
63.10222792625427,SERVO_OUTPUT_RAW,36,24,other
63.102262020111084,HIGHRES_IMU,105,74,other
63.10232591629028,ATTITUDE,30,40,other
63.10234093666077,ATTITUDE_QUATERNION,31,44,other
63.106565952301025,GLOBAL_POSITION_INT,33,40,other
63.10660409927368,ATTITUDE_QUATERNION,31,44,other
63.10665988922119,GLOBAL_POSITION_INT,33,40,other
63.10667395591736,POSITION_TARGET_LOCAL_NED,85,63,other
63.11363697052002,ATTITUDE,30,40,other
63.11366009712219,ATTITUDE_TARGET,83,48,other
63.117790937423706,ATTITUDE,30,40,other
63.122288942337036,HIGHRES_IMU,105,73,other
63.12234902381897,ATTITUDE,30,40,other
63.122365951538086,ATTITUDE_QUATERNION,31,44,other
63.122453927993774,LOCAL_POSITION_NED,32,40,other
63.122472047805786,SERVO_OUTPUT_RAW,36,24,other
63.125680923461914,GLOBAL_POSITION_INT,33,40,other
63.12574505805969,GPS_RAW_INT,24,56,other
63.12638306617737,ATTITUDE_QUATERNION,31,44,other
63.12645506858826,GLOBAL_POSITION_INT,33,40,other
63.126468896865845,POSITION_TARGET_LOCAL_NED,85,63,other
63.13019394874573,LOCAL_POSITION_NED,32,40,other
63.13022303581238,ODOMETRY,331,244,other
63.13387894630432,ATTITUDE,30,40,other
63.13399600982666,ATTITUDE_TARGET,83,48,other
63.13760709762573,ATTITUDE,30,40,other
63.14166593551636,HIGHRES_IMU,105,73,other
63.14166593551636,LOCAL_POSITION_NED,32,40,other
63.14169001579285,SERVO_OUTPUT_RAW,36,24,other
63.14169096946716,ATTITUDE,30,40,other
63.141704082489014,ATTITUDE_QUATERNION,31,44,other
63.14681792259216,GLOBAL_POSITION_INT,33,40,other
63.14686894416809,ATTITUDE_QUATERNION,31,44,other
63.14689302444458,GLOBAL_POSITION_INT,33,40,other
63.14690399169922,POSITION_TARGET_LOCAL_NED,85,63,other
63.148202896118164,HEARTBEAT,0,21,other
63.149840116500854,HEARTBEAT,0,21,other
63.15402412414551,ATTITUDE_TARGET,83,48,other
63.15425491333008,ATTITUDE,30,40,other
63.15798497200012,GPS_RAW_INT,24,56,other
63.15806698799133,POSITION_TARGET_GLOBAL_INT,87,63,other
63.158203125,ATTITUDE,30,40,other
63.1624960899353,TIMESYNC,111,25,other
63.162566900253296,HIGHRES_IMU,105,74,other
63.16258001327515,LOCAL_POSITION_NED,32,40,other
63.162590980529785,ATTITUDE,30,40,other
63.162599086761475,ALTITUDE,141,44,other
63.16261100769043,ODOMETRY,331,244,other
63.162620067596436,ATTITUDE_QUATERNION,31,44,other
63.162627935409546,ATTITUDE_TARGET,83,48,other
63.16264009475708,POSITION_TARGET_LOCAL_NED,85,63,other
63.16264891624451,SERVO_OUTPUT_RAW,36,24,other
63.162657022476196,VFR_HUD,74,31,other
63.16287803649902,LOCAL_POSITION_NED,32,40,other
63.16297197341919,SERVO_OUTPUT_RAW,36,24,other
63.16563010215759,GLOBAL_POSITION_INT,33,40,other
63.16568398475647,ATTITUDE_QUATERNION,31,44,other
63.165749073028564,GLOBAL_POSITION_INT,33,40,other
63.16576290130615,POSITION_TARGET_LOCAL_NED,85,63,other
63.174745082855225,ATTITUDE_TARGET,83,48,other
63.174811124801636,GPS_RAW_INT,24,56,other
63.17551302909851,ATTITUDE,30,40,other
63.17891192436218,ATTITUDE,30,40,other
63.18154001235962,HIGHRES_IMU,105,74,other
63.18159604072571,ATTITUDE,30,40,other
63.181596994400024,LOCAL_POSITION_NED,32,40,other
63.18161201477051,ATTITUDE_QUATERNION,31,44,other
63.18165612220764,SERVO_OUTPUT_RAW,36,24,other
63.185686111450195,GLOBAL_POSITION_INT,33,40,other
63.18571996688843,ATTITUDE_QUATERNION,31,44,other
63.18577599525452,GLOBAL_POSITION_INT,33,40,other
63.18582797050476,POSITION_TARGET_LOCAL_NED,85,63,other
63.190829038619995,GPS_RAW_INT,24,56,other
63.193793058395386,ATTITUDE,30,40,other
63.19389200210571,ATTITUDE_TARGET,83,48,other
63.197662115097046,LOCAL_POSITION_NED,32,40,other
63.19767904281616,ATTITUDE,30,40,other
63.19772911071777,ODOMETRY,331,244,other
63.202239990234375,HIGHRES_IMU,105,74,other
63.2022500038147,LOCAL_POSITION_NED,32,40,other
63.202271938323975,ATTITUDE,30,40,other
63.20228409767151,ATTITUDE_QUATERNION,31,44,other
63.20232701301575,SERVO_OUTPUT_RAW,36,24,other
63.20567607879639,GLOBAL_POSITION_INT,33,40,other
63.20567607879639,ATTITUDE_QUATERNION,31,44,other
63.20569610595703,GLOBAL_POSITION_INT,33,40,other
63.205766916275024,POSITION_TARGET_LOCAL_NED,85,63,other
63.21479105949402,ATTITUDE,30,40,other
63.214807987213135,ATTITUDE_TARGET,83,48,other
63.21776604652405,ATTITUDE,30,40,other
63.22180795669556,HIGHRES_IMU,105,74,other
63.22182607650757,LOCAL_POSITION_NED,32,40,other
63.221848011016846,SERVO_OUTPUT_RAW,36,24,other
63.22186899185181,ATTITUDE,30,40,other
63.22188210487366,ATTITUDE_QUATERNION,31,44,other
63.22189211845398,GPS_RAW_INT,24,56,other
63.22212600708008,MISSION_CURRENT,42,22,other
63.225996017456055,ATTITUDE_QUATERNION,31,44,other
63.22611403465271,GLOBAL_POSITION_INT,33,40,other
63.22614407539368,POSITION_TARGET_LOCAL_NED,85,63,other
63.22675800323486,GLOBAL_POSITION_INT,33,40,other
63.230371952056885,LOCAL_POSITION_NED,32,40,other
63.23044395446777,ODOMETRY,331,244,other
63.23366594314575,ATTITUDE,30,40,other
63.2336950302124,ATTITUDE_TARGET,83,48,other
63.23790407180786,ATTITUDE,30,40,other
63.24168610572815,LOCAL_POSITION_NED,32,40,other
63.241761922836304,SERVO_OUTPUT_RAW,36,24,other
63.24235391616821,HIGHRES_IMU,105,73,other
63.24247097969055,ATTITUDE,30,40,other
63.24249005317688,ATTITUDE_QUATERNION,31,44,other
63.24605202674866,ATTITUDE_QUATERNION,31,44,other
63.246052980422974,GLOBAL_POSITION_INT,33,40,other
63.24610710144043,GLOBAL_POSITION_INT,33,40,other
63.24612593650818,POSITION_TARGET_LOCAL_NED,85,63,other
63.253762006759644,ATTITUDE,30,40,other
63.25378203392029,ATTITUDE_TARGET,83,48,other
63.25775909423828,ATTITUDE,30,40,other
63.257761001586914,GPS_RAW_INT,24,56,other
63.257829904556274,POSITION_TARGET_GLOBAL_INT,87,63,other
63.261807918548584,TIMESYNC,111,25,other
63.261817932128906,LOCAL_POSITION_NED,32,40,other
63.26184105873108,HIGHRES_IMU,105,73,other
63.2618510723114,LOCAL_POSITION_NED,32,40,other
63.26186203956604,ATTITUDE,30,40,other
63.261871099472046,ALTITUDE,141,44,other
63.26188397407532,ODOMETRY,331,244,other
63.26189303398132,ATTITUDE_QUATERNION,31,44,other
63.26189994812012,ATTITUDE_TARGET,83,48,other
63.26191711425781,POSITION_TARGET_LOCAL_NED,85,63,other
63.261926889419556,SERVO_OUTPUT_RAW,36,24,other
63.26193690299988,SYS_STATUS,1,52,other
63.261945962905884,VFR_HUD,74,31,other
63.26204204559326,SERVO_OUTPUT_RAW,36,24,other
63.26563501358032,GLOBAL_POSITION_INT,33,40,other
63.26563596725464,ATTITUDE_QUATERNION,31,44,other
63.26570391654968,GLOBAL_POSITION_INT,33,40,other
63.26572108268738,POSITION_TARGET_LOCAL_NED,85,63,other
63.27378296852112,ATTITUDE,30,40,other
63.273802042007446,ATTITUDE_TARGET,83,48,other
63.27784299850464,ATTITUDE,30,40,other
63.28166604042053,HIGHRES_IMU,105,74,other
63.28168201446533,LOCAL_POSITION_NED,32,40,other
63.28170394897461,SERVO_OUTPUT_RAW,36,24,other
63.28187608718872,ATTITUDE,30,40,other
63.28190302848816,ATTITUDE_QUATERNION,31,44,other
63.28569197654724,GLOBAL_POSITION_INT,33,40,other
63.28571891784668,ATTITUDE_QUATERNION,31,44,other
63.285808086395264,GLOBAL_POSITION_INT,33,40,other
63.28582811355591,POSITION_TARGET_LOCAL_NED,85,63,other
63.28964900970459,GPS_RAW_INT,24,56,other
63.29517889022827,ATTITUDE,30,40,other
63.295259952545166,ATTITUDE_TARGET,83,48,other
63.29827809333801,LOCAL_POSITION_NED,32,40,other
63.29830598831177,ODOMETRY,331,244,other
63.29900789260864,ATTITUDE,30,40,other
63.301575899124146,HIGHRES_IMU,105,73,other
63.301640033721924,ATTITUDE,30,40,other
63.30165505409241,ATTITUDE_QUATERNION,31,44,other
63.302037954330444,LOCAL_POSITION_NED,32,40,other
63.30210089683533,SERVO_OUTPUT_RAW,36,24,other
63.30578088760376,GLOBAL_POSITION_INT,33,40,other
63.30578303337097,ATTITUDE_QUATERNION,31,44,other
63.30580997467041,GLOBAL_POSITION_INT,33,40,other
63.305821895599365,POSITION_TARGET_LOCAL_NED,85,63,other
63.314269065856934,ATTITUDE,30,40,other
63.31609797477722,ATTITUDE_TARGET,83,48,other
63.317599058151245,ATTITUDE,30,40,other
63.321924924850464,HIGHRES_IMU,105,74,other
63.3220100402832,ATTITUDE,30,40,other
63.32202911376953,ATTITUDE_QUATERNION,31,44,other
63.322041034698486,GPS_RAW_INT,24,56,other
63.32204294204712,LOCAL_POSITION_NED,32,40,other
63.322065114974976,SERVO_OUTPUT_RAW,36,24,other
63.32584095001221,GLOBAL_POSITION_INT,33,40,other
63.325860023498535,ATTITUDE_QUATERNION,31,44,other
63.32588791847229,GLOBAL_POSITION_INT,33,40,other
63.325900077819824,POSITION_TARGET_LOCAL_NED,85,63,other
63.32591009140015,VFR_HUD,74,31,other
63.33020091056824,LOCAL_POSITION_NED,32,40,other
63.33022594451904,ODOMETRY,331,244,other
63.33359694480896,ATTITUDE_TARGET,83,48,other
63.333621978759766,ATTITUDE,30,40,other
63.33812999725342,ATTITUDE,30,40,other
63.34466910362244,HIGHRES_IMU,105,74,other
63.34467792510986,LOCAL_POSITION_NED,32,40,other
63.344696044921875,ATTITUDE,30,40,other
63.34470295906067,SERVO_OUTPUT_RAW,36,24,other
63.34471011161804,ATTITUDE_QUATERNION,31,44,other
63.345643043518066,GLOBAL_POSITION_INT,33,40,other
63.345815896987915,ATTITUDE_QUATERNION,31,44,other
63.345897912979126,GLOBAL_POSITION_INT,33,40,other
63.345921993255615,POSITION_TARGET_LOCAL_NED,85,63,other
63.353580951690674,ATTITUDE,30,40,other
63.35360312461853,GPS_RAW_INT,24,56,other
63.35364007949829,ATTITUDE_TARGET,83,48,other
63.35774612426758,POSITION_TARGET_GLOBAL_INT,87,63,other
63.35816812515259,ATTITUDE,30,40,other
63.362329959869385,TIMESYNC,111,25,other
63.362359046936035,HIGHRES_IMU,105,73,other
63.36236906051636,LOCAL_POSITION_NED,32,40,other
63.36238098144531,ATTITUDE,30,40,other
63.36239004135132,ALTITUDE,141,44,other
63.36240196228027,ODOMETRY,331,244,other
63.36241006851196,ATTITUDE_QUATERNION,31,44,other
63.36241793632507,ATTITUDE_TARGET,83,48,other
63.36243295669556,POSITION_TARGET_LOCAL_NED,85,63,other
63.362443923950195,SERVO_OUTPUT_RAW,36,24,other
63.3624529838562,VFR_HUD,74,31,other
63.36266803741455,LOCAL_POSITION_NED,32,40,other
63.362735986709595,SERVO_OUTPUT_RAW,36,24,other
63.36577296257019,GLOBAL_POSITION_INT,33,40,other
63.36586093902588,ATTITUDE_QUATERNION,31,44,other
63.36588501930237,GLOBAL_POSITION_INT,33,40,other
63.36589694023132,POSITION_TARGET_LOCAL_NED,85,63,other
63.373759031295776,ATTITUDE_TARGET,83,48,other
63.37381911277771,ATTITUDE,30,40,other
63.37382793426514,GPS_RAW_INT,24,56,other
63.377861976623535,ATTITUDE,30,40,other
63.38205599784851,HIGHRES_IMU,105,73,other
63.38209891319275,ATTITUDE,30,40,other
63.382112979888916,ATTITUDE_QUATERNION,31,44,other
63.38360404968262,LOCAL_POSITION_NED,32,40,other
63.38377809524536,SERVO_OUTPUT_RAW,36,24,other
63.385555028915405,GLOBAL_POSITION_INT,33,40,other
63.38555598258972,ATTITUDE_QUATERNION,31,44,other
63.38598990440369,GLOBAL_POSITION_INT,33,40,other
63.38605499267578,POSITION_TARGET_LOCAL_NED,85,63,other
63.389995098114014,GPS_RAW_INT,24,56,other
63.39381289482117,ATTITUDE,30,40,other
63.3938410282135,ATTITUDE_TARGET,83,48,other
63.397732973098755,LOCAL_POSITION_NED,32,40,other
63.397762060165405,ODOMETRY,331,244,other
63.397802114486694,ATTITUDE,30,40,other
63.401665925979614,HIGHRES_IMU,105,74,other
63.40168809890747,ATTITUDE,30,40,other
63.401703119277954,ATTITUDE_QUATERNION,31,44,other
63.40174388885498,LOCAL_POSITION_NED,32,40,other
63.401803970336914,SERVO_OUTPUT_RAW,36,24,other
63.406469106674194,GLOBAL_POSITION_INT,33,40,other
63.40658211708069,ATTITUDE_QUATERNION,31,44,other
63.406956911087036,GLOBAL_POSITION_INT,33,40,other
63.4071741104126,POSITION_TARGET_LOCAL_NED,85,63,other
63.414381980895996,ATTITUDE,30,40,other
63.414381980895996,ATTITUDE_TARGET,83,48,other
63.41763997077942,ATTITUDE,30,40,other
63.42232894897461,LOCAL_POSITION_NED,32,40,other
63.42235708236694,SERVO_OUTPUT_RAW,36,24,other
63.42251801490784,HIGHRES_IMU,105,73,other
63.422600984573364,ATTITUDE,30,40,other
63.422616958618164,ATTITUDE_QUATERNION,31,44,other
63.4226291179657,GPS_RAW_INT,24,56,other
63.42574095726013,GLOBAL_POSITION_INT,33,40,other
63.42577290534973,ATTITUDE_QUATERNION,31,44,other
63.42583703994751,GLOBAL_POSITION_INT,33,40,other
63.42585301399231,POSITION_TARGET_LOCAL_NED,85,63,other
63.42994999885559,LOCAL_POSITION_NED,32,40,other
63.429986000061035,ODOMETRY,331,244,other
63.43358492851257,ATTITUDE_TARGET,83,48,other
63.433598041534424,ATTITUDE,30,40,other
63.43797993659973,ATTITUDE,30,40,other
63.442662954330444,HIGHRES_IMU,105,73,other
63.44266390800476,LOCAL_POSITION_NED,32,40,other
63.44274306297302,ATTITUDE,30,40,other
63.44275689125061,ATTITUDE_QUATERNION,31,44,other
63.44291806221008,SERVO_OUTPUT_RAW,36,24,other
63.446439027786255,GLOBAL_POSITION_INT,33,40,other
63.44653606414795,ATTITUDE_QUATERNION,31,44,other
63.446605920791626,GLOBAL_POSITION_INT,33,40,other
63.44662094116211,POSITION_TARGET_LOCAL_NED,85,63,other
63.4564790725708,ATTITUDE,30,40,other
63.4565110206604,GPS_RAW_INT,24,56,other
63.45931100845337,POSITION_TARGET_GLOBAL_INT,87,63,other
63.46037411689758,ATTITUDE,30,40,other
63.460453033447266,ATTITUDE_TARGET,83,48,other
63.46210789680481,LOCAL_POSITION_NED,32,40,other
63.46227693557739,TIMESYNC,111,25,other
63.462279081344604,SERVO_OUTPUT_RAW,36,24,other
63.462395906448364,HIGHRES_IMU,105,74,other
63.46247696876526,LOCAL_POSITION_NED,32,40,other
63.462502002716064,ATTITUDE,30,40,other
63.46252107620239,ALTITUDE,141,44,other
63.46254205703735,ODOMETRY,331,244,other
63.46255302429199,ATTITUDE_QUATERNION,31,44,other
63.462563037872314,ATTITUDE_TARGET,83,48,other
63.46258091926575,POSITION_TARGET_LOCAL_NED,85,63,other
63.46259593963623,SERVO_OUTPUT_RAW,36,24,other
63.46261692047119,SYS_STATUS,1,52,other
63.46263289451599,VFR_HUD,74,31,other
63.465590953826904,GLOBAL_POSITION_INT,33,40,other
63.46594309806824,ATTITUDE_QUATERNION,31,44,other
63.46600794792175,GLOBAL_POSITION_INT,33,40,other
63.46601891517639,POSITION_TARGET_LOCAL_NED,85,63,other
63.474059104919434,ATTITUDE_TARGET,83,48,other
63.47540092468262,ATTITUDE,30,40,other
63.47924304008484,ATTITUDE,30,40,other
63.48162603378296,HIGHRES_IMU,105,74,other
63.48163390159607,LOCAL_POSITION_NED,32,40,other
63.481693983078,ATTITUDE,30,40,other
63.481695890426636,SERVO_OUTPUT_RAW,36,24,other
63.481709003448486,ATTITUDE_QUATERNION,31,44,other
63.485661029815674,GLOBAL_POSITION_INT,33,40,other
63.48576998710632,GPS_RAW_INT,24,56,other
63.485793113708496,ATTITUDE_QUATERNION,31,44,other
63.48586106300354,GLOBAL_POSITION_INT,33,40,other
63.48587608337402,POSITION_TARGET_LOCAL_NED,85,63,other
63.49390411376953,ATTITUDE,30,40,other
63.49420690536499,ATTITUDE_TARGET,83,48,other
63.498034954071045,LOCAL_POSITION_NED,32,40,other
63.49810600280762,ODOMETRY,331,244,other
63.498167991638184,ATTITUDE,30,40,other
63.502119064331055,HIGHRES_IMU,105,73,other
63.50214695930481,ATTITUDE,30,40,other
63.50216197967529,ATTITUDE_QUATERNION,31,44,other
63.50219202041626,LOCAL_POSITION_NED,32,40,other
63.50231194496155,SERVO_OUTPUT_RAW,36,24,other
63.50568509101868,GLOBAL_POSITION_INT,33,40,other
63.505703926086426,ATTITUDE_QUATERNION,31,44,other
63.50572490692139,GLOBAL_POSITION_INT,33,40,other
63.50573706626892,POSITION_TARGET_LOCAL_NED,85,63,other
63.516489028930664,ATTITUDE,30,40,other
63.516534090042114,ATTITUDE_TARGET,83,48,other
63.51759910583496,ATTITUDE,30,40,other
63.521727085113525,HIGHRES_IMU,105,74,other
63.5217649936676,LOCAL_POSITION_NED,32,40,other
63.52178692817688,ATTITUDE,30,40,other
63.52178907394409,SERVO_OUTPUT_RAW,36,24,other
63.52180290222168,ATTITUDE_QUATERNION,31,44,other
63.521812915802,GPS_RAW_INT,24,56,other
63.52561712265015,ATTITUDE_QUATERNION,31,44,other
63.52567911148071,GLOBAL_POSITION_INT,33,40,other
63.5256929397583,GLOBAL_POSITION_INT,33,40,other
63.52569508552551,POSITION_TARGET_LOCAL_NED,85,63,other
63.531744956970215,LOCAL_POSITION_NED,32,40,other
63.5318169593811,ODOMETRY,331,244,other
63.53555107116699,ATTITUDE_TARGET,83,48,other
63.53559112548828,ATTITUDE,30,40,other
63.53902792930603,ATTITUDE,30,40,other
63.54155492782593,HIGHRES_IMU,105,73,other
63.541605949401855,LOCAL_POSITION_NED,32,40,other
63.54161190986633,ATTITUDE,30,40,other
63.54162812232971,ATTITUDE_QUATERNION,31,44,other
63.54163193702698,SERVO_OUTPUT_RAW,36,24,other
63.54805612564087,GLOBAL_POSITION_INT,33,40,other
63.54807806015015,ATTITUDE_QUATERNION,31,44,other
63.54817295074463,GLOBAL_POSITION_INT,33,40,other
63.548190116882324,POSITION_TARGET_LOCAL_NED,85,63,other
63.55458688735962,ATTITUDE_TARGET,83,48,other
63.554590940475464,ATTITUDE,30,40,other
63.55466389656067,GPS_RAW_INT,24,56,other
63.55851411819458,ATTITUDE,30,40,other
63.559009075164795,POSITION_TARGET_GLOBAL_INT,87,63,other
63.562499046325684,LOCAL_POSITION_NED,32,40,other
63.562499046325684,TIMESYNC,111,25,other
63.562763929367065,HIGHRES_IMU,105,73,other
63.562788009643555,LOCAL_POSITION_NED,32,40,other
63.56280207633972,ATTITUDE,30,40,other
63.56281089782715,ALTITUDE,141,44,other
63.56282091140747,SERVO_OUTPUT_RAW,36,24,other
63.562824010849,ODOMETRY,331,244,other
63.562833070755005,ATTITUDE_QUATERNION,31,44,other
63.56284189224243,ATTITUDE_TARGET,83,48,other
63.56285810470581,POSITION_TARGET_LOCAL_NED,85,63,other
63.56286692619324,SERVO_OUTPUT_RAW,36,24,other
63.56287693977356,VFR_HUD,74,31,other
63.567490100860596,GLOBAL_POSITION_INT,33,40,other
63.5688591003418,ATTITUDE_QUATERNION,31,44,other
63.568942070007324,GLOBAL_POSITION_INT,33,40,other
63.56895899772644,POSITION_TARGET_LOCAL_NED,85,63,other
63.57374596595764,ATTITUDE,30,40,other
63.57383894920349,HEARTBEAT,0,21,other
63.574187994003296,ALTITUDE,141,44,other
63.57429790496826,ATTITUDE_TARGET,83,48,other
63.57456302642822,EXTENDED_SYS_STATE,245,14,other
63.57457900047302,GPS_RAW_INT,24,56,other
63.574594020843506,OPEN_DRONE_ID_LOCATION,12901,70,other
63.57460403442383,OPEN_DRONE_ID_SYSTEM,12904,37,other
63.57461500167847,SCALED_PRESSURE,29,26,other
63.57462692260742,SYS_STATUS,1,52,other
63.57463788986206,VFR_HUD,74,31,other
63.574646949768066,UNKNOWN_8,-2,33,other
63.579298973083496,ATTITUDE,30,40,other
63.58195900917053,HIGHRES_IMU,105,74,other
63.581990003585815,LOCAL_POSITION_NED,32,40,other
63.58200812339783,ATTITUDE,30,40,other
63.582021951675415,ATTITUDE_QUATERNION,31,44,other
63.58222007751465,SERVO_OUTPUT_RAW,36,24,other
63.58647704124451,ATTITUDE_QUATERNION,31,44,other
63.586512088775635,GLOBAL_POSITION_INT,33,40,other
63.586528062820435,POSITION_TARGET_LOCAL_NED,85,63,other
63.58657097816467,GLOBAL_POSITION_INT,33,40,other
63.58665204048157,GPS_RAW_INT,24,56,other
63.595065116882324,ATTITUDE,30,40,other
63.59510111808777,ATTITUDE_TARGET,83,48,other
63.599119901657104,LOCAL_POSITION_NED,32,40,other
63.59914803504944,ODOMETRY,331,244,other
63.599164962768555,ATTITUDE,30,40,other
63.60235595703125,HIGHRES_IMU,105,74,other
63.60243201255798,ATTITUDE,30,40,other
63.60245394706726,ATTITUDE_QUATERNION,31,44,other
63.60257697105408,LOCAL_POSITION_NED,32,40,other
63.60260510444641,SERVO_OUTPUT_RAW,36,24,other
63.60663890838623,GLOBAL_POSITION_INT,33,40,other
63.60700297355652,ATTITUDE_QUATERNION,31,44,other
63.60703110694885,GLOBAL_POSITION_INT,33,40,other
63.60704493522644,POSITION_TARGET_LOCAL_NED,85,63,other
63.61776304244995,ATTITUDE_TARGET,83,48,other
63.61826705932617,ATTITUDE,30,40,other
63.618330001831055,GPS_RAW_INT,24,56,other
63.62126111984253,ATTITUDE,30,40,other
63.623981952667236,LOCAL_POSITION_NED,32,40,other
63.62398290634155,HIGHRES_IMU,105,74,other
63.62400794029236,SERVO_OUTPUT_RAW,36,24,other
63.62404990196228,ATTITUDE,30,40,other
63.624064922332764,ATTITUDE_QUATERNION,31,44,other
63.62704300880432,ATTITUDE_QUATERNION,31,44,other
63.62707209587097,GLOBAL_POSITION_INT,33,40,other
63.62708401679993,POSITION_TARGET_LOCAL_NED,85,63,other
63.62757205963135,GLOBAL_POSITION_INT,33,40,other
63.63008689880371,LOCAL_POSITION_NED,32,40,other
63.63017797470093,ODOMETRY,331,244,other
63.633606910705566,ATTITUDE,30,40,other
63.63362693786621,ATTITUDE_TARGET,83,48,other
63.63994097709656,ATTITUDE,30,40,other
63.64248299598694,HIGHRES_IMU,105,74,other
63.642555952072144,ATTITUDE,30,40,other
63.642574071884155,ATTITUDE_QUATERNION,31,44,other
63.64263606071472,LOCAL_POSITION_NED,32,40,other
63.64265704154968,SERVO_OUTPUT_RAW,36,24,other
63.64588189125061,GLOBAL_POSITION_INT,33,40,other
63.646289110183716,ATTITUDE_QUATERNION,31,44,other
63.64639401435852,GLOBAL_POSITION_INT,33,40,other
63.646430015563965,POSITION_TARGET_LOCAL_NED,85,63,other
63.6538200378418,ATTITUDE,30,40,other
63.65389609336853,GPS_RAW_INT,24,56,other
63.6539409160614,ATTITUDE_TARGET,83,48,other
63.657756090164185,POSITION_TARGET_GLOBAL_INT,87,63,other
63.66196799278259,TIMESYNC,111,25,other
63.66200399398804,HIGHRES_IMU,105,73,other
63.662014961242676,LOCAL_POSITION_NED,32,40,other
63.662024974823,ATTITUDE,30,40,other
63.662034034729004,ALTITUDE,141,44,other
63.66204810142517,ODOMETRY,331,244,other
63.6620569229126,ATTITUDE_QUATERNION,31,44,other
63.6620659828186,ATTITUDE_TARGET,83,48,other
63.66208004951477,POSITION_TARGET_LOCAL_NED,85,63,other
63.66209101676941,SERVO_OUTPUT_RAW,36,24,other
63.66210198402405,SYS_STATUS,1,52,other
63.66211199760437,VFR_HUD,74,31,other
63.66281700134277,ATTITUDE,30,40,other
63.66289401054382,LOCAL_POSITION_NED,32,40,other
63.66290903091431,SERVO_OUTPUT_RAW,36,24,other
63.66634511947632,GLOBAL_POSITION_INT,33,40,other
63.66641306877136,ATTITUDE_QUATERNION,31,44,other
63.666553020477295,GLOBAL_POSITION_INT,33,40,other
63.666577100753784,POSITION_TARGET_LOCAL_NED,85,63,other
63.67504096031189,ATTITUDE_TARGET,83,48,other
63.67523503303528,ATTITUDE,30,40,other
63.677786111831665,ATTITUDE,30,40,other
63.68191194534302,HIGHRES_IMU,105,73,other
63.68199801445007,LOCAL_POSITION_NED,32,40,other
63.68201398849487,ATTITUDE,30,40,other
63.6820330619812,ATTITUDE_QUATERNION,31,44,other
63.682114124298096,SERVO_OUTPUT_RAW,36,24,other
63.68565511703491,GLOBAL_POSITION_INT,33,40,other
63.68567991256714,GPS_RAW_INT,24,56,other
63.68583798408508,ATTITUDE_QUATERNION,31,44,other
63.68590807914734,GLOBAL_POSITION_INT,33,40,other
63.685925006866455,POSITION_TARGET_LOCAL_NED,85,63,other
63.69365406036377,ATTITUDE,30,40,other
63.69366192817688,ATTITUDE_TARGET,83,48,other
63.69790005683899,LOCAL_POSITION_NED,32,40,other
63.69792103767395,ATTITUDE,30,40,other
63.69793105125427,ODOMETRY,331,244,other
63.702409982681274,HIGHRES_IMU,105,74,other
63.70256304740906,ATTITUDE,30,40,other
63.70259499549866,ATTITUDE_QUATERNION,31,44,other
63.70260405540466,LOCAL_POSITION_NED,32,40,other
63.702725887298584,SERVO_OUTPUT_RAW,36,24,other
63.705804109573364,GLOBAL_POSITION_INT,33,40,other
63.707674980163574,ATTITUDE_QUATERNION,31,44,other
63.70773911476135,GLOBAL_POSITION_INT,33,40,other
63.70775389671326,POSITION_TARGET_LOCAL_NED,85,63,other
63.71390199661255,ATTITUDE,30,40,other
63.71393704414368,ATTITUDE_TARGET,83,48,other
63.714380979537964,HEARTBEAT,0,21,other
63.718770027160645,ATTITUDE,30,40,other
63.71878004074097,GPS_RAW_INT,24,56,other
63.7188401222229,HEARTBEAT,0,21,other
63.72157907485962,LOCAL_POSITION_NED,32,40,other
63.72164511680603,SERVO_OUTPUT_RAW,36,24,other
63.72180199623108,HIGHRES_IMU,105,73,other
63.721863985061646,ATTITUDE,30,40,other
63.72187900543213,ATTITUDE_QUATERNION,31,44,other
63.72574305534363,ATTITUDE_QUATERNION,31,44,other
63.72575497627258,GLOBAL_POSITION_INT,33,40,other
63.72581100463867,GLOBAL_POSITION_INT,33,40,other
63.72582793235779,POSITION_TARGET_LOCAL_NED,85,63,other
63.72987198829651,LOCAL_POSITION_NED,32,40,other
63.72994089126587,ODOMETRY,331,244,other
63.736814975738525,ATTITUDE_TARGET,83,48,other
63.736905097961426,ATTITUDE,30,40,other
63.73859190940857,ATTITUDE,30,40,other
63.74156594276428,HIGHRES_IMU,105,74,other
63.741596937179565,LOCAL_POSITION_NED,32,40,other
63.74164295196533,ATTITUDE,30,40,other
63.74165391921997,SERVO_OUTPUT_RAW,36,24,other
63.7416570186615,ATTITUDE_QUATERNION,31,44,other
63.74563002586365,GLOBAL_POSITION_INT,33,40,other
63.745795011520386,ATTITUDE_QUATERNION,31,44,other
63.745824098587036,GLOBAL_POSITION_INT,33,40,other
63.74583697319031,POSITION_TARGET_LOCAL_NED,85,63,other
63.749852895736694,GPS_RAW_INT,24,56,other
63.75392007827759,ATTITUDE,30,40,other
63.75412201881409,ATTITUDE_TARGET,83,48,other
63.75823402404785,POSITION_TARGET_GLOBAL_INT,87,63,other
63.759926080703735,ATTITUDE,30,40,other
63.7631049156189,TIMESYNC,111,25,other
63.76322102546692,HIGHRES_IMU,105,74,other
63.7634220123291,LOCAL_POSITION_NED,32,40,other
63.7634539604187,ATTITUDE,30,40,other
63.76347208023071,ALTITUDE,141,44,other
63.763498067855835,ODOMETRY,331,244,other
63.763514041900635,ATTITUDE_QUATERNION,31,44,other
63.7635281085968,ATTITUDE_TARGET,83,48,other
63.763554096221924,POSITION_TARGET_LOCAL_NED,85,63,other
63.76357102394104,SERVO_OUTPUT_RAW,36,24,other
63.76358604431152,VFR_HUD,74,31,other
63.763587951660156,LOCAL_POSITION_NED,32,40,other
63.76362705230713,SERVO_OUTPUT_RAW,36,24,other
63.7668559551239,ATTITUDE_QUATERNION,31,44,other
63.766884088516235,GLOBAL_POSITION_INT,33,40,other
63.76689696311951,POSITION_TARGET_LOCAL_NED,85,63,other
63.76690411567688,GLOBAL_POSITION_INT,33,40,other
63.773592948913574,ATTITUDE,30,40,other
63.773608922958374,ATTITUDE_TARGET,83,48,other
63.77363204956055,GPS_RAW_INT,24,56,other
63.77776288986206,ATTITUDE,30,40,other
63.7821319103241,HIGHRES_IMU,105,73,other
63.78215789794922,LOCAL_POSITION_NED,32,40,other
63.78218102455139,SERVO_OUTPUT_RAW,36,24,other
63.78220295906067,ATTITUDE,30,40,other
63.78221797943115,ATTITUDE_QUATERNION,31,44,other
63.7856719493866,GLOBAL_POSITION_INT,33,40,other
63.78569293022156,ATTITUDE_QUATERNION,31,44,other
63.78571796417236,GLOBAL_POSITION_INT,33,40,other
63.78573203086853,POSITION_TARGET_LOCAL_NED,85,63,other
63.78573298454285,GPS_RAW_INT,24,56,other
63.79407501220703,ATTITUDE,30,40,other
63.79425406455994,ATTITUDE_TARGET,83,48,other
63.7978880405426,LOCAL_POSITION_NED,32,40,other
63.79789400100708,ATTITUDE,30,40,other
63.79792308807373,ODOMETRY,331,244,other
63.80159592628479,HIGHRES_IMU,105,73,other
63.80163502693176,LOCAL_POSITION_NED,32,40,other
63.80165505409241,SERVO_OUTPUT_RAW,36,24,other
63.801657915115356,ATTITUDE,30,40,other
63.80167102813721,ATTITUDE_QUATERNION,31,44,other
63.80579400062561,ATTITUDE_QUATERNION,31,44,other
63.80586504936218,GLOBAL_POSITION_INT,33,40,other
63.805880069732666,POSITION_TARGET_LOCAL_NED,85,63,other
63.80744194984436,GLOBAL_POSITION_INT,33,40,other
63.8138370513916,ATTITUDE,30,40,other
63.81393504142761,ATTITUDE_TARGET,83,48,other
63.81842112541199,GPS_RAW_INT,24,56,other
63.82137489318848,ATTITUDE,30,40,other
63.82237911224365,HIGHRES_IMU,105,74,other
63.82239007949829,LOCAL_POSITION_NED,32,40,other
63.82240295410156,ATTITUDE,30,40,other
63.8224139213562,SERVO_OUTPUT_RAW,36,24,other
63.82241892814636,ATTITUDE_QUATERNION,31,44,other
63.826361894607544,ATTITUDE_QUATERNION,31,44,other
63.826388120651245,GLOBAL_POSITION_INT,33,40,other
63.82640099525452,POSITION_TARGET_LOCAL_NED,85,63,other
63.826411962509155,VFR_HUD,74,31,other
63.82682704925537,GLOBAL_POSITION_INT,33,40,other
63.82967805862427,LOCAL_POSITION_NED,32,40,other
63.829704999923706,ODOMETRY,331,244,other
63.833938121795654,ATTITUDE,30,40,other
63.83395791053772,ATTITUDE_TARGET,83,48,other
63.83772897720337,ATTITUDE,30,40,other
63.84163308143616,HIGHRES_IMU,105,73,other
63.84166193008423,ATTITUDE,30,40,other
63.84167289733887,LOCAL_POSITION_NED,32,40,other
63.841675996780396,ATTITUDE_QUATERNION,31,44,other
63.841695070266724,SERVO_OUTPUT_RAW,36,24,other
63.84569597244263,GLOBAL_POSITION_INT,33,40,other
63.845752000808716,ATTITUDE_QUATERNION,31,44,other
63.84583592414856,GLOBAL_POSITION_INT,33,40,other
63.84585094451904,POSITION_TARGET_LOCAL_NED,85,63,other
63.85034990310669,GPS_RAW_INT,24,56,other
63.85392189025879,ATTITUDE,30,40,other
63.85394310951233,ATTITUDE_TARGET,83,48,other
63.85792398452759,POSITION_TARGET_GLOBAL_INT,87,63,other
63.85832095146179,ATTITUDE,30,40,other
63.861830949783325,HEARTBEAT,0,21,other
63.861844062805176,LOCAL_POSITION_NED,32,40,other
63.861867904663086,SERVO_OUTPUT_RAW,36,24,other
63.8619019985199,TIMESYNC,111,25,other
63.86191701889038,HIGHRES_IMU,105,73,other
63.86192512512207,LOCAL_POSITION_NED,32,40,other
63.86193799972534,ATTITUDE,30,40,other
63.86194610595703,ALTITUDE,141,44,other
63.8619589805603,ODOMETRY,331,244,other
63.86196804046631,ATTITUDE_QUATERNION,31,44,other
63.8619749546051,ATTITUDE_TARGET,83,48,other
63.86198401451111,ESTIMATOR_STATUS,230,54,other
63.861993074417114,EXTENDED_SYS_STATE,245,14,other
63.8620080947876,OPEN_DRONE_ID_LOCATION,12901,70,other
63.86201596260071,OPEN_DRONE_ID_SYSTEM,12904,37,other
63.862025022506714,PING,4,21,other
63.86203408241272,POSITION_TARGET_LOCAL_NED,85,63,other
63.86204409599304,SCALED_PRESSURE,29,26,other
63.86205196380615,SERVO_OUTPUT_RAW,36,24,other
63.86206293106079,SYS_STATUS,1,52,other
63.8620719909668,SYSTEM_TIME,2,22,other
63.8620810508728,VFR_HUD,74,31,other
63.86208891868591,UNKNOWN_8,-2,33,other
63.86302900314331,PING,4,26,other
63.86590099334717,GLOBAL_POSITION_INT,33,40,other
63.86593699455261,ATTITUDE_QUATERNION,31,44,other
63.8659770488739,GLOBAL_POSITION_INT,33,40,other
63.865988969802856,POSITION_TARGET_LOCAL_NED,85,63,other
63.87360906600952,ATTITUDE_TARGET,83,48,other
63.87431812286377,ATTITUDE,30,40,other
63.878868103027344,ATTITUDE,30,40,other
63.881661891937256,HIGHRES_IMU,105,74,other
63.88168811798096,ATTITUDE,30,40,other
63.881701946258545,ATTITUDE_QUATERNION,31,44,other
63.88170409202576,LOCAL_POSITION_NED,32,40,other
63.881712913513184,GPS_RAW_INT,24,56,other
63.88176488876343,SERVO_OUTPUT_RAW,36,24,other
63.887259006500244,GLOBAL_POSITION_INT,33,40,other
63.887959003448486,ATTITUDE_QUATERNION,31,44,other
63.88802695274353,GLOBAL_POSITION_INT,33,40,other
63.8880410194397,POSITION_TARGET_LOCAL_NED,85,63,other
63.893742084503174,ATTITUDE,30,40,other
63.89382004737854,ATTITUDE_TARGET,83,48,other
63.89789295196533,LOCAL_POSITION_NED,32,40,other
63.897972106933594,ODOMETRY,331,244,other
63.9020209312439,HIGHRES_IMU,105,74,other
63.90209197998047,ATTITUDE,30,40,other
63.90210700035095,ATTITUDE_QUATERNION,31,44,other
63.90234088897705,ATTITUDE,30,40,other
63.90242409706116,LOCAL_POSITION_NED,32,40,other
63.90243411064148,SERVO_OUTPUT_RAW,36,24,other
63.905707120895386,GLOBAL_POSITION_INT,33,40,other
63.90574502944946,ATTITUDE_QUATERNION,31,44,other
63.90578293800354,GLOBAL_POSITION_INT,33,40,other
63.905832052230835,POSITION_TARGET_LOCAL_NED,85,63,other
63.913904905319214,ATTITUDE,30,40,other
63.913914918899536,ATTITUDE_TARGET,83,48,other
63.91826891899109,GPS_RAW_INT,24,56,other
63.92049694061279,ATTITUDE,30,40,other
63.922013998031616,HIGHRES_IMU,105,73,other
63.92208194732666,ATTITUDE,30,40,other
63.922099113464355,ATTITUDE_QUATERNION,31,44,other
63.922478914260864,LOCAL_POSITION_NED,32,40,other
63.92254710197449,SERVO_OUTPUT_RAW,36,24,other
63.92568898200989,GLOBAL_POSITION_INT,33,40,other
63.92572903633118,ATTITUDE_QUATERNION,31,44,other
63.925801038742065,GLOBAL_POSITION_INT,33,40,other
63.925817012786865,POSITION_TARGET_LOCAL_NED,85,63,other
63.92989802360535,LOCAL_POSITION_NED,32,40,other
63.9299840927124,ODOMETRY,331,244,other
63.93471002578735,ATTITUDE,30,40,other
63.93475699424744,ATTITUDE_TARGET,83,48,other
63.938425064086914,ATTITUDE,30,40,other
63.94157791137695,HIGHRES_IMU,105,74,other
63.941720962524414,ATTITUDE,30,40,other
63.9417450428009,ATTITUDE_QUATERNION,31,44,other
63.94174599647522,LOCAL_POSITION_NED,32,40,other
63.941818952560425,SERVO_OUTPUT_RAW,36,24,other
63.945760011672974,ATTITUDE_QUATERNION,31,44,other
63.94581389427185,GLOBAL_POSITION_INT,33,40,other
63.94583296775818,POSITION_TARGET_LOCAL_NED,85,63,other
63.945894956588745,GLOBAL_POSITION_INT,33,40,other
63.95145893096924,GPS_RAW_INT,24,56,other
63.95438504219055,ATTITUDE,30,40,other
63.95439004898071,ATTITUDE_TARGET,83,48,other
63.95810890197754,POSITION_TARGET_GLOBAL_INT,87,63,other
63.95815396308899,ATTITUDE,30,40,other
63.95818495750427,POSITION_TARGET_GLOBAL_INT,87,63,other
63.96173810958862,TIMESYNC,111,25,other
63.96177101135254,HIGHRES_IMU,105,73,other
63.96177792549133,LOCAL_POSITION_NED,32,40,other
63.961780071258545,LOCAL_POSITION_NED,32,40,other
63.9617919921875,ATTITUDE,30,40,other
63.96180009841919,ALTITUDE,141,44,other
63.96181392669678,ODOMETRY,331,244,other
63.96182298660278,ATTITUDE_QUATERNION,31,44,other
63.96182990074158,ATTITUDE_TARGET,83,48,other
63.96184206008911,POSITION_TARGET_LOCAL_NED,85,63,other
63.96185111999512,SERVO_OUTPUT_RAW,36,24,other
63.96186089515686,VFR_HUD,74,31,other
63.96186804771423,SERVO_OUTPUT_RAW,36,24,other
63.96612310409546,GLOBAL_POSITION_INT,33,40,other
63.966695070266724,ATTITUDE_QUATERNION,31,44,other
63.96673607826233,GLOBAL_POSITION_INT,33,40,other
63.96676301956177,POSITION_TARGET_LOCAL_NED,85,63,other
63.97372794151306,ATTITUDE,30,40,other
63.973731994628906,ATTITUDE_TARGET,83,48,other
63.97376203536987,GPS_RAW_INT,24,56,other
63.977652072906494,ATTITUDE,30,40,other
63.98245906829834,HIGHRES_IMU,105,73,other
63.98253393173218,ATTITUDE,30,40,other
63.98254990577698,ATTITUDE_QUATERNION,31,44,other
63.98256301879883,GPS_RAW_INT,24,56,other
63.982605934143066,LOCAL_POSITION_NED,32,40,other
63.982625007629395,SERVO_OUTPUT_RAW,36,24,other
63.98579812049866,ATTITUDE_QUATERNION,31,44,other
63.98587989807129,GLOBAL_POSITION_INT,33,40,other
63.9858980178833,POSITION_TARGET_LOCAL_NED,85,63,other
63.985958099365234,GLOBAL_POSITION_INT,33,40,other
63.9937219619751,ATTITUDE,30,40,other
63.996225118637085,ATTITUDE_TARGET,83,48,other
63.99871611595154,ATTITUDE,30,40,other
64.00027990341187,LOCAL_POSITION_NED,32,40,other
64.00030899047852,ODOMETRY,331,244,other
64.00211596488953,HIGHRES_IMU,105,74,other
64.00221300125122,ATTITUDE,30,40,other
64.00223708152771,ATTITUDE_QUATERNION,31,44,other
64.0023889541626,LOCAL_POSITION_NED,32,40,other
64.0024950504303,SERVO_OUTPUT_RAW,36,24,other
64.00382900238037,MISSION_CURRENT,42,22,other
64.0058650970459,GLOBAL_POSITION_INT,33,40,other
64.00587892532349,ATTITUDE_QUATERNION,31,44,other
64.00590801239014,GLOBAL_POSITION_INT,33,40,other
64.00592494010925,POSITION_TARGET_LOCAL_NED,85,63,other
64.01741099357605,ATTITUDE,30,40,other
64.01746392250061,GPS_RAW_INT,24,56,other
64.01813197135925,ATTITUDE,30,40,other
64.01815891265869,ATTITUDE_TARGET,83,48,other
64.02170991897583,HIGHRES_IMU,105,74,other
64.02179598808289,ATTITUDE,30,40,other
64.021812915802,ATTITUDE_QUATERNION,31,44,other
64.02191305160522,LOCAL_POSITION_NED,32,40,other
64.02197909355164,SERVO_OUTPUT_RAW,36,24,other
64.02557897567749,ATTITUDE_QUATERNION,31,44,other
64.02560591697693,GLOBAL_POSITION_INT,33,40,other
64.02562093734741,POSITION_TARGET_LOCAL_NED,85,63,other
64.02564406394958,GLOBAL_POSITION_INT,33,40,other
64.02963995933533,LOCAL_POSITION_NED,32,40,other
64.0297019481659,ODOMETRY,331,244,other
64.03392004966736,ATTITUDE,30,40,other
64.03394293785095,ATTITUDE_TARGET,83,48,other
64.03863406181335,ATTITUDE,30,40,other
64.043142080307,LOCAL_POSITION_NED,32,40,other
64.04321002960205,SERVO_OUTPUT_RAW,36,24,other
64.04326295852661,HIGHRES_IMU,105,74,other
64.04328608512878,ATTITUDE,30,40,other
64.04329895973206,ATTITUDE_QUATERNION,31,44,other
64.0459840297699,ATTITUDE_QUATERNION,31,44,other
64.04601407051086,GLOBAL_POSITION_INT,33,40,other
64.04602694511414,POSITION_TARGET_LOCAL_NED,85,63,other
64.04611897468567,GLOBAL_POSITION_INT,33,40,other
64.0501070022583,GPS_RAW_INT,24,56,other
64.05991196632385,ATTITUDE_TARGET,83,48,other
64.06002497673035,ATTITUDE,30,40,other
64.06382608413696,ATTITUDE,30,40,other
64.06392693519592,POSITION_TARGET_GLOBAL_INT,87,63,other
64.06863403320312,TIMESYNC,111,25,other
64.06877207756042,LOCAL_POSITION_NED,32,40,other
64.06877994537354,HIGHRES_IMU,105,74,other
64.06879997253418,LOCAL_POSITION_NED,32,40,other
64.06882500648499,ATTITUDE,30,40,other
64.06884407997131,ALTITUDE,141,44,other
64.06886911392212,ODOMETRY,331,244,other
64.06888699531555,ATTITUDE_QUATERNION,31,44,other
64.06890606880188,ATTITUDE_TARGET,83,48,other
64.0689148902893,SERVO_OUTPUT_RAW,36,24,other
64.06893706321716,POSITION_TARGET_LOCAL_NED,85,63,other
64.06895303726196,SERVO_OUTPUT_RAW,36,24,other
64.06898403167725,SYS_STATUS,1,52,other
64.06900811195374,VFR_HUD,74,31,other
64.0731348991394,ATTITUDE_QUATERNION,31,44,other
64.07318592071533,GLOBAL_POSITION_INT,33,40,other
64.07320594787598,GLOBAL_POSITION_INT,33,40,other
64.0732159614563,POSITION_TARGET_LOCAL_NED,85,63,other
64.08129692077637,ATTITUDE_TARGET,83,48,other
64.08133101463318,VFR_HUD,74,31,other
64.08140397071838,ATTITUDE,30,40,other
64.08373308181763,ATTITUDE,30,40,other
64.08966398239136,HIGHRES_IMU,105,73,other
64.08973407745361,LOCAL_POSITION_NED,32,40,other
64.08989596366882,SERVO_OUTPUT_RAW,36,24,other
64.08997011184692,ATTITUDE,30,40,other
64.09004211425781,ATTITUDE_QUATERNION,31,44,other
64.09007000923157,GPS_RAW_INT,24,56,other
64.0929229259491,ATTITUDE_QUATERNION,31,44,other
64.09298801422119,GLOBAL_POSITION_INT,33,40,other
64.09300494194031,POSITION_TARGET_LOCAL_NED,85,63,other
64.0934989452362,GLOBAL_POSITION_INT,33,40,other
64.09991908073425,ATTITUDE_TARGET,83,48,other
64.10005497932434,ATTITUDE,30,40,other
64.1037929058075,ATTITUDE,30,40,other
64.10460305213928,LOCAL_POSITION_NED,32,40,other
64.10468411445618,ODOMETRY,331,244,other
64.11002111434937,LOCAL_POSITION_NED,32,40,other
64.11004090309143,HIGHRES_IMU,105,73,other
64.11009001731873,SERVO_OUTPUT_RAW,36,24,other
64.11009693145752,ATTITUDE,30,40,other
64.11011099815369,ATTITUDE_QUATERNION,31,44,other
64.1121039390564,ATTITUDE_QUATERNION,31,44,other
64.1121039390564,GLOBAL_POSITION_INT,33,40,other
64.11212801933289,GLOBAL_POSITION_INT,33,40,other
64.11213898658752,POSITION_TARGET_LOCAL_NED,85,63,other
64.12083506584167,ATTITUDE_TARGET,83,48,other
64.12169694900513,ATTITUDE,30,40,other
64.12181401252747,GPS_RAW_INT,24,56,other
64.12644696235657,ATTITUDE,30,40,other
64.12876510620117,LOCAL_POSITION_NED,32,40,other
64.12882709503174,SERVO_OUTPUT_RAW,36,24,other
64.1288640499115,HIGHRES_IMU,105,74,other
64.12891411781311,ATTITUDE,30,40,other
64.12892389297485,ATTITUDE_QUATERNION,31,44,other

66.42384600639343,ATTITUDE,30,40,other
66.4276430606842,LOCAL_POSITION_NED,32,40,other
66.42770504951477,SERVO_OUTPUT_RAW,36,24,other
66.42771005630493,HIGHRES_IMU,105,74,other
66.42777490615845,ATTITUDE,30,40,other
66.42778992652893,ATTITUDE_QUATERNION,31,44,other
66.43171000480652,ATTITUDE_QUATERNION,31,44,other
66.43173909187317,GLOBAL_POSITION_INT,33,40,other
66.43175411224365,POSITION_TARGET_LOCAL_NED,85,63,other
66.43180108070374,GLOBAL_POSITION_INT,33,40,other
66.43185901641846,GPS_RAW_INT,24,56,other
66.43592691421509,LOCAL_POSITION_NED,32,40,other
66.43599200248718,ODOMETRY,331,244,other
66.43985509872437,ATTITUDE_TARGET,83,48,other
66.44008898735046,ATTITUDE,30,40,other
66.44420289993286,ATTITUDE,30,40,other
66.44875192642212,LOCAL_POSITION_NED,32,40,other
66.44879698753357,HIGHRES_IMU,105,73,other
66.44881510734558,ATTITUDE,30,40,other
66.44882702827454,ATTITUDE_QUATERNION,31,44,other
66.44895100593567,SERVO_OUTPUT_RAW,36,24,other
66.4519829750061,ATTITUDE_QUATERNION,31,44,other
66.4519989490509,GLOBAL_POSITION_INT,33,40,other
66.4520480632782,GLOBAL_POSITION_INT,33,40,other
66.45206189155579,POSITION_TARGET_LOCAL_NED,85,63,other
66.46023106575012,ATTITUDE_TARGET,83,48,other
66.46028709411621,ATTITUDE,30,40,other
66.46449708938599,ATTITUDE,30,40,other
66.46478509902954,GPS_RAW_INT,24,56,other
66.46485209465027,POSITION_TARGET_GLOBAL_INT,87,63,other
66.46774196624756,LOCAL_POSITION_NED,32,40,other
66.46776509284973,SERVO_OUTPUT_RAW,36,24,other
66.46777701377869,TIMESYNC,111,25,other
66.46779799461365,HIGHRES_IMU,105,74,other
66.46780610084534,LOCAL_POSITION_NED,32,40,other
66.46781396865845,ATTITUDE,30,40,other
66.46782207489014,ALTITUDE,141,44,other
66.46783399581909,ODOMETRY,331,244,other
66.4678430557251,ATTITUDE_QUATERNION,31,44,other
66.46784996986389,ATTITUDE_TARGET,83,48,other
66.46786308288574,POSITION_TARGET_LOCAL_NED,85,63,other
66.46787190437317,SERVO_OUTPUT_RAW,36,24,other
66.4678840637207,SYS_STATUS,1,52,other
66.46789312362671,VFR_HUD,74,31,other
66.47321391105652,ATTITUDE_QUATERNION,31,44,other
66.47327494621277,GLOBAL_POSITION_INT,33,40,other
66.47328495979309,GLOBAL_POSITION_INT,33,40,other
66.47329998016357,POSITION_TARGET_LOCAL_NED,85,63,other
66.48389911651611,ATTITUDE_TARGET,83,48,other
66.48407101631165,ATTITUDE,30,40,other
66.48460412025452,ATTITUDE,30,40,other
66.48784804344177,HIGHRES_IMU,105,73,other
66.4879240989685,ATTITUDE,30,40,other
66.4879400730133,ATTITUDE_QUATERNION,31,44,other
66.48800301551819,LOCAL_POSITION_NED,32,40,other
66.48802590370178,SERVO_OUTPUT_RAW,36,24,other
66.49376511573792,GLOBAL_POSITION_INT,33,40,other
66.49391508102417,ATTITUDE_QUATERNION,31,44,other
66.49394702911377,GLOBAL_POSITION_INT,33,40,other
66.49395990371704,POSITION_TARGET_LOCAL_NED,85,63,other
66.49755311012268,GPS_RAW_INT,24,56,other
66.49973511695862,ATTITUDE_TARGET,83,48,other
66.50035905838013,ATTITUDE,30,40,other
66.50603199005127,ATTITUDE,30,40,other
66.506844997406,LOCAL_POSITION_NED,32,40,other
66.50688099861145,ODOMETRY,331,244,other
66.51042890548706,LOCAL_POSITION_NED,32,40,other
66.51048994064331,SERVO_OUTPUT_RAW,36,24,other
66.51122999191284,HIGHRES_IMU,105,73,other
66.51131200790405,ATTITUDE,30,40,other
66.51132798194885,ATTITUDE_QUATERNION,31,44,other
66.51335096359253,ATTITUDE_QUATERNION,31,44,other
66.51342391967773,GLOBAL_POSITION_INT,33,40,other
66.51349401473999,GLOBAL_POSITION_INT,33,40,other
66.51357889175415,POSITION_TARGET_LOCAL_NED,85,63,other
66.51967406272888,ATTITUDE_TARGET,83,48,other
66.5197389125824,ATTITUDE,30,40,other
66.52392911911011,ATTITUDE,30,40,other
66.53046798706055,LOCAL_POSITION_NED,32,40,other
66.53057408332825,SERVO_OUTPUT_RAW,36,24,other
66.53067588806152,HIGHRES_IMU,105,74,other
66.53079104423523,ATTITUDE,30,40,other
66.53081798553467,ATTITUDE_QUATERNION,31,44,other
66.53083300590515,GPS_RAW_INT,24,56,other
66.53461408615112,ATTITUDE_QUATERNION,31,44,other
66.53465104103088,GLOBAL_POSITION_INT,33,40,other
66.53468489646912,GLOBAL_POSITION_INT,33,40,other
66.53471994400024,POSITION_TARGET_LOCAL_NED,85,63,other
66.5372838973999,LOCAL_POSITION_NED,32,40,other
66.5373170375824,ODOMETRY,331,244,other
66.53995895385742,ATTITUDE,30,40,other
66.53995895385742,ATTITUDE_TARGET,83,48,other
66.54604601860046,ATTITUDE,30,40,other
66.548024892807,LOCAL_POSITION_NED,32,40,other
66.54804706573486,SERVO_OUTPUT_RAW,36,24,other
66.54807710647583,HIGHRES_IMU,105,74,other
66.54809999465942,ATTITUDE,30,40,other
66.54811310768127,ATTITUDE_QUATERNION,31,44,other
66.55260705947876,ATTITUDE_QUATERNION,31,44,other
66.55263710021973,GLOBAL_POSITION_INT,33,40,other
66.55264902114868,POSITION_TARGET_LOCAL_NED,85,63,other
66.55330395698547,GLOBAL_POSITION_INT,33,40,other
66.56015801429749,ATTITUDE,30,40,other
66.56131410598755,ATTITUDE_TARGET,83,48,other
66.56447505950928,ATTITUDE,30,40,other
66.56623005867004,GPS_RAW_INT,24,56,other
66.56626009941101,POSITION_TARGET_GLOBAL_INT,87,63,other
66.56789112091064,LOCAL_POSITION_NED,32,40,other
66.56791806221008,TIMESYNC,111,25,other
66.567941904068,HIGHRES_IMU,105,74,other
66.56795001029968,LOCAL_POSITION_NED,32,40,other
66.56796097755432,ATTITUDE,30,40,other
66.56796908378601,ALTITUDE,141,44,other
66.56798195838928,ODOMETRY,331,244,other
66.5679919719696,ATTITUDE_QUATERNION,31,44,other
66.56799912452698,ATTITUDE_TARGET,83,48,other
66.56801199913025,POSITION_TARGET_LOCAL_NED,85,63,other
66.56802201271057,SERVO_OUTPUT_RAW,36,24,other
66.56803107261658,VFR_HUD,74,31,other
66.56808304786682,SERVO_OUTPUT_RAW,36,24,other
66.57529306411743,ATTITUDE_QUATERNION,31,44,other
66.57539105415344,GLOBAL_POSITION_INT,33,40,other
66.57540607452393,POSITION_TARGET_LOCAL_NED,85,63,other
66.57596898078918,GLOBAL_POSITION_INT,33,40,other
66.58617401123047,ATTITUDE,30,40,other
66.58617496490479,HEARTBEAT,0,21,other
66.58624196052551,ALTITUDE,141,44,other
66.58625292778015,ATTITUDE_TARGET,83,48,other
66.58626198768616,BATTERY_STATUS,147,53,other
66.58627104759216,UNKNOWN_436,-2,21,other
66.58628106117249,ESTIMATOR_STATUS,230,54,other
66.58629012107849,EXTENDED_SYS_STATE,245,14,other
66.58629894256592,GPS_RAW_INT,24,56,other
66.58630800247192,HOME_POSITION,242,67,other
66.58632111549377,OPEN_DRONE_ID_LOCATION,12901,70,other
66.58632898330688,OPEN_DRONE_ID_SYSTEM,12904,37,other
66.58633804321289,SCALED_PRESSURE,29,26,other
66.58634901046753,SYS_STATUS,1,52,other
66.58635902404785,VFR_HUD,74,31,other
66.58636689186096,UNKNOWN_8,-2,33,other
66.59025597572327,ATTITUDE,30,40,other
66.59410309791565,LOCAL_POSITION_NED,32,40,other
66.59448289871216,HIGHRES_IMU,105,74,other
66.5950379371643,SERVO_OUTPUT_RAW,36,24,other
66.59518098831177,ATTITUDE,30,40,other
66.59527897834778,ATTITUDE_QUATERNION,31,44,other
66.59843707084656,ATTITUDE_QUATERNION,31,44,other
66.59846091270447,GLOBAL_POSITION_INT,33,40,other
66.59847092628479,POSITION_TARGET_LOCAL_NED,85,63,other
66.59875202178955,GLOBAL_POSITION_INT,33,40,other
66.60307312011719,GPS_RAW_INT,24,56,other
66.60617804527283,ATTITUDE,30,40,other
66.6062159538269,ATTITUDE_TARGET,83,48,other
66.61155009269714,LOCAL_POSITION_NED,32,40,other
66.61164808273315,ATTITUDE,30,40,other
66.61169791221619,ODOMETRY,331,244,other
66.61666798591614,LOCAL_POSITION_NED,32,40,other
66.61669611930847,HIGHRES_IMU,105,73,other
66.61671710014343,ATTITUDE,30,40,other
66.61672902107239,ATTITUDE_QUATERNION,31,44,other
66.61710691452026,SERVO_OUTPUT_RAW,36,24,other
66.6180419921875,ATTITUDE_QUATERNION,31,44,other
66.61808395385742,GLOBAL_POSITION_INT,33,40,other
66.61809396743774,GLOBAL_POSITION_INT,33,40,other
66.61809706687927,POSITION_TARGET_LOCAL_NED,85,63,other
66.62781000137329,ATTITUDE_TARGET,83,48,other
66.62809491157532,ATTITUDE,30,40,other
66.63507890701294,GPS_RAW_INT,24,56,other
66.635262966156,ATTITUDE,30,40,other
66.63568091392517,LOCAL_POSITION_NED,32,40,other
66.63570094108582,SERVO_OUTPUT_RAW,36,24,other
66.63576698303223,HIGHRES_IMU,105,73,other
66.63582396507263,ATTITUDE,30,40,other
66.6358380317688,ATTITUDE_QUATERNION,31,44,other
66.6388099193573,ATTITUDE_QUATERNION,31,44,other
66.6388349533081,GLOBAL_POSITION_INT,33,40,other
66.63884401321411,GLOBAL_POSITION_INT,33,40,other
66.63884592056274,POSITION_TARGET_LOCAL_NED,85,63,other
66.64259910583496,LOCAL_POSITION_NED,32,40,other
66.64267611503601,ODOMETRY,331,244,other
66.64692997932434,ATTITUDE_TARGET,83,48,other
66.64693999290466,ATTITUDE,30,40,other
66.65116810798645,ATTITUDE,30,40,other
66.65497899055481,HIGHRES_IMU,105,74,other
66.65505194664001,ATTITUDE,30,40,other
66.6550669670105,ATTITUDE_QUATERNION,31,44,other
66.65512490272522,LOCAL_POSITION_NED,32,40,other
66.65514707565308,SERVO_OUTPUT_RAW,36,24,other
66.65827202796936,ATTITUDE_QUATERNION,31,44,other
66.65829801559448,GLOBAL_POSITION_INT,33,40,other
66.65831089019775,POSITION_TARGET_LOCAL_NED,85,63,other
66.65832495689392,GLOBAL_POSITION_INT,33,40,other
66.66751909255981,ATTITUDE_TARGET,83,48,other
66.66758990287781,ATTITUDE,30,40,other
66.66762089729309,GPS_RAW_INT,24,56,other
66.6703851222992,ATTITUDE,30,40,other
66.67046403884888,POSITION_TARGET_GLOBAL_INT,87,63,other
66.67451500892639,LOCAL_POSITION_NED,32,40,other
66.67455291748047,TIMESYNC,111,25,other
66.6745810508728,SERVO_OUTPUT_RAW,36,24,other
66.67458200454712,HIGHRES_IMU,105,73,other
66.67459201812744,LOCAL_POSITION_NED,32,40,other
66.6746039390564,ATTITUDE,30,40,other
66.6746129989624,ALTITUDE,141,44,other
66.67462706565857,ODOMETRY,331,244,other
66.67463612556458,ATTITUDE_QUATERNION,31,44,other
66.67464399337769,ATTITUDE_TARGET,83,48,other
66.67465710639954,POSITION_TARGET_LOCAL_NED,85,63,other
66.67466592788696,SERVO_OUTPUT_RAW,36,24,other
66.67467594146729,SYS_STATUS,1,52,other
66.67468404769897,VFR_HUD,74,31,other
66.67854309082031,ATTITUDE_QUATERNION,31,44,other
66.6786150932312,GLOBAL_POSITION_INT,33,40,other
66.67863297462463,POSITION_TARGET_LOCAL_NED,85,63,other
66.68000793457031,GLOBAL_POSITION_INT,33,40,other
66.68898797035217,ATTITUDE_TARGET,83,48,other
66.68948698043823,ATTITUDE,30,40,other
66.69339895248413,ATTITUDE,30,40,other
66.69750094413757,LOCAL_POSITION_NED,32,40,other
66.69753003120422,HIGHRES_IMU,105,74,other
66.69763898849487,SERVO_OUTPUT_RAW,36,24,other
66.69763994216919,ATTITUDE,30,40,other
66.69765996932983,ATTITUDE_QUATERNION,31,44,other
66.70111799240112,ATTITUDE_QUATERNION,31,44,other
66.70114588737488,GLOBAL_POSITION_INT,33,40,other
66.70115995407104,POSITION_TARGET_LOCAL_NED,85,63,other
66.70117402076721,GLOBAL_POSITION_INT,33,40,other
66.70341205596924,GPS_RAW_INT,24,56,other
66.70861005783081,ATTITUDE_TARGET,83,48,other
66.71032404899597,ATTITUDE,30,40,other
66.71077299118042,ATTITUDE,30,40,other
66.71088194847107,LOCAL_POSITION_NED,32,40,other
66.71090602874756,ODOMETRY,331,244,other
66.71104407310486,PING,4,17,other
66.71117305755615,PING,4,26,other
66.71514511108398,HIGHRES_IMU,105,74,other
66.71521091461182,ATTITUDE,30,40,other
66.71522808074951,ATTITUDE_QUATERNION,31,44,other
66.71526288986206,LOCAL_POSITION_NED,32,40,other
66.71528506278992,SERVO_OUTPUT_RAW,36,24,other
66.71529603004456,PING,4,17,other
66.7153730392456,HEARTBEAT,0,21,other
66.71959400177002,ATTITUDE_QUATERNION,31,44,other
66.71966099739075,GLOBAL_POSITION_INT,33,40,other
66.71967506408691,POSITION_TARGET_LOCAL_NED,85,63,other
66.71968603134155,HEARTBEAT,0,21,other
66.72433400154114,GLOBAL_POSITION_INT,33,40,other
66.72613096237183,ATTITUDE,30,40,other
66.72613406181335,ATTITUDE_TARGET,83,48,other
66.73330402374268,ATTITUDE,30,40,other
66.73900198936462,LOCAL_POSITION_NED,32,40,other
66.73900198936462,HIGHRES_IMU,105,73,other
66.73902893066406,ATTITUDE,30,40,other
66.73903012275696,SERVO_OUTPUT_RAW,36,24,other
66.73904395103455,ATTITUDE_QUATERNION,31,44,other
66.7390570640564,GPS_RAW_INT,24,56,other
66.74264597892761,GLOBAL_POSITION_INT,33,40,other
66.7427020072937,ATTITUDE_QUATERNION,31,44,other
66.74274492263794,GLOBAL_POSITION_INT,33,40,other
66.74275803565979,POSITION_TARGET_LOCAL_NED,85,63,other
66.74647402763367,LOCAL_POSITION_NED,32,40,other
66.74654698371887,ODOMETRY,331,244,other
66.75039911270142,ATTITUDE_TARGET,83,48,other
66.75048589706421,ATTITUDE,30,40,other
66.75474500656128,ATTITUDE,30,40,other
66.75978708267212,HIGHRES_IMU,105,73,other
66.75981092453003,ATTITUDE,30,40,other
66.7598249912262,ATTITUDE_QUATERNION,31,44,other
66.76002597808838,LOCAL_POSITION_NED,32,40,other
66.76004791259766,SERVO_OUTPUT_RAW,36,24,other
66.76486992835999,ATTITUDE_QUATERNION,31,44,other
66.76496505737305,GLOBAL_POSITION_INT,33,40,other
66.7649929523468,GLOBAL_POSITION_INT,33,40,other
66.76501989364624,POSITION_TARGET_LOCAL_NED,85,63,other
66.77047801017761,ATTITUDE_TARGET,83,48,other
66.77188491821289,ATTITUDE,30,40,other
66.77195596694946,GPS_RAW_INT,24,56,other
66.77448606491089,ATTITUDE,30,40,other
66.7746000289917,POSITION_TARGET_GLOBAL_INT,87,63,other
66.77868890762329,LOCAL_POSITION_NED,32,40,other
66.77873802185059,SERVO_OUTPUT_RAW,36,24,other
66.77886009216309,TIMESYNC,111,25,other
66.77893590927124,HIGHRES_IMU,105,74,other
66.77895212173462,LOCAL_POSITION_NED,32,40,other
66.7789659500122,ATTITUDE,30,40,other
66.77906394004822,ALTITUDE,141,44,other
66.77910590171814,ODOMETRY,331,244,other
66.77912306785583,ATTITUDE_QUATERNION,31,44,other
66.77913188934326,ATTITUDE_TARGET,83,48,other
66.77914500236511,POSITION_TARGET_LOCAL_NED,85,63,other
66.77915811538696,SERVO_OUTPUT_RAW,36,24,other
66.77917289733887,VFR_HUD,74,31,other
66.78234100341797,ATTITUDE_QUATERNION,31,44,other
66.78243708610535,GLOBAL_POSITION_INT,33,40,other
66.78245496749878,POSITION_TARGET_LOCAL_NED,85,63,other
66.78248691558838,GLOBAL_POSITION_INT,33,40,other
66.79060912132263,ATTITUDE_TARGET,83,48,other
66.79067492485046,GPS_RAW_INT,24,56,other
66.79068994522095,UNKNOWN_380,-2,32,other
66.79289889335632,ATTITUDE,30,40,other
66.79298400878906,UNKNOWN_380,-2,32,other
66.7961630821228,ATTITUDE,30,40,other
66.79983496665955,LOCAL_POSITION_NED,32,40,other
66.79994702339172,HIGHRES_IMU,105,73,other
66.8000009059906,ATTITUDE,30,40,other
66.80002212524414,ATTITUDE_QUATERNION,31,44,other
66.8000910282135,SERVO_OUTPUT_RAW,36,24,other
66.80265402793884,ATTITUDE_QUATERNION,31,44,other
66.80267095565796,GLOBAL_POSITION_INT,33,40,other
66.80267906188965,POSITION_TARGET_LOCAL_NED,85,63,other
66.80277895927429,GLOBAL_POSITION_INT,33,40,other
66.80283188819885,GPS_RAW_INT,24,56,other
66.81072402000427,ATTITUDE_TARGET,83,48,other
66.81074500083923,ATTITUDE,30,40,other
66.81438112258911,ATTITUDE,30,40,other
66.81448793411255,LOCAL_POSITION_NED,32,40,other
66.81455111503601,ODOMETRY,331,244,other
66.81833100318909,LOCAL_POSITION_NED,32,40,other
66.81838893890381,SERVO_OUTPUT_RAW,36,24,other
66.81838893890381,HIGHRES_IMU,105,73,other
66.81846690177917,ATTITUDE,30,40,other
66.81847596168518,ATTITUDE_QUATERNION,31,44,other
66.82249808311462,ATTITUDE_QUATERNION,31,44,other
66.82251811027527,GLOBAL_POSITION_INT,33,40,other
66.82252502441406,POSITION_TARGET_LOCAL_NED,85,63,other
66.82297706604004,GLOBAL_POSITION_INT,33,40,other
66.83060002326965,ATTITUDE_TARGET,83,48,other
66.8306360244751,ATTITUDE,30,40,other
66.83572101593018,ATTITUDE,30,40,other
66.8383378982544,LOCAL_POSITION_NED,32,40,other
66.83836007118225,SERVO_OUTPUT_RAW,36,24,other
66.83843111991882,HIGHRES_IMU,105,74,other
66.83849310874939,ATTITUDE,30,40,other
66.83850908279419,ATTITUDE_QUATERNION,31,44,other
66.83852100372314,GPS_RAW_INT,24,56,other
66.84247493743896,ATTITUDE_QUATERNION,31,44,other
66.84259390830994,GLOBAL_POSITION_INT,33,40,other
66.84260702133179,POSITION_TARGET_LOCAL_NED,85,63,other
66.84261703491211,VFR_HUD,74,31,other
66.842689037323,GLOBAL_POSITION_INT,33,40,other
66.8476779460907,LOCAL_POSITION_NED,32,40,other
66.84787607192993,ODOMETRY,331,244,other
66.85028195381165,ATTITUDE_TARGET,83,48,other
66.85037589073181,ATTITUDE,30,40,other
66.85435605049133,ATTITUDE,30,40,other
66.85866594314575,HIGHRES_IMU,105,74,other
66.8587338924408,ATTITUDE,30,40,other
66.85874795913696,ATTITUDE_QUATERNION,31,44,other
66.85880398750305,LOCAL_POSITION_NED,32,40,other
66.85882806777954,SERVO_OUTPUT_RAW,36,24,other
66.86367011070251,ATTITUDE_QUATERNION,31,44,other
66.86368489265442,GLOBAL_POSITION_INT,33,40,other
66.86374092102051,GLOBAL_POSITION_INT,33,40,other
66.8638060092926,POSITION_TARGET_LOCAL_NED,85,63,other
66.87332892417908,ATTITUDE_TARGET,83,48,other
66.87337899208069,ATTITUDE,30,40,other
66.87343406677246,GPS_RAW_INT,24,56,other
66.87436199188232,ATTITUDE,30,40,other
66.87443804740906,POSITION_TARGET_GLOBAL_INT,87,63,other
66.8786609172821,LOCAL_POSITION_NED,32,40,other
66.8787190914154,SERVO_OUTPUT_RAW,36,24,other
66.87899804115295,HEARTBEAT,0,21,other
66.8790979385376,TIMESYNC,111,25,other
66.87911009788513,HIGHRES_IMU,105,73,other
66.8791151046753,LOCAL_POSITION_NED,32,40,other
66.87912607192993,ATTITUDE,30,40,other
66.87913203239441,ALTITUDE,141,44,other
66.87913990020752,ODOMETRY,331,244,other
66.87914490699768,ATTITUDE_QUATERNION,31,44,other
66.87914991378784,ATTITUDE_TARGET,83,48,other
66.879154920578,BATTERY_STATUS,147,53,other
66.87915992736816,UNKNOWN_436,-2,21,other
66.87916493415833,ESTIMATOR_STATUS,230,54,other
66.87916994094849,EXTENDED_SYS_STATE,245,14,other
66.87917709350586,HOME_POSITION,242,67,other
66.87918496131897,OPEN_DRONE_ID_LOCATION,12901,70,other
66.87919092178345,OPEN_DRONE_ID_SYSTEM,12904,37,other
66.8791971206665,PING,4,21,other
66.87920308113098,POSITION_TARGET_LOCAL_NED,85,63,other
66.87920999526978,SCALED_PRESSURE,29,26,other
66.87921595573425,SERVO_OUTPUT_RAW,36,24,other
66.87922692298889,SYS_STATUS,1,52,other
66.87923502922058,SYSTEM_TIME,2,23,other
66.87924194335938,VFR_HUD,74,31,other
66.87924909591675,VIBRATION,241,32,other
66.87925696372986,UNKNOWN_8,-2,33,other
66.88212895393372,PING,4,26,other
66.88233304023743,ATTITUDE_QUATERNION,31,44,other
66.882395029068,GLOBAL_POSITION_INT,33,40,other
66.88242292404175,POSITION_TARGET_LOCAL_NED,85,63,other
66.88246393203735,GLOBAL_POSITION_INT,33,40,other
66.89031505584717,ATTITUDE_TARGET,83,48,other
66.89055395126343,ATTITUDE,30,40,other
66.8945460319519,ATTITUDE,30,40,other
66.89899206161499,LOCAL_POSITION_NED,32,40,other
66.8990170955658,SERVO_OUTPUT_RAW,36,24,other
66.89907312393188,HIGHRES_IMU,105,74,other
66.89918494224548,ATTITUDE,30,40,other
66.89920401573181,ATTITUDE_QUATERNION,31,44,other
66.90246295928955,ATTITUDE_QUATERNION,31,44,other
66.9026210308075,GLOBAL_POSITION_INT,33,40,other
66.9026689529419,GPS_RAW_INT,24,56,other
66.90268898010254,GLOBAL_POSITION_INT,33,40,other
66.90273809432983,POSITION_TARGET_LOCAL_NED,85,63,other
66.91081595420837,ATTITUDE_TARGET,83,48,other
66.91111707687378,ATTITUDE,30,40,other
66.91445207595825,ATTITUDE,30,40,other
66.91460800170898,LOCAL_POSITION_NED,32,40,other
66.91468596458435,ODOMETRY,331,244,other
66.91838908195496,LOCAL_POSITION_NED,32,40,other
66.91841197013855,SERVO_OUTPUT_RAW,36,24,other
66.91845512390137,HIGHRES_IMU,105,73,other
66.91850090026855,ATTITUDE,30,40,other
66.91851091384888,ATTITUDE_QUATERNION,31,44,other
66.92231392860413,ATTITUDE_QUATERNION,31,44,other
66.92236709594727,GLOBAL_POSITION_INT,33,40,other
66.92237997055054,POSITION_TARGET_LOCAL_NED,85,63,other
66.92240405082703,GLOBAL_POSITION_INT,33,40,other
66.93032503128052,ATTITUDE,30,40,other
66.93122506141663,ATTITUDE_TARGET,83,48,other
66.93433094024658,ATTITUDE,30,40,other
66.93459701538086,GPS_RAW_INT,24,56,other
66.93832802772522,LOCAL_POSITION_NED,32,40,other
66.93835210800171,SERVO_OUTPUT_RAW,36,24,other
66.93837594985962,HIGHRES_IMU,105,73,other
66.93839812278748,ATTITUDE,30,40,other
66.93841004371643,ATTITUDE_QUATERNION,31,44,other
66.94270396232605,ATTITUDE_QUATERNION,31,44,other
66.94276690483093,GLOBAL_POSITION_INT,33,40,other
66.94278502464294,POSITION_TARGET_LOCAL_NED,85,63,other
66.94285106658936,GLOBAL_POSITION_INT,33,40,other
66.94713091850281,LOCAL_POSITION_NED,32,40,other
66.94718408584595,ODOMETRY,331,244,other
66.95038294792175,ATTITUDE_TARGET,83,48,other
66.95048809051514,ATTITUDE,30,40,other
66.95459508895874,ATTITUDE,30,40,other
66.95879912376404,LOCAL_POSITION_NED,32,40,other
66.95883107185364,SERVO_OUTPUT_RAW,36,24,other
66.9588611125946,HIGHRES_IMU,105,74,other
66.95894002914429,ATTITUDE,30,40,other
66.95895910263062,ATTITUDE_QUATERNION,31,44,other
66.96280789375305,ATTITUDE_QUATERNION,31,44,other
66.96283292770386,GLOBAL_POSITION_INT,33,40,other
66.96284508705139,POSITION_TARGET_LOCAL_NED,85,63,other
66.96288299560547,GLOBAL_POSITION_INT,33,40,other
66.97040605545044,ATTITUDE_TARGET,83,48,other
66.97050309181213,ATTITUDE,30,40,other
66.97056007385254,GPS_RAW_INT,24,56,other
66.97500395774841,ATTITUDE,30,40,other
66.97500896453857,POSITION_TARGET_GLOBAL_INT,87,63,other
66.97505903244019,POSITION_TARGET_GLOBAL_INT,87,63,other
66.98081398010254,TIMESYNC,111,25,other
66.9809410572052,HIGHRES_IMU,105,74,other
66.98095703125,LOCAL_POSITION_NED,32,40,other
66.98097109794617,ATTITUDE,30,40,other
66.98098397254944,ALTITUDE,141,44,other
66.9809980392456,ODOMETRY,331,244,other
66.98101091384888,ATTITUDE_QUATERNION,31,44,other
66.98102402687073,ATTITUDE_TARGET,83,48,other
66.98104310035706,POSITION_TARGET_LOCAL_NED,85,63,other
66.98105502128601,SERVO_OUTPUT_RAW,36,24,other
66.98106694221497,VFR_HUD,74,31,other
66.98263812065125,LOCAL_POSITION_NED,32,40,other
66.98279905319214,SERVO_OUTPUT_RAW,36,24,other
66.9830539226532,GLOBAL_POSITION_INT,33,40,other
66.98660492897034,ATTITUDE_QUATERNION,31,44,other
66.9866349697113,GLOBAL_POSITION_INT,33,40,other
66.98664808273315,POSITION_TARGET_LOCAL_NED,85,63,other
66.99029994010925,ATTITUDE_TARGET,83,48,other
66.99035692214966,GPS_RAW_INT,24,56,other
66.99045300483704,ATTITUDE,30,40,other
66.99480295181274,ATTITUDE,30,40,other
66.99846291542053,LOCAL_POSITION_NED,32,40,other
66.9985249042511,SERVO_OUTPUT_RAW,36,24,other
66.99852991104126,HIGHRES_IMU,105,74,other
66.99859595298767,ATTITUDE,30,40,other
66.99865508079529,ATTITUDE_QUATERNION,31,44,other
67.00246095657349,ATTITUDE_QUATERNION,31,44,other
67.00249004364014,GLOBAL_POSITION_INT,33,40,other
67.00250196456909,POSITION_TARGET_LOCAL_NED,85,63,other
67.00257301330566,GLOBAL_POSITION_INT,33,40,other
67.00262999534607,GPS_RAW_INT,24,56,other
67.01169896125793,ATTITUDE_TARGET,83,48,other
67.01184391975403,ATTITUDE,30,40,other
67.01438593864441,ATTITUDE,30,40,other
67.01442408561707,LOCAL_POSITION_NED,32,40,other
67.01448202133179,ODOMETRY,331,244,other
67.01837611198425,LOCAL_POSITION_NED,32,40,other
67.01839900016785,SERVO_OUTPUT_RAW,36,24,other
67.01845097541809,HIGHRES_IMU,105,74,other
67.01849508285522,ATTITUDE,30,40,other
67.01850891113281,ATTITUDE_QUATERNION,31,44,other
67.02243494987488,GLOBAL_POSITION_INT,33,40,other
67.02292394638062,ATTITUDE_QUATERNION,31,44,other
67.02294397354126,GLOBAL_POSITION_INT,33,40,other
67.02295398712158,POSITION_TARGET_LOCAL_NED,85,63,other
67.03059792518616,ATTITUDE_TARGET,83,48,other
67.0306088924408,ATTITUDE,30,40,other
67.03438401222229,ATTITUDE,30,40,other
67.03449392318726,GPS_RAW_INT,24,56,other
67.0383939743042,LOCAL_POSITION_NED,32,40,other
67.03842210769653,SERVO_OUTPUT_RAW,36,24,other
67.03965210914612,HIGHRES_IMU,105,73,other
67.0396740436554,ATTITUDE,30,40,other
67.03968811035156,ATTITUDE_QUATERNION,31,44,other
67.04237103462219,ATTITUDE_QUATERNION,31,44,other
67.04242897033691,GLOBAL_POSITION_INT,33,40,other
67.04244303703308,POSITION_TARGET_LOCAL_NED,85,63,other
67.04247093200684,GLOBAL_POSITION_INT,33,40,other
67.04673504829407,LOCAL_POSITION_NED,32,40,other
67.04676389694214,ODOMETRY,331,244,other
67.05054998397827,ATTITUDE_TARGET,83,48,other
67.05062508583069,ATTITUDE,30,40,other
67.05137801170349,MISSION_CURRENT,42,22,other
67.05545091629028,ATTITUDE,30,40,other
67.05935597419739,LOCAL_POSITION_NED,32,40,other
67.05941390991211,SERVO_OUTPUT_RAW,36,24,other
67.05961608886719,HIGHRES_IMU,105,73,other
67.05963492393494,ATTITUDE,30,40,other
67.05964493751526,ATTITUDE_QUATERNION,31,44,other
67.06241011619568,ATTITUDE_QUATERNION,31,44,other
67.06244111061096,GLOBAL_POSITION_INT,33,40,other
67.06244993209839,GLOBAL_POSITION_INT,33,40,other
67.06245303153992,POSITION_TARGET_LOCAL_NED,85,63,other
67.0665979385376,GPS_RAW_INT,24,56,other
67.0721480846405,ATTITUDE,30,40,other
67.07224297523499,ATTITUDE_TARGET,83,48,other
67.07430005073547,ATTITUDE,30,40,other
67.07439708709717,POSITION_TARGET_GLOBAL_INT,87,63,other
67.078458070755,LOCAL_POSITION_NED,32,40,other
67.07848596572876,SERVO_OUTPUT_RAW,36,24,other
67.07949590682983,TIMESYNC,111,25,other
67.0795168876648,HIGHRES_IMU,105,74,other
67.07952404022217,LOCAL_POSITION_NED,32,40,other
67.07953310012817,ATTITUDE,30,40,other
67.07954001426697,ALTITUDE,141,44,other
67.07955193519592,ODOMETRY,331,244,other
67.07956004142761,ATTITUDE_QUATERNION,31,44,other
67.07956790924072,ATTITUDE_TARGET,83,48,other
67.07958006858826,POSITION_TARGET_LOCAL_NED,85,63,other
67.07958793640137,SERVO_OUTPUT_RAW,36,24,other
67.07959699630737,SYS_STATUS,1,52,other
67.07960510253906,VFR_HUD,74,31,other
67.08252906799316,ATTITUDE_QUATERNION,31,44,other
67.08256006240845,GLOBAL_POSITION_INT,33,40,other
67.08258390426636,GLOBAL_POSITION_INT,33,40,other
67.08259606361389,POSITION_TARGET_LOCAL_NED,85,63,other
67.09073901176453,ATTITUDE_TARGET,83,48,other
67.0907690525055,VFR_HUD,74,31,other
67.09083104133606,ATTITUDE,30,40,other
67.09616303443909,ATTITUDE,30,40,other
67.0990240573883,LOCAL_POSITION_NED,32,40,other
67.09904289245605,HIGHRES_IMU,105,73,other
67.09908604621887,SERVO_OUTPUT_RAW,36,24,other
67.09909796714783,ATTITUDE,30,40,other
67.09911704063416,ATTITUDE_QUATERNION,31,44,other
67.10242795944214,ATTITUDE_QUATERNION,31,44,other
67.10250401496887,GLOBAL_POSITION_INT,33,40,other
67.10250997543335,GLOBAL_POSITION_INT,33,40,other
67.10251998901367,POSITION_TARGET_LOCAL_NED,85,63,other
67.10252904891968,GPS_RAW_INT,24,56,other
67.1104691028595,ATTITUDE_TARGET,83,48,other
67.11247706413269,ATTITUDE,30,40,other
67.11461210250854,ATTITUDE,30,40,other
67.11464595794678,LOCAL_POSITION_NED,32,40,other
67.1147301197052,ODOMETRY,331,244,other
67.1183409690857,LOCAL_POSITION_NED,32,40,other
67.11836099624634,SERVO_OUTPUT_RAW,36,24,other
67.11874508857727,HIGHRES_IMU,105,74,other
67.11876201629639,ATTITUDE,30,40,other
67.11877298355103,ATTITUDE_QUATERNION,31,44,other
67.12249708175659,ATTITUDE_QUATERNION,31,44,other
67.12253093719482,GLOBAL_POSITION_INT,33,40,other
67.12254500389099,POSITION_TARGET_LOCAL_NED,85,63,other
67.12254595756531,GLOBAL_POSITION_INT,33,40,other
67.13098692893982,ATTITUDE_TARGET,83,48,other
67.13117694854736,ATTITUDE,30,40,other
67.13431096076965,ATTITUDE,30,40,other
67.1349709033966,GPS_RAW_INT,24,56,other
67.13852500915527,HEARTBEAT,0,21,other
67.13853192329407,LOCAL_POSITION_NED,32,40,other
67.13856291770935,SERVO_OUTPUT_RAW,36,24,other
67.13866591453552,HIGHRES_IMU,105,74,other
67.13872408866882,ATTITUDE,30,40,other
67.13873791694641,ATTITUDE_QUATERNION,31,44,other
67.13875198364258,HEARTBEAT,0,21,other
67.14263606071472,ATTITUDE_QUATERNION,31,44,other
67.14296507835388,GLOBAL_POSITION_INT,33,40,other
67.142991065979,GLOBAL_POSITION_INT,33,40,other
67.14301896095276,POSITION_TARGET_LOCAL_NED,85,63,other
67.14646792411804,LOCAL_POSITION_NED,32,40,other
67.14653205871582,ODOMETRY,331,244,other
67.15035510063171,ATTITUDE_TARGET,83,48,other
67.15045189857483,ATTITUDE,30,40,other
67.15569305419922,ATTITUDE,30,40,other
67.15840005874634,LOCAL_POSITION_NED,32,40,other
67.15848898887634,HIGHRES_IMU,105,73,other
67.1585259437561,ATTITUDE,30,40,other
67.15852689743042,SERVO_OUTPUT_RAW,36,24,other
67.15853810310364,ATTITUDE_QUATERNION,31,44,other
67.16378593444824,ATTITUDE_QUATERNION,31,44,other
67.16383600234985,GLOBAL_POSITION_INT,33,40,other
67.16385507583618,POSITION_TARGET_LOCAL_NED,85,63,other
67.16397595405579,GLOBAL_POSITION_INT,33,40,other
67.16683506965637,GPS_RAW_INT,24,56,other
67.17287492752075,ATTITUDE_TARGET,83,48,other
67.17306303977966,ATTITUDE,30,40,other
67.17482209205627,ATTITUDE,30,40,other
67.17493796348572,POSITION_TARGET_GLOBAL_INT,87,63,other
67.17837905883789,LOCAL_POSITION_NED,32,40,other
67.17839908599854,SERVO_OUTPUT_RAW,36,24,other
67.17849898338318,TIMESYNC,111,25,other
67.17855501174927,HIGHRES_IMU,105,73,other
67.1785659790039,LOCAL_POSITION_NED,32,40,other
67.17857599258423,ATTITUDE,30,40,other
67.17858290672302,ALTITUDE,141,44,other
67.17859411239624,ODOMETRY,331,244,other
67.17860102653503,ATTITUDE_QUATERNION,31,44,other
67.17860794067383,ATTITUDE_TARGET,83,48,other
67.17861795425415,POSITION_TARGET_LOCAL_NED,85,63,other
67.17862510681152,SERVO_OUTPUT_RAW,36,24,other
67.17863202095032,VFR_HUD,74,31,other
67.18236708641052,ATTITUDE_QUATERNION,31,44,other
67.18239212036133,GLOBAL_POSITION_INT,33,40,other
67.18240308761597,POSITION_TARGET_LOCAL_NED,85,63,other
67.18242192268372,GLOBAL_POSITION_INT,33,40,other
67.19050908088684,ATTITUDE_TARGET,83,48,other
67.19058203697205,GPS_RAW_INT,24,56,other
67.19175410270691,ATTITUDE,30,40,other
67.19460391998291,ATTITUDE,30,40,other
67.19860100746155,LOCAL_POSITION_NED,32,40,other
67.19865798950195,SERVO_OUTPUT_RAW,36,24,other
67.19870805740356,HIGHRES_IMU,105,74,other
67.19872808456421,ATTITUDE,30,40,other
67.19874000549316,ATTITUDE_QUATERNION,31,44,other
67.19875001907349,GPS_RAW_INT,24,56,other
67.20277690887451,ATTITUDE_QUATERNION,31,44,other
67.2028660774231,GLOBAL_POSITION_INT,33,40,other
67.20288395881653,POSITION_TARGET_LOCAL_NED,85,63,other
67.20471811294556,GLOBAL_POSITION_INT,33,40,other
67.2104868888855,ATTITUDE_TARGET,83,48,other
67.21058201789856,ATTITUDE,30,40,other
67.21447491645813,ATTITUDE,30,40,other
67.21471309661865,LOCAL_POSITION_NED,32,40,other
67.21478009223938,ODOMETRY,331,244,other
67.2183609008789,LOCAL_POSITION_NED,32,40,other
67.21840405464172,HIGHRES_IMU,105,73,other
67.21842288970947,ATTITUDE,30,40,other
67.21843099594116,SERVO_OUTPUT_RAW,36,24,other
67.21843695640564,ATTITUDE_QUATERNION,31,44,other
67.22289109230042,ATTITUDE_QUATERNION,31,44,other
67.2229540348053,GLOBAL_POSITION_INT,33,40,other
67.22297310829163,POSITION_TARGET_LOCAL_NED,85,63,other
67.22311997413635,GLOBAL_POSITION_INT,33,40,other
67.23036694526672,ATTITUDE_TARGET,83,48,other
67.23097801208496,ATTITUDE,30,40,other
67.23453307151794,ATTITUDE,30,40,other
67.23472309112549,GPS_RAW_INT,24,56,other
67.23960399627686,LOCAL_POSITION_NED,32,40,other
67.23969793319702,HIGHRES_IMU,105,73,other
67.23980903625488,SERVO_OUTPUT_RAW,36,24,other
67.23982810974121,ATTITUDE,30,40,other
67.23985505104065,ATTITUDE_QUATERNION,31,44,other
67.24237108230591,ATTITUDE_QUATERNION,31,44,other
67.24240708351135,GLOBAL_POSITION_INT,33,40,other
67.24241709709167,POSITION_TARGET_LOCAL_NED,85,63,other
67.24258589744568,GLOBAL_POSITION_INT,33,40,other
67.2473680973053,LOCAL_POSITION_NED,32,40,other
67.24740195274353,ODOMETRY,331,244,other
67.25034189224243,ATTITUDE_TARGET,83,48,other
67.25101089477539,ATTITUDE,30,40,other
67.25449204444885,ATTITUDE,30,40,other
67.25845408439636,LOCAL_POSITION_NED,32,40,other
67.2585198879242,SERVO_OUTPUT_RAW,36,24,other
67.25860905647278,HIGHRES_IMU,105,74,other
67.2586760520935,ATTITUDE,30,40,other
67.25869393348694,ATTITUDE_QUATERNION,31,44,other
67.26266407966614,ATTITUDE_QUATERNION,31,44,other
67.26270604133606,GLOBAL_POSITION_INT,33,40,other
67.2627260684967,POSITION_TARGET_LOCAL_NED,85,63,other
67.26277208328247,GLOBAL_POSITION_INT,33,40,other
67.26646590232849,GPS_RAW_INT,24,56,other
67.26813793182373,MISSION_CURRENT,42,22,other
67.27148008346558,ATTITUDE_TARGET,83,48,other
67.27177906036377,ATTITUDE,30,40,other
67.27428197860718,ATTITUDE,30,40,other
67.27438306808472,POSITION_TARGET_GLOBAL_INT,87,63,other
67.27969789505005,LOCAL_POSITION_NED,32,40,other
67.27976489067078,SERVO_OUTPUT_RAW,36,24,other
67.27999591827393,TIMESYNC,111,25,other
67.28005409240723,HIGHRES_IMU,105,74,other
67.28006196022034,LOCAL_POSITION_NED,32,40,other
67.28007197380066,ATTITUDE,30,40,other
67.28008008003235,ALTITUDE,141,44,other
67.2800920009613,ODOMETRY,331,244,other
67.28010106086731,ATTITUDE_QUATERNION,31,44,other
67.28010892868042,ATTITUDE_TARGET,83,48,other
67.28012204170227,POSITION_TARGET_LOCAL_NED,85,63,other
67.28012895584106,SERVO_OUTPUT_RAW,36,24,other
67.28013896942139,SYS_STATUS,1,52,other
67.28014707565308,VFR_HUD,74,31,other
67.2824559211731,ATTITUDE_QUATERNION,31,44,other
67.2826189994812,GLOBAL_POSITION_INT,33,40,other
67.28268504142761,POSITION_TARGET_LOCAL_NED,85,63,other
67.28337407112122,GLOBAL_POSITION_INT,33,40,other
67.29065108299255,ATTITUDE_TARGET,83,48,other
67.2916009426117,ATTITUDE,30,40,other
67.29451203346252,ATTITUDE,30,40,other
67.29861307144165,LOCAL_POSITION_NED,32,40,other
67.29861998558044,HIGHRES_IMU,105,73,other
67.29867506027222,SERVO_OUTPUT_RAW,36,24,other
67.29868507385254,ATTITUDE,30,40,other
67.29870009422302,ATTITUDE_QUATERNION,31,44,other
67.2987129688263,GPS_RAW_INT,24,56,other
67.30353689193726,ATTITUDE_QUATERNION,31,44,other
67.30371809005737,GLOBAL_POSITION_INT,33,40,other
67.30372905731201,GLOBAL_POSITION_INT,33,40,other
67.30377912521362,POSITION_TARGET_LOCAL_NED,85,63,other
67.31047296524048,ATTITUDE_TARGET,83,48,other
67.31051898002625,ATTITUDE,30,40,other
67.31449794769287,ATTITUDE,30,40,other
67.3146140575409,LOCAL_POSITION_NED,32,40,other
67.31464791297913,ODOMETRY,331,244,other
67.31837892532349,LOCAL_POSITION_NED,32,40,other
67.31841611862183,HIGHRES_IMU,105,74,other
67.31847500801086,ATTITUDE,30,40,other
67.31848311424255,SERVO_OUTPUT_RAW,36,24,other
67.31848502159119,ATTITUDE_QUATERNION,31,44,other
67.32244205474854,ATTITUDE_QUATERNION,31,44,other
67.3225200176239,GLOBAL_POSITION_INT,33,40,other
67.32253408432007,POSITION_TARGET_LOCAL_NED,85,63,other
67.32255005836487,GLOBAL_POSITION_INT,33,40,other
67.3304090499878,ATTITUDE_TARGET,83,48,other
67.33047604560852,ATTITUDE,30,40,other
67.33050489425659,GPS_RAW_INT,24,56,other
67.33523106575012,ATTITUDE,30,40,other
67.33839297294617,LOCAL_POSITION_NED,32,40,other
67.33845591545105,SERVO_OUTPUT_RAW,36,24,other
67.33892011642456,HIGHRES_IMU,105,73,other
67.3389790058136,ATTITUDE,30,40,other
67.33899402618408,ATTITUDE_QUATERNION,31,44,other
67.3424780368805,GLOBAL_POSITION_INT,33,40,other
67.3424780368805,ATTITUDE_QUATERNION,31,44,other
67.34253907203674,GLOBAL_POSITION_INT,33,40,other
67.34255290031433,POSITION_TARGET_LOCAL_NED,85,63,other
67.34256100654602,VFR_HUD,74,31,other
67.34656500816345,LOCAL_POSITION_NED,32,40,other
67.34667897224426,ODOMETRY,331,244,other
67.35028910636902,ATTITUDE_TARGET,83,48,other
67.35034394264221,ATTITUDE,30,40,other
67.35436201095581,ATTITUDE,30,40,other
67.35860800743103,HIGHRES_IMU,105,73,other
67.35867810249329,ATTITUDE,30,40,other
67.35869312286377,ATTITUDE_QUATERNION,31,44,other
67.35897207260132,LOCAL_POSITION_NED,32,40,other
67.3591160774231,SERVO_OUTPUT_RAW,36,24,other
67.36275601387024,ATTITUDE_QUATERNION,31,44,other
67.36289310455322,GLOBAL_POSITION_INT,33,40,other
67.36291193962097,POSITION_TARGET_LOCAL_NED,85,63,other
67.36346101760864,GLOBAL_POSITION_INT,33,40,other
67.3666079044342,GPS_RAW_INT,24,56,other
67.37038397789001,ATTITUDE_TARGET,83,48,other
67.37050104141235,ATTITUDE,30,40,other
67.37490797042847,ATTITUDE,30,40,other
67.37493991851807,POSITION_TARGET_GLOBAL_INT,87,63,other
67.37953495979309,LOCAL_POSITION_NED,32,40,other
67.3796169757843,SERVO_OUTPUT_RAW,36,24,other
67.3800630569458,TIMESYNC,111,25,other
67.38012099266052,HIGHRES_IMU,105,74,other
67.38013100624084,LOCAL_POSITION_NED,32,40,other
67.38014006614685,ATTITUDE,30,40,other
67.38014698028564,ALTITUDE,141,44,other
67.38015699386597,ODOMETRY,331,244,other
67.38016510009766,ATTITUDE_QUATERNION,31,44,other
67.38017201423645,ATTITUDE_TARGET,83,48,other
67.38018488883972,POSITION_TARGET_LOCAL_NED,85,63,other
67.38021802902222,SERVO_OUTPUT_RAW,36,24,other
67.38024592399597,VFR_HUD,74,31,other
67.38241910934448,ATTITUDE_QUATERNION,31,44,other
67.3824679851532,GLOBAL_POSITION_INT,33,40,other
67.38285994529724,GLOBAL_POSITION_INT,33,40,other
67.38287997245789,POSITION_TARGET_LOCAL_NED,85,63,other
67.39035201072693,ATTITUDE_TARGET,83,48,other
67.39041900634766,ATTITUDE,30,40,other
67.39050602912903,GPS_RAW_INT,24,56,other
67.3950469493866,ATTITUDE,30,40,other
67.39851093292236,LOCAL_POSITION_NED,32,40,other
67.39859104156494,SERVO_OUTPUT_RAW,36,24,other
67.3986029624939,HIGHRES_IMU,105,74,other
67.39862394332886,ATTITUDE,30,40,other
67.39863395690918,ATTITUDE_QUATERNION,31,44,other
67.39863991737366,GPS_RAW_INT,24,56,other
67.4024670124054,ATTITUDE_QUATERNION,31,44,other
67.40253591537476,GLOBAL_POSITION_INT,33,40,other
67.40254998207092,POSITION_TARGET_LOCAL_NED,85,63,other
67.40258312225342,GLOBAL_POSITION_INT,33,40,other
67.41055512428284,ATTITUDE_TARGET,83,48,other
67.41059112548828,ATTITUDE,30,40,other
67.41433000564575,ATTITUDE,30,40,other
67.41446590423584,LOCAL_POSITION_NED,32,40,other
67.4145278930664,ODOMETRY,331,244,other
67.4187879562378,LOCAL_POSITION_NED,32,40,other
67.4187879562378,HIGHRES_IMU,105,74,other
67.41885495185852,SERVO_OUTPUT_RAW,36,24,other
67.41887998580933,ATTITUDE,30,40,other
67.41889810562134,ATTITUDE_QUATERNION,31,44,other
67.42241597175598,ATTITUDE_QUATERNION,31,44,other
67.42248606681824,GLOBAL_POSITION_INT,33,40,other
67.42250299453735,POSITION_TARGET_LOCAL_NED,85,63,other
67.4231390953064,GLOBAL_POSITION_INT,33,40,other
67.43046998977661,ATTITUDE_TARGET,83,48,other
67.43054294586182,ATTITUDE,30,40,other
67.4306468963623,GPS_RAW_INT,24,56,other
67.43461394309998,ATTITUDE,30,40,other
67.43851709365845,HIGHRES_IMU,105,74,other
67.43857789039612,ATTITUDE,30,40,other
67.43858504295349,LOCAL_POSITION_NED,32,40,other
67.43859100341797,ATTITUDE_QUATERNION,31,44,other
67.43872499465942,SERVO_OUTPUT_RAW,36,24,other
67.44238591194153,ATTITUDE_QUATERNION,31,44,other
67.44241499900818,GLOBAL_POSITION_INT,33,40,other
67.44242691993713,POSITION_TARGET_LOCAL_NED,85,63,other
67.44247102737427,GLOBAL_POSITION_INT,33,40,other
67.44667911529541,LOCAL_POSITION_NED,32,40,other
67.44670295715332,ODOMETRY,331,244,other
67.45052409172058,ATTITUDE_TARGET,83,48,other
67.45052695274353,ATTITUDE,30,40,other
67.45562696456909,ATTITUDE,30,40,other
67.46000504493713,LOCAL_POSITION_NED,32,40,other
67.46013808250427,SERVO_OUTPUT_RAW,36,24,other
67.46233296394348,ATTITUDE_QUATERNION,31,44,other
67.46239495277405,GLOBAL_POSITION_INT,33,40,other
67.46240997314453,POSITION_TARGET_LOCAL_NED,85,63,other
67.46278190612793,HIGHRES_IMU,105,73,other
67.46283411979675,ATTITUDE,30,40,other
67.4628438949585,ATTITUDE_QUATERNION,31,44,other
67.46285009384155,GLOBAL_POSITION_INT,33,40,other
67.46285510063171,GPS_RAW_INT,24,56,other
67.47150707244873,ATTITUDE_TARGET,83,48,other
67.47244906425476,ATTITUDE,30,40,other
67.4744610786438,ATTITUDE,30,40,other
67.47480893135071,POSITION_TARGET_GLOBAL_INT,87,63,other
67.47835302352905,LOCAL_POSITION_NED,32,40,other
67.47837591171265,SERVO_OUTPUT_RAW,36,24,other
67.4784049987793,TIMESYNC,111,25,other
67.4784619808197,HIGHRES_IMU,105,73,other
67.47847199440002,LOCAL_POSITION_NED,32,40,other
67.47848105430603,ATTITUDE,30,40,other
67.47848892211914,ALTITUDE,141,44,other
67.47849893569946,ODOMETRY,331,244,other
67.47850799560547,ATTITUDE_QUATERNION,31,44,other
67.47851610183716,ATTITUDE_TARGET,83,48,other
67.47852802276611,POSITION_TARGET_LOCAL_NED,85,63,other
67.47853493690491,SERVO_OUTPUT_RAW,36,24,other
67.47854089736938,SYS_STATUS,1,52,other
67.47854590415955,VFR_HUD,74,31,other
67.48403000831604,ATTITUDE_QUATERNION,31,44,other
67.48406100273132,GLOBAL_POSITION_INT,33,40,other
67.48409295082092,POSITION_TARGET_LOCAL_NED,85,63,other
67.48424792289734,GLOBAL_POSITION_INT,33,40,other
67.49123811721802,ATTITUDE_TARGET,83,48,other
67.49134802818298,ATTITUDE,30,40,other
67.49428009986877,ATTITUDE,30,40,other
67.49860501289368,LOCAL_POSITION_NED,32,40,other
67.49863004684448,SERVO_OUTPUT_RAW,36,24,other
67.4986629486084,HIGHRES_IMU,105,74,other
67.49872899055481,ATTITUDE,30,40,other
67.49874305725098,ATTITUDE_QUATERNION,31,44,other
67.49875211715698,GPS_RAW_INT,24,56,other
67.50265097618103,ATTITUDE_QUATERNION,31,44,other
67.50274801254272,GLOBAL_POSITION_INT,33,40,other
67.50276398658752,POSITION_TARGET_LOCAL_NED,85,63,other
67.50287890434265,GLOBAL_POSITION_INT,33,40,other
67.51039505004883,ATTITUDE_TARGET,83,48,other
67.51050591468811,ATTITUDE,30,40,other
67.51452708244324,ATTITUDE,30,40,other
67.51491093635559,LOCAL_POSITION_NED,32,40,other
67.51498198509216,ODOMETRY,331,244,other
67.51867604255676,HIGHRES_IMU,105,73,other
67.518709897995,LOCAL_POSITION_NED,32,40,other
67.5187439918518,ATTITUDE,30,40,other
67.51875805854797,ATTITUDE_QUATERNION,31,44,other
67.51880502700806,SERVO_OUTPUT_RAW,36,24,other
67.52390503883362,ATTITUDE_QUATERNION,31,44,other
67.52407503128052,GLOBAL_POSITION_INT,33,40,other
67.52410006523132,POSITION_TARGET_LOCAL_NED,85,63,other
67.52425408363342,GLOBAL_POSITION_INT,33,40,other
67.53101205825806,ATTITUDE_TARGET,83,48,other
67.53162002563477,ATTITUDE,30,40,other
67.53175497055054,GPS_RAW_INT,24,56,other
67.5347490310669,ATTITUDE,30,40,other
67.53840708732605,LOCAL_POSITION_NED,32,40,other
67.53850412368774,SERVO_OUTPUT_RAW,36,24,other
67.53863000869751,HIGHRES_IMU,105,74,other
67.53869104385376,ATTITUDE,30,40,other
67.53870511054993,ATTITUDE_QUATERNION,31,44,other
67.54245090484619,ATTITUDE_QUATERNION,31,44,other
67.54247999191284,GLOBAL_POSITION_INT,33,40,other
67.54249310493469,POSITION_TARGET_LOCAL_NED,85,63,other
67.54255294799805,GLOBAL_POSITION_INT,33,40,other
67.54649305343628,LOCAL_POSITION_NED,32,40,other
67.54655909538269,ODOMETRY,331,244,other
67.55088901519775,ATTITUDE,30,40,other
67.55100297927856,ATTITUDE_TARGET,83,48,other
67.55447602272034,ATTITUDE,30,40,other
67.55873203277588,HIGHRES_IMU,105,74,other
67.55878400802612,LOCAL_POSITION_NED,32,40,other
67.55879497528076,ATTITUDE,30,40,other
67.55881190299988,ATTITUDE_QUATERNION,31,44,other
67.55881309509277,SERVO_OUTPUT_RAW,36,24,other
67.56284403800964,ATTITUDE_QUATERNION,31,44,other
67.56287503242493,GLOBAL_POSITION_INT,33,40,other
67.56289005279541,GLOBAL_POSITION_INT,33,40,other
67.56291007995605,POSITION_TARGET_LOCAL_NED,85,63,other
67.56303405761719,GPS_RAW_INT,24,56,other
67.57049703598022,ATTITUDE_TARGET,83,48,other
67.57055997848511,ATTITUDE,30,40,other
67.57458710670471,POSITION_TARGET_GLOBAL_INT,87,63,other
67.57459211349487,ATTITUDE,30,40,other
67.5785129070282,LOCAL_POSITION_NED,32,40,other
67.578537940979,SERVO_OUTPUT_RAW,36,24,other
67.5785620212555,TIMESYNC,111,25,other
67.57862305641174,HIGHRES_IMU,105,73,other
67.57863306999207,LOCAL_POSITION_NED,32,40,other
67.57864189147949,ATTITUDE,30,40,other
67.57864904403687,ALTITUDE,141,44,other
67.57866096496582,ODOMETRY,331,244,other
67.57866907119751,ATTITUDE_QUATERNION,31,44,other
67.57868599891663,ATTITUDE_TARGET,83,48,other
67.57876491546631,POSITION_TARGET_LOCAL_NED,85,63,other
67.57877612113953,SERVO_OUTPUT_RAW,36,24,other
67.57878494262695,VFR_HUD,74,31,other
67.58316612243652,ATTITUDE_QUATERNION,31,44,other
67.58321690559387,GLOBAL_POSITION_INT,33,40,other
67.58323693275452,POSITION_TARGET_LOCAL_NED,85,63,other
67.58324098587036,GLOBAL_POSITION_INT,33,40,other
67.59051990509033,HEARTBEAT,0,21,other
67.5905749797821,ALTITUDE,141,44,other
67.59058690071106,ATTITUDE_TARGET,83,48,other
67.59060096740723,EXTENDED_SYS_STATE,245,14,other
67.59061098098755,GPS_RAW_INT,24,56,other
67.5906240940094,OPEN_DRONE_ID_LOCATION,12901,70,other
67.59063291549683,OPEN_DRONE_ID_SYSTEM,12904,37,other
67.59068894386292,SCALED_PRESSURE,29,26,other
67.59070491790771,ATTITUDE,30,40,other
67.59071493148804,SYS_STATUS,1,52,other
67.59072589874268,VFR_HUD,74,31,other
67.59073400497437,UNKNOWN_8,-2,33,other
67.59456706047058,GPS_RAW_INT,24,56,other
67.59457206726074,ATTITUDE,30,40,other
67.59853291511536,LOCAL_POSITION_NED,32,40,other
67.59856605529785,SERVO_OUTPUT_RAW,36,24,other
67.59859490394592,HIGHRES_IMU,105,73,other
67.5986180305481,ATTITUDE,30,40,other
67.59863090515137,ATTITUDE_QUATERNION,31,44,other
67.60250210762024,ATTITUDE_QUATERNION,31,44,other
67.60256791114807,GLOBAL_POSITION_INT,33,40,other
67.60258293151855,POSITION_TARGET_LOCAL_NED,85,63,other
67.60350108146667,GLOBAL_POSITION_INT,33,40,other
67.61068391799927,ATTITUDE_TARGET,83,48,other
67.61077094078064,ATTITUDE,30,40,other
67.61763501167297,ATTITUDE,30,40,other
67.6177270412445,LOCAL_POSITION_NED,32,40,other
67.61775207519531,ODOMETRY,331,244,other
67.62070798873901,LOCAL_POSITION_NED,32,40,other
67.62072491645813,HIGHRES_IMU,105,74,other
67.62077498435974,SERVO_OUTPUT_RAW,36,24,other
67.6207869052887,ATTITUDE,30,40,other
67.62080311775208,ATTITUDE_QUATERNION,31,44,other
67.623202085495,ATTITUDE_QUATERNION,31,44,other
67.6233720779419,GLOBAL_POSITION_INT,33,40,other
67.6234450340271,POSITION_TARGET_LOCAL_NED,85,63,other
67.62356090545654,GLOBAL_POSITION_INT,33,40,other
67.63060092926025,ATTITUDE_TARGET,83,48,other
67.63137888908386,ATTITUDE,30,40,other
67.63140201568604,GPS_RAW_INT,24,56,other
67.63514399528503,ATTITUDE,30,40,other
67.63849592208862,LOCAL_POSITION_NED,32,40,other
67.6385190486908,SERVO_OUTPUT_RAW,36,24,other
67.63855409622192,HIGHRES_IMU,105,73,other
67.63861799240112,ATTITUDE,30,40,other
67.63863110542297,ATTITUDE_QUATERNION,31,44,other
67.64243602752686,ATTITUDE_QUATERNION,31,44,other
67.64246702194214,GLOBAL_POSITION_INT,33,40,other
67.64250111579895,GLOBAL_POSITION_INT,33,40,other
67.64251494407654,POSITION_TARGET_LOCAL_NED,85,63,other
67.64660692214966,LOCAL_POSITION_NED,32,40,other
67.64666509628296,ODOMETRY,331,244,other
67.65064907073975,ATTITUDE,30,40,other
67.65088510513306,ATTITUDE_TARGET,83,48,other
67.65631008148193,ATTITUDE,30,40,other
67.65883588790894,LOCAL_POSITION_NED,32,40,other
67.65884804725647,HIGHRES_IMU,105,73,other
67.65888690948486,ATTITUDE,30,40,other
67.65893006324768,ATTITUDE_QUATERNION,31,44,other
67.6590940952301,SERVO_OUTPUT_RAW,36,24,other
67.66413593292236,ATTITUDE_QUATERNION,31,44,other
67.66417407989502,GLOBAL_POSITION_INT,33,40,other
67.66424298286438,GLOBAL_POSITION_INT,33,40,other
67.66426110267639,POSITION_TARGET_LOCAL_NED,85,63,other
67.66431593894958,GPS_RAW_INT,24,56,other
67.67042803764343,ATTITUDE_TARGET,83,48,other
67.67047595977783,ATTITUDE,30,40,other
67.67435789108276,ATTITUDE,30,40,other
67.67442011833191,POSITION_TARGET_GLOBAL_INT,87,63,other
67.6783881187439,LOCAL_POSITION_NED,32,40,other
67.67839503288269,TIMESYNC,111,25,other
67.67844009399414,SERVO_OUTPUT_RAW,36,24,other
67.67844295501709,HIGHRES_IMU,105,74,other
67.6784520149231,UNKNOWN_411,-2,13,other
67.67845296859741,LOCAL_POSITION_NED,32,40,other
67.6784610748291,ATTITUDE,30,40,other
67.6784679889679,ALTITUDE,141,44,other
67.67847895622253,ODOMETRY,331,244,other
67.67848610877991,ATTITUDE_QUATERNION,31,44,other
67.6784930229187,ATTITUDE_TARGET,83,48,other
67.6785020828247,POSITION_TARGET_LOCAL_NED,85,63,other
67.67850589752197,SERVO_OUTPUT_RAW,36,24,other
67.67851209640503,SYS_STATUS,1,52,other
67.67851710319519,VFR_HUD,74,31,other
67.68262696266174,ATTITUDE_QUATERNION,31,44,other
67.68265199661255,GLOBAL_POSITION_INT,33,40,other
67.68266201019287,POSITION_TARGET_LOCAL_NED,85,63,other
67.68317890167236,GLOBAL_POSITION_INT,33,40,other
67.69176697731018,ATTITUDE_TARGET,83,48,other
67.69182896614075,ATTITUDE,30,40,other
67.6973729133606,ATTITUDE,30,40,other
67.69749212265015,GPS_RAW_INT,24,56,other
67.70150995254517,LOCAL_POSITION_NED,32,40,other
67.70153093338013,SERVO_OUTPUT_RAW,36,24,other
67.70175099372864,HIGHRES_IMU,105,74,other
67.70177102088928,ATTITUDE,30,40,other
67.70178294181824,ATTITUDE_QUATERNION,31,44,other
67.70394611358643,GLOBAL_POSITION_INT,33,40,other
67.70394897460938,ATTITUDE_QUATERNION,31,44,other
67.70403504371643,GLOBAL_POSITION_INT,33,40,other
67.70405411720276,POSITION_TARGET_LOCAL_NED,85,63,other
67.7107789516449,ATTITUDE_TARGET,83,48,other
67.71084809303284,ATTITUDE,30,40,other
67.71454095840454,ATTITUDE,30,40,other
67.71665501594543,LOCAL_POSITION_NED,32,40,other
67.7167420387268,ODOMETRY,331,244,other
67.71690011024475,HEARTBEAT,0,21,other
67.71867108345032,LOCAL_POSITION_NED,32,40,other
67.71869897842407,SERVO_OUTPUT_RAW,36,24,other
67.71871089935303,HEARTBEAT,0,21,other
67.71890997886658,HIGHRES_IMU,105,73,other
67.71897292137146,ATTITUDE,30,40,other
67.71899604797363,ATTITUDE_QUATERNION,31,44,other
67.72248911857605,ATTITUDE_QUATERNION,31,44,other
67.72254991531372,GLOBAL_POSITION_INT,33,40,other
67.72256398200989,POSITION_TARGET_LOCAL_NED,85,63,other
67.72266697883606,GLOBAL_POSITION_INT,33,40,other
67.72646594047546,GPS_RAW_INT,24,56,other
67.73041701316833,ATTITUDE_TARGET,83,48,other
67.73048996925354,ATTITUDE,30,40,other
67.73496794700623,ATTITUDE,30,40,other
67.73836588859558,LOCAL_POSITION_NED,32,40,other
67.73842096328735,SERVO_OUTPUT_RAW,36,24,other
67.73842191696167,HIGHRES_IMU,105,74,other
67.73847699165344,ATTITUDE,30,40,other
67.7384901046753,ATTITUDE_QUATERNION,31,44,other
67.74239897727966,ATTITUDE_QUATERNION,31,44,other
67.74246001243591,GLOBAL_POSITION_INT,33,40,other
67.74246311187744,GLOBAL_POSITION_INT,33,40,other
67.74247407913208,POSITION_TARGET_LOCAL_NED,85,63,other
67.74648404121399,LOCAL_POSITION_NED,32,40,other
67.7465410232544,ODOMETRY,331,244,other
67.75063395500183,ATTITUDE_TARGET,83,48,other
67.75064706802368,ATTITUDE,30,40,other
67.75704503059387,ATTITUDE,30,40,other
67.75829601287842,LOCAL_POSITION_NED,32,40,other
67.75830292701721,HIGHRES_IMU,105,73,other
67.75833106040955,ATTITUDE,30,40,other
67.75834202766418,ATTITUDE_QUATERNION,31,44,other
67.75839710235596,SERVO_OUTPUT_RAW,36,24,other
67.76256489753723,GLOBAL_POSITION_INT,33,40,other
67.76262402534485,GPS_RAW_INT,24,56,other
67.76273798942566,ATTITUDE_QUATERNION,31,44,other
67.76287603378296,GLOBAL_POSITION_INT,33,40,other
67.76289105415344,POSITION_TARGET_LOCAL_NED,85,63,other
67.77069401741028,ATTITUDE_TARGET,83,48,other
67.77073907852173,ATTITUDE,30,40,other
67.77437090873718,ATTITUDE,30,40,other
67.77446103096008,POSITION_TARGET_GLOBAL_INT,87,63,other
67.77854609489441,LOCAL_POSITION_NED,32,40,other
67.77860403060913,TIMESYNC,111,25,other
67.77860903739929,SERVO_OUTPUT_RAW,36,24,other
67.77866196632385,HIGHRES_IMU,105,73,other
67.77867197990417,LOCAL_POSITION_NED,32,40,other
67.77868008613586,ATTITUDE,30,40,other
67.77868604660034,ALTITUDE,141,44,other
67.77869606018066,ODOMETRY,331,244,other
67.77870297431946,ATTITUDE_QUATERNION,31,44,other
67.77871108055115,ATTITUDE_TARGET,83,48,other
67.7787230014801,POSITION_TARGET_LOCAL_NED,85,63,other
67.77873110771179,SERVO_OUTPUT_RAW,36,24,other
67.77873802185059,VFR_HUD,74,31,other
67.78234696388245,ATTITUDE_QUATERNION,31,44,other
67.78240299224854,GLOBAL_POSITION_INT,33,40,other
67.78241395950317,GLOBAL_POSITION_INT,33,40,other
67.78241610527039,POSITION_TARGET_LOCAL_NED,85,63,other
67.79037809371948,ATTITUDE_TARGET,83,48,other
67.79043102264404,ATTITUDE,30,40,other
67.79043698310852,GPS_RAW_INT,24,56,other
67.7943708896637,ATTITUDE,30,40,other
67.79440903663635,GPS_RAW_INT,24,56,other
67.79834508895874,LOCAL_POSITION_NED,32,40,other
67.79839992523193,SERVO_OUTPUT_RAW,36,24,other
67.7985110282898,HIGHRES_IMU,105,74,other
67.79853200912476,ATTITUDE,30,40,other
67.79854393005371,ATTITUDE_QUATERNION,31,44,other
67.80238699913025,ATTITUDE_QUATERNION,31,44,other
67.80240988731384,GLOBAL_POSITION_INT,33,40,other
67.80241990089417,POSITION_TARGET_LOCAL_NED,85,63,other
67.8025279045105,GLOBAL_POSITION_INT,33,40,other
67.81051206588745,ATTITUDE_TARGET,83,48,other
67.8105239868164,ATTITUDE,30,40,other
67.81440210342407,ATTITUDE,30,40,other
67.8144600391388,LOCAL_POSITION_NED,32,40,other
67.8145101070404,ODOMETRY,331,244,other
67.81862497329712,LOCAL_POSITION_NED,32,40,other
67.81864309310913,HIGHRES_IMU,105,74,other
67.81866502761841,ATTITUDE,30,40,other
67.81867599487305,ATTITUDE_QUATERNION,31,44,other
67.81868600845337,SERVO_OUTPUT_RAW,36,24,other
67.82285404205322,GLOBAL_POSITION_INT,33,40,other
67.82285809516907,ATTITUDE_QUATERNION,31,44,other
67.82294511795044,GLOBAL_POSITION_INT,33,40,other
67.82295799255371,POSITION_TARGET_LOCAL_NED,85,63,other
67.826730966568,GPS_RAW_INT,24,56,other
67.83082294464111,ATTITUDE_TARGET,83,48,other
67.83087992668152,ATTITUDE,30,40,other
67.83440208435059,ATTITUDE,30,40,other
67.83840203285217,LOCAL_POSITION_NED,32,40,other
67.83845806121826,SERVO_OUTPUT_RAW,36,24,other
67.83853006362915,HIGHRES_IMU,105,74,other
67.83858609199524,ATTITUDE,30,40,other
67.83859896659851,ATTITUDE_QUATERNION,31,44,other
67.84266710281372,ATTITUDE_QUATERNION,31,44,other
67.84270596504211,GLOBAL_POSITION_INT,33,40,other
67.84270691871643,GLOBAL_POSITION_INT,33,40,other
67.84272599220276,POSITION_TARGET_LOCAL_NED,85,63,other
67.84274506568909,VFR_HUD,74,31,other
67.8463990688324,LOCAL_POSITION_NED,32,40,other
67.84645795822144,ODOMETRY,331,244,other
67.85036706924438,ATTITUDE_TARGET,83,48,other
67.8504490852356,ATTITUDE,30,40,other
67.85442304611206,ATTITUDE,30,40,other
67.85915112495422,LOCAL_POSITION_NED,32,40,other
67.85916590690613,HIGHRES_IMU,105,74,other
67.8591890335083,ATTITUDE,30,40,other
67.85920190811157,ATTITUDE_QUATERNION,31,44,other
67.85921001434326,GPS_RAW_INT,24,56,other
67.85922503471375,SERVO_OUTPUT_RAW,36,24,other
67.86241507530212,ATTITUDE_QUATERNION,31,44,other
67.86246991157532,GLOBAL_POSITION_INT,33,40,other
67.8625259399414,GLOBAL_POSITION_INT,33,40,other
67.86253905296326,POSITION_TARGET_LOCAL_NED,85,63,other
67.87052798271179,ATTITUDE_TARGET,83,48,other
67.8705530166626,ATTITUDE,30,40,other
67.87511706352234,ATTITUDE,30,40,other
67.87519693374634,POSITION_TARGET_GLOBAL_INT,87,63,other
67.87843108177185,LOCAL_POSITION_NED,32,40,other
67.87848210334778,SERVO_OUTPUT_RAW,36,24,other
67.87852692604065,HEARTBEAT,0,21,other
67.87854099273682,TIMESYNC,111,25,other
67.87855100631714,HIGHRES_IMU,105,73,other
67.87855792045593,LOCAL_POSITION_NED,32,40,other
67.87856602668762,ATTITUDE,30,40,other
67.87857294082642,ALTITUDE,141,44,other
67.87858295440674,ODOMETRY,331,244,other
67.87858891487122,ATTITUDE_QUATERNION,31,44,other
67.87859511375427,ATTITUDE_TARGET,83,48,other
67.87860202789307,ESTIMATOR_STATUS,230,54,other
67.87860894203186,EXTENDED_SYS_STATE,245,14,other
67.87861895561218,OPEN_DRONE_ID_LOCATION,12901,70,other
67.87862491607666,OPEN_DRONE_ID_SYSTEM,12904,37,other
67.87863111495972,PING,4,21,other
67.87863802909851,POSITION_TARGET_LOCAL_NED,85,63,other
67.8786449432373,SCALED_PRESSURE,29,26,other
67.87865209579468,SERVO_OUTPUT_RAW,36,24,other
67.878662109375,SYS_STATUS,1,52,other
67.87866997718811,SYSTEM_TIME,2,23,other
67.8786780834198,VFR_HUD,74,31,other
67.8786849975586,UNKNOWN_8,-2,33,other
67.87951111793518,PING,4,26,other
67.88273692131042,ATTITUDE_QUATERNION,31,44,other
67.88280200958252,GLOBAL_POSITION_INT,33,40,other
67.88281512260437,POSITION_TARGET_LOCAL_NED,85,63,other
67.88303303718567,GLOBAL_POSITION_INT,33,40,other
67.89045405387878,ATTITUDE_TARGET,83,48,other
67.89057397842407,ATTITUDE,30,40,other
67.89451599121094,ATTITUDE,30,40,other
67.8945848941803,GPS_RAW_INT,24,56,other
67.89859199523926,LOCAL_POSITION_NED,32,40,other
67.89861297607422,SERVO_OUTPUT_RAW,36,24,other
67.89864611625671,HIGHRES_IMU,105,73,other
67.89870500564575,ATTITUDE,30,40,other
67.8987181186676,ATTITUDE_QUATERNION,31,44,other
67.9025309085846,ATTITUDE_QUATERNION,31,44,other
67.9026129245758,GLOBAL_POSITION_INT,33,40,other
67.90265393257141,GLOBAL_POSITION_INT,33,40,other
67.90267300605774,POSITION_TARGET_LOCAL_NED,85,63,other
67.91037511825562,ATTITUDE_TARGET,83,48,other
67.91044592857361,ATTITUDE,30,40,other
67.91446995735168,ATTITUDE,30,40,other
67.9145860671997,LOCAL_POSITION_NED,32,40,other
67.91465401649475,ODOMETRY,331,244,other
67.91858410835266,LOCAL_POSITION_NED,32,40,other
67.91860103607178,HIGHRES_IMU,105,74,other
67.91864490509033,SERVO_OUTPUT_RAW,36,24,other
67.9186589717865,ATTITUDE,30,40,other
67.91867208480835,ATTITUDE_QUATERNION,31,44,other
67.92261910438538,GLOBAL_POSITION_INT,33,40,other
67.92272996902466,ATTITUDE_QUATERNION,31,44,other
67.92279291152954,GLOBAL_POSITION_INT,33,40,other
67.92280602455139,POSITION_TARGET_LOCAL_NED,85,63,other
67.92652797698975,GPS_RAW_INT,24,56,other
67.9304039478302,ATTITUDE,30,40,other
67.9304449558258,ATTITUDE_TARGET,83,48,other
67.93516993522644,ATTITUDE,30,40,other
67.93950295448303,LOCAL_POSITION_NED,32,40,other
67.93960404396057,HIGHRES_IMU,105,73,other
67.93961596488953,SERVO_OUTPUT_RAW,36,24,other
67.93964505195618,ATTITUDE,30,40,other
67.93966889381409,ATTITUDE_QUATERNION,31,44,other
67.94244599342346,ATTITUDE_QUATERNION,31,44,other
67.94247198104858,GLOBAL_POSITION_INT,33,40,other
67.94247889518738,GLOBAL_POSITION_INT,33,40,other
67.94248390197754,POSITION_TARGET_LOCAL_NED,85,63,other
67.94669508934021,LOCAL_POSITION_NED,32,40,other
67.94674897193909,ODOMETRY,331,244,other
67.95054602622986,ATTITUDE_TARGET,83,48,other
67.9505889415741,ATTITUDE,30,40,other
67.95440912246704,ATTITUDE,30,40,other
67.95849990844727,LOCAL_POSITION_NED,32,40,other
67.95855402946472,HIGHRES_IMU,105,74,other
67.95856404304504,SERVO_OUTPUT_RAW,36,24,other
67.95860505104065,ATTITUDE,30,40,other
67.95861792564392,ATTITUDE_QUATERNION,31,44,other
67.95862603187561,GPS_RAW_INT,24,56,other
67.96242189407349,ATTITUDE_QUATERNION,31,44,other
67.96248507499695,GLOBAL_POSITION_INT,33,40,other
67.96249508857727,GLOBAL_POSITION_INT,33,40,other
67.96249794960022,POSITION_TARGET_LOCAL_NED,85,63,other
67.97059106826782,ATTITUDE_TARGET,83,48,other
67.9710009098053,ATTITUDE,30,40,other
67.9745090007782,ATTITUDE,30,40,other
67.97457194328308,POSITION_TARGET_GLOBAL_INT,87,63,other
67.97481298446655,POSITION_TARGET_GLOBAL_INT,87,63,other
67.97841811180115,LOCAL_POSITION_NED,32,40,other
67.97843408584595,TIMESYNC,111,25,other
67.97843790054321,SERVO_OUTPUT_RAW,36,24,other
67.97849297523499,HIGHRES_IMU,105,74,other
67.97850298881531,LOCAL_POSITION_NED,32,40,other
67.978511095047,ATTITUDE,30,40,other
67.97851896286011,ALTITUDE,141,44,other
67.97852897644043,ODOMETRY,331,244,other
67.97853708267212,ATTITUDE_QUATERNION,31,44,other
67.97854399681091,ATTITUDE_TARGET,83,48,other
67.97855496406555,POSITION_TARGET_LOCAL_NED,85,63,other
67.97856402397156,SERVO_OUTPUT_RAW,36,24,other
67.97857189178467,VFR_HUD,74,31,other
67.98252201080322,ATTITUDE_QUATERNION,31,44,other
67.98255610466003,GLOBAL_POSITION_INT,33,40,other
67.98256993293762,POSITION_TARGET_LOCAL_NED,85,63,other
67.9825758934021,GLOBAL_POSITION_INT,33,40,other
67.9908800125122,ATTITUDE_TARGET,83,48,other
67.9909040927887,GPS_RAW_INT,24,56,other
67.99092197418213,ATTITUDE,30,40,other
67.99098491668701,GPS_RAW_INT,24,56,other
67.99473190307617,ATTITUDE,30,40,other
67.99914908409119,LOCAL_POSITION_NED,32,40,other
67.99920701980591,HIGHRES_IMU,105,73,other
67.9992311000824,SERVO_OUTPUT_RAW,36,24,other
67.99923491477966,ATTITUDE,30,40,other
67.99925899505615,ATTITUDE_QUATERNION,31,44,other
68.00246810913086,ATTITUDE_QUATERNION,31,44,other
68.00249290466309,GLOBAL_POSITION_INT,33,40,other
68.0025041103363,POSITION_TARGET_LOCAL_NED,85,63,other
68.00252509117126,GLOBAL_POSITION_INT,33,40,other
68.01062989234924,ATTITUDE_TARGET,83,48,other
68.0106360912323,ATTITUDE,30,40,other
68.01500511169434,ATTITUDE,30,40,other
68.01505994796753,LOCAL_POSITION_NED,32,40,other
68.01507997512817,ODOMETRY,331,244,other
68.0184919834137,LOCAL_POSITION_NED,32,40,other
68.01854705810547,SERVO_OUTPUT_RAW,36,24,other
68.01913595199585,HIGHRES_IMU,105,73,other
68.01919889450073,ATTITUDE,30,40,other
68.0192129611969,ATTITUDE_QUATERNION,31,44,other
68.0225739479065,ATTITUDE_QUATERNION,31,44,other
68.02258896827698,GLOBAL_POSITION_INT,33,40,other
68.02260303497314,GLOBAL_POSITION_INT,33,40,other
68.02261400222778,POSITION_TARGET_LOCAL_NED,85,63,other
68.0268030166626,GPS_RAW_INT,24,56,other
68.0308530330658,ATTITUDE_TARGET,83,48,other
68.03090596199036,ATTITUDE,30,40,other
68.03682708740234,ATTITUDE,30,40,other
68.03885197639465,LOCAL_POSITION_NED,32,40,other
68.03890609741211,SERVO_OUTPUT_RAW,36,24,other
68.03899693489075,HIGHRES_IMU,105,74,other
68.0390510559082,ATTITUDE,30,40,other
68.03906393051147,ATTITUDE_QUATERNION,31,44,other
68.04349708557129,GLOBAL_POSITION_INT,33,40,other
68.04386806488037,ATTITUDE_QUATERNION,31,44,other
68.0439600944519,GLOBAL_POSITION_INT,33,40,other
68.0440080165863,POSITION_TARGET_LOCAL_NED,85,63,other
68.04761791229248,LOCAL_POSITION_NED,32,40,other
68.04773306846619,ODOMETRY,331,244,other
68.05075192451477,ATTITUDE_TARGET,83,48,other
68.05076789855957,ATTITUDE,30,40,other
68.05438590049744,MISSION_CURRENT,42,22,other
68.05455207824707,ATTITUDE,30,40,other
68.05915307998657,HIGHRES_IMU,105,73,other
68.05921506881714,ATTITUDE,30,40,other
68.05923199653625,ATTITUDE_QUATERNION,31,44,other
68.05924201011658,GPS_RAW_INT,24,56,other
68.06011605262756,LOCAL_POSITION_NED,32,40,other
68.06017994880676,SERVO_OUTPUT_RAW,36,24,other
68.06254291534424,GLOBAL_POSITION_INT,33,40,other
68.06314206123352,ATTITUDE_QUATERNION,31,44,other
68.06321001052856,GLOBAL_POSITION_INT,33,40,other
68.06322503089905,POSITION_TARGET_LOCAL_NED,85,63,other
68.07049107551575,ATTITUDE_TARGET,83,48,other
68.07050490379333,ATTITUDE,30,40,other
68.07453489303589,ATTITUDE,30,40,other
68.07458996772766,POSITION_TARGET_GLOBAL_INT,87,63,other
68.0784740447998,LOCAL_POSITION_NED,32,40,other
68.07850289344788,SERVO_OUTPUT_RAW,36,24,other
68.07856702804565,TIMESYNC,111,25,other
68.07859206199646,HIGHRES_IMU,105,73,other
68.07859992980957,LOCAL_POSITION_NED,32,40,other
68.07860803604126,ATTITUDE,30,40,other
68.07861590385437,ALTITUDE,141,44,other
68.07862710952759,ODOMETRY,331,244,other
68.07863402366638,ATTITUDE_QUATERNION,31,44,other
68.07863998413086,ATTITUDE_TARGET,83,48,other
68.0786509513855,POSITION_TARGET_LOCAL_NED,85,63,other
68.07865905761719,SERVO_OUTPUT_RAW,36,24,other
68.07866907119751,SYS_STATUS,1,52,other
68.07867693901062,VFR_HUD,74,31,other
68.08253002166748,ATTITUDE_QUATERNION,31,44,other
68.08255696296692,GLOBAL_POSITION_INT,33,40,other
68.08257102966309,POSITION_TARGET_LOCAL_NED,85,63,other
68.08260989189148,GLOBAL_POSITION_INT,33,40,other
68.0906081199646,ATTITUDE_TARGET,83,48,other
68.09067702293396,VFR_HUD,74,31,other
68.09070706367493,ATTITUDE,30,40,other
68.0907690525055,GPS_RAW_INT,24,56,other
68.09454894065857,ATTITUDE,30,40,other
68.09840989112854,LOCAL_POSITION_NED,32,40,other
68.09842991828918,SERVO_OUTPUT_RAW,36,24,other
68.09845304489136,HIGHRES_IMU,105,74,other
68.09851002693176,ATTITUDE,30,40,other
68.09852290153503,ATTITUDE_QUATERNION,31,44,other
68.10255098342896,ATTITUDE_QUATERNION,31,44,other
68.10259199142456,GLOBAL_POSITION_INT,33,40,other
68.10260200500488,POSITION_TARGET_LOCAL_NED,85,63,other
68.10267496109009,GLOBAL_POSITION_INT,33,40,other
68.11053490638733,ATTITUDE_TARGET,83,48,other
68.11083197593689,ATTITUDE,30,40,other
68.11555004119873,ATTITUDE,30,40,other
68.11565208435059,LOCAL_POSITION_NED,32,40,other
68.11571598052979,ODOMETRY,331,244,other
68.11848402023315,LOCAL_POSITION_NED,32,40,other
68.1185040473938,SERVO_OUTPUT_RAW,36,24,other
68.11858105659485,HIGHRES_IMU,105,74,other
68.11864900588989,ATTITUDE,30,40,other
68.11866497993469,ATTITUDE_QUATERNION,31,44,other
68.12252497673035,ATTITUDE_QUATERNION,31,44,other
68.12259697914124,GLOBAL_POSITION_INT,33,40,other
68.1226110458374,POSITION_TARGET_LOCAL_NED,85,63,other
68.12263298034668,GLOBAL_POSITION_INT,33,40,other
68.1226921081543,GPS_RAW_INT,24,56,other
68.13077807426453,ATTITUDE_TARGET,83,48,other
68.13083004951477,ATTITUDE,30,40,other
68.13447403907776,ATTITUDE,30,40,other
68.13856792449951,LOCAL_POSITION_NED,32,40,other
68.13863110542297,SERVO_OUTPUT_RAW,36,24,other
68.13864302635193,HIGHRES_IMU,105,73,other
68.13870692253113,ATTITUDE,30,40,other
68.1387209892273,ATTITUDE_QUATERNION,31,44,other
68.14169001579285,HEARTBEAT,0,21,other
68.14259004592896,ATTITUDE_QUATERNION,31,44,other
68.14261507987976,GLOBAL_POSITION_INT,33,40,other
68.1426260471344,POSITION_TARGET_LOCAL_NED,85,63,other
68.14265394210815,GLOBAL_POSITION_INT,33,40,other
68.14274311065674,HEARTBEAT,0,21,other
68.14667010307312,LOCAL_POSITION_NED,32,40,other
68.14673495292664,ODOMETRY,331,244,other
68.1504819393158,ATTITUDE_TARGET,83,48,other
68.15056109428406,ATTITUDE,30,40,other
68.15663194656372,ATTITUDE,30,40,other
68.15942811965942,HIGHRES_IMU,105,74,other
68.15942907333374,LOCAL_POSITION_NED,32,40,other
68.15947794914246,SERVO_OUTPUT_RAW,36,24,other
68.15955805778503,ATTITUDE,30,40,other
68.15957403182983,ATTITUDE_QUATERNION,31,44,other
68.15958595275879,GPS_RAW_INT,24,56,other
68.16266894340515,GLOBAL_POSITION_INT,33,40,other
68.16272592544556,ATTITUDE_QUATERNION,31,44,other
68.16281390190125,GLOBAL_POSITION_INT,33,40,other
68.16282796859741,POSITION_TARGET_LOCAL_NED,85,63,other
68.17068290710449,ATTITUDE_TARGET,83,48,other
68.17072606086731,ATTITUDE,30,40,other
68.17452502250671,ATTITUDE,30,40,other
68.17457103729248,POSITION_TARGET_GLOBAL_INT,87,63,other
68.17853212356567,LOCAL_POSITION_NED,32,40,other
68.17858695983887,TIMESYNC,111,25,other
68.17858910560608,SERVO_OUTPUT_RAW,36,24,other
68.17864799499512,HIGHRES_IMU,105,73,other
68.17865490913391,LOCAL_POSITION_NED,32,40,other
68.17866110801697,ATTITUDE,30,40,other
68.17866492271423,ALTITUDE,141,44,other
68.1786720752716,ODOMETRY,331,244,other
68.17867708206177,ATTITUDE_QUATERNION,31,44,other
68.17868208885193,ATTITUDE_TARGET,83,48,other
68.17868995666504,POSITION_TARGET_LOCAL_NED,85,63,other
68.1786949634552,SERVO_OUTPUT_RAW,36,24,other
68.17870306968689,VFR_HUD,74,31,other
68.18244910240173,ATTITUDE_QUATERNION,31,44,other
68.1825098991394,GLOBAL_POSITION_INT,33,40,other
68.18251204490662,GLOBAL_POSITION_INT,33,40,other
68.18252205848694,POSITION_TARGET_LOCAL_NED,85,63,other
68.19043707847595,ATTITUDE_TARGET,83,48,other
68.19045996665955,ATTITUDE,30,40,other
68.19048404693604,GPS_RAW_INT,24,56,other
68.19049906730652,GPS_RAW_INT,24,56,other
68.19454598426819,ATTITUDE,30,40,other
68.19873094558716,LOCAL_POSITION_NED,32,40,other
68.198734998703,HIGHRES_IMU,105,73,other
68.19875812530518,SERVO_OUTPUT_RAW,36,24,other
68.19879388809204,ATTITUDE,30,40,other
68.19880795478821,ATTITUDE_QUATERNION,31,44,other
68.20261001586914,ATTITUDE_QUATERNION,31,44,other
68.20264005661011,GLOBAL_POSITION_INT,33,40,other
68.20265293121338,POSITION_TARGET_LOCAL_NED,85,63,other
68.20267796516418,GLOBAL_POSITION_INT,33,40,other
68.21053099632263,ATTITUDE_TARGET,83,48,other
68.21061897277832,ATTITUDE,30,40,other
68.21486806869507,ATTITUDE,30,40,other
68.21593904495239,LOCAL_POSITION_NED,32,40,other
68.21603488922119,ODOMETRY,331,244,other
68.21856999397278,HIGHRES_IMU,105,74,other
68.21859693527222,LOCAL_POSITION_NED,32,40,other
68.21865105628967,ATTITUDE,30,40,other
68.21866512298584,ATTITUDE_QUATERNION,31,44,other
68.21868896484375,SERVO_OUTPUT_RAW,36,24,other
68.22261595726013,ATTITUDE_QUATERNION,31,44,other
68.22263407707214,GLOBAL_POSITION_INT,33,40,other
68.22266101837158,GPS_RAW_INT,24,56,other
68.222736120224,GLOBAL_POSITION_INT,33,40,other
68.22275805473328,POSITION_TARGET_LOCAL_NED,85,63,other
68.23065090179443,ATTITUDE_TARGET,83,48,other
68.23076510429382,ATTITUDE,30,40,other
68.23445105552673,ATTITUDE,30,40,other
68.23850798606873,LOCAL_POSITION_NED,32,40,other
68.23852705955505,SERVO_OUTPUT_RAW,36,24,other
68.23853206634521,HIGHRES_IMU,105,74,other
68.23863101005554,ATTITUDE,30,40,other
68.23864793777466,ATTITUDE_QUATERNION,31,44,other
68.24238801002502,ATTITUDE_QUATERNION,31,44,other
68.24245095252991,GLOBAL_POSITION_INT,33,40,other
68.24245691299438,GLOBAL_POSITION_INT,33,40,other
68.24247002601624,POSITION_TARGET_LOCAL_NED,85,63,other
68.24672889709473,LOCAL_POSITION_NED,32,40,other
68.24680995941162,ODOMETRY,331,244,other
68.25081491470337,ATTITUDE_TARGET,83,48,other
68.25088405609131,ATTITUDE,30,40,other
68.25444507598877,ATTITUDE,30,40,other
68.25449800491333,GPS_RAW_INT,24,56,other
68.25843906402588,LOCAL_POSITION_NED,32,40,other
68.25850510597229,SERVO_OUTPUT_RAW,36,24,other
68.25851202011108,HIGHRES_IMU,105,74,other
68.25857305526733,ATTITUDE,30,40,other
68.2585871219635,ATTITUDE_QUATERNION,31,44,other
68.26290202140808,ATTITUDE_QUATERNION,31,44,other
68.26293110847473,GLOBAL_POSITION_INT,33,40,other
68.26294207572937,POSITION_TARGET_LOCAL_NED,85,63,other
68.26297497749329,GLOBAL_POSITION_INT,33,40,other
68.26648592948914,MISSION_CURRENT,42,22,other
68.27050399780273,ATTITUDE,30,40,other
68.27050995826721,ATTITUDE_TARGET,83,48,other
68.27488303184509,POSITION_TARGET_GLOBAL_INT,87,63,other
68.2749650478363,ATTITUDE,30,40,other
68.27871108055115,LOCAL_POSITION_NED,32,40,other
68.27876901626587,SERVO_OUTPUT_RAW,36,24,other
68.27908611297607,TIMESYNC,111,25,other
68.27910995483398,HIGHRES_IMU,105,74,other
68.27911806106567,LOCAL_POSITION_NED,32,40,other
68.279128074646,ATTITUDE,30,40,other
68.2791359424591,ALTITUDE,141,44,other
68.27914810180664,ODOMETRY,331,244,other
68.27915692329407,ATTITUDE_QUATERNION,31,44,other
68.27916502952576,ATTITUDE_TARGET,83,48,other
68.27917790412903,POSITION_TARGET_LOCAL_NED,85,63,other
68.27918791770935,SERVO_OUTPUT_RAW,36,24,other
68.27919912338257,SYS_STATUS,1,52,other
68.27920508384705,VFR_HUD,74,31,other
68.28246998786926,ATTITUDE_QUATERNION,31,44,other
68.2825870513916,GLOBAL_POSITION_INT,33,40,other
68.28261709213257,GLOBAL_POSITION_INT,33,40,other
68.28262996673584,POSITION_TARGET_LOCAL_NED,85,63,other
68.29047894477844,ATTITUDE_TARGET,83,48,other
68.29055905342102,ATTITUDE,30,40,other
68.29058599472046,GPS_RAW_INT,24,56,other
68.29457402229309,ATTITUDE,30,40,other
68.29855394363403,LOCAL_POSITION_NED,32,40,other
68.29857611656189,SERVO_OUTPUT_RAW,36,24,other
68.29859590530396,HIGHRES_IMU,105,73,other
68.29865407943726,ATTITUDE,30,40,other
68.29866695404053,ATTITUDE_QUATERNION,31,44,other
68.30244708061218,ATTITUDE_QUATERNION,31,44,other
68.3024730682373,GLOBAL_POSITION_INT,33,40,other
68.30247592926025,GLOBAL_POSITION_INT,33,40,other
68.30248498916626,POSITION_TARGET_LOCAL_NED,85,63,other
68.31067991256714,ATTITUDE_TARGET,83,48,other
68.3110179901123,ATTITUDE,30,40,other
68.3143949508667,ATTITUDE,30,40,other
68.31444692611694,LOCAL_POSITION_NED,32,40,other
68.31451392173767,ODOMETRY,331,244,other
68.31849694252014,LOCAL_POSITION_NED,32,40,other
68.318519115448,SERVO_OUTPUT_RAW,36,24,other
68.31852602958679,HIGHRES_IMU,105,73,other
68.31854200363159,ATTITUDE,30,40,other
68.3185510635376,ATTITUDE_QUATERNION,31,44,other
68.32254910469055,ATTITUDE_QUATERNION,31,44,other
68.3225769996643,GLOBAL_POSITION_INT,33,40,other
68.32258892059326,POSITION_TARGET_LOCAL_NED,85,63,other
68.32262992858887,GLOBAL_POSITION_INT,33,40,other
68.32271194458008,GPS_RAW_INT,24,56,other
68.33129692077637,ATTITUDE_TARGET,83,48,other
68.3313000202179,ATTITUDE,30,40,other
68.33469700813293,ATTITUDE,30,40,other
68.3384940624237,LOCAL_POSITION_NED,32,40,other
68.3385488986969,SERVO_OUTPUT_RAW,36,24,other
68.33858299255371,HIGHRES_IMU,105,74,other
68.3385980129242,ATTITUDE,30,40,other
68.3386070728302,ATTITUDE_QUATERNION,31,44,other
68.34248089790344,ATTITUDE_QUATERNION,31,44,other
68.34255194664001,GLOBAL_POSITION_INT,33,40,other
68.34256505966187,POSITION_TARGET_LOCAL_NED,85,63,other
68.34257507324219,VFR_HUD,74,31,other
68.34261298179626,GLOBAL_POSITION_INT,33,40,other
68.34645009040833,LOCAL_POSITION_NED,32,40,other
68.34651494026184,ODOMETRY,331,244,other
68.35048389434814,ATTITUDE_TARGET,83,48,other
68.35049200057983,ATTITUDE,30,40,other
68.35462808609009,ATTITUDE,30,40,other
68.35475397109985,GPS_RAW_INT,24,56,other
68.35855102539062,LOCAL_POSITION_NED,32,40,other
68.35856795310974,HIGHRES_IMU,105,73,other
68.35859203338623,ATTITUDE,30,40,other
68.3586049079895,ATTITUDE_QUATERNION,31,44,other
68.35861706733704,SERVO_OUTPUT_RAW,36,24,other
68.36246490478516,ATTITUDE_QUATERNION,31,44,other
68.36252689361572,GLOBAL_POSITION_INT,33,40,other
68.36253809928894,GLOBAL_POSITION_INT,33,40,other
68.36253905296326,POSITION_TARGET_LOCAL_NED,85,63,other
68.37051010131836,ATTITUDE_TARGET,83,48,other
68.37065291404724,ATTITUDE,30,40,other
68.37447309494019,ATTITUDE,30,40,other
68.37463307380676,POSITION_TARGET_GLOBAL_INT,87,63,other
68.37870192527771,TIMESYNC,111,25,other
68.37875699996948,HIGHRES_IMU,105,74,other
68.37880110740662,LOCAL_POSITION_NED,32,40,other
68.3788149356842,ATTITUDE,30,40,other
68.37882089614868,ALTITUDE,141,44,other
68.37882900238037,ODOMETRY,331,244,other
68.37883400917053,ATTITUDE_QUATERNION,31,44,other
68.37883806228638,ATTITUDE_TARGET,83,48,other
68.37884593009949,POSITION_TARGET_LOCAL_NED,85,63,other
68.37885093688965,SERVO_OUTPUT_RAW,36,24,other
68.37885689735413,VFR_HUD,74,31,other
68.38072609901428,LOCAL_POSITION_NED,32,40,other
68.3807909488678,SERVO_OUTPUT_RAW,36,24,other
68.38248205184937,ATTITUDE_QUATERNION,31,44,other
68.38251209259033,GLOBAL_POSITION_INT,33,40,other
68.38252592086792,POSITION_TARGET_LOCAL_NED,85,63,other
68.38253688812256,GLOBAL_POSITION_INT,33,40,other
68.38647603988647,GPS_RAW_INT,24,56,other
68.39054107666016,ATTITUDE_TARGET,83,48,other
68.39060807228088,GPS_RAW_INT,24,56,other
68.3906180858612,ATTITUDE,30,40,other
68.39069104194641,UNKNOWN_411,-2,13,other
68.39453792572021,ATTITUDE,30,40,other
68.39842891693115,LOCAL_POSITION_NED,32,40,other
68.39848589897156,SERVO_OUTPUT_RAW,36,24,other
68.39852094650269,HIGHRES_IMU,105,74,other
68.39854407310486,ATTITUDE,30,40,other
68.39855790138245,ATTITUDE_QUATERNION,31,44,other
68.40260195732117,ATTITUDE_QUATERNION,31,44,other
68.40265798568726,GLOBAL_POSITION_INT,33,40,other
68.40266799926758,GLOBAL_POSITION_INT,33,40,other
68.40268206596375,POSITION_TARGET_LOCAL_NED,85,63,other
68.41049695014954,ATTITUDE_TARGET,83,48,other
68.41053009033203,ATTITUDE,30,40,other
68.41443109512329,ATTITUDE,30,40,other
68.4145040512085,LOCAL_POSITION_NED,32,40,other
68.41452312469482,ODOMETRY,331,244,other
68.41844511032104,LOCAL_POSITION_NED,32,40,other
68.41850900650024,HIGHRES_IMU,105,73,other
68.41853094100952,ATTITUDE,30,40,other
68.41854310035706,SERVO_OUTPUT_RAW,36,24,other
68.41854405403137,ATTITUDE_QUATERNION,31,44,other

70.71561288833618,ATTITUDE_QUATERNION,31,44,checkpoint
70.715646982193,GLOBAL_POSITION_INT,33,40,checkpoint
70.71568298339844,GLOBAL_POSITION_INT,33,40,checkpoint
70.71569895744324,POSITION_TARGET_LOCAL_NED,85,63,checkpoint
70.71607494354248,HEARTBEAT,0,21,checkpoint
70.72052097320557,HEARTBEAT,0,21,checkpoint
70.72055196762085,ATTITUDE,30,40,checkpoint
70.72058200836182,GPS_RAW_INT,24,56,checkpoint
70.72372698783875,ATTITUDE_TARGET,83,48,checkpoint
70.72922205924988,ATTITUDE,30,40,checkpoint
70.72927188873291,POSITION_TARGET_GLOBAL_INT,87,63,checkpoint
70.73161697387695,TIMESYNC,111,25,checkpoint
70.73163795471191,HIGHRES_IMU,105,74,checkpoint
70.73164701461792,LOCAL_POSITION_NED,32,40,checkpoint
70.73165607452393,ATTITUDE,30,40,checkpoint
70.73166394233704,ALTITUDE,141,44,checkpoint
70.73167705535889,ODOMETRY,331,244,checkpoint
70.73168611526489,ATTITUDE_QUATERNION,31,44,checkpoint
70.731693983078,ATTITUDE_TARGET,83,48,checkpoint
70.73170304298401,POSITION_TARGET_LOCAL_NED,85,63,checkpoint
70.73170804977417,SERVO_OUTPUT_RAW,36,24,checkpoint
70.73171401023865,SYS_STATUS,1,52,checkpoint
70.73171901702881,VFR_HUD,74,31,checkpoint
70.73210906982422,LOCAL_POSITION_NED,32,40,checkpoint
70.73212909698486,SERVO_OUTPUT_RAW,36,24,checkpoint
70.73564505577087,ATTITUDE_QUATERNION,31,44,checkpoint
70.73568296432495,GLOBAL_POSITION_INT,33,40,checkpoint
70.7357120513916,GLOBAL_POSITION_INT,33,40,checkpoint
70.73572492599487,POSITION_TARGET_LOCAL_NED,85,63,checkpoint
70.73573398590088,UNKNOWN_411,-2,13,checkpoint
70.7396240234375,ATTITUDE,30,40,checkpoint
70.74347400665283,ATTITUDE_TARGET,83,48,checkpoint
70.74746990203857,ATTITUDE,30,40,checkpoint
70.75165009498596,LOCAL_POSITION_NED,32,40,checkpoint
70.751708984375,SERVO_OUTPUT_RAW,36,24,checkpoint
70.751708984375,HIGHRES_IMU,105,73,checkpoint
70.75176692008972,ATTITUDE,30,40,checkpoint
70.75178098678589,ATTITUDE_QUATERNION,31,44,checkpoint
70.7517900466919,GPS_RAW_INT,24,56,checkpoint
70.75569796562195,ATTITUDE_QUATERNION,31,44,checkpoint
70.75575804710388,GLOBAL_POSITION_INT,33,40,checkpoint
70.75577092170715,POSITION_TARGET_LOCAL_NED,85,63,checkpoint
70.75580596923828,GLOBAL_POSITION_INT,33,40,checkpoint
70.75970196723938,ATTITUDE,30,40,checkpoint
70.76371788978577,ATTITUDE_TARGET,83,48,checkpoint
70.76748704910278,ATTITUDE,30,40,checkpoint
70.76760005950928,LOCAL_POSITION_NED,32,40,checkpoint
70.76765489578247,ODOMETRY,331,244,checkpoint
70.77163004875183,LOCAL_POSITION_NED,32,40,checkpoint
70.77167892456055,HIGHRES_IMU,105,73,checkpoint
70.77169394493103,SERVO_OUTPUT_RAW,36,24,checkpoint
70.77174210548401,ATTITUDE,30,40,checkpoint
70.77175688743591,ATTITUDE_QUATERNION,31,44,checkpoint
70.77569198608398,ATTITUDE_QUATERNION,31,44,checkpoint
70.77571702003479,GLOBAL_POSITION_INT,33,40,checkpoint
70.77572798728943,POSITION_TARGET_LOCAL_NED,85,63,checkpoint
70.77577805519104,GLOBAL_POSITION_INT,33,40,checkpoint
70.77986907958984,ATTITUDE,30,40,checkpoint
70.78451299667358,ATTITUDE_TARGET,83,48,checkpoint
70.78473806381226,GPS_RAW_INT,24,56,checkpoint
70.78973507881165,ATTITUDE,30,40,checkpoint
70.793142080307,LOCAL_POSITION_NED,32,40,checkpoint
70.79329490661621,SERVO_OUTPUT_RAW,36,24,checkpoint
70.79616093635559,ATTITUDE_QUATERNION,31,44,checkpoint
70.79619002342224,GLOBAL_POSITION_INT,33,40,checkpoint
70.79623293876648,POSITION_TARGET_LOCAL_NED,85,63,checkpoint
70.79626893997192,HIGHRES_IMU,105,74,checkpoint
70.79629397392273,ATTITUDE,30,40,checkpoint
70.79630708694458,ATTITUDE_QUATERNION,31,44,checkpoint
70.79631805419922,GLOBAL_POSITION_INT,33,40,checkpoint
70.80049705505371,LOCAL_POSITION_NED,32,40,checkpoint
70.80051493644714,ODOMETRY,331,244,checkpoint
70.80367493629456,ATTITUDE_TARGET,83,48,checkpoint
70.80754899978638,ATTITUDE,30,40,checkpoint
70.80759692192078,ATTITUDE,30,40,checkpoint
70.81206703186035,HIGHRES_IMU,105,74,checkpoint
70.8121349811554,ATTITUDE_QUATERNION,31,44,checkpoint
70.81234908103943,LOCAL_POSITION_NED,32,40,checkpoint
70.81242108345032,SERVO_OUTPUT_RAW,36,24,checkpoint
70.81559205055237,ATTITUDE,30,40,checkpoint
70.81562995910645,ATTITUDE_QUATERNION,31,44,checkpoint
70.81565308570862,GLOBAL_POSITION_INT,33,40,checkpoint
70.81566500663757,GPS_RAW_INT,24,56,checkpoint
70.81569409370422,GLOBAL_POSITION_INT,33,40,checkpoint
70.81570792198181,POSITION_TARGET_LOCAL_NED,85,63,checkpoint
70.82903909683228,ATTITUDE_TARGET,83,48,checkpoint
70.83297801017761,ATTITUDE,30,40,checkpoint
70.83298301696777,ATTITUDE,30,40,checkpoint
70.83306193351746,POSITION_TARGET_GLOBAL_INT,87,63,checkpoint
70.83675599098206,TIMESYNC,111,25,checkpoint
70.83680009841919,LOCAL_POSITION_NED,32,40,checkpoint
70.83681607246399,HIGHRES_IMU,105,74,checkpoint
70.83682107925415,SERVO_OUTPUT_RAW,36,24,checkpoint
70.83682799339294,LOCAL_POSITION_NED,32,40,checkpoint
70.83683490753174,ALTITUDE,141,44,checkpoint
70.83684492111206,ODOMETRY,331,244,checkpoint
70.83685398101807,ATTITUDE_QUATERNION,31,44,checkpoint
70.83686208724976,ATTITUDE_TARGET,83,48,checkpoint
70.83687496185303,POSITION_TARGET_LOCAL_NED,85,63,checkpoint
70.83688402175903,SERVO_OUTPUT_RAW,36,24,checkpoint
70.83689308166504,VFR_HUD,74,31,checkpoint
70.84110999107361,ATTITUDE,30,40,checkpoint
70.84118700027466,GLOBAL_POSITION_INT,33,40,checkpoint
70.84119701385498,ATTITUDE_QUATERNION,31,44,checkpoint
70.84126591682434,GLOBAL_POSITION_INT,33,40,checkpoint
70.84127998352051,POSITION_TARGET_LOCAL_NED,85,63,checkpoint
70.84874892234802,ATTITUDE_TARGET,83,48,checkpoint
70.84881210327148,GPS_RAW_INT,24,56,checkpoint
70.85341501235962,ATTITUDE,30,40,checkpoint
70.85341501235962,ATTITUDE,30,40,checkpoint
70.8592300415039,HIGHRES_IMU,105,74,checkpoint
70.85930609703064,ATTITUDE_QUATERNION,31,44,checkpoint
70.85932397842407,GPS_RAW_INT,24,56,checkpoint
70.85940408706665,LOCAL_POSITION_NED,32,40,checkpoint
70.85946798324585,SERVO_OUTPUT_RAW,36,24,checkpoint
70.86146306991577,ATTITUDE,30,40,checkpoint
70.8614981174469,GLOBAL_POSITION_INT,33,40,checkpoint
70.86150598526001,ATTITUDE_QUATERNION,31,44,checkpoint
70.86153292655945,GLOBAL_POSITION_INT,33,40,checkpoint
70.86154508590698,POSITION_TARGET_LOCAL_NED,85,63,checkpoint
70.86987209320068,ATTITUDE_TARGET,83,48,checkpoint
70.87494397163391,ATTITUDE,30,40,checkpoint
70.87494611740112,LOCAL_POSITION_NED,32,40,checkpoint
70.87507200241089,ATTITUDE,30,40,checkpoint
70.87509894371033,ODOMETRY,331,244,checkpoint
70.87738609313965,HIGHRES_IMU,105,73,checkpoint
70.877445936203,LOCAL_POSITION_NED,32,40,checkpoint
70.87744688987732,ATTITUDE_QUATERNION,31,44,checkpoint
70.87747597694397,SERVO_OUTPUT_RAW,36,24,checkpoint
70.88068795204163,ATTITUDE,30,40,checkpoint
70.88071489334106,ATTITUDE_QUATERNION,31,44,checkpoint
70.88071799278259,GLOBAL_POSITION_INT,33,40,checkpoint
70.88073897361755,GLOBAL_POSITION_INT,33,40,checkpoint
70.88075089454651,POSITION_TARGET_LOCAL_NED,85,63,checkpoint
70.88951396942139,GPS_RAW_INT,24,56,checkpoint
70.88957405090332,UNKNOWN_380,-2,32,checkpoint
70.88968706130981,ATTITUDE_TARGET,83,48,checkpoint
70.88980007171631,UNKNOWN_380,-2,32,checkpoint
70.89264607429504,ATTITUDE,30,40,checkpoint
70.89267897605896,ATTITUDE,30,40,checkpoint
70.89667701721191,HIGHRES_IMU,105,73,checkpoint
70.89670705795288,LOCAL_POSITION_NED,32,40,checkpoint
70.89673709869385,ATTITUDE_QUATERNION,31,44,checkpoint
70.89676308631897,SERVO_OUTPUT_RAW,36,24,checkpoint
70.90076994895935,ATTITUDE_QUATERNION,31,44,checkpoint
70.90077209472656,ATTITUDE,30,40,checkpoint
70.90079998970032,GLOBAL_POSITION_INT,33,40,checkpoint
70.90083289146423,GLOBAL_POSITION_INT,33,40,checkpoint
70.90084600448608,POSITION_TARGET_LOCAL_NED,85,63,checkpoint
70.90085506439209,VFR_HUD,74,31,checkpoint
70.90587592124939,LOCAL_POSITION_NED,32,40,checkpoint
70.90598511695862,ODOMETRY,331,244,checkpoint
70.90899300575256,ATTITUDE_TARGET,83,48,checkpoint
70.91266012191772,ATTITUDE,30,40,checkpoint
70.91269993782043,ATTITUDE,30,40,checkpoint
70.91685390472412,LOCAL_POSITION_NED,32,40,checkpoint
70.91692590713501,HIGHRES_IMU,105,74,checkpoint
70.91697812080383,ATTITUDE_QUATERNION,31,44,checkpoint
70.91708898544312,SERVO_OUTPUT_RAW,36,24,checkpoint
70.92140197753906,ATTITUDE_QUATERNION,31,44,checkpoint
70.92147207260132,GLOBAL_POSITION_INT,33,40,checkpoint
70.92148804664612,POSITION_TARGET_LOCAL_NED,85,63,checkpoint
70.92165803909302,ATTITUDE,30,40,checkpoint
70.92179799079895,GLOBAL_POSITION_INT,33,40,checkpoint
70.92181205749512,GPS_RAW_INT,24,56,checkpoint
70.92879796028137,ATTITUDE_TARGET,83,48,checkpoint
70.93275189399719,ATTITUDE,30,40,checkpoint
70.93278193473816,ATTITUDE,30,40,checkpoint
70.93282389640808,POSITION_TARGET_GLOBAL_INT,87,63,checkpoint
70.93701100349426,HEARTBEAT,0,21,checkpoint
70.93703603744507,TIMESYNC,111,25,checkpoint
70.93704009056091,LOCAL_POSITION_NED,32,40,checkpoint
70.93704891204834,HIGHRES_IMU,105,73,checkpoint
70.93705701828003,LOCAL_POSITION_NED,32,40,checkpoint
70.93706393241882,SERVO_OUTPUT_RAW,36,24,checkpoint
70.93706607818604,ALTITUDE,141,44,checkpoint
70.9370789527893,ODOMETRY,331,244,checkpoint
70.93708801269531,ATTITUDE_QUATERNION,31,44,checkpoint
70.93709707260132,ATTITUDE_TARGET,83,48,checkpoint
70.93710494041443,BATTERY_STATUS,147,53,checkpoint
70.93711304664612,UNKNOWN_436,-2,21,checkpoint
70.93712091445923,ESTIMATOR_STATUS,230,54,checkpoint
70.9371280670166,EXTENDED_SYS_STATE,245,14,checkpoint
70.93713808059692,HOME_POSITION,242,67,checkpoint
70.9371509552002,OPEN_DRONE_ID_LOCATION,12901,70,checkpoint
70.93715810775757,OPEN_DRONE_ID_SYSTEM,12904,37,checkpoint
70.93716597557068,PING,4,21,checkpoint
70.9372730255127,POSITION_TARGET_LOCAL_NED,85,63,checkpoint
70.93728995323181,SCALED_PRESSURE,29,26,checkpoint
70.93730092048645,SERVO_OUTPUT_RAW,36,24,checkpoint
70.9373300075531,SYS_STATUS,1,52,checkpoint
70.93733811378479,SYSTEM_TIME,2,23,checkpoint
70.93734693527222,VFR_HUD,74,31,checkpoint
70.93747901916504,VIBRATION,241,32,checkpoint
70.9375,UNKNOWN_8,-2,34,checkpoint
70.94258308410645,PING,4,26,checkpoint
70.94355201721191,ATTITUDE,30,40,checkpoint
70.9435830116272,GLOBAL_POSITION_INT,33,40,checkpoint
70.94366002082825,ATTITUDE_QUATERNION,31,44,checkpoint
70.94368410110474,GLOBAL_POSITION_INT,33,40,checkpoint
70.94369506835938,POSITION_TARGET_LOCAL_NED,85,63,checkpoint
70.94895100593567,ATTITUDE_TARGET,83,48,checkpoint
70.95302891731262,ATTITUDE,30,40,checkpoint
70.95307898521423,ATTITUDE,30,40,checkpoint
70.95309901237488,GPS_RAW_INT,24,56,checkpoint
70.9567461013794,HIGHRES_IMU,105,74,checkpoint
70.95680403709412,LOCAL_POSITION_NED,32,40,checkpoint
70.95681405067444,ATTITUDE_QUATERNION,31,44,checkpoint
70.95686793327332,SERVO_OUTPUT_RAW,36,24,checkpoint
70.96072793006897,ATTITUDE,30,40,checkpoint
70.9607629776001,ATTITUDE_QUATERNION,31,44,checkpoint
70.96079301834106,GLOBAL_POSITION_INT,33,40,checkpoint
70.96082997322083,GLOBAL_POSITION_INT,33,40,checkpoint
70.96084594726562,POSITION_TARGET_LOCAL_NED,85,63,checkpoint
70.96874594688416,ATTITUDE_TARGET,83,48,checkpoint
70.97272396087646,LOCAL_POSITION_NED,32,40,checkpoint
70.97273898124695,ATTITUDE,30,40,checkpoint
70.97274899482727,ATTITUDE,30,40,checkpoint
70.97276902198792,ODOMETRY,331,244,checkpoint
70.97674703598022,HIGHRES_IMU,105,74,checkpoint
70.97681093215942,LOCAL_POSITION_NED,32,40,checkpoint
70.97681307792664,ATTITUDE_QUATERNION,31,44,checkpoint
70.97683310508728,SERVO_OUTPUT_RAW,36,24,checkpoint
70.98078799247742,ATTITUDE,30,40,checkpoint
70.9808120727539,ATTITUDE_QUATERNION,31,44,checkpoint
70.98088002204895,GLOBAL_POSITION_INT,33,40,checkpoint
70.98090505599976,GLOBAL_POSITION_INT,33,40,checkpoint
70.98092103004456,POSITION_TARGET_LOCAL_NED,85,63,checkpoint
70.98880290985107,ATTITUDE_TARGET,83,48,checkpoint
70.98881411552429,GPS_RAW_INT,24,56,checkpoint
70.99274706840515,ATTITUDE,30,40,checkpoint
70.99277305603027,ATTITUDE,30,40,checkpoint
70.99770498275757,HIGHRES_IMU,105,73,checkpoint
70.9977331161499,ATTITUDE_QUATERNION,31,44,checkpoint
70.99795603752136,LOCAL_POSITION_NED,32,40,checkpoint
70.99797797203064,SERVO_OUTPUT_RAW,36,24,checkpoint
71.0008909702301,ATTITUDE,30,40,checkpoint
71.00091505050659,ATTITUDE_QUATERNION,31,44,checkpoint
71.00091910362244,GLOBAL_POSITION_INT,33,40,checkpoint
71.00152707099915,GLOBAL_POSITION_INT,33,40,checkpoint
71.00162100791931,POSITION_TARGET_LOCAL_NED,85,63,checkpoint
71.00502490997314,LOCAL_POSITION_NED,32,40,checkpoint
71.00509095191956,ODOMETRY,331,244,checkpoint
71.0090560913086,ATTITUDE_TARGET,83,48,checkpoint
71.01340889930725,ATTITUDE,30,40,checkpoint
71.01341009140015,ATTITUDE,30,40,checkpoint
71.01685190200806,HIGHRES_IMU,105,73,checkpoint
71.01688408851624,ATTITUDE_QUATERNION,31,44,checkpoint
71.01691508293152,LOCAL_POSITION_NED,32,40,checkpoint
71.01707291603088,SERVO_OUTPUT_RAW,36,24,checkpoint
71.02256393432617,ATTITUDE,30,40,checkpoint
71.02259612083435,GLOBAL_POSITION_INT,33,40,checkpoint
71.0226080417633,GPS_RAW_INT,24,56,checkpoint
71.02264499664307,ATTITUDE_QUATERNION,31,44,checkpoint
71.02266693115234,GLOBAL_POSITION_INT,33,40,checkpoint
71.02267789840698,POSITION_TARGET_LOCAL_NED,85,63,checkpoint
71.02938199043274,ATTITUDE_TARGET,83,48,checkpoint
71.03296995162964,ATTITUDE,30,40,checkpoint
71.0331199169159,POSITION_TARGET_GLOBAL_INT,87,63,checkpoint
71.0332190990448,ATTITUDE,30,40,checkpoint
71.03324794769287,POSITION_TARGET_GLOBAL_INT,87,63,checkpoint
71.03676509857178,TIMESYNC,111,25,checkpoint
71.03678894042969,LOCAL_POSITION_NED,32,40,checkpoint
71.03683495521545,HIGHRES_IMU,105,74,checkpoint
71.03684592247009,LOCAL_POSITION_NED,32,40,checkpoint
71.0368549823761,ALTITUDE,141,44,checkpoint
71.03686809539795,ODOMETRY,331,244,checkpoint
71.03687906265259,ATTITUDE_QUATERNION,31,44,checkpoint
71.03687906265259,SERVO_OUTPUT_RAW,36,24,checkpoint
71.0368869304657,ATTITUDE_TARGET,83,48,checkpoint
71.03690099716187,POSITION_TARGET_LOCAL_NED,85,63,checkpoint
71.03691005706787,SERVO_OUTPUT_RAW,36,24,checkpoint
71.03691911697388,VFR_HUD,74,31,checkpoint
71.04081010818481,ATTITUDE,30,40,checkpoint
71.04082703590393,ATTITUDE_QUATERNION,31,44,checkpoint
71.04085397720337,GLOBAL_POSITION_INT,33,40,checkpoint
71.04086804389954,POSITION_TARGET_LOCAL_NED,85,63,checkpoint
71.04088807106018,GLOBAL_POSITION_INT,33,40,checkpoint
71.04935503005981,ATTITUDE_TARGET,83,48,checkpoint
71.04951310157776,GPS_RAW_INT,24,56,checkpoint
71.05277490615845,ATTITUDE,30,40,checkpoint
71.0527811050415,ATTITUDE,30,40,checkpoint
71.05311608314514,GPS_RAW_INT,24,56,checkpoint
71.05676698684692,HIGHRES_IMU,105,73,checkpoint
71.05679607391357,ATTITUDE_QUATERNION,31,44,checkpoint
71.05894994735718,LOCAL_POSITION_NED,32,40,checkpoint
71.05903005599976,SERVO_OUTPUT_RAW,36,24,checkpoint
71.06077790260315,ATTITUDE_QUATERNION,31,44,checkpoint
71.0608069896698,GLOBAL_POSITION_INT,33,40,checkpoint
71.06082010269165,POSITION_TARGET_LOCAL_NED,85,63,checkpoint
71.06154298782349,ATTITUDE,30,40,checkpoint
71.06156992912292,GLOBAL_POSITION_INT,33,40,checkpoint
71.06995511054993,ATTITUDE_TARGET,83,48,checkpoint
71.0734350681305,LOCAL_POSITION_NED,32,40,checkpoint
71.07345008850098,ATTITUDE,30,40,checkpoint
71.07352900505066,ATTITUDE,30,40,checkpoint
71.07354998588562,ODOMETRY,331,244,checkpoint
71.07735109329224,HIGHRES_IMU,105,73,checkpoint
71.07738304138184,ATTITUDE_QUATERNION,31,44,checkpoint
71.07743310928345,LOCAL_POSITION_NED,32,40,checkpoint
71.07750296592712,SERVO_OUTPUT_RAW,36,24,checkpoint
71.08069801330566,ATTITUDE,30,40,checkpoint
71.08073902130127,ATTITUDE_QUATERNION,31,44,checkpoint
71.08076810836792,GLOBAL_POSITION_INT,33,40,checkpoint
71.08083701133728,GLOBAL_POSITION_INT,33,40,checkpoint
71.08085012435913,POSITION_TARGET_LOCAL_NED,85,63,checkpoint
71.08474802970886,GPS_RAW_INT,24,56,checkpoint
71.08883810043335,ATTITUDE_TARGET,83,48,checkpoint
71.09268403053284,ATTITUDE,30,40,checkpoint
71.09276509284973,ATTITUDE,30,40,checkpoint
71.09678506851196,HIGHRES_IMU,105,74,checkpoint
71.09681391716003,LOCAL_POSITION_NED,32,40,checkpoint
71.096834897995,SERVO_OUTPUT_RAW,36,24,checkpoint
71.09683895111084,ATTITUDE_QUATERNION,31,44,checkpoint
71.10067510604858,ATTITUDE,30,40,checkpoint
71.10069704055786,ATTITUDE_QUATERNION,31,44,checkpoint
71.10073399543762,GLOBAL_POSITION_INT,33,40,checkpoint
71.10075306892395,GLOBAL_POSITION_INT,33,40,checkpoint
71.1007649898529,POSITION_TARGET_LOCAL_NED,85,63,checkpoint
71.10472989082336,LOCAL_POSITION_NED,32,40,checkpoint
71.10478806495667,ODOMETRY,331,244,checkpoint
71.1086859703064,ATTITUDE_TARGET,83,48,checkpoint
71.11265397071838,ATTITUDE,30,40,checkpoint
71.11271691322327,ATTITUDE,30,40,checkpoint
71.11682295799255,HIGHRES_IMU,105,74,checkpoint
71.11684703826904,ATTITUDE_QUATERNION,31,44,checkpoint
71.11685705184937,LOCAL_POSITION_NED,32,40,checkpoint
71.11687707901001,SERVO_OUTPUT_RAW,36,24,checkpoint
71.12076592445374,ATTITUDE_QUATERNION,31,44,checkpoint
71.12076711654663,ATTITUDE,30,40,checkpoint
71.12079095840454,GLOBAL_POSITION_INT,33,40,checkpoint
71.12079191207886,GLOBAL_POSITION_INT,33,40,checkpoint
71.12080097198486,GPS_RAW_INT,24,56,checkpoint
71.12080311775208,POSITION_TARGET_LOCAL_NED,85,63,checkpoint
71.12872505187988,ATTITUDE_TARGET,83,48,checkpoint
71.13260102272034,ATTITUDE,30,40,checkpoint
71.1326379776001,ATTITUDE,30,40,checkpoint
71.13265800476074,POSITION_TARGET_GLOBAL_INT,87,63,checkpoint
71.13315105438232,MISSION_CURRENT,42,22,checkpoint
71.13449311256409,HEARTBEAT,0,21,checkpoint
71.13681292533875,LOCAL_POSITION_NED,32,40,checkpoint
71.13690495491028,SERVO_OUTPUT_RAW,36,24,checkpoint
71.13727307319641,TIMESYNC,111,25,checkpoint
71.13729500770569,HIGHRES_IMU,105,73,checkpoint
71.13730311393738,LOCAL_POSITION_NED,32,40,checkpoint
71.13731098175049,ALTITUDE,141,44,checkpoint
71.13732290267944,ODOMETRY,331,244,checkpoint
71.13733196258545,ATTITUDE_QUATERNION,31,44,checkpoint
71.13733911514282,ATTITUDE_TARGET,83,48,checkpoint
71.13735103607178,POSITION_TARGET_LOCAL_NED,85,63,checkpoint
71.13735890388489,SERVO_OUTPUT_RAW,36,24,checkpoint
71.1373679637909,SYS_STATUS,1,52,checkpoint
71.13737511634827,VFR_HUD,74,31,checkpoint
71.13738298416138,HEARTBEAT,0,21,checkpoint
71.14073204994202,ATTITUDE,30,40,checkpoint
71.14075207710266,ATTITUDE_QUATERNION,31,44,checkpoint
71.14075994491577,GLOBAL_POSITION_INT,33,40,checkpoint
71.14077496528625,GLOBAL_POSITION_INT,33,40,checkpoint
71.1407859325409,POSITION_TARGET_LOCAL_NED,85,63,checkpoint
71.14877200126648,ATTITUDE_TARGET,83,48,checkpoint
71.14884305000305,VFR_HUD,74,31,checkpoint
71.1529929637909,ATTITUDE,30,40,checkpoint
71.15299701690674,ATTITUDE,30,40,checkpoint
71.15302205085754,GPS_RAW_INT,24,56,checkpoint
71.15696310997009,HIGHRES_IMU,105,74,checkpoint
71.15702509880066,ATTITUDE_QUATERNION,31,44,checkpoint
71.15710210800171,LOCAL_POSITION_NED,32,40,checkpoint
71.15714502334595,SERVO_OUTPUT_RAW,36,24,checkpoint
71.16155409812927,ATTITUDE,30,40,checkpoint
71.1615788936615,GLOBAL_POSITION_INT,33,40,checkpoint
71.16158890724182,ATTITUDE_QUATERNION,31,44,checkpoint
71.16161298751831,GLOBAL_POSITION_INT,33,40,checkpoint
71.16162490844727,POSITION_TARGET_LOCAL_NED,85,63,checkpoint
71.16890096664429,ATTITUDE_TARGET,83,48,checkpoint
71.17277312278748,LOCAL_POSITION_NED,32,40,checkpoint
71.17278003692627,ATTITUDE,30,40,checkpoint
71.17285108566284,ATTITUDE,30,40,checkpoint
71.17286610603333,ODOMETRY,331,244,checkpoint
71.17677307128906,HIGHRES_IMU,105,73,checkpoint
71.1768000125885,ATTITUDE_QUATERNION,31,44,checkpoint
71.17681407928467,LOCAL_POSITION_NED,32,40,checkpoint
71.17683506011963,SERVO_OUTPUT_RAW,36,24,checkpoint
71.18084192276001,ATTITUDE,30,40,checkpoint
71.18087005615234,GLOBAL_POSITION_INT,33,40,checkpoint
71.18092107772827,ATTITUDE_QUATERNION,31,44,checkpoint
71.18098211288452,GLOBAL_POSITION_INT,33,40,checkpoint
71.1809949874878,POSITION_TARGET_LOCAL_NED,85,63,checkpoint
71.18525791168213,GPS_RAW_INT,24,56,checkpoint
71.1887149810791,ATTITUDE_TARGET,83,48,checkpoint
71.19273900985718,ATTITUDE,30,40,checkpoint
71.19274806976318,ATTITUDE,30,40,checkpoint
71.19693994522095,HIGHRES_IMU,105,73,checkpoint
71.19694805145264,LOCAL_POSITION_NED,32,40,checkpoint
71.19699907302856,ATTITUDE_QUATERNION,31,44,checkpoint
71.19706892967224,SERVO_OUTPUT_RAW,36,24,checkpoint
71.20094108581543,ATTITUDE,30,40,checkpoint
71.20094299316406,ATTITUDE_QUATERNION,31,44,checkpoint
71.20098900794983,GLOBAL_POSITION_INT,33,40,checkpoint
71.20100903511047,GLOBAL_POSITION_INT,33,40,checkpoint
71.20102596282959,POSITION_TARGET_LOCAL_NED,85,63,checkpoint
71.20563197135925,LOCAL_POSITION_NED,32,40,checkpoint
71.20569610595703,ODOMETRY,331,244,checkpoint
71.20895504951477,ATTITUDE_TARGET,83,48,checkpoint
71.21293497085571,ATTITUDE,30,40,checkpoint
71.21399402618408,ATTITUDE,30,40,checkpoint
71.21687197685242,HIGHRES_IMU,105,74,checkpoint
71.2168800830841,LOCAL_POSITION_NED,32,40,checkpoint
71.21690106391907,SERVO_OUTPUT_RAW,36,24,checkpoint
71.21693897247314,ATTITUDE_QUATERNION,31,44,checkpoint
71.216952085495,GPS_RAW_INT,24,56,checkpoint
71.22135806083679,ATTITUDE,30,40,checkpoint
71.22136211395264,ATTITUDE_QUATERNION,31,44,checkpoint
71.22143006324768,GLOBAL_POSITION_INT,33,40,checkpoint
71.22143411636353,GLOBAL_POSITION_INT,33,40,checkpoint
71.22145009040833,POSITION_TARGET_LOCAL_NED,85,63,checkpoint
71.22909307479858,ATTITUDE_TARGET,83,48,checkpoint
71.23284411430359,ATTITUDE,30,40,checkpoint
71.23287796974182,ATTITUDE,30,40,checkpoint
71.2329170703888,POSITION_TARGET_GLOBAL_INT,87,63,checkpoint
71.23675489425659,LOCAL_POSITION_NED,32,40,checkpoint
71.23675608634949,TIMESYNC,111,25,checkpoint
71.23680901527405,SERVO_OUTPUT_RAW,36,24,checkpoint
71.23681712150574,HIGHRES_IMU,105,74,checkpoint
71.23682808876038,LOCAL_POSITION_NED,32,40,checkpoint
71.23683500289917,ALTITUDE,141,44,checkpoint
71.23688197135925,ODOMETRY,331,244,checkpoint
71.23690104484558,ATTITUDE_QUATERNION,31,44,checkpoint
71.23690891265869,ATTITUDE_TARGET,83,48,checkpoint
71.23692107200623,POSITION_TARGET_LOCAL_NED,85,63,checkpoint
71.23692893981934,SERVO_OUTPUT_RAW,36,24,checkpoint
71.23693704605103,VFR_HUD,74,31,checkpoint
71.24070692062378,ATTITUDE,30,40,checkpoint
71.24075102806091,ATTITUDE_QUATERNION,31,44,checkpoint
71.24076700210571,GLOBAL_POSITION_INT,33,40,checkpoint
71.24077200889587,GLOBAL_POSITION_INT,33,40,checkpoint
71.24078297615051,POSITION_TARGET_LOCAL_NED,85,63,checkpoint
71.24884009361267,ATTITUDE_TARGET,83,48,checkpoint
71.2488660812378,GPS_RAW_INT,24,56,checkpoint
71.25285792350769,ATTITUDE,30,40,checkpoint
71.25288200378418,ATTITUDE,30,40,checkpoint
71.25291991233826,GPS_RAW_INT,24,56,checkpoint
71.25678992271423,HIGHRES_IMU,105,74,checkpoint
71.25683093070984,LOCAL_POSITION_NED,32,40,checkpoint
71.2568531036377,SERVO_OUTPUT_RAW,36,24,checkpoint
71.25685596466064,ATTITUDE_QUATERNION,31,44,checkpoint
71.2608859539032,ATTITUDE,30,40,checkpoint
71.26090693473816,ATTITUDE_QUATERNION,31,44,checkpoint
71.26095008850098,GLOBAL_POSITION_INT,33,40,checkpoint
71.26097011566162,GLOBAL_POSITION_INT,33,40,checkpoint
71.26098394393921,POSITION_TARGET_LOCAL_NED,85,63,checkpoint
71.26881408691406,ATTITUDE_TARGET,83,48,checkpoint
71.27327108383179,LOCAL_POSITION_NED,32,40,checkpoint
71.27334189414978,ATTITUDE,30,40,checkpoint
71.27335810661316,ODOMETRY,331,244,checkpoint
71.27363801002502,ATTITUDE,30,40,checkpoint
71.27726411819458,LOCAL_POSITION_NED,32,40,checkpoint
71.27728700637817,SERVO_OUTPUT_RAW,36,24,checkpoint
71.27783107757568,HIGHRES_IMU,105,74,checkpoint
71.27790307998657,ATTITUDE_QUATERNION,31,44,checkpoint
71.28083992004395,ATTITUDE,30,40,checkpoint
71.28090691566467,ATTITUDE_QUATERNION,31,44,checkpoint
71.28096890449524,GLOBAL_POSITION_INT,33,40,checkpoint
71.28098106384277,POSITION_TARGET_LOCAL_NED,85,63,checkpoint
71.28104710578918,GLOBAL_POSITION_INT,33,40,checkpoint
71.28506207466125,GPS_RAW_INT,24,56,checkpoint
71.29010510444641,ATTITUDE_TARGET,83,48,checkpoint
71.29293894767761,ATTITUDE,30,40,checkpoint
71.29294109344482,ATTITUDE,30,40,checkpoint
71.30049991607666,LOCAL_POSITION_NED,32,40,checkpoint
71.30056500434875,SERVO_OUTPUT_RAW,36,24,checkpoint
71.300626039505,HIGHRES_IMU,105,73,checkpoint
71.30067992210388,ATTITUDE_QUATERNION,31,44,checkpoint
71.30499792098999,ATTITUDE_QUATERNION,31,44,checkpoint
71.30507302284241,GLOBAL_POSITION_INT,33,40,checkpoint
71.30508995056152,POSITION_TARGET_LOCAL_NED,85,63,checkpoint
71.30864000320435,ATTITUDE,30,40,checkpoint
71.30913305282593,GLOBAL_POSITION_INT,33,40,checkpoint
71.31302690505981,LOCAL_POSITION_NED,32,40,checkpoint
71.31305193901062,ODOMETRY,331,244,checkpoint
71.31681203842163,ATTITUDE_TARGET,83,48,checkpoint
71.31962704658508,ATTITUDE,30,40,checkpoint
71.31964302062988,ATTITUDE,30,40,checkpoint
71.32225298881531,HIGHRES_IMU,105,73,checkpoint
71.32231712341309,ATTITUDE_QUATERNION,31,44,checkpoint
71.32232809066772,LOCAL_POSITION_NED,32,40,checkpoint
71.32235312461853,GPS_RAW_INT,24,56,checkpoint
71.32237195968628,SERVO_OUTPUT_RAW,36,24,checkpoint
71.32620596885681,ATTITUDE,30,40,checkpoint
71.3262369632721,GLOBAL_POSITION_INT,33,40,checkpoint
71.32642602920532,ATTITUDE_QUATERNION,31,44,checkpoint
71.32654809951782,GLOBAL_POSITION_INT,33,40,checkpoint
71.32656502723694,POSITION_TARGET_LOCAL_NED,85,63,checkpoint
71.33198595046997,MISSION_CURRENT,42,22,checkpoint
71.33418393135071,ATTITUDE_TARGET,83,48,checkpoint
71.33818101882935,ATTITUDE,30,40,checkpoint
71.33819890022278,ATTITUDE,30,40,checkpoint
71.3382580280304,POSITION_TARGET_GLOBAL_INT,87,63,checkpoint
71.34317708015442,TIMESYNC,111,25,checkpoint
71.34317708015442,LOCAL_POSITION_NED,32,40,checkpoint
71.34319996833801,SERVO_OUTPUT_RAW,36,24,checkpoint
71.34320306777954,HIGHRES_IMU,105,74,checkpoint
71.34321188926697,LOCAL_POSITION_NED,32,40,checkpoint
71.34321999549866,ALTITUDE,141,44,checkpoint
71.34323310852051,ODOMETRY,331,244,checkpoint
71.34324312210083,ATTITUDE_QUATERNION,31,44,checkpoint
71.34325098991394,ATTITUDE_TARGET,83,48,checkpoint
71.34326410293579,POSITION_TARGET_LOCAL_NED,85,63,checkpoint
71.34327292442322,SERVO_OUTPUT_RAW,36,24,checkpoint
71.34328293800354,SYS_STATUS,1,52,checkpoint
71.34329295158386,VFR_HUD,74,31,checkpoint
71.34633588790894,ATTITUDE,30,40,checkpoint
71.34634900093079,ATTITUDE_QUATERNION,31,44,checkpoint
71.34637999534607,GLOBAL_POSITION_INT,33,40,checkpoint
71.34639501571655,POSITION_TARGET_LOCAL_NED,85,63,checkpoint
71.34641695022583,GLOBAL_POSITION_INT,33,40,checkpoint
71.35414505004883,GPS_RAW_INT,24,56,checkpoint
71.35419607162476,ATTITUDE_TARGET,83,48,checkpoint
71.35825300216675,ATTITUDE,30,40,checkpoint
71.35904908180237,ATTITUDE,30,40,checkpoint
71.36239695549011,HIGHRES_IMU,105,73,checkpoint
71.36241602897644,LOCAL_POSITION_NED,32,40,checkpoint
71.36246490478516,ATTITUDE_QUATERNION,31,44,checkpoint
71.36247897148132,SERVO_OUTPUT_RAW,36,24,checkpoint
71.36642694473267,ATTITUDE,30,40,checkpoint
71.36644792556763,GLOBAL_POSITION_INT,33,40,checkpoint
71.36645603179932,ATTITUDE_QUATERNION,31,44,checkpoint
71.36648797988892,GLOBAL_POSITION_INT,33,40,checkpoint
71.36650204658508,POSITION_TARGET_LOCAL_NED,85,63,checkpoint
71.37503790855408,ATTITUDE_TARGET,83,48,checkpoint
71.3784909248352,LOCAL_POSITION_NED,32,40,checkpoint
71.37853908538818,ATTITUDE,30,40,checkpoint
71.37855100631714,ATTITUDE,30,40,checkpoint
71.37856698036194,ODOMETRY,331,244,checkpoint
71.38204002380371,HIGHRES_IMU,105,74,checkpoint
71.38206911087036,LOCAL_POSITION_NED,32,40,checkpoint
71.38210606575012,ATTITUDE_QUATERNION,31,44,checkpoint
71.3821280002594,SERVO_OUTPUT_RAW,36,24,checkpoint
71.38637399673462,ATTITUDE,30,40,checkpoint
71.38642501831055,ATTITUDE_QUATERNION,31,44,checkpoint
71.3865180015564,GLOBAL_POSITION_INT,33,40,checkpoint
71.3865909576416,GLOBAL_POSITION_INT,33,40,checkpoint
71.38661503791809,POSITION_TARGET_LOCAL_NED,85,63,checkpoint
71.39013004302979,GPS_RAW_INT,24,56,checkpoint
71.39410996437073,ATTITUDE_TARGET,83,48,checkpoint
71.39818000793457,ATTITUDE,30,40,checkpoint
71.39820408821106,ATTITUDE,30,40,checkpoint
71.40245509147644,HIGHRES_IMU,105,74,checkpoint
71.40246796607971,LOCAL_POSITION_NED,32,40,checkpoint
71.40249109268188,SERVO_OUTPUT_RAW,36,24,checkpoint
71.4025330543518,ATTITUDE_QUATERNION,31,44,checkpoint
71.40604400634766,ATTITUDE,30,40,checkpoint
71.40609002113342,ATTITUDE_QUATERNION,31,44,checkpoint
71.40610003471375,GLOBAL_POSITION_INT,33,40,checkpoint
71.40611696243286,GLOBAL_POSITION_INT,33,40,checkpoint
71.40613007545471,POSITION_TARGET_LOCAL_NED,85,63,checkpoint
71.40614104270935,VFR_HUD,74,31,checkpoint
71.41010689735413,LOCAL_POSITION_NED,32,40,checkpoint
71.41017508506775,ODOMETRY,331,244,checkpoint
71.41425204277039,ATTITUDE_TARGET,83,48,checkpoint
71.41835808753967,ATTITUDE,30,40,checkpoint
71.41979694366455,ATTITUDE,30,40,checkpoint
71.42209005355835,HIGHRES_IMU,105,73,checkpoint
71.42211604118347,ATTITUDE_QUATERNION,31,44,checkpoint
71.42212796211243,GPS_RAW_INT,24,56,checkpoint
71.42227411270142,LOCAL_POSITION_NED,32,40,checkpoint
71.42229390144348,SERVO_OUTPUT_RAW,36,24,checkpoint
71.42628002166748,ATTITUDE,30,40,checkpoint
71.42630791664124,ATTITUDE_QUATERNION,31,44,checkpoint
71.42633605003357,GLOBAL_POSITION_INT,33,40,checkpoint
71.42635011672974,POSITION_TARGET_LOCAL_NED,85,63,checkpoint
71.42637491226196,GLOBAL_POSITION_INT,33,40,checkpoint
71.43422389030457,ATTITUDE_TARGET,83,48,checkpoint
71.43874001502991,ATTITUDE,30,40,checkpoint
71.43876695632935,ATTITUDE,30,40,checkpoint
71.43877410888672,POSITION_TARGET_GLOBAL_INT,87,63,checkpoint
71.44230699539185,LOCAL_POSITION_NED,32,40,checkpoint
71.44236493110657,TIMESYNC,111,25,checkpoint
71.44239497184753,HIGHRES_IMU,105,73,checkpoint
71.44241309165955,SERVO_OUTPUT_RAW,36,24,checkpoint
71.44244503974915,LOCAL_POSITION_NED,32,40,checkpoint
71.44245910644531,ALTITUDE,141,44,checkpoint
71.44247198104858,ODOMETRY,331,244,checkpoint
71.44248294830322,ATTITUDE_QUATERNION,31,44,checkpoint
71.44249200820923,ATTITUDE_TARGET,83,48,checkpoint
71.44250106811523,POSITION_TARGET_LOCAL_NED,85,63,checkpoint
71.44250702857971,SERVO_OUTPUT_RAW,36,24,checkpoint
71.44251203536987,VFR_HUD,74,31,checkpoint
71.44614100456238,ATTITUDE,30,40,checkpoint
71.44617509841919,ATTITUDE_QUATERNION,31,44,checkpoint
71.44621205329895,GLOBAL_POSITION_INT,33,40,checkpoint
71.44624495506287,GLOBAL_POSITION_INT,33,40,checkpoint
71.44625997543335,POSITION_TARGET_LOCAL_NED,85,63,checkpoint
71.45408391952515,GPS_RAW_INT,24,56,checkpoint
71.4541130065918,ATTITUDE_TARGET,83,48,checkpoint
71.45413708686829,GPS_RAW_INT,24,56,checkpoint
71.45821499824524,ATTITUDE,30,40,checkpoint
71.45824003219604,ATTITUDE,30,40,checkpoint
71.45828199386597,UNKNOWN_411,-2,13,checkpoint
71.4621069431305,HIGHRES_IMU,105,74,checkpoint
71.46212911605835,LOCAL_POSITION_NED,32,40,checkpoint
71.46215009689331,SERVO_OUTPUT_RAW,36,24,checkpoint
71.46217012405396,ATTITUDE_QUATERNION,31,44,checkpoint
71.46602010726929,ATTITUDE,30,40,checkpoint
71.46606802940369,ATTITUDE_QUATERNION,31,44,checkpoint
71.46609306335449,GLOBAL_POSITION_INT,33,40,checkpoint
71.46610689163208,POSITION_TARGET_LOCAL_NED,85,63,checkpoint
71.46616411209106,GLOBAL_POSITION_INT,33,40,checkpoint
71.47414112091064,ATTITUDE_TARGET,83,48,checkpoint
71.47821712493896,LOCAL_POSITION_NED,32,40,checkpoint
71.47824192047119,ATTITUDE,30,40,checkpoint
71.47828412055969,ATTITUDE,30,40,checkpoint
71.47830200195312,ODOMETRY,331,244,checkpoint
71.48206496238708,HIGHRES_IMU,105,73,checkpoint
71.48207712173462,LOCAL_POSITION_NED,32,40,checkpoint
71.4821240901947,ATTITUDE_QUATERNION,31,44,checkpoint
71.4821400642395,SERVO_OUTPUT_RAW,36,24,checkpoint
71.48661804199219,ATTITUDE,30,40,checkpoint
71.48664689064026,ATTITUDE_QUATERNION,31,44,checkpoint
71.48668599128723,GLOBAL_POSITION_INT,33,40,checkpoint
71.48670196533203,GPS_RAW_INT,24,56,checkpoint
71.48681306838989,GLOBAL_POSITION_INT,33,40,checkpoint
71.48683309555054,POSITION_TARGET_LOCAL_NED,85,63,checkpoint
71.49425411224365,ATTITUDE_TARGET,83,48,checkpoint
71.49827194213867,ATTITUDE,30,40,checkpoint
71.49833607673645,ATTITUDE,30,40,checkpoint
71.50280094146729,HIGHRES_IMU,105,73,checkpoint
71.50293397903442,LOCAL_POSITION_NED,32,40,checkpoint
71.50301694869995,ATTITUDE_QUATERNION,31,44,checkpoint
71.50319194793701,SERVO_OUTPUT_RAW,36,24,checkpoint
71.50640606880188,ATTITUDE,30,40,checkpoint
71.50641298294067,ATTITUDE_QUATERNION,31,44,checkpoint
71.50644898414612,GLOBAL_POSITION_INT,33,40,checkpoint
71.50645589828491,GLOBAL_POSITION_INT,33,40,checkpoint
71.50647711753845,POSITION_TARGET_LOCAL_NED,85,63,checkpoint
71.51084208488464,LOCAL_POSITION_NED,32,40,checkpoint
71.51093101501465,ODOMETRY,331,244,checkpoint
71.51418089866638,ATTITUDE_TARGET,83,48,checkpoint
71.51833009719849,ATTITUDE,30,40,checkpoint
71.51837205886841,ATTITUDE,30,40,checkpoint
71.522136926651,HIGHRES_IMU,105,74,checkpoint
71.52220010757446,LOCAL_POSITION_NED,32,40,checkpoint
71.52221202850342,ATTITUDE_QUATERNION,31,44,checkpoint
71.52223205566406,GPS_RAW_INT,24,56,checkpoint
71.52228498458862,SERVO_OUTPUT_RAW,36,24,checkpoint
71.52894997596741,ATTITUDE,30,40,checkpoint
71.52895593643188,ATTITUDE_QUATERNION,31,44,checkpoint
71.528981924057,GLOBAL_POSITION_INT,33,40,checkpoint
71.52900004386902,POSITION_TARGET_LOCAL_NED,85,63,checkpoint
71.52904295921326,GLOBAL_POSITION_INT,33,40,checkpoint
71.53469491004944,ATTITUDE_TARGET,83,48,checkpoint
71.5381350517273,ATTITUDE,30,40,checkpoint
71.53821206092834,ATTITUDE,30,40,checkpoint
71.5382239818573,POSITION_TARGET_GLOBAL_INT,87,63,checkpoint
71.54230999946594,TIMESYNC,111,25,checkpoint
71.54239892959595,LOCAL_POSITION_NED,32,40,checkpoint
71.54242205619812,HIGHRES_IMU,105,74,checkpoint
71.54243803024292,LOCAL_POSITION_NED,32,40,checkpoint
71.54244208335876,SERVO_OUTPUT_RAW,36,24,checkpoint
71.54244995117188,ALTITUDE,141,44,checkpoint
71.54246497154236,ODOMETRY,331,244,checkpoint
71.54247903823853,ATTITUDE_QUATERNION,31,44,checkpoint
71.54249000549316,ATTITUDE_TARGET,83,48,checkpoint
71.54251289367676,POSITION_TARGET_LOCAL_NED,85,63,checkpoint
71.54252600669861,SERVO_OUTPUT_RAW,36,24,checkpoint
71.54295802116394,SYS_STATUS,1,52,checkpoint
71.54298305511475,VFR_HUD,74,31,checkpoint
71.54639506340027,ATTITUDE,30,40,checkpoint
71.54640293121338,ATTITUDE_QUATERNION,31,44,checkpoint
71.5464379787445,GLOBAL_POSITION_INT,33,40,checkpoint
71.54647994041443,GLOBAL_POSITION_INT,33,40,checkpoint
71.54650807380676,POSITION_TARGET_LOCAL_NED,85,63,checkpoint
71.55432200431824,GPS_RAW_INT,24,56,checkpoint
71.55432391166687,ATTITUDE_TARGET,83,48,checkpoint
71.55837297439575,ATTITUDE,30,40,checkpoint
71.55837297439575,ATTITUDE,30,40,checkpoint
71.56252694129944,HIGHRES_IMU,105,73,checkpoint
71.56253695487976,LOCAL_POSITION_NED,32,40,checkpoint
71.56262993812561,SERVO_OUTPUT_RAW,36,24,checkpoint
71.56269192695618,ATTITUDE_QUATERNION,31,44,checkpoint
71.56692695617676,ATTITUDE_QUATERNION,31,44,checkpoint
71.56693005561829,ATTITUDE,30,40,checkpoint
71.56696510314941,GLOBAL_POSITION_INT,33,40,checkpoint
71.56696605682373,GLOBAL_POSITION_INT,33,40,checkpoint
71.56698107719421,POSITION_TARGET_LOCAL_NED,85,63,checkpoint
71.57535099983215,ATTITUDE_TARGET,83,48,checkpoint
71.57994103431702,LOCAL_POSITION_NED,32,40,checkpoint
71.58002591133118,ATTITUDE,30,40,checkpoint
71.58004307746887,ODOMETRY,331,244,checkpoint
71.58053207397461,ATTITUDE,30,40,checkpoint
71.58252501487732,HIGHRES_IMU,105,74,checkpoint
71.58261895179749,ATTITUDE_QUATERNION,31,44,checkpoint
71.58266997337341,LOCAL_POSITION_NED,32,40,checkpoint
71.5828640460968,SERVO_OUTPUT_RAW,36,24,checkpoint
71.58626294136047,ATTITUDE,30,40,checkpoint
71.58633494377136,ATTITUDE_QUATERNION,31,44,checkpoint
71.58634996414185,GLOBAL_POSITION_INT,33,40,checkpoint
71.58636808395386,GPS_RAW_INT,24,56,checkpoint
71.58636999130249,GLOBAL_POSITION_INT,33,40,checkpoint
71.58638596534729,POSITION_TARGET_LOCAL_NED,85,63,checkpoint
71.59491109848022,ATTITUDE_TARGET,83,48,checkpoint
71.59818911552429,ATTITUDE,30,40,checkpoint
71.59836101531982,ATTITUDE,30,40,checkpoint
71.60232210159302,HIGHRES_IMU,105,73,checkpoint
71.60243511199951,ATTITUDE_QUATERNION,31,44,checkpoint
71.60289597511292,LOCAL_POSITION_NED,32,40,checkpoint
71.60297298431396,SERVO_OUTPUT_RAW,36,24,checkpoint
71.60627794265747,ATTITUDE,30,40,checkpoint
71.606290102005,ATTITUDE_QUATERNION,31,44,checkpoint
71.60632610321045,GLOBAL_POSITION_INT,33,40,checkpoint
71.60634899139404,POSITION_TARGET_LOCAL_NED,85,63,checkpoint
71.60643410682678,GLOBAL_POSITION_INT,33,40,checkpoint
71.61016011238098,LOCAL_POSITION_NED,32,40,checkpoint
71.61024308204651,ODOMETRY,331,244,checkpoint
71.61431097984314,ATTITUDE_TARGET,83,48,checkpoint
71.61823391914368,ATTITUDE,30,40,checkpoint
71.61829805374146,ATTITUDE,30,40,checkpoint
71.61832308769226,GPS_RAW_INT,24,56,checkpoint
71.6221559047699,HIGHRES_IMU,105,73,checkpoint
71.6221969127655,ATTITUDE_QUATERNION,31,44,checkpoint
71.62224698066711,LOCAL_POSITION_NED,32,40,checkpoint
71.62227702140808,SERVO_OUTPUT_RAW,36,24,checkpoint
71.6264009475708,ATTITUDE,30,40,checkpoint
71.62645602226257,ATTITUDE_QUATERNION,31,44,checkpoint
71.62659001350403,GLOBAL_POSITION_INT,33,40,checkpoint
71.62662196159363,POSITION_TARGET_LOCAL_NED,85,63,checkpoint
71.62682509422302,GLOBAL_POSITION_INT,33,40,checkpoint
71.63456296920776,ATTITUDE_TARGET,83,48,checkpoint
71.63829803466797,ATTITUDE,30,40,checkpoint
71.63835406303406,ATTITUDE,30,40,checkpoint
71.63840293884277,POSITION_TARGET_GLOBAL_INT,87,63,checkpoint
71.64253401756287,TIMESYNC,111,25,checkpoint
71.64263105392456,LOCAL_POSITION_NED,32,40,checkpoint
71.64264512062073,HIGHRES_IMU,105,74,checkpoint
71.6426649093628,LOCAL_POSITION_NED,32,40,checkpoint
71.64267206192017,SERVO_OUTPUT_RAW,36,24,checkpoint
71.64267802238464,ALTITUDE,141,44,checkpoint
71.64269495010376,ODOMETRY,331,244,checkpoint
71.64279007911682,ATTITUDE_QUATERNION,31,44,checkpoint
71.64281511306763,ATTITUDE_TARGET,83,48,checkpoint
71.64286708831787,POSITION_TARGET_LOCAL_NED,85,63,checkpoint
71.64287900924683,SERVO_OUTPUT_RAW,36,24,checkpoint
71.64289498329163,VFR_HUD,74,31,checkpoint
71.64686989784241,ATTITUDE_QUATERNION,31,44,checkpoint
71.64689493179321,ATTITUDE,30,40,checkpoint
71.64696097373962,GLOBAL_POSITION_INT,33,40,checkpoint
71.64697790145874,GLOBAL_POSITION_INT,33,40,checkpoint
71.64699411392212,POSITION_TARGET_LOCAL_NED,85,63,checkpoint
71.6544120311737,GPS_RAW_INT,24,56,checkpoint
71.65456509590149,HEARTBEAT,0,21,checkpoint
71.65574312210083,ALTITUDE,141,44,checkpoint
71.65576100349426,ATTITUDE_TARGET,83,48,checkpoint
71.65578007698059,EXTENDED_SYS_STATE,245,14,checkpoint
71.65579295158386,GPS_RAW_INT,24,56,checkpoint
71.6558129787445,OPEN_DRONE_ID_LOCATION,12901,70,checkpoint
71.65582394599915,OPEN_DRONE_ID_SYSTEM,12904,37,checkpoint
71.655837059021,SCALED_PRESSURE,29,26,checkpoint
71.65585398674011,SYS_STATUS,1,52,checkpoint
71.65586709976196,VFR_HUD,74,31,checkpoint
71.65587902069092,UNKNOWN_8,-2,33,checkpoint
71.65845608711243,ATTITUDE,30,40,checkpoint
71.65951704978943,ATTITUDE,30,40,checkpoint
71.66262412071228,HIGHRES_IMU,105,74,checkpoint
71.66268301010132,ATTITUDE_QUATERNION,31,44,checkpoint
71.66269207000732,LOCAL_POSITION_NED,32,40,checkpoint
71.66283512115479,SERVO_OUTPUT_RAW,36,24,checkpoint
71.66695094108582,ATTITUDE,30,40,checkpoint
71.66698288917542,ATTITUDE_QUATERNION,31,44,checkpoint
71.6670389175415,GLOBAL_POSITION_INT,33,40,checkpoint
71.66705894470215,GLOBAL_POSITION_INT,33,40,checkpoint
71.66707611083984,POSITION_TARGET_LOCAL_NED,85,63,checkpoint
71.67450499534607,ATTITUDE_TARGET,83,48,checkpoint
71.67808699607849,LOCAL_POSITION_NED,32,40,checkpoint
71.67815494537354,ATTITUDE,30,40,checkpoint
71.67817211151123,ODOMETRY,331,244,checkpoint
71.67819309234619,ATTITUDE,30,40,checkpoint
71.68290305137634,LOCAL_POSITION_NED,32,40,checkpoint
71.6829309463501,SERVO_OUTPUT_RAW,36,24,checkpoint
71.68295788764954,HIGHRES_IMU,105,74,checkpoint
71.68302702903748,ATTITUDE_QUATERNION,31,44,checkpoint
71.68621802330017,ATTITUDE,30,40,checkpoint
71.6862280368805,ATTITUDE_QUATERNION,31,44,checkpoint
71.68624591827393,GLOBAL_POSITION_INT,33,40,checkpoint
71.68624591827393,GLOBAL_POSITION_INT,33,40,checkpoint
71.68625593185425,GPS_RAW_INT,24,56,checkpoint
71.68625712394714,POSITION_TARGET_LOCAL_NED,85,63,checkpoint
71.69424796104431,ATTITUDE_TARGET,83,48,checkpoint
71.69888210296631,ATTITUDE,30,40,checkpoint
71.69888305664062,ATTITUDE,30,40,checkpoint
71.70224094390869,LOCAL_POSITION_NED,32,40,checkpoint
71.7022659778595,SERVO_OUTPUT_RAW,36,24,checkpoint
71.70234894752502,HIGHRES_IMU,105,74,checkpoint
71.70241093635559,ATTITUDE_QUATERNION,31,44,checkpoint
71.70615911483765,ATTITUDE,30,40,checkpoint
71.70617508888245,ATTITUDE_QUATERNION,31,44,checkpoint
71.70622992515564,GLOBAL_POSITION_INT,33,40,checkpoint
71.70623898506165,GLOBAL_POSITION_INT,33,40,checkpoint
71.7062520980835,POSITION_TARGET_LOCAL_NED,85,63,checkpoint
71.71022701263428,LOCAL_POSITION_NED,32,40,checkpoint
71.7102530002594,ODOMETRY,331,244,checkpoint
71.71412992477417,ATTITUDE_TARGET,83,48,checkpoint
71.7181339263916,ATTITUDE,30,40,checkpoint
71.7181339263916,ATTITUDE,30,40,checkpoint
71.71819996833801,GPS_RAW_INT,24,56,checkpoint
71.71841311454773,PING,4,17,checkpoint
71.71844601631165,HEARTBEAT,0,21,checkpoint
71.71849489212036,PING,4,26,checkpoint
71.72202491760254,HIGHRES_IMU,105,73,checkpoint
71.72205996513367,LOCAL_POSITION_NED,32,40,checkpoint
71.7221109867096,ATTITUDE_QUATERNION,31,44,checkpoint
71.72215008735657,SERVO_OUTPUT_RAW,36,24,checkpoint
71.7221610546112,PING,4,17,checkpoint
71.72799396514893,ATTITUDE,30,40,checkpoint
71.72826099395752,ATTITUDE_QUATERNION,31,44,checkpoint
71.72830295562744,GLOBAL_POSITION_INT,33,40,checkpoint
71.72833800315857,GLOBAL_POSITION_INT,33,40,checkpoint
71.72835302352905,POSITION_TARGET_LOCAL_NED,85,63,checkpoint
71.72836494445801,HEARTBEAT,0,21,checkpoint
71.73415398597717,ATTITUDE_TARGET,83,48,checkpoint
71.7380518913269,ATTITUDE,30,40,checkpoint
71.73807096481323,ATTITUDE,30,40,checkpoint
71.73812198638916,POSITION_TARGET_GLOBAL_INT,87,63,checkpoint
71.74477005004883,TIMESYNC,111,25,checkpoint
71.7447760105133,LOCAL_POSITION_NED,32,40,checkpoint
71.744863986969,HIGHRES_IMU,105,73,checkpoint
71.744873046875,SERVO_OUTPUT_RAW,36,24,checkpoint
71.74488806724548,LOCAL_POSITION_NED,32,40,checkpoint
71.7448959350586,ALTITUDE,141,44,checkpoint
71.7449119091034,ODOMETRY,331,244,checkpoint
71.74492406845093,ATTITUDE_QUATERNION,31,44,checkpoint
71.74493288993835,ATTITUDE_TARGET,83,48,checkpoint
71.74495005607605,POSITION_TARGET_LOCAL_NED,85,63,checkpoint
71.74496006965637,SERVO_OUTPUT_RAW,36,24,checkpoint
71.74497389793396,SYS_STATUS,1,52,checkpoint
71.74498701095581,VFR_HUD,74,31,checkpoint
71.74600791931152,ATTITUDE,30,40,checkpoint
71.74602508544922,GLOBAL_POSITION_INT,33,40,checkpoint
71.74604606628418,ATTITUDE_QUATERNION,31,44,checkpoint
71.74607110023499,GLOBAL_POSITION_INT,33,40,checkpoint
71.74608302116394,POSITION_TARGET_LOCAL_NED,85,63,checkpoint
71.75027108192444,GPS_RAW_INT,24,56,checkpoint
71.75415897369385,ATTITUDE_TARGET,83,48,checkpoint
71.75826692581177,ATTITUDE,30,40,checkpoint
71.75829291343689,ATTITUDE,30,40,checkpoint
71.76225209236145,HIGHRES_IMU,105,74,checkpoint
71.76227402687073,LOCAL_POSITION_NED,32,40,checkpoint
71.76227593421936,ATTITUDE_QUATERNION,31,44,checkpoint
71.76233410835266,SERVO_OUTPUT_RAW,36,24,checkpoint
71.76607298851013,ATTITUDE,30,40,checkpoint
71.76609992980957,ATTITUDE_QUATERNION,31,44,checkpoint
71.76612091064453,GLOBAL_POSITION_INT,33,40,checkpoint
71.76613211631775,POSITION_TARGET_LOCAL_NED,85,63,checkpoint
71.76613402366638,GLOBAL_POSITION_INT,33,40,checkpoint
71.77442502975464,ATTITUDE_TARGET,83,48,checkpoint
71.77822589874268,LOCAL_POSITION_NED,32,40,checkpoint
71.77824711799622,ATTITUDE,30,40,checkpoint
71.77824902534485,ATTITUDE,30,40,checkpoint
71.77825999259949,ODOMETRY,331,244,checkpoint
71.78208494186401,HIGHRES_IMU,105,73,checkpoint
71.78211307525635,ATTITUDE_QUATERNION,31,44,checkpoint
71.78212904930115,LOCAL_POSITION_NED,32,40,checkpoint
71.78220391273499,SERVO_OUTPUT_RAW,36,24,checkpoint
71.78614211082458,ATTITUDE,30,40,checkpoint
71.7861659526825,GLOBAL_POSITION_INT,33,40,checkpoint
71.78617596626282,GPS_RAW_INT,24,56,checkpoint
71.78617596626282,ATTITUDE_QUATERNION,31,44,checkpoint
71.7862000465393,GLOBAL_POSITION_INT,33,40,checkpoint
71.78628993034363,POSITION_TARGET_LOCAL_NED,85,63,checkpoint
71.79425811767578,ATTITUDE_TARGET,83,48,checkpoint
71.7987949848175,ATTITUDE,30,40,checkpoint
71.79885292053223,ATTITUDE,30,40,checkpoint
71.8020830154419,HIGHRES_IMU,105,74,checkpoint
71.80210399627686,LOCAL_POSITION_NED,32,40,checkpoint
71.80214095115662,SERVO_OUTPUT_RAW,36,24,checkpoint
71.80256700515747,ATTITUDE_QUATERNION,31,44,checkpoint
71.80615091323853,ATTITUDE,30,40,checkpoint
71.80618500709534,GLOBAL_POSITION_INT,33,40,checkpoint
71.80619311332703,ATTITUDE_QUATERNION,31,44,checkpoint
71.80621600151062,GLOBAL_POSITION_INT,33,40,checkpoint
71.80622601509094,POSITION_TARGET_LOCAL_NED,85,63,checkpoint
71.81178402900696,LOCAL_POSITION_NED,32,40,checkpoint
71.81186008453369,ODOMETRY,331,244,checkpoint
71.81422305107117,ATTITUDE_TARGET,83,48,checkpoint
71.81798911094666,ATTITUDE,30,40,checkpoint
71.81803011894226,ATTITUDE,30,40,checkpoint
71.81803798675537,GPS_RAW_INT,24,56,checkpoint
71.82208800315857,HIGHRES_IMU,105,74,checkpoint
71.82212996482849,LOCAL_POSITION_NED,32,40,checkpoint
71.82214999198914,SERVO_OUTPUT_RAW,36,24,checkpoint
71.82216811180115,ATTITUDE_QUATERNION,31,44,checkpoint
71.82613706588745,ATTITUDE_QUATERNION,31,44,checkpoint
71.82615995407104,GLOBAL_POSITION_INT,33,40,checkpoint
71.82617211341858,POSITION_TARGET_LOCAL_NED,85,63,checkpoint
71.82627892494202,ATTITUDE,30,40,checkpoint
71.82630705833435,GLOBAL_POSITION_INT,33,40,checkpoint
71.83442497253418,ATTITUDE_TARGET,83,48,checkpoint
71.83814311027527,ATTITUDE,30,40,checkpoint
71.83817291259766,ATTITUDE,30,40,checkpoint
71.83821392059326,POSITION_TARGET_GLOBAL_INT,87,63,checkpoint
71.8420479297638,TIMESYNC,111,25,checkpoint
71.84208989143372,LOCAL_POSITION_NED,32,40,checkpoint
71.8421459197998,SERVO_OUTPUT_RAW,36,24,checkpoint
71.8423969745636,HIGHRES_IMU,105,73,checkpoint
71.84241008758545,LOCAL_POSITION_NED,32,40,checkpoint
71.84245109558105,ALTITUDE,141,44,checkpoint
71.84246611595154,ODOMETRY,331,244,checkpoint
71.84247493743896,ATTITUDE_QUATERNION,31,44,checkpoint
71.84248304367065,ATTITUDE_TARGET,83,48,checkpoint
71.8424940109253,POSITION_TARGET_LOCAL_NED,85,63,checkpoint
71.84250211715698,SERVO_OUTPUT_RAW,36,24,checkpoint
71.84250998497009,VFR_HUD,74,31,checkpoint
71.84616899490356,ATTITUDE_QUATERNION,31,44,checkpoint
71.84619402885437,GLOBAL_POSITION_INT,33,40,checkpoint
71.84620308876038,POSITION_TARGET_LOCAL_NED,85,63,checkpoint
71.84628701210022,ATTITUDE,30,40,checkpoint
71.84634494781494,GLOBAL_POSITION_INT,33,40,checkpoint
71.85265707969666,GPS_RAW_INT,24,56,checkpoint
71.85413002967834,ATTITUDE_TARGET,83,48,checkpoint
71.85415601730347,GPS_RAW_INT,24,56,checkpoint
71.8584840297699,ATTITUDE,30,40,checkpoint
71.85986089706421,ATTITUDE,30,40,checkpoint
71.86213493347168,HIGHRES_IMU,105,73,checkpoint
71.86216402053833,LOCAL_POSITION_NED,32,40,checkpoint
71.86218810081482,SERVO_OUTPUT_RAW,36,24,checkpoint
71.86221098899841,ATTITUDE_QUATERNION,31,44,checkpoint
71.86633610725403,ATTITUDE,30,40,checkpoint
71.86636710166931,GLOBAL_POSITION_INT,33,40,checkpoint
71.8663821220398,ATTITUDE_QUATERNION,31,44,checkpoint
71.86648106575012,GLOBAL_POSITION_INT,33,40,checkpoint
71.86649489402771,POSITION_TARGET_LOCAL_NED,85,63,checkpoint
71.8740439414978,ATTITUDE_TARGET,83,48,checkpoint
71.87804102897644,LOCAL_POSITION_NED,32,40,checkpoint
71.87806296348572,ATTITUDE,30,40,checkpoint
71.87809491157532,ATTITUDE,30,40,checkpoint
71.87810897827148,ODOMETRY,331,244,checkpoint
71.88205003738403,HIGHRES_IMU,105,74,checkpoint
71.88207197189331,LOCAL_POSITION_NED,32,40,checkpoint
71.88211393356323,ATTITUDE_QUATERNION,31,44,checkpoint
71.88212704658508,GPS_RAW_INT,24,56,checkpoint
71.88213610649109,SERVO_OUTPUT_RAW,36,24,checkpoint
71.88602304458618,ATTITUDE,30,40,checkpoint
71.88604402542114,ATTITUDE_QUATERNION,31,44,checkpoint
71.88609099388123,GLOBAL_POSITION_INT,33,40,checkpoint
71.88610696792603,GLOBAL_POSITION_INT,33,40,checkpoint
71.88611888885498,POSITION_TARGET_LOCAL_NED,85,63,checkpoint
71.89409303665161,ATTITUDE_TARGET,83,48,checkpoint
71.89804100990295,ATTITUDE,30,40,checkpoint
71.89805889129639,ATTITUDE,30,40,checkpoint
71.90206789970398,HIGHRES_IMU,105,73,checkpoint
71.902095079422,ATTITUDE_QUATERNION,31,44,checkpoint
71.9021360874176,LOCAL_POSITION_NED,32,40,checkpoint
71.9021909236908,SERVO_OUTPUT_RAW,36,24,checkpoint
71.90615701675415,ATTITUDE,30,40,checkpoint
71.90616607666016,ATTITUDE_QUATERNION,31,44,checkpoint
71.90619707107544,GLOBAL_POSITION_INT,33,40,checkpoint
71.90619897842407,GLOBAL_POSITION_INT,33,40,checkpoint
71.90621304512024,POSITION_TARGET_LOCAL_NED,85,63,checkpoint
71.90622591972351,VFR_HUD,74,31,checkpoint
71.91035103797913,LOCAL_POSITION_NED,32,40,checkpoint
71.91043996810913,ODOMETRY,331,244,checkpoint
71.91628003120422,ATTITUDE_TARGET,83,48,checkpoint
71.9185540676117,ATTITUDE,30,40,checkpoint
71.91858696937561,GPS_RAW_INT,24,56,checkpoint
71.91865706443787,ATTITUDE,30,40,checkpoint
71.92219305038452,HIGHRES_IMU,105,73,checkpoint
71.92221689224243,LOCAL_POSITION_NED,32,40,checkpoint
71.92224597930908,SERVO_OUTPUT_RAW,36,24,checkpoint
71.9222800731659,ATTITUDE_QUATERNION,31,44,checkpoint
71.92621994018555,ATTITUDE,30,40,checkpoint
71.92629289627075,ATTITUDE_QUATERNION,31,44,checkpoint
71.92630791664124,GLOBAL_POSITION_INT,33,40,checkpoint
71.92632603645325,GLOBAL_POSITION_INT,33,40,checkpoint
71.92634510993958,POSITION_TARGET_LOCAL_NED,85,63,checkpoint
71.93848299980164,ATTITUDE_TARGET,83,48,checkpoint
71.94102001190186,ATTITUDE,30,40,checkpoint
71.94105696678162,POSITION_TARGET_GLOBAL_INT,87,63,checkpoint
71.94105792045593,ATTITUDE,30,40,checkpoint
71.94511795043945,HEARTBEAT,0,21,checkpoint
71.9452269077301,TIMESYNC,111,25,checkpoint
71.94524693489075,HIGHRES_IMU,105,74,checkpoint
71.94525694847107,LOCAL_POSITION_NED,32,40,checkpoint
71.94526696205139,ALTITUDE,141,44,checkpoint
71.94528198242188,ODOMETRY,331,244,checkpoint
71.94529390335083,ATTITUDE_QUATERNION,31,44,checkpoint
71.94530296325684,ATTITUDE_TARGET,83,48,checkpoint
71.94531393051147,ESTIMATOR_STATUS,230,54,checkpoint
71.9453239440918,EXTENDED_SYS_STATE,245,14,checkpoint
71.94534301757812,OPEN_DRONE_ID_LOCATION,12901,70,checkpoint
71.94535303115845,OPEN_DRONE_ID_SYSTEM,12904,37,checkpoint
71.94536304473877,PING,4,21,checkpoint
71.94537305831909,POSITION_TARGET_LOCAL_NED,85,63,checkpoint
71.94538307189941,SCALED_PRESSURE,29,26,checkpoint
71.94539403915405,SERVO_OUTPUT_RAW,36,24,checkpoint
71.94540810585022,SYS_STATUS,1,52,checkpoint
71.94541907310486,SYSTEM_TIME,2,23,checkpoint
71.9454300403595,VFR_HUD,74,31,checkpoint
71.94544005393982,UNKNOWN_8,-2,34,checkpoint
71.94605207443237,LOCAL_POSITION_NED,32,40,checkpoint
71.94615411758423,SERVO_OUTPUT_RAW,36,24,checkpoint
71.94868111610413,PING,4,26,checkpoint
71.94895601272583,ATTITUDE_QUATERNION,31,44,checkpoint
71.94910407066345,GLOBAL_POSITION_INT,33,40,checkpoint
71.94912505149841,POSITION_TARGET_LOCAL_NED,85,63,checkpoint
71.94916892051697,ATTITUDE,30,40,checkpoint
71.94919300079346,GLOBAL_POSITION_INT,33,40,checkpoint
71.95169496536255,GPS_RAW_INT,24,56,checkpoint
71.95440697669983,ATTITUDE_TARGET,83,48,checkpoint
71.95810890197754,ATTITUDE,30,40,checkpoint
71.95815110206604,ATTITUDE,30,40,checkpoint
71.96231508255005,HIGHRES_IMU,105,74,checkpoint
71.9623510837555,LOCAL_POSITION_NED,32,40,checkpoint
71.96244096755981,ATTITUDE_QUATERNION,31,44,checkpoint
71.96245908737183,SERVO_OUTPUT_RAW,36,24,checkpoint
71.96606707572937,ATTITUDE,30,40,checkpoint
71.96612596511841,ATTITUDE_QUATERNION,31,44,checkpoint
71.96614789962769,GLOBAL_POSITION_INT,33,40,checkpoint
71.9661500453949,GLOBAL_POSITION_INT,33,40,checkpoint
71.9661591053009,POSITION_TARGET_LOCAL_NED,85,63,checkpoint
71.97504806518555,ATTITUDE_TARGET,83,48,checkpoint
71.97989797592163,LOCAL_POSITION_NED,32,40,checkpoint
71.9799280166626,ATTITUDE,30,40,checkpoint
71.98002505302429,ATTITUDE,30,40,checkpoint
71.98004603385925,ODOMETRY,331,244,checkpoint
71.98423910140991,LOCAL_POSITION_NED,32,40,checkpoint
71.98427295684814,SERVO_OUTPUT_RAW,36,24,checkpoint
71.98580598831177,HIGHRES_IMU,105,73,checkpoint
71.98583889007568,ATTITUDE_QUATERNION,31,44,checkpoint
71.98585295677185,GPS_RAW_INT,24,56,checkpoint
71.98854207992554,ATTITUDE,30,40,checkpoint
71.98865103721619,GLOBAL_POSITION_INT,33,40,checkpoint
71.98894906044006,ATTITUDE_QUATERNION,31,44,checkpoint
71.98897504806519,GLOBAL_POSITION_INT,33,40,checkpoint
71.98899102210999,POSITION_TARGET_LOCAL_NED,85,63,checkpoint
71.99704003334045,ATTITUDE_TARGET,83,48,checkpoint
71.99834609031677,ATTITUDE,30,40,checkpoint
71.99839901924133,ATTITUDE,30,40,checkpoint
72.00245904922485,LOCAL_POSITION_NED,32,40,checkpoint
72.00249195098877,SERVO_OUTPUT_RAW,36,24,checkpoint
72.0025520324707,HIGHRES_IMU,105,74,checkpoint
72.00264096260071,ATTITUDE_QUATERNION,31,44,checkpoint
72.00656199455261,ATTITUDE,30,40,checkpoint
72.00660395622253,GLOBAL_POSITION_INT,33,40,checkpoint
72.00660490989685,ATTITUDE_QUATERNION,31,44,checkpoint
72.00663304328918,GLOBAL_POSITION_INT,33,40,checkpoint
72.00664901733398,POSITION_TARGET_LOCAL_NED,85,63,checkpoint
72.01253199577332,LOCAL_POSITION_NED,32,40,checkpoint
72.01261806488037,ODOMETRY,331,244,checkpoint
72.01455593109131,GPS_RAW_INT,24,56,checkpoint
72.01458597183228,ATTITUDE_TARGET,83,48,checkpoint
72.0181610584259,ATTITUDE,30,40,checkpoint
72.01818799972534,ATTITUDE,30,40,checkpoint
72.022136926651,HIGHRES_IMU,105,73,checkpoint
72.0221619606018,LOCAL_POSITION_NED,32,40,checkpoint
72.02219009399414,SERVO_OUTPUT_RAW,36,24,checkpoint
72.02229189872742,ATTITUDE_QUATERNION,31,44,checkpoint
72.02620792388916,ATTITUDE,30,40,checkpoint
72.0262999534607,GLOBAL_POSITION_INT,33,40,checkpoint
72.02630591392517,ATTITUDE_QUATERNION,31,44,checkpoint
72.02635097503662,GLOBAL_POSITION_INT,33,40,checkpoint
72.0263741016388,POSITION_TARGET_LOCAL_NED,85,63,checkpoint
72.03427600860596,ATTITUDE_TARGET,83,48,checkpoint
72.03819298744202,ATTITUDE,30,40,checkpoint
72.03823494911194,POSITION_TARGET_GLOBAL_INT,87,63,checkpoint
72.03824806213379,ATTITUDE,30,40,checkpoint
72.03828597068787,POSITION_TARGET_GLOBAL_INT,87,63,checkpoint
72.04262590408325,TIMESYNC,111,25,checkpoint
72.0426619052887,LOCAL_POSITION_NED,32,40,checkpoint
72.04279208183289,HIGHRES_IMU,105,73,checkpoint
72.04281711578369,LOCAL_POSITION_NED,32,40,checkpoint
72.04282999038696,ALTITUDE,141,44,checkpoint
72.04285502433777,ODOMETRY,331,244,checkpoint
72.0428740978241,ATTITUDE_QUATERNION,31,44,checkpoint
72.0428900718689,ATTITUDE_TARGET,83,48,checkpoint
72.04291701316833,POSITION_TARGET_LOCAL_NED,85,63,checkpoint
72.04293704032898,SERVO_OUTPUT_RAW,36,24,checkpoint
72.04293894767761,SERVO_OUTPUT_RAW,36,24,checkpoint
72.04295611381531,VFR_HUD,74,31,checkpoint
72.04793906211853,ATTITUDE,30,40,checkpoint
72.04798007011414,GLOBAL_POSITION_INT,33,40,checkpoint
72.04802203178406,ATTITUDE_QUATERNION,31,44,checkpoint
72.04805707931519,GLOBAL_POSITION_INT,33,40,checkpoint
72.04807496070862,POSITION_TARGET_LOCAL_NED,85,63,checkpoint
72.05024790763855,GPS_RAW_INT,24,56,checkpoint
72.05419301986694,ATTITUDE_TARGET,83,48,checkpoint
72.05422902107239,GPS_RAW_INT,24,56,checkpoint
72.05864095687866,ATTITUDE,30,40,checkpoint
72.05918192863464,ATTITUDE,30,40,checkpoint
72.06624293327332,HIGHRES_IMU,105,74,checkpoint
72.06717705726624,ATTITUDE_QUATERNION,31,44,checkpoint
72.06724810600281,LOCAL_POSITION_NED,32,40,checkpoint
72.0673758983612,SERVO_OUTPUT_RAW,36,24,checkpoint
72.06943106651306,ATTITUDE,30,40,checkpoint
72.06946802139282,GLOBAL_POSITION_INT,33,40,checkpoint
72.06971907615662,ATTITUDE_QUATERNION,31,44,checkpoint
72.06980395317078,GLOBAL_POSITION_INT,33,40,checkpoint
72.06982207298279,POSITION_TARGET_LOCAL_NED,85,63,checkpoint
72.07883191108704,ATTITUDE_TARGET,83,48,checkpoint
72.08487391471863,LOCAL_POSITION_NED,32,40,checkpoint
72.08418607711792,ATTITUDE,30,40,checkpoint
72.08529496192932,ATTITUDE,30,40,checkpoint
72.0853979587555,ODOMETRY,331,244,checkpoint
72.08868503570557,HIGHRES_IMU,105,74,checkpoint
72.08876299858093,LOCAL_POSITION_NED,32,40,checkpoint
72.0888249874115,SERVO_OUTPUT_RAW,36,24,checkpoint
72.0888249874115,ATTITUDE_QUATERNION,31,44,checkpoint
72.08885312080383,GPS_RAW_INT,24,56,checkpoint
72.09316301345825,ATTITUDE,30,40,checkpoint
72.09317803382874,ATTITUDE_QUATERNION,31,44,checkpoint
72.09318804740906,GLOBAL_POSITION_INT,33,40,checkpoint
72.09320306777954,GLOBAL_POSITION_INT,33,40,checkpoint
72.0932149887085,POSITION_TARGET_LOCAL_NED,85,63,checkpoint
72.10540699958801,ATTITUDE_TARGET,83,48,checkpoint
72.115895986557,ATTITUDE,30,40,checkpoint
72.11590194702148,ATTITUDE,30,40,checkpoint
72.12001705169678,HIGHRES_IMU,105,74,checkpoint
72.12003993988037,ATTITUDE_QUATERNION,31,44,checkpoint
72.12073302268982,LOCAL_POSITION_NED,32,40,checkpoint
72.12076902389526,SERVO_OUTPUT_RAW,36,24,checkpoint
72.12399506568909,ATTITUDE,30,40,checkpoint
72.12399506568909,ATTITUDE_QUATERNION,31,44,checkpoint
72.12402200698853,GLOBAL_POSITION_INT,33,40,checkpoint
72.12402200698853,GLOBAL_POSITION_INT,33,40,checkpoint
72.12403512001038,POSITION_TARGET_LOCAL_NED,85,63,checkpoint
72.13288307189941,LOCAL_POSITION_NED,32,40,checkpoint
72.13290500640869,ODOMETRY,331,244,checkpoint
72.15080499649048,ATTITUDE_TARGET,83,48,checkpoint
72.15098190307617,GPS_RAW_INT,24,56,checkpoint
72.171865940094,ATTITUDE,30,40,checkpoint
72.17261409759521,ATTITUDE,30,40,checkpoint
72.17457103729248,HIGHRES_IMU,105,74,checkpoint
72.17457795143127,LOCAL_POSITION_NED,32,40,checkpoint
72.1745970249176,SERVO_OUTPUT_RAW,36,24,checkpoint
72.17463302612305,ATTITUDE_QUATERNION,31,44,checkpoint
72.17513704299927,ATTITUDE_QUATERNION,31,44,checkpoint
72.17542695999146,GLOBAL_POSITION_INT,33,40,checkpoint
72.17561411857605,POSITION_TARGET_LOCAL_NED,85,63,checkpoint
72.17624592781067,ATTITUDE,30,40,checkpoint
72.17629408836365,GLOBAL_POSITION_INT,33,40,checkpoint
72.17630696296692,POSITION_TARGET_GLOBAL_INT,87,63,checkpoint
72.17887711524963,TIMESYNC,111,25,checkpoint
72.17892599105835,HIGHRES_IMU,105,73,checkpoint
72.17893505096436,LOCAL_POSITION_NED,32,40,checkpoint
72.17894196510315,ALTITUDE,141,44,checkpoint
72.17895293235779,ODOMETRY,331,244,checkpoint
72.1789619922638,ATTITUDE_QUATERNION,31,44,checkpoint
72.17896890640259,ATTITUDE_TARGET,83,48,checkpoint
72.17898106575012,POSITION_TARGET_LOCAL_NED,85,63,checkpoint
72.17899012565613,SERVO_OUTPUT_RAW,36,24,checkpoint
72.17903590202332,SYS_STATUS,1,52,checkpoint
72.17905592918396,VFR_HUD,74,31,checkpoint
72.17940902709961,ATTITUDE,30,40,checkpoint
72.17942500114441,ATTITUDE_TARGET,83,48,checkpoint
72.17943692207336,LOCAL_POSITION_NED,32,40,checkpoint
72.17944598197937,SERVO_OUTPUT_RAW,36,24,checkpoint
72.17969298362732,MISSION_CURRENT,42,22,checkpoint
72.1852080821991,HEARTBEAT,0,21,checkpoint
72.18770289421082,GPS_RAW_INT,24,56,checkpoint
72.18771505355835,ATTITUDE_QUATERNION,31,44,checkpoint
72.1877601146698,HEARTBEAT,0,21,checkpoint
72.19185590744019,GLOBAL_POSITION_INT,33,40,checkpoint
72.19189405441284,POSITION_TARGET_LOCAL_NED,85,63,checkpoint
72.19284510612488,ATTITUDE,30,40,checkpoint
72.19733500480652,ATTITUDE_TARGET,83,48,checkpoint
72.19737005233765,VFR_HUD,74,31,checkpoint
72.20061206817627,ATTITUDE,30,40,checkpoint
72.20061302185059,ATTITUDE,30,40,checkpoint
72.20068597793579,GLOBAL_POSITION_INT,33,40,checkpoint
72.20849895477295,LOCAL_POSITION_NED,32,40,checkpoint
72.20854592323303,SERVO_OUTPUT_RAW,36,24,checkpoint
72.20898008346558,ATTITUDE_QUATERNION,31,44,checkpoint
72.20899295806885,GLOBAL_POSITION_INT,33,40,checkpoint
72.20900201797485,POSITION_TARGET_LOCAL_NED,85,63,checkpoint
72.21634912490845,HIGHRES_IMU,105,73,checkpoint
72.21637392044067,ATTITUDE_QUATERNION,31,44,checkpoint
72.2175669670105,ATTITUDE,30,40,checkpoint
72.22190308570862,ATTITUDE_TARGET,83,48,checkpoint
72.2255790233612,ATTITUDE,30,40,checkpoint
72.22558212280273,LOCAL_POSITION_NED,32,40,checkpoint
72.22559690475464,ATTITUDE,30,40,checkpoint
72.22560811042786,ODOMETRY,331,244,checkpoint
72.22561812400818,GLOBAL_POSITION_INT,33,40,checkpoint
72.23269391059875,HIGHRES_IMU,105,74,checkpoint
72.23271489143372,ATTITUDE_QUATERNION,31,44,checkpoint
72.23272490501404,GPS_RAW_INT,24,56,checkpoint
72.23292112350464,LOCAL_POSITION_NED,32,40,checkpoint
72.23293495178223,SERVO_OUTPUT_RAW,36,24,checkpoint
72.23472595214844,ATTITUDE_QUATERNION,31,44,checkpoint
72.23479104042053,GLOBAL_POSITION_INT,33,40,checkpoint
72.23480010032654,POSITION_TARGET_LOCAL_NED,85,63,checkpoint
72.237802028656,ATTITUDE,30,40,checkpoint
72.24192309379578,ATTITUDE_TARGET,83,48,checkpoint
72.24784898757935,ATTITUDE,30,40,checkpoint
72.24825501441956,ATTITUDE,30,40,checkpoint
72.2483320236206,GLOBAL_POSITION_INT,33,40,checkpoint
72.25041699409485,LOCAL_POSITION_NED,32,40,checkpoint
72.2504210472107,HIGHRES_IMU,105,73,checkpoint
72.2504460811615,SERVO_OUTPUT_RAW,36,24,checkpoint
72.25107192993164,ATTITUDE_QUATERNION,31,44,checkpoint
72.2549901008606,ATTITUDE_QUATERNION,31,44,checkpoint
72.25501608848572,GLOBAL_POSITION_INT,33,40,checkpoint
72.2550311088562,POSITION_TARGET_LOCAL_NED,85,63,checkpoint
72.25855493545532,LOCAL_POSITION_NED,32,40,checkpoint
72.25863289833069,ATTITUDE,30,40,checkpoint
72.25864911079407,ODOMETRY,331,244,checkpoint
72.26171898841858,ATTITUDE_TARGET,83,48,checkpoint
72.2618179321289,GPS_RAW_INT,24,56,checkpoint
72.26609492301941,ATTITUDE,30,40,checkpoint
72.26613306999207,ATTITUDE,30,40,checkpoint
72.26615691184998,GLOBAL_POSITION_INT,33,40,checkpoint
72.26966691017151,LOCAL_POSITION_NED,32,40,checkpoint
72.26972508430481,SERVO_OUTPUT_RAW,36,24,checkpoint
72.26972889900208,HIGHRES_IMU,105,74,checkpoint
72.26979207992554,ATTITUDE_QUATERNION,31,44,checkpoint
72.27359199523926,ATTITUDE_QUATERNION,31,44,checkpoint
72.2736599445343,GLOBAL_POSITION_INT,33,40,checkpoint
72.27367305755615,POSITION_TARGET_LOCAL_NED,85,63,checkpoint
72.27791500091553,ATTITUDE,30,40,checkpoint
72.28166508674622,ATTITUDE_TARGET,83,48,checkpoint
72.28567600250244,ATTITUDE,30,40,checkpoint
72.28576302528381,ATTITUDE,30,40,checkpoint
72.28582406044006,GLOBAL_POSITION_INT,33,40,checkpoint
72.28583693504333,POSITION_TARGET_GLOBAL_INT,87,63,checkpoint
72.28982996940613,LOCAL_POSITION_NED,32,40,checkpoint
72.28985404968262,SERVO_OUTPUT_RAW,36,24,checkpoint
72.2899329662323,TIMESYNC,111,25,checkpoint
72.28999590873718,HIGHRES_IMU,105,74,checkpoint
72.2900059223175,LOCAL_POSITION_NED,32,40,checkpoint
72.2900140285492,ALTITUDE,141,44,checkpoint
72.29002499580383,ODOMETRY,331,244,checkpoint
72.29003310203552,ATTITUDE_QUATERNION,31,44,checkpoint
72.29004096984863,ATTITUDE_TARGET,83,48,checkpoint
72.29005289077759,POSITION_TARGET_LOCAL_NED,85,63,checkpoint
72.2900619506836,SERVO_OUTPUT_RAW,36,24,checkpoint
72.29007005691528,VFR_HUD,74,31,checkpoint
72.29990100860596,GPS_RAW_INT,24,56,checkpoint
72.3008189201355,ATTITUDE_QUATERNION,31,44,checkpoint
72.30088806152344,GLOBAL_POSITION_INT,33,40,checkpoint
72.30090188980103,POSITION_TARGET_LOCAL_NED,85,63,checkpoint
72.30215692520142,ATTITUDE,30,40,checkpoint
72.3035900592804,ATTITUDE_TARGET,83,48,checkpoint
72.30387496948242,GPS_RAW_INT,24,56,checkpoint
72.30575299263,ATTITUDE,30,40,checkpoint
72.30577898025513,ATTITUDE,30,40,checkpoint
72.30578303337097,GLOBAL_POSITION_INT,33,40,checkpoint
72.30960893630981,LOCAL_POSITION_NED,32,40,checkpoint
72.30966401100159,SERVO_OUTPUT_RAW,36,24,checkpoint
72.30967593193054,HIGHRES_IMU,105,73,checkpoint
72.309739112854,ATTITUDE_QUATERNION,31,44,checkpoint
72.31354188919067,ATTITUDE_QUATERNION,31,44,checkpoint
72.31359791755676,GLOBAL_POSITION_INT,33,40,checkpoint
72.31361103057861,POSITION_TARGET_LOCAL_NED,85,63,checkpoint
72.3178288936615,ATTITUDE,30,40,checkpoint
72.32180404663086,ATTITUDE_TARGET,83,48,checkpoint
72.32555103302002,ATTITUDE,30,40,checkpoint
72.32560801506042,LOCAL_POSITION_NED,32,40,checkpoint
72.32563090324402,ATTITUDE,30,40,checkpoint
72.32564306259155,ODOMETRY,331,244,checkpoint
72.32565307617188,GLOBAL_POSITION_INT,33,40,checkpoint
72.32566094398499,GPS_RAW_INT,24,56,checkpoint
72.3295590877533,LOCAL_POSITION_NED,32,40,checkpoint
72.32961511611938,SERVO_OUTPUT_RAW,36,24,checkpoint
72.32962799072266,HIGHRES_IMU,105,73,checkpoint
72.32969093322754,ATTITUDE_QUATERNION,31,44,checkpoint
72.33374500274658,ATTITUDE_QUATERNION,31,44,checkpoint
72.33385992050171,GLOBAL_POSITION_INT,33,40,checkpoint
72.33388209342957,POSITION_TARGET_LOCAL_NED,85,63,checkpoint
72.33770990371704,ATTITUDE,30,40,checkpoint
72.34177899360657,ATTITUDE_TARGET,83,48,checkpoint
72.34559988975525,ATTITUDE,30,40,checkpoint
72.34565091133118,ATTITUDE,30,40,checkpoint
72.34567904472351,GLOBAL_POSITION_INT,33,40,checkpoint
72.35047888755798,HIGHRES_IMU,105,74,checkpoint
72.35057306289673,ATTITUDE_QUATERNION,31,44,checkpoint
72.35096311569214,LOCAL_POSITION_NED,32,40,checkpoint
72.35110211372375,SERVO_OUTPUT_RAW,36,24,checkpoint
72.353600025177,ATTITUDE_QUATERNION,31,44,checkpoint
72.35366702079773,GLOBAL_POSITION_INT,33,40,checkpoint
72.3536810874939,POSITION_TARGET_LOCAL_NED,85,63,checkpoint
72.35778498649597,LOCAL_POSITION_NED,32,40,checkpoint
72.35784602165222,ATTITUDE,30,40,checkpoint
72.35786199569702,ODOMETRY,331,244,checkpoint
72.3616509437561,ATTITUDE_TARGET,83,48,checkpoint
72.36169505119324,GPS_RAW_INT,24,56,checkpoint
72.36688899993896,ATTITUDE,30,40,checkpoint
72.36692690849304,ATTITUDE,30,40,checkpoint
72.36700510978699,GLOBAL_POSITION_INT,33,40,checkpoint
72.36949396133423,LOCAL_POSITION_NED,32,40,checkpoint
72.36954998970032,SERVO_OUTPUT_RAW,36,24,checkpoint
72.36956310272217,HIGHRES_IMU,105,73,checkpoint
72.36962509155273,ATTITUDE_QUATERNION,31,44,checkpoint
72.37364792823792,ATTITUDE_QUATERNION,31,44,checkpoint
72.37371397018433,GLOBAL_POSITION_INT,33,40,checkpoint
72.3737280368805,POSITION_TARGET_LOCAL_NED,85,63,checkpoint
72.37775897979736,ATTITUDE,30,40,checkpoint
72.37905502319336,MISSION_CURRENT,42,22,checkpoint
72.38243699073792,ATTITUDE_TARGET,83,48,checkpoint
72.38558292388916,ATTITUDE,30,40,checkpoint
72.38563799858093,ATTITUDE,30,40,checkpoint
72.38570499420166,GLOBAL_POSITION_INT,33,40,checkpoint
72.38572096824646,POSITION_TARGET_GLOBAL_INT,87,63,checkpoint
72.38953804969788,LOCAL_POSITION_NED,32,40,checkpoint
72.38960099220276,TIMESYNC,111,25,checkpoint
72.38962197303772,HIGHRES_IMU,105,73,checkpoint
72.38963103294373,LOCAL_POSITION_NED,32,40,checkpoint
72.38963890075684,ALTITUDE,141,44,checkpoint
72.38963890075684,SERVO_OUTPUT_RAW,36,24,checkpoint
72.38965106010437,ODOMETRY,331,244,checkpoint
72.38966107368469,ATTITUDE_QUATERNION,31,44,checkpoint
72.38966989517212,ATTITUDE_TARGET,83,48,checkpoint
72.38967990875244,POSITION_TARGET_LOCAL_NED,85,63,checkpoint
72.3896849155426,SERVO_OUTPUT_RAW,36,24,checkpoint
72.38969111442566,SYS_STATUS,1,52,checkpoint
72.38969612121582,VFR_HUD,74,31,checkpoint
72.39357805252075,ATTITUDE_QUATERNION,31,44,checkpoint
72.3936378955841,GLOBAL_POSITION_INT,33,40,checkpoint
72.3936378955841,GPS_RAW_INT,24,56,checkpoint
72.39365100860596,POSITION_TARGET_LOCAL_NED,85,63,checkpoint
72.39834594726562,ATTITUDE,30,40,checkpoint
72.40156197547913,ATTITUDE_TARGET,83,48,checkpoint
72.40574193000793,ATTITUDE,30,40,checkpoint
72.40580296516418,GLOBAL_POSITION_INT,33,40,checkpoint
72.40651798248291,ATTITUDE,30,40,checkpoint
72.40980696678162,LOCAL_POSITION_NED,32,40,checkpoint
72.40983295440674,SERVO_OUTPUT_RAW,36,24,checkpoint
72.40985202789307,HIGHRES_IMU,105,74,checkpoint
72.40987801551819,ATTITUDE_QUATERNION,31,44,checkpoint
72.41387009620667,ATTITUDE_QUATERNION,31,44,checkpoint
72.41393089294434,GLOBAL_POSITION_INT,33,40,checkpoint
72.41394591331482,POSITION_TARGET_LOCAL_NED,85,63,checkpoint
72.41790103912354,ATTITUDE,30,40,checkpoint
72.42183995246887,ATTITUDE_TARGET,83,48,checkpoint
72.4256501197815,ATTITUDE,30,40,checkpoint
72.42569494247437,LOCAL_POSITION_NED,32,40,checkpoint
72.42575693130493,ATTITUDE,30,40,checkpoint
72.42577290534973,ODOMETRY,331,244,checkpoint
72.42578506469727,GLOBAL_POSITION_INT,33,40,checkpoint
72.42579412460327,GPS_RAW_INT,24,56,checkpoint
72.43019700050354,LOCAL_POSITION_NED,32,40,checkpoint
72.43023991584778,SERVO_OUTPUT_RAW,36,24,checkpoint
72.43031907081604,HIGHRES_IMU,105,74,checkpoint
72.43048596382141,ATTITUDE_QUATERNION,31,44,checkpoint
72.43460512161255,ATTITUDE_QUATERNION,31,44,checkpoint
72.4346809387207,GLOBAL_POSITION_INT,33,40,checkpoint
72.43469595909119,POSITION_TARGET_LOCAL_NED,85,63,checkpoint
72.43761801719666,ATTITUDE,30,40,checkpoint
72.4416151046753,ATTITUDE_TARGET,83,48,checkpoint
72.4456079006195,ATTITUDE,30,40,checkpoint
72.44566607475281,ATTITUDE,30,40,checkpoint
72.445729970932,GLOBAL_POSITION_INT,33,40,checkpoint
72.44962096214294,LOCAL_POSITION_NED,32,40,checkpoint
72.44968700408936,HIGHRES_IMU,105,73,checkpoint
72.44968795776367,SERVO_OUTPUT_RAW,36,24,checkpoint
72.44975304603577,ATTITUDE_QUATERNION,31,44,checkpoint
72.45354890823364,ATTITUDE_QUATERNION,31,44,checkpoint
72.45360708236694,GLOBAL_POSITION_INT,33,40,checkpoint
72.45362091064453,POSITION_TARGET_LOCAL_NED,85,63,checkpoint
72.45363211631775,VFR_HUD,74,31,checkpoint
72.45762896537781,LOCAL_POSITION_NED,32,40,checkpoint
72.45769309997559,ATTITUDE,30,40,checkpoint
72.45770406723022,ODOMETRY,331,244,checkpoint
72.45771193504333,GPS_RAW_INT,24,56,checkpoint
72.4618968963623,ATTITUDE_TARGET,83,48,checkpoint
72.46555495262146,ATTITUDE,30,40,checkpoint
72.46562194824219,ATTITUDE,30,40,checkpoint
72.46568489074707,GLOBAL_POSITION_INT,33,40,checkpoint
72.46966910362244,LOCAL_POSITION_NED,32,40,checkpoint
72.46969604492188,HIGHRES_IMU,105,74,checkpoint
72.46973609924316,SERVO_OUTPUT_RAW,36,24,checkpoint
72.46975588798523,ATTITUDE_QUATERNION,31,44,checkpoint
72.47424411773682,ATTITUDE_QUATERNION,31,44,checkpoint
72.47443795204163,GLOBAL_POSITION_INT,33,40,checkpoint
72.47446894645691,POSITION_TARGET_LOCAL_NED,85,63,checkpoint
72.47788000106812,ATTITUDE,30,40,checkpoint
72.48173904418945,ATTITUDE_TARGET,83,48,checkpoint
72.48559999465942,ATTITUDE,30,40,checkpoint
72.48565602302551,ATTITUDE,30,40,checkpoint
72.48572111129761,GLOBAL_POSITION_INT,33,40,checkpoint
72.48573398590088,POSITION_TARGET_GLOBAL_INT,87,63,checkpoint
72.48977708816528,LOCAL_POSITION_NED,32,40,checkpoint
72.48981404304504,TIMESYNC,111,25,checkpoint
72.48983907699585,HIGHRES_IMU,105,73,checkpoint
72.48984503746033,SERVO_OUTPUT_RAW,36,24,checkpoint
72.48984909057617,LOCAL_POSITION_NED,32,40,checkpoint
72.48986411094666,ALTITUDE,141,44,checkpoint
72.48988199234009,ODOMETRY,331,244,checkpoint
72.48989391326904,ATTITUDE_QUATERNION,31,44,checkpoint
72.4899001121521,ATTITUDE_TARGET,83,48,checkpoint
72.48990797996521,POSITION_TARGET_LOCAL_NED,85,63,checkpoint
72.48991298675537,SERVO_OUTPUT_RAW,36,24,checkpoint
72.48991894721985,VFR_HUD,74,31,checkpoint
72.49442911148071,ATTITUDE_QUATERNION,31,44,checkpoint
72.49460411071777,GLOBAL_POSITION_INT,33,40,checkpoint
72.49460506439209,GPS_RAW_INT,24,56,checkpoint
72.49461793899536,POSITION_TARGET_LOCAL_NED,85,63,checkpoint
72.49768304824829,ATTITUDE,30,40,checkpoint
72.50165390968323,ATTITUDE_TARGET,83,48,checkpoint
72.50170493125916,GPS_RAW_INT,24,56,checkpoint
72.50574207305908,ATTITUDE,30,40,checkpoint
72.50579810142517,ATTITUDE,30,40,checkpoint
72.50589299201965,GLOBAL_POSITION_INT,33,40,checkpoint
72.50953507423401,LOCAL_POSITION_NED,32,40,checkpoint
72.50958609580994,HIGHRES_IMU,105,73,checkpoint
72.50960206985474,SERVO_OUTPUT_RAW,36,24,checkpoint
72.50960993766785,ATTITUDE_QUATERNION,31,44,checkpoint
72.51364207267761,ATTITUDE_QUATERNION,31,44,checkpoint
72.51376795768738,GLOBAL_POSITION_INT,33,40,checkpoint
72.51378107070923,POSITION_TARGET_LOCAL_NED,85,63,checkpoint
72.51760697364807,ATTITUDE,30,40,checkpoint
72.52163410186768,ATTITUDE_TARGET,83,48,checkpoint
72.52565407752991,ATTITUDE,30,40,checkpoint
72.5256769657135,LOCAL_POSITION_NED,32,40,checkpoint
72.52573609352112,ATTITUDE,30,40,checkpoint
72.5257511138916,ODOMETRY,331,244,checkpoint
72.52576208114624,GLOBAL_POSITION_INT,33,40,checkpoint
72.52576994895935,GPS_RAW_INT,24,56,checkpoint
72.52970695495605,LOCAL_POSITION_NED,32,40,checkpoint
72.52973794937134,HIGHRES_IMU,105,74,checkpoint
72.52977800369263,SERVO_OUTPUT_RAW,36,24,checkpoint
72.52979707717896,ATTITUDE_QUATERNION,31,44,checkpoint
72.53359794616699,ATTITUDE_QUATERNION,31,44,checkpoint
72.53366208076477,GLOBAL_POSITION_INT,33,40,checkpoint
72.53367590904236,POSITION_TARGET_LOCAL_NED,85,63,checkpoint
72.53814196586609,ATTITUDE,30,40,checkpoint
72.54284310340881,ATTITUDE_TARGET,83,48,checkpoint
72.54567098617554,ATTITUDE,30,40,checkpoint
72.54601693153381,ATTITUDE,30,40,checkpoint
72.54608798027039,GLOBAL_POSITION_INT,33,40,checkpoint
72.55015897750854,LOCAL_POSITION_NED,32,40,checkpoint
72.55031609535217,SERVO_OUTPUT_RAW,36,24,checkpoint
72.5505940914154,HIGHRES_IMU,105,74,checkpoint
72.55066299438477,ATTITUDE_QUATERNION,31,44,checkpoint
72.55382704734802,ATTITUDE_QUATERNION,31,44,checkpoint
72.55390405654907,GLOBAL_POSITION_INT,33,40,checkpoint
72.55392694473267,POSITION_TARGET_LOCAL_NED,85,63,checkpoint
72.55788612365723,LOCAL_POSITION_NED,32,40,checkpoint
72.55794596672058,ATTITUDE,30,40,checkpoint
72.55799007415771,ODOMETRY,331,244,checkpoint
72.55800700187683,GPS_RAW_INT,24,56,checkpoint
72.5617470741272,ATTITUDE_TARGET,83,48,checkpoint
72.56568908691406,ATTITUDE,30,40,checkpoint
72.56577396392822,ATTITUDE,30,40,checkpoint
72.56584095954895,GLOBAL_POSITION_INT,33,40,checkpoint
72.569580078125,LOCAL_POSITION_NED,32,40,checkpoint
72.56962609291077,HIGHRES_IMU,105,74,checkpoint
72.56963801383972,SERVO_OUTPUT_RAW,36,24,checkpoint
72.56968212127686,ATTITUDE_QUATERNION,31,44,checkpoint
72.5735170841217,ATTITUDE_QUATERNION,31,44,checkpoint
72.57357406616211,GLOBAL_POSITION_INT,33,40,checkpoint
72.57358694076538,POSITION_TARGET_LOCAL_NED,85,63,checkpoint
72.57770895957947,ATTITUDE,30,40,checkpoint
72.5816240310669,ATTITUDE_TARGET,83,48,checkpoint
72.58594989776611,ATTITUDE,30,40,checkpoint
72.58599805831909,ATTITUDE,30,40,checkpoint
72.58602404594421,GLOBAL_POSITION_INT,33,40,checkpoint
72.58603692054749,POSITION_TARGET_GLOBAL_INT,87,63,checkpoint
72.58953404426575,LOCAL_POSITION_NED,32,40,checkpoint
72.58954906463623,SERVO_OUTPUT_RAW,36,24,checkpoint
72.58959007263184,TIMESYNC,111,25,checkpoint
72.58965492248535,HIGHRES_IMU,105,74,checkpoint
72.58966493606567,LOCAL_POSITION_NED,32,40,checkpoint
72.58967304229736,ALTITUDE,141,44,checkpoint
72.58968591690063,ODOMETRY,331,244,checkpoint
72.58969497680664,ATTITUDE_QUATERNION,31,44,checkpoint
72.58973693847656,ATTITUDE_TARGET,83,48,checkpoint
72.5897479057312,GPS_RAW_INT,24,56,checkpoint
72.58975410461426,POSITION_TARGET_LOCAL_NED,85,63,checkpoint
72.58975911140442,SERVO_OUTPUT_RAW,36,24,checkpoint
72.5897650718689,SYS_STATUS,1,52,checkpoint
72.58977103233337,VFR_HUD,74,31,checkpoint
72.5936529636383,ATTITUDE_QUATERNION,31,44,checkpoint
72.59371995925903,GLOBAL_POSITION_INT,33,40,checkpoint
72.59373307228088,POSITION_TARGET_LOCAL_NED,85,63,checkpoint
72.59768199920654,ATTITUDE,30,40,checkpoint
72.60163998603821,ATTITUDE_TARGET,83,48,checkpoint
72.60569310188293,ATTITUDE,30,40,checkpoint
72.60574102401733,ATTITUDE,30,40,checkpoint
72.60576796531677,GLOBAL_POSITION_INT,33,40,checkpoint
72.60955095291138,LOCAL_POSITION_NED,32,40,checkpoint
72.6096019744873,SERVO_OUTPUT_RAW,36,24,checkpoint
72.6096179485321,HIGHRES_IMU,105,73,checkpoint
72.60968089103699,ATTITUDE_QUATERNION,31,44,checkpoint
72.61371397972107,ATTITUDE_QUATERNION,31,44,checkpoint
72.61375594139099,GLOBAL_POSITION_INT,33,40,checkpoint
72.61376905441284,POSITION_TARGET_LOCAL_NED,85,63,checkpoint
72.61787509918213,ATTITUDE,30,40,checkpoint
72.62177896499634,ATTITUDE_TARGET,83,48,checkpoint
72.62672209739685,LOCAL_POSITION_NED,32,40,checkpoint
72.62680101394653,ATTITUDE,30,40,checkpoint
72.62682890892029,ODOMETRY,331,244,checkpoint
72.62684893608093,GLOBAL_POSITION_INT,33,40,checkpoint
72.62685489654541,GPS_RAW_INT,24,56,checkpoint
72.62728691101074,ATTITUDE,30,40,checkpoint
72.63082909584045,LOCAL_POSITION_NED,32,40,checkpoint
72.63083696365356,HIGHRES_IMU,105,73,checkpoint
72.63088893890381,SERVO_OUTPUT_RAW,36,24,checkpoint
72.63089489936829,ATTITUDE_QUATERNION,31,44,checkpoint
72.63367700576782,ATTITUDE_QUATERNION,31,44,checkpoint
72.63370609283447,GLOBAL_POSITION_INT,33,40,checkpoint
72.63371801376343,POSITION_TARGET_LOCAL_NED,85,63,checkpoint
72.63775706291199,ATTITUDE,30,40,checkpoint
72.64159989356995,ATTITUDE_TARGET,83,48,checkpoint
72.64597606658936,ATTITUDE,30,40,checkpoint
72.64602899551392,ATTITUDE,30,40,checkpoint
72.64611101150513,GLOBAL_POSITION_INT,33,40,checkpoint
72.64974403381348,LOCAL_POSITION_NED,32,40,checkpoint
72.64977788925171,HIGHRES_IMU,105,74,checkpoint
72.64980506896973,ATTITUDE_QUATERNION,31,44,checkpoint
72.64981007575989,SERVO_OUTPUT_RAW,36,24,checkpoint
72.65368509292603,ATTITUDE_QUATERNION,31,44,checkpoint
72.65375709533691,GLOBAL_POSITION_INT,33,40,checkpoint
72.65376901626587,POSITION_TARGET_LOCAL_NED,85,63,checkpoint
72.65773510932922,LOCAL_POSITION_NED,32,40,checkpoint
72.65775609016418,ATTITUDE,30,40,checkpoint
72.65776896476746,ODOMETRY,331,244,checkpoint
72.6577799320221,GPS_RAW_INT,24,56,checkpoint
72.66176104545593,ATTITUDE_TARGET,83,48,checkpoint
72.66567301750183,ATTITUDE,30,40,checkpoint
72.66574597358704,ATTITUDE,30,40,checkpoint
72.66583800315857,GLOBAL_POSITION_INT,33,40,checkpoint
72.66967010498047,LOCAL_POSITION_NED,32,40,checkpoint
72.66967797279358,HIGHRES_IMU,105,73,checkpoint
72.6697371006012,ATTITUDE_QUATERNION,31,44,checkpoint
72.6697371006012,SERVO_OUTPUT_RAW,36,24,checkpoint
72.67377495765686,ATTITUDE_QUATERNION,31,44,checkpoint
72.67384195327759,GLOBAL_POSITION_INT,33,40,checkpoint
72.67385601997375,POSITION_TARGET_LOCAL_NED,85,63,checkpoint
72.67799496650696,ATTITUDE,30,40,checkpoint
72.68173289299011,ATTITUDE_TARGET,83,48,checkpoint
72.68585801124573,ATTITUDE,30,40,checkpoint
72.6859290599823,ATTITUDE,30,40,checkpoint
72.68595504760742,GLOBAL_POSITION_INT,33,40,checkpoint
72.6859679222107,POSITION_TARGET_GLOBAL_INT,87,63,checkpoint
72.68991088867188,LOCAL_POSITION_NED,32,40,checkpoint
72.68993592262268,SERVO_OUTPUT_RAW,36,24,checkpoint
72.69125008583069,TIMESYNC,111,25,checkpoint
72.6912739276886,HIGHRES_IMU,105,74,checkpoint
72.6912829875946,LOCAL_POSITION_NED,32,40,checkpoint
72.69129204750061,ALTITUDE,141,44,checkpoint
72.69130396842957,ODOMETRY,331,244,checkpoint
72.69131207466125,ATTITUDE_QUATERNION,31,44,checkpoint
72.69131898880005,ATTITUDE_TARGET,83,48,checkpoint
72.69132900238037,GPS_RAW_INT,24,56,checkpoint
72.69133806228638,POSITION_TARGET_LOCAL_NED,85,63,checkpoint
72.6913480758667,SERVO_OUTPUT_RAW,36,24,checkpoint
72.69135689735413,VFR_HUD,74,31,checkpoint
72.69455695152283,ATTITUDE_QUATERNION,31,44,checkpoint
72.69462895393372,GLOBAL_POSITION_INT,33,40,checkpoint
72.69464302062988,POSITION_TARGET_LOCAL_NED,85,63,checkpoint
72.69814491271973,ATTITUDE,30,40,checkpoint
72.7017080783844,HEARTBEAT,0,21,checkpoint
72.7017719745636,ALTITUDE,141,44,checkpoint
72.70178389549255,ATTITUDE_TARGET,83,48,checkpoint
72.70179295539856,BATTERY_STATUS,147,53,checkpoint
72.70179891586304,UNKNOWN_436,-2,21,checkpoint
72.7018051147461,ESTIMATOR_STATUS,230,54,checkpoint
72.70181107521057,EXTENDED_SYS_STATE,245,14,checkpoint
72.70181608200073,GPS_RAW_INT,24,56,checkpoint
72.70182204246521,HOME_POSITION,242,67,checkpoint
72.701828956604,OPEN_DRONE_ID_LOCATION,12901,70,checkpoint
72.70183396339417,OPEN_DRONE_ID_SYSTEM,12904,37,checkpoint
72.70183992385864,SCALED_PRESSURE,29,26,checkpoint
72.7018461227417,SYS_STATUS,1,52,checkpoint
72.70185089111328,VFR_HUD,74,31,checkpoint
72.70185589790344,UNKNOWN_8,-2,33,checkpoint
72.7056770324707,ATTITUDE,30,40,checkpoint
72.70586109161377,ATTITUDE,30,40,checkpoint
72.70593690872192,GLOBAL_POSITION_INT,33,40,checkpoint
72.7100191116333,LOCAL_POSITION_NED,32,40,checkpoint
72.71007895469666,SERVO_OUTPUT_RAW,36,24,checkpoint
72.7104389667511,HIGHRES_IMU,105,74,checkpoint
72.7104640007019,ATTITUDE_QUATERNION,31,44,checkpoint

95.75885200500488,ATTITUDE_TARGET,83,48,other
95.76193189620972,ATTITUDE,30,40,other
95.76196694374084,ATTITUDE,30,40,other
95.76199698448181,GLOBAL_POSITION_INT,33,40,other
95.7657699584961,LOCAL_POSITION_NED,32,40,other
95.76579189300537,SERVO_OUTPUT_RAW,36,24,other
95.76583290100098,HIGHRES_IMU,105,74,other
95.76588606834412,ATTITUDE_QUATERNION,31,44,other
95.76989197731018,ATTITUDE_QUATERNION,31,44,other
95.76992106437683,GLOBAL_POSITION_INT,33,40,other
95.76993203163147,POSITION_TARGET_LOCAL_NED,85,63,other
95.7739679813385,ATTITUDE,30,40,other
95.77405500411987,GPS_RAW_INT,24,56,other
95.77791810035706,ATTITUDE_TARGET,83,48,other
95.78182101249695,ATTITUDE,30,40,other
95.78182601928711,ATTITUDE,30,40,other
95.78184390068054,GLOBAL_POSITION_INT,33,40,other
95.78185606002808,POSITION_TARGET_GLOBAL_INT,87,63,other
95.78598809242249,TIMESYNC,111,25,other
95.78600096702576,LOCAL_POSITION_NED,32,40,other
95.7860779762268,SERVO_OUTPUT_RAW,36,24,other
95.78608393669128,HIGHRES_IMU,105,74,other
95.7861020565033,LOCAL_POSITION_NED,32,40,other
95.78611612319946,ALTITUDE,141,44,other
95.78613591194153,ODOMETRY,331,244,other
95.7861499786377,ATTITUDE_QUATERNION,31,44,other
95.78616309165955,ATTITUDE_TARGET,83,48,other
95.78618097305298,POSITION_TARGET_LOCAL_NED,85,63,other
95.78619289398193,SERVO_OUTPUT_RAW,36,24,other
95.7862160205841,SYS_STATUS,1,52,other
95.78623104095459,VFR_HUD,74,31,other
95.78979396820068,ATTITUDE_QUATERNION,31,44,other
95.78985404968262,GLOBAL_POSITION_INT,33,40,other
95.78986811637878,POSITION_TARGET_LOCAL_NED,85,63,other
95.79397702217102,ATTITUDE,30,40,other
95.79787302017212,ATTITUDE_TARGET,83,48,other
95.8022449016571,ATTITUDE,30,40,other
95.80230212211609,ATTITUDE,30,40,other
95.80232000350952,GLOBAL_POSITION_INT,33,40,other
95.80638194084167,HIGHRES_IMU,105,73,other
95.80639410018921,LOCAL_POSITION_NED,32,40,other
95.8064169883728,SERVO_OUTPUT_RAW,36,24,other
95.8064489364624,ATTITUDE_QUATERNION,31,44,other
95.80978989601135,GPS_RAW_INT,24,56,other
95.80982995033264,ATTITUDE_QUATERNION,31,44,other
95.80989789962769,GLOBAL_POSITION_INT,33,40,other
95.80991005897522,POSITION_TARGET_LOCAL_NED,85,63,other
95.81012105941772,HEARTBEAT,0,21,other
95.81392502784729,ATTITUDE,30,40,other
95.8146460056305,HEARTBEAT,0,21,other
95.81779599189758,ATTITUDE_TARGET,83,48,other
95.81785607337952,LOCAL_POSITION_NED,32,40,other
95.81791305541992,ODOMETRY,331,244,other
95.82192897796631,ATTITUDE,30,40,other
95.8223979473114,ATTITUDE,30,40,other
95.82242393493652,GLOBAL_POSITION_INT,33,40,other
95.82590103149414,HIGHRES_IMU,105,73,other
95.82592511177063,LOCAL_POSITION_NED,32,40,other
95.82592511177063,ATTITUDE_QUATERNION,31,44,other
95.82596898078918,SERVO_OUTPUT_RAW,36,24,other
95.82996606826782,ATTITUDE_QUATERNION,31,44,other
95.82999396324158,GLOBAL_POSITION_INT,33,40,other
95.83000612258911,POSITION_TARGET_LOCAL_NED,85,63,other
95.833909034729,ATTITUDE,30,40,other
95.83806896209717,ATTITUDE_TARGET,83,48,other
95.84205794334412,ATTITUDE,30,40,other
95.84207606315613,ATTITUDE,30,40,other
95.84214210510254,GLOBAL_POSITION_INT,33,40,other
95.8421540260315,GPS_RAW_INT,24,56,other
95.84599900245667,HIGHRES_IMU,105,74,other
95.84601998329163,LOCAL_POSITION_NED,32,40,other
95.84607291221619,ATTITUDE_QUATERNION,31,44,other
95.8460910320282,SERVO_OUTPUT_RAW,36,24,other
95.84992599487305,ATTITUDE_QUATERNION,31,44,other
95.84995007514954,GLOBAL_POSITION_INT,33,40,other
95.84996104240417,POSITION_TARGET_LOCAL_NED,85,63,other
95.85379409790039,LOCAL_POSITION_NED,32,40,other
95.85386300086975,ATTITUDE,30,40,other
95.85387802124023,ODOMETRY,331,244,other
95.85798406600952,ATTITUDE_TARGET,83,48,other
95.86178708076477,ATTITUDE,30,40,other
95.86179399490356,ATTITUDE,30,40,other
95.86182188987732,GLOBAL_POSITION_INT,33,40,other
95.86575102806091,HIGHRES_IMU,105,73,other
95.86577701568604,LOCAL_POSITION_NED,32,40,other
95.86580896377563,ATTITUDE_QUATERNION,31,44,other
95.86583805084229,SERVO_OUTPUT_RAW,36,24,other
95.86977505683899,ATTITUDE_QUATERNION,31,44,other
95.86984205245972,GLOBAL_POSITION_INT,33,40,other
95.8698570728302,POSITION_TARGET_LOCAL_NED,85,63,other
95.8744330406189,ATTITUDE,30,40,other
95.87450790405273,GPS_RAW_INT,24,56,other
95.8779399394989,ATTITUDE_TARGET,83,48,other
95.88180899620056,ATTITUDE,30,40,other
95.8818359375,ATTITUDE,30,40,other
95.88183689117432,GLOBAL_POSITION_INT,33,40,other
95.88184905052185,POSITION_TARGET_GLOBAL_INT,87,63,other
95.88591289520264,TIMESYNC,111,25,other
95.88593411445618,LOCAL_POSITION_NED,32,40,other
95.88594007492065,HIGHRES_IMU,105,74,other
95.88594889640808,LOCAL_POSITION_NED,32,40,other
95.88595700263977,ALTITUDE,141,44,other
95.88595795631409,SERVO_OUTPUT_RAW,36,24,other
95.88596796989441,ODOMETRY,331,244,other
95.88602590560913,ATTITUDE_QUATERNION,31,44,other
95.8860559463501,ATTITUDE_TARGET,83,48,other
95.88607096672058,POSITION_TARGET_LOCAL_NED,85,63,other
95.88608002662659,SERVO_OUTPUT_RAW,36,24,other
95.88609004020691,VFR_HUD,74,31,other
95.88990092277527,ATTITUDE_QUATERNION,31,44,other
95.88996505737305,GLOBAL_POSITION_INT,33,40,other
95.88997912406921,POSITION_TARGET_LOCAL_NED,85,63,other
95.89382004737854,ATTITUDE,30,40,other
95.89786911010742,HEARTBEAT,0,21,other
95.89792799949646,ALTITUDE,141,44,other
95.89793992042542,ATTITUDE_TARGET,83,48,other
95.89795207977295,EXTENDED_SYS_STATE,245,14,other
95.89796090126038,GPS_RAW_INT,24,56,other
95.89797401428223,OPEN_DRONE_ID_LOCATION,12901,70,other
95.89798092842102,OPEN_DRONE_ID_SYSTEM,12904,37,other
95.89799094200134,SCALED_PRESSURE,29,26,other
95.89800095558167,SYS_STATUS,1,52,other
95.89800906181335,VFR_HUD,74,31,other
95.89801692962646,UNKNOWN_8,-2,33,other
95.90187191963196,ATTITUDE,30,40,other
95.90189695358276,ATTITUDE,30,40,other
95.90193510055542,GLOBAL_POSITION_INT,33,40,other
95.9059190750122,HIGHRES_IMU,105,74,other
95.9059510231018,LOCAL_POSITION_NED,32,40,other
95.90598106384277,ATTITUDE_QUATERNION,31,44,other
95.90599012374878,GPS_RAW_INT,24,56,other
95.9060389995575,SERVO_OUTPUT_RAW,36,24,other
95.90984392166138,ATTITUDE_QUATERNION,31,44,other
95.9098711013794,GLOBAL_POSITION_INT,33,40,other
95.90988302230835,POSITION_TARGET_LOCAL_NED,85,63,other
95.91386604309082,ATTITUDE,30,40,other
95.91846108436584,ATTITUDE_TARGET,83,48,other
95.91863703727722,LOCAL_POSITION_NED,32,40,other
95.91865706443787,ODOMETRY,331,244,other
95.92381310462952,ATTITUDE,30,40,other
95.92848491668701,ATTITUDE,30,40,other
95.92851495742798,GLOBAL_POSITION_INT,33,40,other
95.92925596237183,HIGHRES_IMU,105,73,other
95.92930102348328,LOCAL_POSITION_NED,32,40,other
95.92931604385376,ATTITUDE_QUATERNION,31,44,other
95.92931890487671,SERVO_OUTPUT_RAW,36,24,other
95.93098211288452,ATTITUDE_QUATERNION,31,44,other
95.93101096153259,GLOBAL_POSITION_INT,33,40,other
95.93102097511292,POSITION_TARGET_LOCAL_NED,85,63,other
95.93388295173645,ATTITUDE,30,40,other
95.93802404403687,ATTITUDE_TARGET,83,48,other
95.94187903404236,ATTITUDE,30,40,other
95.94191789627075,ATTITUDE,30,40,other
95.94194793701172,GLOBAL_POSITION_INT,33,40,other
95.94196009635925,GPS_RAW_INT,24,56,other
95.94581508636475,LOCAL_POSITION_NED,32,40,other
95.94583892822266,SERVO_OUTPUT_RAW,36,24,other
95.9458429813385,HIGHRES_IMU,105,73,other
95.94587206840515,ATTITUDE_QUATERNION,31,44,other
95.9499990940094,ATTITUDE_QUATERNION,31,44,other
95.95005893707275,GLOBAL_POSITION_INT,33,40,other
95.95006799697876,POSITION_TARGET_LOCAL_NED,85,63,other
95.95382308959961,LOCAL_POSITION_NED,32,40,other
95.95388698577881,ATTITUDE,30,40,other
95.95390701293945,ODOMETRY,331,244,other
95.9580500125885,ATTITUDE_TARGET,83,48,other
95.96226191520691,ATTITUDE,30,40,other
95.96228098869324,ATTITUDE,30,40,other
95.96229195594788,GLOBAL_POSITION_INT,33,40,other
95.96612095832825,HIGHRES_IMU,105,74,other
95.96616005897522,LOCAL_POSITION_NED,32,40,other
95.96618604660034,ATTITUDE_QUATERNION,31,44,other
95.966313123703,SERVO_OUTPUT_RAW,36,24,other
95.96984505653381,ATTITUDE_QUATERNION,31,44,other
95.96990895271301,GLOBAL_POSITION_INT,33,40,other
95.96992206573486,POSITION_TARGET_LOCAL_NED,85,63,other
95.97389006614685,ATTITUDE,30,40,other
95.97395300865173,GPS_RAW_INT,24,56,other
95.97782111167908,ATTITUDE_TARGET,83,48,other
95.98196911811829,ATTITUDE,30,40,other
95.98201107978821,GLOBAL_POSITION_INT,33,40,other
95.98202204704285,POSITION_TARGET_GLOBAL_INT,87,63,other
95.98202395439148,ATTITUDE,30,40,other
95.98598504066467,TIMESYNC,111,25,other
95.98604607582092,LOCAL_POSITION_NED,32,40,other
95.98606491088867,HIGHRES_IMU,105,73,other
95.9860770702362,LOCAL_POSITION_NED,32,40,other
95.98608493804932,ALTITUDE,141,44,other
95.98609709739685,ODOMETRY,331,244,other
95.98611211776733,SERVO_OUTPUT_RAW,36,24,other
95.98615407943726,ATTITUDE_QUATERNION,31,44,other
95.9861650466919,ATTITUDE_TARGET,83,48,other
95.98617792129517,POSITION_TARGET_LOCAL_NED,85,63,other
95.98618602752686,SERVO_OUTPUT_RAW,36,24,other
95.98621892929077,SYS_STATUS,1,52,other
95.98623299598694,VFR_HUD,74,31,other
95.98981308937073,ATTITUDE_QUATERNION,31,44,other
95.98983907699585,GLOBAL_POSITION_INT,33,40,other
95.9898509979248,POSITION_TARGET_LOCAL_NED,85,63,other
95.99391102790833,ATTITUDE,30,40,other
95.99880290031433,ATTITUDE_TARGET,83,48,other
96.0019600391388,ATTITUDE,30,40,other
96.00202298164368,ATTITUDE,30,40,other
96.0020899772644,GLOBAL_POSITION_INT,33,40,other
96.00584411621094,LOCAL_POSITION_NED,32,40,other
96.00590109825134,SERVO_OUTPUT_RAW,36,24,other
96.0059220790863,HIGHRES_IMU,105,73,other
96.00595498085022,ATTITUDE_QUATERNION,31,44,other
96.00601005554199,GPS_RAW_INT,24,56,other
96.01001191139221,ATTITUDE_QUATERNION,31,44,other
96.01011395454407,GLOBAL_POSITION_INT,33,40,other
96.01013708114624,POSITION_TARGET_LOCAL_NED,85,63,other
96.01431202888489,ATTITUDE,30,40,other
96.01814699172974,LOCAL_POSITION_NED,32,40,other
96.01816201210022,ATTITUDE_TARGET,83,48,other
96.01828694343567,ODOMETRY,331,244,other
96.02209091186523,ATTITUDE,30,40,other
96.02215003967285,ATTITUDE,30,40,other
96.0221939086914,GLOBAL_POSITION_INT,33,40,other
96.02598404884338,HIGHRES_IMU,105,74,other
96.02602100372314,LOCAL_POSITION_NED,32,40,other
96.0260419845581,SERVO_OUTPUT_RAW,36,24,other
96.02604293823242,ATTITUDE_QUATERNION,31,44,other
96.03003406524658,ATTITUDE_QUATERNION,31,44,other
96.0300600528717,GLOBAL_POSITION_INT,33,40,other
96.03007197380066,POSITION_TARGET_LOCAL_NED,85,63,other
96.03721189498901,ATTITUDE,30,40,other
96.03731608390808,GPS_RAW_INT,24,56,other
96.03854703903198,ATTITUDE_TARGET,83,48,other
96.04176712036133,ATTITUDE,30,40,other
96.04178595542908,ATTITUDE,30,40,other
96.041827917099,GLOBAL_POSITION_INT,33,40,other
96.04586601257324,HIGHRES_IMU,105,74,other
96.04589295387268,LOCAL_POSITION_NED,32,40,other
96.04591488838196,SERVO_OUTPUT_RAW,36,24,other
96.04629802703857,ATTITUDE_QUATERNION,31,44,other
96.05029296875,ATTITUDE_QUATERNION,31,44,other
96.05036807060242,GLOBAL_POSITION_INT,33,40,other
96.05038189888,POSITION_TARGET_LOCAL_NED,85,63,other
96.05392003059387,LOCAL_POSITION_NED,32,40,other
96.05394911766052,ATTITUDE,30,40,other
96.05396103858948,ODOMETRY,331,244,other
96.05788803100586,ATTITUDE_TARGET,83,48,other
96.0618360042572,ATTITUDE,30,40,other
96.061851978302,ATTITUDE,30,40,other
96.06190800666809,GLOBAL_POSITION_INT,33,40,other
96.06589007377625,HIGHRES_IMU,105,73,other
96.06592893600464,LOCAL_POSITION_NED,32,40,other
96.0659499168396,SERVO_OUTPUT_RAW,36,24,other
96.06595301628113,ATTITUDE_QUATERNION,31,44,other
96.07001304626465,ATTITUDE_QUATERNION,31,44,other
96.07010006904602,GLOBAL_POSITION_INT,33,40,other
96.0701220035553,POSITION_TARGET_LOCAL_NED,85,63,other
96.07390308380127,ATTITUDE,30,40,other
96.07406806945801,GPS_RAW_INT,24,56,other
96.07810401916504,ATTITUDE_TARGET,83,48,other
96.08217096328735,ATTITUDE,30,40,other
96.08219695091248,ATTITUDE,30,40,other
96.08220911026001,GLOBAL_POSITION_INT,33,40,other
96.08222198486328,POSITION_TARGET_GLOBAL_INT,87,63,other
96.0859489440918,TIMESYNC,111,25,other
96.08599901199341,LOCAL_POSITION_NED,32,40,other
96.08601498603821,HIGHRES_IMU,105,74,other
96.086021900177,SERVO_OUTPUT_RAW,36,24,other
96.08602595329285,LOCAL_POSITION_NED,32,40,other
96.08603501319885,ALTITUDE,141,44,other
96.08604598045349,ODOMETRY,331,244,other
96.0860550403595,ATTITUDE_QUATERNION,31,44,other
96.08606290817261,ATTITUDE_TARGET,83,48,other
96.08607602119446,POSITION_TARGET_LOCAL_NED,85,63,other
96.08608508110046,SERVO_OUTPUT_RAW,36,24,other
96.08609294891357,VFR_HUD,74,31,other
96.09010195732117,ATTITUDE_QUATERNION,31,44,other
96.09017896652222,GLOBAL_POSITION_INT,33,40,other
96.0901939868927,POSITION_TARGET_LOCAL_NED,85,63,other
96.09381794929504,ATTITUDE,30,40,other
96.09811496734619,ATTITUDE_TARGET,83,48,other
96.09819412231445,GPS_RAW_INT,24,56,other
96.10182404518127,ATTITUDE,30,40,other
96.10260510444641,ATTITUDE,30,40,other
96.10263204574585,GLOBAL_POSITION_INT,33,40,other
96.10600090026855,LOCAL_POSITION_NED,32,40,other
96.10600805282593,HIGHRES_IMU,105,73,other
96.10605692863464,SERVO_OUTPUT_RAW,36,24,other
96.10607194900513,ATTITUDE_QUATERNION,31,44,other
96.10608506202698,GPS_RAW_INT,24,56,other
96.10984396934509,ATTITUDE_QUATERNION,31,44,other
96.10987305641174,GLOBAL_POSITION_INT,33,40,other
96.10988593101501,POSITION_TARGET_LOCAL_NED,85,63,other
96.11381793022156,ATTITUDE,30,40,other
96.11788392066956,LOCAL_POSITION_NED,32,40,other
96.11790108680725,ATTITUDE_TARGET,83,48,other
96.1179130077362,ODOMETRY,331,244,other
96.12196803092957,ATTITUDE,30,40,other
96.12197303771973,ATTITUDE,30,40,other
96.12200093269348,GLOBAL_POSITION_INT,33,40,other
96.12582898139954,HIGHRES_IMU,105,73,other
96.12582898139954,LOCAL_POSITION_NED,32,40,other
96.12585091590881,ATTITUDE_QUATERNION,31,44,other
96.12589311599731,SERVO_OUTPUT_RAW,36,24,other
96.13010311126709,ATTITUDE_QUATERNION,31,44,other
96.13013005256653,GLOBAL_POSITION_INT,33,40,other
96.13014197349548,POSITION_TARGET_LOCAL_NED,85,63,other
96.13432097434998,ATTITUDE,30,40,other
96.13808107376099,GPS_RAW_INT,24,56,other
96.13809895515442,ATTITUDE_TARGET,83,48,other
96.14186000823975,ATTITUDE,30,40,other
96.14188599586487,ATTITUDE,30,40,other
96.14192295074463,GLOBAL_POSITION_INT,33,40,other
96.14601302146912,HIGHRES_IMU,105,74,other
96.14603996276855,LOCAL_POSITION_NED,32,40,other
96.14610195159912,ATTITUDE_QUATERNION,31,44,other
96.14612102508545,SERVO_OUTPUT_RAW,36,24,other
96.14984011650085,ATTITUDE_QUATERNION,31,44,other
96.14990210533142,GLOBAL_POSITION_INT,33,40,other
96.14991688728333,POSITION_TARGET_LOCAL_NED,85,63,other
96.14992690086365,VFR_HUD,74,31,other
96.1540539264679,LOCAL_POSITION_NED,32,40,other
96.15407991409302,ATTITUDE,30,40,other
96.15409302711487,ODOMETRY,331,244,other
96.1585259437561,ATTITUDE_TARGET,83,48,other
96.16286206245422,ATTITUDE,30,40,other
96.16309690475464,ATTITUDE,30,40,other
96.16312098503113,GLOBAL_POSITION_INT,33,40,other
96.16576290130615,HIGHRES_IMU,105,74,other
96.16577100753784,LOCAL_POSITION_NED,32,40,other
96.16584205627441,SERVO_OUTPUT_RAW,36,24,other
96.1658570766449,ATTITUDE_QUATERNION,31,44,other
96.16985607147217,GPS_RAW_INT,24,56,other
96.16985607147217,ATTITUDE_QUATERNION,31,44,other
96.16991400718689,GLOBAL_POSITION_INT,33,40,other
96.16992712020874,POSITION_TARGET_LOCAL_NED,85,63,other
96.17384696006775,ATTITUDE,30,40,other
96.17788696289062,ATTITUDE_TARGET,83,48,other
96.18191003799438,ATTITUDE,30,40,other
96.18193197250366,ATTITUDE,30,40,other
96.18193793296814,GLOBAL_POSITION_INT,33,40,other
96.18194890022278,POSITION_TARGET_GLOBAL_INT,87,63,other
96.18583989143372,HEARTBEAT,0,21,other
96.18592405319214,TIMESYNC,111,25,other
96.18593907356262,LOCAL_POSITION_NED,32,40,other
96.18594598770142,HIGHRES_IMU,105,74,other
96.18597292900085,LOCAL_POSITION_NED,32,40,other
96.18598294258118,ALTITUDE,141,44,other
96.18599700927734,ODOMETRY,331,244,other
96.18600702285767,SERVO_OUTPUT_RAW,36,24,other
96.1860101222992,ATTITUDE_QUATERNION,31,44,other
96.18602108955383,ATTITUDE_TARGET,83,48,other
96.18603205680847,ESTIMATOR_STATUS,230,54,other
96.1860420703888,EXTENDED_SYS_STATE,245,14,other
96.1860580444336,OPEN_DRONE_ID_LOCATION,12901,70,other
96.18606805801392,OPEN_DRONE_ID_SYSTEM,12904,37,other
96.18607711791992,PING,4,21,other
96.18608689308167,POSITION_TARGET_LOCAL_NED,85,63,other
96.18609690666199,SCALED_PRESSURE,29,26,other
96.18617701530457,SERVO_OUTPUT_RAW,36,24,other
96.18619108200073,SYS_STATUS,1,52,other
96.18619990348816,SYSTEM_TIME,2,23,other
96.18621110916138,VFR_HUD,74,31,other
96.18621897697449,UNKNOWN_8,-2,34,other
96.1881160736084,PING,4,26,other
96.18995404243469,ATTITUDE_QUATERNION,31,44,other
96.19005393981934,GLOBAL_POSITION_INT,33,40,other
96.19007205963135,POSITION_TARGET_LOCAL_NED,85,63,other
96.19420289993286,ATTITUDE,30,40,other
96.19783210754395,ATTITUDE_TARGET,83,48,other
96.20194506645203,ATTITUDE,30,40,other
96.20200490951538,ATTITUDE,30,40,other
96.20200896263123,GLOBAL_POSITION_INT,33,40,other
96.20598292350769,HIGHRES_IMU,105,74,other
96.20600700378418,LOCAL_POSITION_NED,32,40,other
96.20605611801147,ATTITUDE_QUATERNION,31,44,other
96.20606899261475,GPS_RAW_INT,24,56,other
96.20607304573059,SERVO_OUTPUT_RAW,36,24,other
96.21008396148682,ATTITUDE_QUATERNION,31,44,other
96.21015310287476,GLOBAL_POSITION_INT,33,40,other
96.21016502380371,POSITION_TARGET_LOCAL_NED,85,63,other
96.21385192871094,ATTITUDE,30,40,other
96.21792697906494,LOCAL_POSITION_NED,32,40,other
96.21800088882446,ODOMETRY,331,244,other
96.21800589561462,ATTITUDE_TARGET,83,48,other
96.22193789482117,ATTITUDE,30,40,other
96.22198605537415,GLOBAL_POSITION_INT,33,40,other
96.22204899787903,ATTITUDE,30,40,other
96.22582912445068,LOCAL_POSITION_NED,32,40,other
96.22588109970093,SERVO_OUTPUT_RAW,36,24,other
96.22591304779053,HIGHRES_IMU,105,73,other
96.22593307495117,ATTITUDE_QUATERNION,31,44,other
96.22977709770203,ATTITUDE_QUATERNION,31,44,other
96.22983908653259,GLOBAL_POSITION_INT,33,40,other
96.22985196113586,POSITION_TARGET_LOCAL_NED,85,63,other
96.23396301269531,ATTITUDE,30,40,other
96.23772406578064,ATTITUDE_TARGET,83,48,other
96.23812890052795,GPS_RAW_INT,24,56,other
96.23826193809509,HEARTBEAT,0,21,other
96.24276804924011,ATTITUDE,30,40,other
96.24279689788818,ATTITUDE,30,40,other
96.24279999732971,GLOBAL_POSITION_INT,33,40,other
96.24281406402588,HEARTBEAT,0,21,other
96.24594306945801,LOCAL_POSITION_NED,32,40,other
96.24596405029297,SERVO_OUTPUT_RAW,36,24,other
96.24620795249939,HIGHRES_IMU,105,73,other
96.24622893333435,ATTITUDE_QUATERNION,31,44,other
96.24996709823608,ATTITUDE_QUATERNION,31,44,other
96.25003910064697,GLOBAL_POSITION_INT,33,40,other
96.25006103515625,POSITION_TARGET_LOCAL_NED,85,63,other
96.25381898880005,LOCAL_POSITION_NED,32,40,other
96.2538731098175,ATTITUDE,30,40,other
96.25388789176941,ODOMETRY,331,244,other
96.25810289382935,ATTITUDE_TARGET,83,48,other
96.26206588745117,ATTITUDE,30,40,other
96.2620689868927,ATTITUDE,30,40,other
96.26210498809814,GLOBAL_POSITION_INT,33,40,other
96.26583695411682,HIGHRES_IMU,105,74,other
96.26586294174194,LOCAL_POSITION_NED,32,40,other
96.26586604118347,ATTITUDE_QUATERNION,31,44,other
96.26592898368835,SERVO_OUTPUT_RAW,36,24,other
96.26982307434082,GPS_RAW_INT,24,56,other
96.27052998542786,ATTITUDE_QUATERNION,31,44,other
96.2705910205841,GLOBAL_POSITION_INT,33,40,other
96.27060508728027,POSITION_TARGET_LOCAL_NED,85,63,other
96.27405500411987,ATTITUDE,30,40,other
96.27839398384094,ATTITUDE_TARGET,83,48,other
96.28179693222046,ATTITUDE,30,40,other
96.28184008598328,ATTITUDE,30,40,other
96.28185510635376,GLOBAL_POSITION_INT,33,40,other
96.28187108039856,POSITION_TARGET_GLOBAL_INT,87,63,other
96.28188705444336,POSITION_TARGET_GLOBAL_INT,87,63,other
96.28590106964111,TIMESYNC,111,25,other
96.28602504730225,HIGHRES_IMU,105,73,other
96.28603506088257,LOCAL_POSITION_NED,32,40,other
96.2860848903656,ALTITUDE,141,44,other
96.28609895706177,ODOMETRY,331,244,other
96.28610897064209,ATTITUDE_QUATERNION,31,44,other
96.28611493110657,ATTITUDE_TARGET,83,48,other
96.2861258983612,POSITION_TARGET_LOCAL_NED,85,63,other
96.28618693351746,SERVO_OUTPUT_RAW,36,24,other
96.28620505332947,VFR_HUD,74,31,other
96.28650212287903,LOCAL_POSITION_NED,32,40,other
96.28657007217407,SERVO_OUTPUT_RAW,36,24,other
96.2897698879242,ATTITUDE_QUATERNION,31,44,other
96.28983092308044,GLOBAL_POSITION_INT,33,40,other
96.2898440361023,POSITION_TARGET_LOCAL_NED,85,63,other
96.2939100265503,ATTITUDE,30,40,other
96.29849910736084,ATTITUDE_TARGET,83,48,other
96.29854011535645,GPS_RAW_INT,24,56,other
96.30174803733826,ATTITUDE,30,40,other
96.30177402496338,ATTITUDE,30,40,other
96.30180811882019,GLOBAL_POSITION_INT,33,40,other
96.30181789398193,GPS_RAW_INT,24,56,other
96.3059561252594,HIGHRES_IMU,105,74,other
96.30598711967468,ATTITUDE_QUATERNION,31,44,other
96.30621790885925,LOCAL_POSITION_NED,32,40,other
96.30630207061768,SERVO_OUTPUT_RAW,36,24,other
96.30993890762329,ATTITUDE_QUATERNION,31,44,other
96.30996489524841,GLOBAL_POSITION_INT,33,40,other
96.30997610092163,POSITION_TARGET_LOCAL_NED,85,63,other
96.3138120174408,ATTITUDE,30,40,other
96.31796503067017,LOCAL_POSITION_NED,32,40,other
96.31799006462097,ATTITUDE_TARGET,83,48,other
96.31799006462097,ODOMETRY,331,244,other
96.3219211101532,ATTITUDE,30,40,other
96.32194900512695,GLOBAL_POSITION_INT,33,40,other
96.32205390930176,ATTITUDE,30,40,other
96.32626104354858,HIGHRES_IMU,105,74,other
96.32628989219666,ATTITUDE_QUATERNION,31,44,other
96.32629895210266,LOCAL_POSITION_NED,32,40,other
96.32632303237915,SERVO_OUTPUT_RAW,36,24,other
96.3298671245575,ATTITUDE_QUATERNION,31,44,other
96.32988810539246,GLOBAL_POSITION_INT,33,40,other
96.32992196083069,POSITION_TARGET_LOCAL_NED,85,63,other
96.3338520526886,ATTITUDE,30,40,other
96.33791899681091,ATTITUDE_TARGET,83,48,other
96.3379259109497,GPS_RAW_INT,24,56,other
96.34204602241516,ATTITUDE,30,40,other
96.34206295013428,ATTITUDE,30,40,other
96.3420729637146,GLOBAL_POSITION_INT,33,40,other
96.34676504135132,HIGHRES_IMU,105,73,other
96.34682202339172,LOCAL_POSITION_NED,32,40,other
96.34683609008789,ATTITUDE_QUATERNION,31,44,other
96.34689211845398,SERVO_OUTPUT_RAW,36,24,other
96.34980797767639,ATTITUDE_QUATERNION,31,44,other
96.3498649597168,GLOBAL_POSITION_INT,33,40,other
96.34987807273865,POSITION_TARGET_LOCAL_NED,85,63,other
96.35403299331665,LOCAL_POSITION_NED,32,40,other
96.35409688949585,ATTITUDE,30,40,other
96.35411310195923,ODOMETRY,331,244,other
96.35781002044678,ATTITUDE_TARGET,83,48,other
96.3630120754242,ATTITUDE,30,40,other
96.363037109375,ATTITUDE,30,40,other
96.36309003829956,GLOBAL_POSITION_INT,33,40,other
96.36571002006531,LOCAL_POSITION_NED,32,40,other
96.36571407318115,HIGHRES_IMU,105,73,other
96.36576795578003,SERVO_OUTPUT_RAW,36,24,other
96.36577892303467,ATTITUDE_QUATERNION,31,44,other
96.37017703056335,GPS_RAW_INT,24,56,other
96.37023901939392,ATTITUDE_QUATERNION,31,44,other
96.37027096748352,GLOBAL_POSITION_INT,33,40,other
96.37028288841248,POSITION_TARGET_LOCAL_NED,85,63,other
96.37385296821594,ATTITUDE,30,40,other
96.37792992591858,ATTITUDE_TARGET,83,48,other
96.3819351196289,ATTITUDE,30,40,other
96.3820059299469,GLOBAL_POSITION_INT,33,40,other
96.3820230960846,POSITION_TARGET_GLOBAL_INT,87,63,other
96.38270211219788,ATTITUDE,30,40,other
96.38669490814209,TIMESYNC,111,25,other
96.38675308227539,LOCAL_POSITION_NED,32,40,other
96.38677597045898,HIGHRES_IMU,105,74,other
96.38678693771362,LOCAL_POSITION_NED,32,40,other
96.38679599761963,ALTITUDE,141,44,other
96.38680911064148,ODOMETRY,331,244,other
96.3868179321289,ATTITUDE_QUATERNION,31,44,other
96.38682389259338,SERVO_OUTPUT_RAW,36,24,other
96.38682699203491,ATTITUDE_TARGET,83,48,other
96.38684010505676,POSITION_TARGET_LOCAL_NED,85,63,other
96.38684892654419,SERVO_OUTPUT_RAW,36,24,other
96.38685989379883,SYS_STATUS,1,52,other
96.38686800003052,VFR_HUD,74,31,other
96.38992500305176,ATTITUDE_QUATERNION,31,44,other
96.38999199867249,GLOBAL_POSITION_INT,33,40,other
96.39000391960144,POSITION_TARGET_LOCAL_NED,85,63,other
96.39410090446472,ATTITUDE,30,40,other
96.39798402786255,ATTITUDE_TARGET,83,48,other
96.39805293083191,VFR_HUD,74,31,other
96.40184998512268,ATTITUDE,30,40,other
96.40187501907349,ATTITUDE,30,40,other
96.40187692642212,GLOBAL_POSITION_INT,33,40,other
96.40188598632812,GPS_RAW_INT,24,56,other
96.40585088729858,HIGHRES_IMU,105,73,other
96.40591597557068,ATTITUDE_QUATERNION,31,44,other
96.40599393844604,LOCAL_POSITION_NED,32,40,other
96.40608406066895,SERVO_OUTPUT_RAW,36,24,other
96.40987205505371,ATTITUDE_QUATERNION,31,44,other
96.4100399017334,GLOBAL_POSITION_INT,33,40,other
96.410227060318,POSITION_TARGET_LOCAL_NED,85,63,other
96.414057970047,ATTITUDE,30,40,other
96.41788792610168,ATTITUDE_TARGET,83,48,other
96.41790294647217,LOCAL_POSITION_NED,32,40,other
96.41796708106995,ODOMETRY,331,244,other
96.42187094688416,ATTITUDE,30,40,other
96.42188310623169,ATTITUDE,30,40,other
96.4219000339508,GLOBAL_POSITION_INT,33,40,other
96.42582392692566,HIGHRES_IMU,105,73,other
96.42584490776062,LOCAL_POSITION_NED,32,40,other
96.42586898803711,SERVO_OUTPUT_RAW,36,24,other
96.42588400840759,ATTITUDE_QUATERNION,31,44,other
96.42998909950256,ATTITUDE_QUATERNION,31,44,other
96.43010711669922,GLOBAL_POSITION_INT,33,40,other
96.43012189865112,POSITION_TARGET_LOCAL_NED,85,63,other
96.43388390541077,ATTITUDE,30,40,other
96.43391704559326,GPS_RAW_INT,24,56,other
96.438157081604,ATTITUDE_TARGET,83,48,other
96.44183611869812,ATTITUDE,30,40,other
96.44186496734619,ATTITUDE,30,40,other
96.44189596176147,GLOBAL_POSITION_INT,33,40,other
96.44612193107605,HIGHRES_IMU,105,74,other
96.4461510181427,LOCAL_POSITION_NED,32,40,other
96.44618105888367,ATTITUDE_QUATERNION,31,44,other
96.44621109962463,SERVO_OUTPUT_RAW,36,24,other
96.45010209083557,ATTITUDE_QUATERNION,31,44,other
96.45012998580933,GLOBAL_POSITION_INT,33,40,other
96.45014309883118,POSITION_TARGET_LOCAL_NED,85,63,other
96.45430207252502,LOCAL_POSITION_NED,32,40,other
96.45432901382446,ATTITUDE,30,40,other
96.45434308052063,ODOMETRY,331,244,other
96.45787191390991,ATTITUDE_TARGET,83,48,other
96.4618079662323,ATTITUDE,30,40,other
96.46182107925415,ATTITUDE,30,40,other
96.4618730545044,GLOBAL_POSITION_INT,33,40,other
96.46587705612183,HIGHRES_IMU,105,74,other
96.46590089797974,LOCAL_POSITION_NED,32,40,other
96.46592307090759,SERVO_OUTPUT_RAW,36,24,other
96.46593999862671,ATTITUDE_QUATERNION,31,44,other
96.4698441028595,GPS_RAW_INT,24,56,other
96.46987104415894,ATTITUDE_QUATERNION,31,44,other
96.46989512443542,GLOBAL_POSITION_INT,33,40,other
96.46990609169006,POSITION_TARGET_LOCAL_NED,85,63,other
96.47387099266052,ATTITUDE,30,40,other
96.47788190841675,ATTITUDE_TARGET,83,48,other
96.48192000389099,ATTITUDE,30,40,other
96.48192596435547,ATTITUDE,30,40,other
96.48195290565491,GLOBAL_POSITION_INT,33,40,other
96.48196601867676,POSITION_TARGET_GLOBAL_INT,87,63,other
96.48588109016418,LOCAL_POSITION_NED,32,40,other
96.48588109016418,TIMESYNC,111,25,other
96.4859459400177,HIGHRES_IMU,105,73,other
96.4859459400177,SERVO_OUTPUT_RAW,36,24,other
96.48595595359802,LOCAL_POSITION_NED,32,40,other
96.48596405982971,ALTITUDE,141,44,other
96.48597598075867,ODOMETRY,331,244,other
96.48598599433899,ATTITUDE_QUATERNION,31,44,other
96.48599290847778,ATTITUDE_TARGET,83,48,other
96.48600196838379,POSITION_TARGET_LOCAL_NED,85,63,other
96.48600697517395,SERVO_OUTPUT_RAW,36,24,other
96.48601198196411,VFR_HUD,74,31,other
96.49072504043579,ATTITUDE_QUATERNION,31,44,other
96.49080300331116,GLOBAL_POSITION_INT,33,40,other
96.49081707000732,POSITION_TARGET_LOCAL_NED,85,63,other
96.49378108978271,ATTITUDE,30,40,other
96.49794411659241,ATTITUDE_TARGET,83,48,other
96.49797296524048,GPS_RAW_INT,24,56,other
96.50190711021423,ATTITUDE,30,40,other
96.50193405151367,GLOBAL_POSITION_INT,33,40,other
96.5019359588623,ATTITUDE,30,40,other
96.501944065094,GPS_RAW_INT,24,56,other
96.5063259601593,HIGHRES_IMU,105,74,other
96.50639700889587,ATTITUDE_QUATERNION,31,44,other
96.50648093223572,LOCAL_POSITION_NED,32,40,other
96.50654196739197,SERVO_OUTPUT_RAW,36,24,other
96.50987792015076,ATTITUDE_QUATERNION,31,44,other
96.50990295410156,GLOBAL_POSITION_INT,33,40,other
96.50991702079773,POSITION_TARGET_LOCAL_NED,85,63,other
96.51391792297363,ATTITUDE,30,40,other
96.51426196098328,MISSION_CURRENT,42,22,other
96.51828408241272,LOCAL_POSITION_NED,32,40,other
96.51832103729248,ATTITUDE_TARGET,83,48,other
96.51836109161377,ODOMETRY,331,244,other
96.5218620300293,ATTITUDE,30,40,other
96.52188301086426,ATTITUDE,30,40,other
96.52189111709595,GLOBAL_POSITION_INT,33,40,other
96.52581906318665,HIGHRES_IMU,105,73,other
96.52584600448608,LOCAL_POSITION_NED,32,40,other
96.52586793899536,SERVO_OUTPUT_RAW,36,24,other
96.52587699890137,ATTITUDE_QUATERNION,31,44,other
96.52990007400513,ATTITUDE_QUATERNION,31,44,other
96.5299620628357,GLOBAL_POSITION_INT,33,40,other
96.52997493743896,POSITION_TARGET_LOCAL_NED,85,63,other
96.53391599655151,ATTITUDE,30,40,other
96.53401803970337,GPS_RAW_INT,24,56,other
96.53807401657104,ATTITUDE_TARGET,83,48,other
96.54191207885742,ATTITUDE,30,40,other
96.54191207885742,ATTITUDE,30,40,other
96.54197311401367,GLOBAL_POSITION_INT,33,40,other
96.54587292671204,HIGHRES_IMU,105,73,other
96.54591298103333,LOCAL_POSITION_NED,32,40,other
96.54594111442566,ATTITUDE_QUATERNION,31,44,other
96.54596590995789,SERVO_OUTPUT_RAW,36,24,other
96.55002498626709,ATTITUDE_QUATERNION,31,44,other
96.55009198188782,GLOBAL_POSITION_INT,33,40,other
96.55010104179382,POSITION_TARGET_LOCAL_NED,85,63,other
96.55387091636658,LOCAL_POSITION_NED,32,40,other
96.5539379119873,ATTITUDE,30,40,other
96.55394911766052,ODOMETRY,331,244,other
96.55801796913147,ATTITUDE_TARGET,83,48,other
96.56199312210083,ATTITUDE,30,40,other
96.56220889091492,GLOBAL_POSITION_INT,33,40,other
96.5622980594635,ATTITUDE,30,40,other
96.56665897369385,LOCAL_POSITION_NED,32,40,other
96.56671595573425,SERVO_OUTPUT_RAW,36,24,other
96.56675291061401,HIGHRES_IMU,105,74,other
96.56685304641724,ATTITUDE_QUATERNION,31,44,other
96.56686902046204,GPS_RAW_INT,24,56,other
96.56992506980896,ATTITUDE_QUATERNION,31,44,other
96.56998801231384,GLOBAL_POSITION_INT,33,40,other
96.56999611854553,POSITION_TARGET_LOCAL_NED,85,63,other
96.57387208938599,ATTITUDE,30,40,other
96.57813000679016,ATTITUDE_TARGET,83,48,other
96.5818018913269,ATTITUDE,30,40,other
96.58183312416077,ATTITUDE,30,40,other
96.58186602592468,GLOBAL_POSITION_INT,33,40,other
96.58188009262085,POSITION_TARGET_GLOBAL_INT,87,63,other
96.58576512336731,TIMESYNC,111,25,other
96.58579993247986,LOCAL_POSITION_NED,32,40,other
96.5858199596405,HIGHRES_IMU,105,74,other
96.58582997322083,LOCAL_POSITION_NED,32,40,other
96.58583807945251,ALTITUDE,141,44,other
96.5858519077301,ODOMETRY,331,244,other
96.58586001396179,ATTITUDE_QUATERNION,31,44,other
96.58586812019348,ATTITUDE_TARGET,83,48,other
96.58587789535522,SERVO_OUTPUT_RAW,36,24,other
96.58588194847107,POSITION_TARGET_LOCAL_NED,85,63,other
96.58589005470276,SERVO_OUTPUT_RAW,36,24,other
96.58590006828308,SYS_STATUS,1,52,other
96.58590888977051,VFR_HUD,74,31,other
96.59006309509277,ATTITUDE_QUATERNION,31,44,other
96.59014391899109,GLOBAL_POSITION_INT,33,40,other
96.59015989303589,POSITION_TARGET_LOCAL_NED,85,63,other
96.59399509429932,ATTITUDE,30,40,other
96.59813499450684,ATTITUDE_TARGET,83,48,other
96.6024489402771,ATTITUDE,30,40,other
96.60246992111206,ATTITUDE,30,40,other
96.6025218963623,GLOBAL_POSITION_INT,33,40,other
96.60253310203552,GPS_RAW_INT,24,56,other
96.60603499412537,HIGHRES_IMU,105,74,other
96.606036901474,LOCAL_POSITION_NED,32,40,other
96.60608506202698,ATTITUDE_QUATERNION,31,44,other
96.60609197616577,SERVO_OUTPUT_RAW,36,24,other
96.61011290550232,ATTITUDE_QUATERNION,31,44,other
96.61053991317749,GLOBAL_POSITION_INT,33,40,other
96.61082291603088,POSITION_TARGET_LOCAL_NED,85,63,other
96.61381196975708,ATTITUDE,30,40,other
96.61783409118652,LOCAL_POSITION_NED,32,40,other
96.61784410476685,ATTITUDE_TARGET,83,48,other
96.6178879737854,ODOMETRY,331,244,other
96.62180590629578,ATTITUDE,30,40,other
96.62182998657227,ATTITUDE,30,40,other
96.62183690071106,GLOBAL_POSITION_INT,33,40,other
96.62587094306946,HIGHRES_IMU,105,74,other
96.62588095664978,LOCAL_POSITION_NED,32,40,other
96.62593412399292,SERVO_OUTPUT_RAW,36,24,other
96.62593412399292,ATTITUDE_QUATERNION,31,44,other
96.63068795204163,ATTITUDE_QUATERNION,31,44,other
96.63077998161316,GLOBAL_POSITION_INT,33,40,other
96.63080191612244,POSITION_TARGET_LOCAL_NED,85,63,other
96.63369393348694,ATTITUDE,30,40,other
96.63374400138855,GPS_RAW_INT,24,56,other
96.63796901702881,ATTITUDE_TARGET,83,48,other
96.64180397987366,ATTITUDE,30,40,other
96.6418240070343,ATTITUDE,30,40,other
96.6418731212616,GLOBAL_POSITION_INT,33,40,other
96.64580392837524,HIGHRES_IMU,105,73,other
96.64585304260254,LOCAL_POSITION_NED,32,40,other
96.64586806297302,ATTITUDE_QUATERNION,31,44,other
96.6459538936615,SERVO_OUTPUT_RAW,36,24,other
96.64995002746582,ATTITUDE_QUATERNION,31,44,other
96.6499810218811,GLOBAL_POSITION_INT,33,40,other
96.64999294281006,POSITION_TARGET_LOCAL_NED,85,63,other
96.6500039100647,VFR_HUD,74,31,other
96.65400505065918,LOCAL_POSITION_NED,32,40,other
96.65407705307007,ATTITUDE,30,40,other
96.65409398078918,ODOMETRY,331,244,other
96.65785193443298,ATTITUDE_TARGET,83,48,other
96.66177701950073,ATTITUDE,30,40,other
96.66179990768433,ATTITUDE,30,40,other
96.66182708740234,GLOBAL_POSITION_INT,33,40,other
96.66597509384155,HIGHRES_IMU,105,73,other
96.66601395606995,ATTITUDE_QUATERNION,31,44,other
96.66602802276611,GPS_RAW_INT,24,56,other
96.66605496406555,LOCAL_POSITION_NED,32,40,other
96.6660749912262,SERVO_OUTPUT_RAW,36,24,other
96.67035603523254,ATTITUDE_QUATERNION,31,44,other
96.67043900489807,GLOBAL_POSITION_INT,33,40,other
96.67045402526855,POSITION_TARGET_LOCAL_NED,85,63,other
96.67376804351807,ATTITUDE,30,40,other
96.67779493331909,ATTITUDE_TARGET,83,48,other
96.68179106712341,ATTITUDE,30,40,other
96.68185591697693,ATTITUDE,30,40,other
96.68185591697693,GLOBAL_POSITION_INT,33,40,other
96.68187093734741,POSITION_TARGET_GLOBAL_INT,87,63,other
96.6861219406128,TIMESYNC,111,25,other
96.68613600730896,LOCAL_POSITION_NED,32,40,other
96.686194896698,SERVO_OUTPUT_RAW,36,24,other
96.6862530708313,HIGHRES_IMU,105,74,other
96.68626499176025,LOCAL_POSITION_NED,32,40,other
96.68627691268921,ALTITUDE,141,44,other
96.68629312515259,ODOMETRY,331,244,other
96.68631291389465,ATTITUDE_QUATERNION,31,44,other
96.68631911277771,ATTITUDE_TARGET,83,48,other
96.68633008003235,POSITION_TARGET_LOCAL_NED,85,63,other
96.68633699417114,SERVO_OUTPUT_RAW,36,24,other
96.68634510040283,VFR_HUD,74,31,other
96.69109511375427,ATTITUDE_QUATERNION,31,44,other
96.69124794006348,GLOBAL_POSITION_INT,33,40,other
96.69133996963501,POSITION_TARGET_LOCAL_NED,85,63,other
96.6937940120697,ATTITUDE,30,40,other
96.69798994064331,GPS_RAW_INT,24,56,other
96.69804692268372,ATTITUDE_TARGET,83,48,other
96.6981110572815,GPS_RAW_INT,24,56,other
96.7019419670105,ATTITUDE,30,40,other
96.70196795463562,ATTITUDE,30,40,other
96.70200610160828,GLOBAL_POSITION_INT,33,40,other
96.70582389831543,HIGHRES_IMU,105,73,other
96.70585203170776,LOCAL_POSITION_NED,32,40,other
96.70587301254272,SERVO_OUTPUT_RAW,36,24,other
96.70588898658752,ATTITUDE_QUATERNION,31,44,other
96.71027207374573,ATTITUDE_QUATERNION,31,44,other
96.71033596992493,GLOBAL_POSITION_INT,33,40,other
96.71034908294678,POSITION_TARGET_LOCAL_NED,85,63,other
96.71569991111755,ATTITUDE,30,40,other
96.71790409088135,LOCAL_POSITION_NED,32,40,other
96.71792912483215,ODOMETRY,331,244,other
96.71792912483215,ATTITUDE_TARGET,83,48,other
96.72243690490723,ATTITUDE,30,40,other
96.72247290611267,ATTITUDE,30,40,other
96.72258305549622,GLOBAL_POSITION_INT,33,40,other
96.72597694396973,HIGHRES_IMU,105,74,other
96.72599601745605,LOCAL_POSITION_NED,32,40,other
96.72600197792053,ATTITUDE_QUATERNION,31,44,other
96.72601890563965,SERVO_OUTPUT_RAW,36,24,other
96.73111391067505,ATTITUDE_QUATERNION,31,44,other
96.73114895820618,GLOBAL_POSITION_INT,33,40,other
96.73116111755371,POSITION_TARGET_LOCAL_NED,85,63,other
96.7340579032898,ATTITUDE,30,40,other
96.73412704467773,GPS_RAW_INT,24,56,other
96.73797702789307,ATTITUDE_TARGET,83,48,other
96.74297499656677,ATTITUDE,30,40,other
96.74304008483887,GLOBAL_POSITION_INT,33,40,other
96.74521803855896,ATTITUDE,30,40,other
96.74604392051697,LOCAL_POSITION_NED,32,40,other
96.7460629940033,SERVO_OUTPUT_RAW,36,24,other
96.74609804153442,HIGHRES_IMU,105,74,other
96.74616694450378,ATTITUDE_QUATERNION,31,44,other
96.74933910369873,MISSION_CURRENT,42,22,other
96.75113296508789,ATTITUDE_QUATERNION,31,44,other
96.75119805335999,GLOBAL_POSITION_INT,33,40,other
96.75121092796326,POSITION_TARGET_LOCAL_NED,85,63,other
96.75387406349182,LOCAL_POSITION_NED,32,40,other
96.75393199920654,ATTITUDE,30,40,other
96.75394701957703,ODOMETRY,331,244,other
96.75790405273438,ATTITUDE_TARGET,83,48,other
96.76191592216492,ATTITUDE,30,40,other
96.76197099685669,ATTITUDE,30,40,other
96.7619960308075,GLOBAL_POSITION_INT,33,40,other
96.7659330368042,HIGHRES_IMU,105,73,other
96.765949010849,LOCAL_POSITION_NED,32,40,other
96.76600503921509,ATTITUDE_QUATERNION,31,44,other
96.76601600646973,SERVO_OUTPUT_RAW,36,24,other
96.76601791381836,GPS_RAW_INT,24,56,other
96.77071595191956,ATTITUDE_QUATERNION,31,44,other
96.77074408531189,GLOBAL_POSITION_INT,33,40,other
96.77075695991516,POSITION_TARGET_LOCAL_NED,85,63,other
96.77404308319092,ATTITUDE,30,40,other
96.77828001976013,ATTITUDE_TARGET,83,48,other
96.78211808204651,ATTITUDE,30,40,other
96.78212308883667,ATTITUDE,30,40,other
96.78220701217651,GLOBAL_POSITION_INT,33,40,other
96.78222107887268,POSITION_TARGET_GLOBAL_INT,87,63,other
96.78600001335144,TIMESYNC,111,25,other
96.78602600097656,HIGHRES_IMU,105,73,other
96.78603506088257,LOCAL_POSITION_NED,32,40,other
96.78604292869568,LOCAL_POSITION_NED,32,40,other
96.78604292869568,ALTITUDE,141,44,other
96.78605508804321,ODOMETRY,331,244,other
96.78606009483337,SERVO_OUTPUT_RAW,36,24,other
96.78606510162354,ATTITUDE_QUATERNION,31,44,other
96.78607296943665,ATTITUDE_TARGET,83,48,other
96.7860860824585,POSITION_TARGET_LOCAL_NED,85,63,other
96.78614091873169,SERVO_OUTPUT_RAW,36,24,other
96.78616094589233,SYS_STATUS,1,52,other
96.78617191314697,VFR_HUD,74,31,other
96.7902500629425,ATTITUDE_QUATERNION,31,44,other
96.79027700424194,GLOBAL_POSITION_INT,33,40,other
96.7902901172638,POSITION_TARGET_LOCAL_NED,85,63,other
96.79384994506836,ATTITUDE,30,40,other
96.79781293869019,GPS_RAW_INT,24,56,other
96.79782295227051,ATTITUDE_TARGET,83,48,other
96.8019609451294,ATTITUDE,30,40,other
96.80202603340149,ATTITUDE,30,40,other
96.80202889442444,GLOBAL_POSITION_INT,33,40,other
96.80592489242554,HIGHRES_IMU,105,74,other
96.80597496032715,LOCAL_POSITION_NED,32,40,other
96.80604004859924,SERVO_OUTPUT_RAW,36,24,other
96.80607891082764,ATTITUDE_QUATERNION,31,44,other
96.8101921081543,ATTITUDE_QUATERNION,31,44,other
96.81022095680237,GLOBAL_POSITION_INT,33,40,other
96.81023406982422,POSITION_TARGET_LOCAL_NED,85,63,other
96.81429290771484,ATTITUDE,30,40,other
96.81455206871033,HEARTBEAT,0,21,other
96.8178219795227,LOCAL_POSITION_NED,32,40,other
96.81784296035767,ATTITUDE_TARGET,83,48,other
96.81787300109863,HEARTBEAT,0,21,other
96.81788897514343,ODOMETRY,331,244,other
96.8221800327301,ATTITUDE,30,40,other
96.82219505310059,ATTITUDE,30,40,other
96.8223888874054,GLOBAL_POSITION_INT,33,40,other
96.82585310935974,HIGHRES_IMU,105,73,other
96.82589602470398,LOCAL_POSITION_NED,32,40,other
96.82590007781982,ATTITUDE_QUATERNION,31,44,other
96.82595300674438,SERVO_OUTPUT_RAW,36,24,other
96.82989192008972,ATTITUDE_QUATERNION,31,44,other
96.82989311218262,GPS_RAW_INT,24,56,other
96.82995796203613,GLOBAL_POSITION_INT,33,40,other
96.82997298240662,POSITION_TARGET_LOCAL_NED,85,63,other
96.83397889137268,ATTITUDE,30,40,other
96.83895611763,ATTITUDE_TARGET,83,48,other
96.84179902076721,ATTITUDE,30,40,other
96.84182405471802,ATTITUDE,30,40,other
96.84186506271362,GLOBAL_POSITION_INT,33,40,other
96.84595108032227,HIGHRES_IMU,105,73,other
96.84597206115723,LOCAL_POSITION_NED,32,40,other
96.84602403640747,ATTITUDE_QUATERNION,31,44,other
96.84603905677795,SERVO_OUTPUT_RAW,36,24,other
96.85042095184326,ATTITUDE_QUATERNION,31,44,other
96.85050106048584,GLOBAL_POSITION_INT,33,40,other
96.8505539894104,POSITION_TARGET_LOCAL_NED,85,63,other
96.85396409034729,LOCAL_POSITION_NED,32,40,other
96.85403299331665,ATTITUDE,30,40,other
96.85405111312866,ODOMETRY,331,244,other
96.85794305801392,ATTITUDE_TARGET,83,48,other
96.86343002319336,ATTITUDE,30,40,other
96.86474108695984,ATTITUDE,30,40,other
96.86481189727783,GLOBAL_POSITION_INT,33,40,other
96.86482405662537,GPS_RAW_INT,24,56,other
96.86597609519958,HIGHRES_IMU,105,74,other
96.86600399017334,LOCAL_POSITION_NED,32,40,other
96.8660409450531,ATTITUDE_QUATERNION,31,44,other
96.8660740852356,SERVO_OUTPUT_RAW,36,24,other
96.86998009681702,ATTITUDE_QUATERNION,31,44,other
96.8700680732727,GLOBAL_POSITION_INT,33,40,other
96.87008905410767,POSITION_TARGET_LOCAL_NED,85,63,other
96.87509799003601,ATTITUDE,30,40,other
96.88050293922424,ATTITUDE_TARGET,83,48,other
96.88217496871948,GLOBAL_POSITION_INT,33,40,other
96.88229012489319,ATTITUDE,30,40,other
96.88229703903198,POSITION_TARGET_GLOBAL_INT,87,63,other
96.88814806938171,TIMESYNC,111,25,other
96.88821601867676,HIGHRES_IMU,105,74,other
96.88822793960571,LOCAL_POSITION_NED,32,40,other
96.88824105262756,ATTITUDE,30,40,other
96.88824892044067,ALTITUDE,141,44,other
96.88826107978821,ODOMETRY,331,244,other
96.88826894760132,ATTITUDE_QUATERNION,31,44,other
96.88827610015869,ATTITUDE_TARGET,83,48,other
96.88828802108765,POSITION_TARGET_LOCAL_NED,85,63,other
96.88829588890076,SERVO_OUTPUT_RAW,36,24,other
96.88830399513245,VFR_HUD,74,31,other
96.8905439376831,ATTITUDE_QUATERNION,31,44,other
96.89061307907104,GLOBAL_POSITION_INT,33,40,other
96.89068603515625,LOCAL_POSITION_NED,32,40,other
96.89069700241089,POSITION_TARGET_LOCAL_NED,85,63,other
96.8907060623169,SERVO_OUTPUT_RAW,36,24,other
96.89400792121887,ATTITUDE,30,40,other
96.89789509773254,GPS_RAW_INT,24,56,other
96.8979001045227,HEARTBEAT,0,21,other
96.89792490005493,ALTITUDE,141,44,other
96.89793395996094,ATTITUDE_TARGET,83,48,other
96.89794397354126,BATTERY_STATUS,147,53,other
96.89795088768005,UNKNOWN_436,-2,21,other
96.89796304702759,ESTIMATOR_STATUS,230,54,other
96.8979721069336,EXTENDED_SYS_STATE,245,14,other
96.89798212051392,GPS_RAW_INT,24,56,other
96.89799094200134,HOME_POSITION,242,67,other
96.89800310134888,OPEN_DRONE_ID_LOCATION,12901,70,other
96.89801096916199,OPEN_DRONE_ID_SYSTEM,12904,37,other
96.89801692962646,PING,4,21,other
96.89802193641663,SCALED_PRESSURE,29,26,other
96.898029088974,SYS_STATUS,1,52,other
96.89803504943848,VFR_HUD,74,31,other
96.89804005622864,VIBRATION,241,32,other
96.8980450630188,UNKNOWN_8,-2,33,other
96.90196490287781,ATTITUDE,30,40,other
96.90197610855103,ATTITUDE,30,40,other
96.90207409858704,GLOBAL_POSITION_INT,33,40,other
96.9030990600586,PING,4,26,other
96.90584301948547,HIGHRES_IMU,105,73,other
96.90588808059692,LOCAL_POSITION_NED,32,40,other
96.90590906143188,ATTITUDE_QUATERNION,31,44,other
96.90591311454773,SERVO_OUTPUT_RAW,36,24,other
96.90989995002747,ATTITUDE_QUATERNION,31,44,other
96.9099669456482,GLOBAL_POSITION_INT,33,40,other
96.90998196601868,POSITION_TARGET_LOCAL_NED,85,63,other
96.91410207748413,ATTITUDE,30,40,other
96.91777896881104,LOCAL_POSITION_NED,32,40,other
96.91778707504272,ATTITUDE_TARGET,83,48,other
96.9178569316864,ODOMETRY,331,244,other
96.92227292060852,ATTITUDE,30,40,other
96.92234206199646,GLOBAL_POSITION_INT,33,40,other
96.92443490028381,ATTITUDE,30,40,other
96.92641592025757,LOCAL_POSITION_NED,32,40,other
96.92648410797119,SERVO_OUTPUT_RAW,36,24,other
96.9266619682312,HIGHRES_IMU,105,74,other
96.92668509483337,ATTITUDE_QUATERNION,31,44,other
96.9302020072937,GPS_RAW_INT,24,56,other
96.93023300170898,ATTITUDE_QUATERNION,31,44,other
96.93025708198547,GLOBAL_POSITION_INT,33,40,other
96.93026804924011,POSITION_TARGET_LOCAL_NED,85,63,other
96.93384289741516,ATTITUDE,30,40,other
96.93799591064453,ATTITUDE_TARGET,83,48,other
96.94214010238647,ATTITUDE,30,40,other
96.94217991828918,ATTITUDE,30,40,other
96.94223093986511,GLOBAL_POSITION_INT,33,40,other
96.94714999198914,HIGHRES_IMU,105,73,other
96.94721293449402,ATTITUDE_QUATERNION,31,44,other
96.94725203514099,LOCAL_POSITION_NED,32,40,other
96.94726395606995,SERVO_OUTPUT_RAW,36,24,other
96.94984602928162,ATTITUDE_QUATERNION,31,44,other
96.94995903968811,GLOBAL_POSITION_INT,33,40,other
96.950031042099,POSITION_TARGET_LOCAL_NED,85,63,other
96.95387005805969,LOCAL_POSITION_NED,32,40,other
96.95394992828369,ATTITUDE,30,40,other
96.9539680480957,ODOMETRY,331,244,other
96.95787692070007,ATTITUDE_TARGET,83,48,other
96.96190690994263,ATTITUDE,30,40,other
96.9619460105896,ATTITUDE,30,40,other
96.96203303337097,GLOBAL_POSITION_INT,33,40,other
96.96204710006714,GPS_RAW_INT,24,56,other
96.96580004692078,HIGHRES_IMU,105,73,other
96.96580195426941,LOCAL_POSITION_NED,32,40,other
96.96582388877869,SERVO_OUTPUT_RAW,36,24,other
96.96587109565735,ATTITUDE_QUATERNION,31,44,other
96.9703540802002,ATTITUDE_QUATERNION,31,44,other
96.97042894363403,GLOBAL_POSITION_INT,33,40,other
96.97044396400452,POSITION_TARGET_LOCAL_NED,85,63,other
96.97381711006165,ATTITUDE,30,40,other
96.97793889045715,ATTITUDE_TARGET,83,48,other
96.98181796073914,ATTITUDE,30,40,other
96.98181891441345,ATTITUDE,30,40,other
96.98192095756531,GLOBAL_POSITION_INT,33,40,other
96.98221611976624,POSITION_TARGET_GLOBAL_INT,87,63,other
96.98604106903076,TIMESYNC,111,25,other
96.9860451221466,LOCAL_POSITION_NED,32,40,other
96.98607110977173,HIGHRES_IMU,105,74,other
96.98608112335205,LOCAL_POSITION_NED,32,40,other
96.98608994483948,ALTITUDE,141,44,other
96.98610091209412,ODOMETRY,331,244,other
96.98611092567444,ATTITUDE_QUATERNION,31,44,other
96.98611211776733,SERVO_OUTPUT_RAW,36,24,other
96.98611998558044,ATTITUDE_TARGET,83,48,other
96.98613405227661,POSITION_TARGET_LOCAL_NED,85,63,other
96.98614406585693,SERVO_OUTPUT_RAW,36,24,other
96.98615407943726,SYS_STATUS,1,52,other
96.98616099357605,VFR_HUD,74,31,other
96.99051403999329,ATTITUDE_QUATERNION,31,44,other
96.99053812026978,GLOBAL_POSITION_INT,33,40,other
96.99055004119873,POSITION_TARGET_LOCAL_NED,85,63,other
96.99405598640442,ATTITUDE,30,40,other
96.99797010421753,ATTITUDE_TARGET,83,48,other
96.99803709983826,GPS_RAW_INT,24,56,other
97.00328707695007,ATTITUDE,30,40,other
97.00354504585266,ATTITUDE,30,40,other
97.00368189811707,GLOBAL_POSITION_INT,33,40,other
97.00632691383362,LOCAL_POSITION_NED,32,40,other
97.00632691383362,HIGHRES_IMU,105,74,other
97.00634598731995,ATTITUDE_QUATERNION,31,44,other
97.00634598731995,SERVO_OUTPUT_RAW,36,24,other
97.01042699813843,ATTITUDE_QUATERNION,31,44,other
97.01062297821045,GLOBAL_POSITION_INT,33,40,other
97.01064896583557,POSITION_TARGET_LOCAL_NED,85,63,other
97.01393294334412,ATTITUDE,30,40,other
97.01774191856384,LOCAL_POSITION_NED,32,40,other
97.01776194572449,ATTITUDE_TARGET,83,48,other
97.01781296730042,ODOMETRY,331,244,other
97.02177000045776,ATTITUDE,30,40,other
97.02179098129272,ATTITUDE,30,40,other
97.02184295654297,GLOBAL_POSITION_INT,33,40,other
97.02186703681946,UNKNOWN_411,-2,13,other
97.02585005760193,HIGHRES_IMU,105,74,other
97.02589797973633,ATTITUDE_QUATERNION,31,44,other
97.02590107917786,LOCAL_POSITION_NED,32,40,other
97.02599096298218,SERVO_OUTPUT_RAW,36,24,other
97.02988600730896,GPS_RAW_INT,24,56,other
97.02992796897888,ATTITUDE_QUATERNION,31,44,other
97.02999305725098,GLOBAL_POSITION_INT,33,40,other
97.03000712394714,POSITION_TARGET_LOCAL_NED,85,63,other
97.03446006774902,ATTITUDE,30,40,other
97.03821110725403,ATTITUDE_TARGET,83,48,other
97.04182195663452,ATTITUDE,30,40,other
97.04184699058533,ATTITUDE,30,40,other
97.04188704490662,GLOBAL_POSITION_INT,33,40,other
97.04595303535461,HIGHRES_IMU,105,74,other
97.04597210884094,LOCAL_POSITION_NED,32,40,other
97.04603600502014,SERVO_OUTPUT_RAW,36,24,other
97.04604697227478,ATTITUDE_QUATERNION,31,44,other
97.0505940914154,ATTITUDE_QUATERNION,31,44,other
97.05074501037598,GLOBAL_POSITION_INT,33,40,other
97.05081009864807,POSITION_TARGET_LOCAL_NED,85,63,other
97.0542459487915,LOCAL_POSITION_NED,32,40,other
97.05431699752808,ATTITUDE,30,40,other
97.05433106422424,ODOMETRY,331,244,other
97.05785298347473,ATTITUDE_TARGET,83,48,other
97.06182289123535,ATTITUDE,30,40,other
97.06183910369873,ATTITUDE,30,40,other
97.06188893318176,GLOBAL_POSITION_INT,33,40,other
97.0618999004364,GPS_RAW_INT,24,56,other
97.06581497192383,LOCAL_POSITION_NED,32,40,other
97.06586790084839,HIGHRES_IMU,105,73,other
97.06587505340576,SERVO_OUTPUT_RAW,36,24,other
97.06596302986145,ATTITUDE_QUATERNION,31,44,other
97.06977605819702,ATTITUDE_QUATERNION,31,44,other
97.06985092163086,GLOBAL_POSITION_INT,33,40,other
97.0698790550232,POSITION_TARGET_LOCAL_NED,85,63,other
97.07496690750122,ATTITUDE,30,40,other
97.07778811454773,ATTITUDE_TARGET,83,48,other
97.0823380947113,ATTITUDE,30,40,other
97.0823769569397,ATTITUDE,30,40,other
97.08241510391235,GLOBAL_POSITION_INT,33,40,other
97.08243012428284,POSITION_TARGET_GLOBAL_INT,87,63,other
97.08632493019104,TIMESYNC,111,25,other
97.08635091781616,HIGHRES_IMU,105,73,other
97.08636093139648,LOCAL_POSITION_NED,32,40,other
97.08636903762817,ALTITUDE,141,44,other
97.08638095855713,ODOMETRY,331,244,other
97.08639001846313,ATTITUDE_QUATERNION,31,44,other
97.08639693260193,ATTITUDE_TARGET,83,48,other
97.08640789985657,POSITION_TARGET_LOCAL_NED,85,63,other
97.08641600608826,SERVO_OUTPUT_RAW,36,24,other
97.08642506599426,VFR_HUD,74,31,other
97.08842897415161,LOCAL_POSITION_NED,32,40,other
97.08849310874939,SERVO_OUTPUT_RAW,36,24,other
97.09019303321838,ATTITUDE_QUATERNION,31,44,other
97.0902590751648,GLOBAL_POSITION_INT,33,40,other
97.09027290344238,POSITION_TARGET_LOCAL_NED,85,63,other
97.0938150882721,ATTITUDE,30,40,other
97.09388494491577,GPS_RAW_INT,24,56,other
97.100821018219,ATTITUDE_TARGET,83,48,other
97.10088896751404,GPS_RAW_INT,24,56,other
97.10268211364746,ATTITUDE,30,40,other
97.10268592834473,ATTITUDE,30,40,other
97.1027479171753,GLOBAL_POSITION_INT,33,40,other
97.10979700088501,HIGHRES_IMU,105,74,other
97.10980296134949,LOCAL_POSITION_NED,32,40,other
97.10982394218445,SERVO_OUTPUT_RAW,36,24,other
97.10986304283142,ATTITUDE_QUATERNION,31,44,other
97.11085510253906,ATTITUDE_QUATERNION,31,44,other
97.11087989807129,GLOBAL_POSITION_INT,33,40,other
97.1108911037445,POSITION_TARGET_LOCAL_NED,85,63,other
97.12767291069031,ATTITUDE,30,40,other
97.13318395614624,LOCAL_POSITION_NED,32,40,other
97.13320803642273,ATTITUDE,30,40,other
97.13322305679321,ODOMETRY,331,244,other
97.13323497772217,GLOBAL_POSITION_INT,33,40,other
97.1349549293518,ATTITUDE,30,40,other
97.1351580619812,ATTITUDE_TARGET,83,48,other
97.13930296897888,LOCAL_POSITION_NED,32,40,other
97.13943290710449,SERVO_OUTPUT_RAW,36,24,other
97.14161205291748,HIGHRES_IMU,105,73,other
97.14169001579285,ATTITUDE_QUATERNION,31,44,other
97.14516401290894,GPS_RAW_INT,24,56,other
97.14526700973511,ATTITUDE_QUATERNION,31,44,other
97.14542698860168,GLOBAL_POSITION_INT,33,40,other
97.14544296264648,POSITION_TARGET_LOCAL_NED,85,63,other
97.14800906181335,ATTITUDE,30,40,other
97.15206694602966,ATTITUDE_TARGET,83,48,other
97.15611004829407,ATTITUDE,30,40,other
97.15613508224487,GLOBAL_POSITION_INT,33,40,other
97.15695691108704,ATTITUDE,30,40,other
97.16232705116272,LOCAL_POSITION_NED,32,40,other
97.16234493255615,SERVO_OUTPUT_RAW,36,24,other
97.16270089149475,HIGHRES_IMU,105,74,other
97.16276097297668,ATTITUDE_QUATERNION,31,44,other
97.16446495056152,ATTITUDE_QUATERNION,31,44,other
97.1645040512085,GLOBAL_POSITION_INT,33,40,other
97.16451501846313,POSITION_TARGET_LOCAL_NED,85,63,other
97.16452407836914,VFR_HUD,74,31,other
97.16840410232544,LOCAL_POSITION_NED,32,40,other
97.16845798492432,ATTITUDE,30,40,other
97.16847395896912,ODOMETRY,331,244,other
97.17203211784363,ATTITUDE_TARGET,83,48,other
97.17594289779663,ATTITUDE,30,40,other
97.17596411705017,ATTITUDE,30,40,other
97.17599892616272,GLOBAL_POSITION_INT,33,40,other
97.17600989341736,GPS_RAW_INT,24,56,other
97.18005394935608,HIGHRES_IMU,105,74,other
97.18008804321289,LOCAL_POSITION_NED,32,40,other
97.18012404441833,ATTITUDE_QUATERNION,31,44,other
97.18014097213745,SERVO_OUTPUT_RAW,36,24,other
97.18418502807617,ATTITUDE_QUATERNION,31,44,other
97.18423891067505,GLOBAL_POSITION_INT,33,40,other
97.18425107002258,POSITION_TARGET_LOCAL_NED,85,63,other
97.18808794021606,ATTITUDE,30,40,other
97.19201111793518,ATTITUDE_TARGET,83,48,other
97.19599509239197,ATTITUDE,30,40,other
97.19602108001709,ATTITUDE,30,40,other
97.19605588912964,GLOBAL_POSITION_INT,33,40,other
97.19606804847717,POSITION_TARGET_GLOBAL_INT,87,63,other
97.20030903816223,LOCAL_POSITION_NED,32,40,other
97.20030903816223,HEARTBEAT,0,21,other
97.20033001899719,TIMESYNC,111,25,other
97.20033001899719,SERVO_OUTPUT_RAW,36,24,other
97.20035290718079,HIGHRES_IMU,105,73,other
97.20036101341248,LOCAL_POSITION_NED,32,40,other
97.2003800868988,ALTITUDE,141,44,other
97.20039510726929,ODOMETRY,331,244,other
97.20040202140808,ATTITUDE_QUATERNION,31,44,other
97.20040798187256,ATTITUDE_TARGET,83,48,other
97.20041608810425,BATTERY_STATUS,147,53,other
97.20042204856873,UNKNOWN_436,-2,21,other
97.20042991638184,ESTIMATOR_STATUS,230,54,other
97.20043802261353,EXTENDED_SYS_STATE,245,14,other
97.20044803619385,HOME_POSITION,242,67,other
97.20045900344849,OPEN_DRONE_ID_LOCATION,12901,70,other
97.20046591758728,OPEN_DRONE_ID_SYSTEM,12904,37,other
97.20047307014465,PING,4,21,other
97.20047903060913,POSITION_TARGET_LOCAL_NED,85,63,other
97.20048594474792,SCALED_PRESSURE,29,26,other
97.2004930973053,SERVO_OUTPUT_RAW,36,24,other
97.20050191879272,SYS_STATUS,1,52,other
97.20051002502441,SYSTEM_TIME,2,23,other
97.20051789283752,VFR_HUD,74,31,other
97.20052409172058,VIBRATION,241,32,other
97.20053100585938,UNKNOWN_8,-2,34,other
97.20154094696045,PING,4,26,other
97.20416212081909,ATTITUDE_QUATERNION,31,44,other
97.20425701141357,GLOBAL_POSITION_INT,33,40,other
97.20427107810974,POSITION_TARGET_LOCAL_NED,85,63,other
97.20796608924866,ATTITUDE,30,40,other
97.20802807807922,GPS_RAW_INT,24,56,other
97.21191811561584,ATTITUDE_TARGET,83,48,other
97.21647500991821,ATTITUDE,30,40,other
97.21653890609741,GLOBAL_POSITION_INT,33,40,other
97.21655607223511,ATTITUDE,30,40,other
97.22012090682983,HIGHRES_IMU,105,73,other
97.22014498710632,ATTITUDE_QUATERNION,31,44,other
97.22025394439697,LOCAL_POSITION_NED,32,40,other
97.22031092643738,SERVO_OUTPUT_RAW,36,24,other
97.22511100769043,ATTITUDE_QUATERNION,31,44,other
97.22517204284668,GLOBAL_POSITION_INT,33,40,other
97.22518491744995,POSITION_TARGET_LOCAL_NED,85,63,other
97.22938799858093,ATTITUDE,30,40,other
97.23266291618347,ATTITUDE_TARGET,83,48,other
97.23288607597351,LOCAL_POSITION_NED,32,40,other
97.23293209075928,ODOMETRY,331,244,other
97.23514199256897,HEARTBEAT,0,21,other
97.23593401908875,ATTITUDE,30,40,other
97.23599410057068,GLOBAL_POSITION_INT,33,40,other
97.23599600791931,ATTITUDE,30,40,other
97.23600697517395,HEARTBEAT,0,21,other
97.24033689498901,HIGHRES_IMU,105,74,other
97.24045491218567,ATTITUDE_QUATERNION,31,44,other
97.2404670715332,GPS_RAW_INT,24,56,other
97.24046897888184,LOCAL_POSITION_NED,32,40,other
97.24052405357361,SERVO_OUTPUT_RAW,36,24,other
97.24393606185913,ATTITUDE_QUATERNION,31,44,other
97.24399209022522,GLOBAL_POSITION_INT,33,40,other
97.24400591850281,POSITION_TARGET_LOCAL_NED,85,63,other
97.24790811538696,ATTITUDE,30,40,other
97.2520821094513,ATTITUDE_TARGET,83,48,other
97.25621294975281,ATTITUDE,30,40,other
97.25623798370361,ATTITUDE,30,40,other
97.25631403923035,GLOBAL_POSITION_INT,33,40,other
97.26031494140625,HIGHRES_IMU,105,73,other
97.26040410995483,ATTITUDE_QUATERNION,31,44,other
97.2611780166626,LOCAL_POSITION_NED,32,40,other
97.26119804382324,SERVO_OUTPUT_RAW,36,24,other
97.2640540599823,ATTITUDE_QUATERNION,31,44,other
97.26411008834839,GLOBAL_POSITION_INT,33,40,other
97.26412200927734,POSITION_TARGET_LOCAL_NED,85,63,other
97.26964592933655,LOCAL_POSITION_NED,32,40,other
97.26970911026001,ATTITUDE,30,40,other
97.26972198486328,ODOMETRY,331,244,other
97.27207899093628,ATTITUDE_TARGET,83,48,other
97.27757406234741,ATTITUDE,30,40,other
97.27982592582703,ATTITUDE,30,40,other
97.27988505363464,GLOBAL_POSITION_INT,33,40,other
97.27989602088928,GPS_RAW_INT,24,56,other
97.28001189231873,LOCAL_POSITION_NED,32,40,other
97.28003597259521,SERVO_OUTPUT_RAW,36,24,other
97.2840940952301,HIGHRES_IMU,105,73,other
97.28413510322571,ATTITUDE_QUATERNION,31,44,other
97.28430891036987,ATTITUDE_QUATERNION,31,44,other
97.28434991836548,GLOBAL_POSITION_INT,33,40,other
97.28436493873596,POSITION_TARGET_LOCAL_NED,85,63,other
97.2878589630127,ATTITUDE,30,40,other
97.29192590713501,ATTITUDE_TARGET,83,48,other
97.29583406448364,ATTITUDE,30,40,other
97.29588389396667,GLOBAL_POSITION_INT,33,40,other
97.29589700698853,POSITION_TARGET_GLOBAL_INT,87,63,other
97.29592704772949,ATTITUDE,30,40,other
97.29597592353821,POSITION_TARGET_GLOBAL_INT,87,63,other
97.30034899711609,TIMESYNC,111,25,other
97.3004219532013,HIGHRES_IMU,105,74,other
97.3004310131073,LOCAL_POSITION_NED,32,40,other
97.3004379272461,ALTITUDE,141,44,other
97.30044507980347,LOCAL_POSITION_NED,32,40,other
97.3004469871521,ODOMETRY,331,244,other
97.30045509338379,ATTITUDE_QUATERNION,31,44,other
97.30046200752258,ATTITUDE_TARGET,83,48,other
97.30047297477722,POSITION_TARGET_LOCAL_NED,85,63,other
97.30048108100891,SERVO_OUTPUT_RAW,36,24,other
97.30048894882202,VFR_HUD,74,31,other
97.30050492286682,SERVO_OUTPUT_RAW,36,24,other
97.3039960861206,ATTITUDE_QUATERNION,31,44,other
97.30404305458069,GLOBAL_POSITION_INT,33,40,other
97.30405497550964,POSITION_TARGET_LOCAL_NED,85,63,other
97.30790996551514,ATTITUDE,30,40,other
97.30796694755554,GPS_RAW_INT,24,56,other
97.3121190071106,ATTITUDE_TARGET,83,48,other
97.31217503547668,GPS_RAW_INT,24,56,other
97.31598091125488,ATTITUDE,30,40,other
97.31602692604065,GLOBAL_POSITION_INT,33,40,other
97.3160629272461,ATTITUDE,30,40,other
97.31991791725159,HIGHRES_IMU,105,74,other
97.31994199752808,ATTITUDE_QUATERNION,31,44,other
97.32018804550171,LOCAL_POSITION_NED,32,40,other
97.32020998001099,SERVO_OUTPUT_RAW,36,24,other
97.32405495643616,ATTITUDE_QUATERNION,31,44,other
97.32410502433777,GLOBAL_POSITION_INT,33,40,other
97.32411289215088,POSITION_TARGET_LOCAL_NED,85,63,other
97.32942605018616,ATTITUDE,30,40,other
97.33208703994751,LOCAL_POSITION_NED,32,40,other
97.33210897445679,ATTITUDE_TARGET,83,48,other
97.33216691017151,ODOMETRY,331,244,other
97.33678793907166,ATTITUDE,30,40,other
97.33687090873718,ATTITUDE,30,40,other
97.3368890285492,GLOBAL_POSITION_INT,33,40,other
97.33993291854858,HIGHRES_IMU,105,73,other
97.33999991416931,ATTITUDE_QUATERNION,31,44,other
97.34001302719116,GPS_RAW_INT,24,56,other
97.34026002883911,LOCAL_POSITION_NED,32,40,other
97.34028196334839,SERVO_OUTPUT_RAW,36,24,other
97.3443911075592,ATTITUDE_QUATERNION,31,44,other
97.34441804885864,GLOBAL_POSITION_INT,33,40,other
97.34442591667175,POSITION_TARGET_LOCAL_NED,85,63,other
97.347904920578,ATTITUDE,30,40,other
97.35197591781616,ATTITUDE_TARGET,83,48,other
97.35617899894714,ATTITUDE,30,40,other
97.3562490940094,GLOBAL_POSITION_INT,33,40,other
97.35627508163452,ATTITUDE,30,40,other
97.36019206047058,HIGHRES_IMU,105,74,other
97.36029100418091,ATTITUDE_QUATERNION,31,44,other
97.36032390594482,LOCAL_POSITION_NED,32,40,other
97.36039900779724,SERVO_OUTPUT_RAW,36,24,other
97.3642749786377,UNKNOWN_380,-2,32,other
97.36438798904419,ATTITUDE_QUATERNION,31,44,other
97.36445307731628,GLOBAL_POSITION_INT,33,40,other
97.36446499824524,POSITION_TARGET_LOCAL_NED,85,63,other
97.36447191238403,UNKNOWN_380,-2,32,other
97.36840295791626,LOCAL_POSITION_NED,32,40,other
97.36848497390747,ATTITUDE,30,40,other
97.36849689483643,ODOMETRY,331,244,other
97.37352705001831,ATTITUDE_TARGET,83,48,other
97.37381291389465,GPS_RAW_INT,24,56,other
97.37623596191406,ATTITUDE,30,40,other
97.37657499313354,ATTITUDE,30,40,other
97.37664008140564,GLOBAL_POSITION_INT,33,40,other
97.38040590286255,HIGHRES_IMU,105,73,other
97.38047289848328,ATTITUDE_QUATERNION,31,44,other
97.38059902191162,LOCAL_POSITION_NED,32,40,other
97.38065600395203,SERVO_OUTPUT_RAW,36,24,other
97.38565707206726,ATTITUDE_QUATERNION,31,44,other
97.38572192192078,GLOBAL_POSITION_INT,33,40,other
97.38573503494263,POSITION_TARGET_LOCAL_NED,85,63,other
97.3881208896637,ATTITUDE,30,40,other
97.39248394966125,ATTITUDE_TARGET,83,48,other
97.39604306221008,ATTITUDE,30,40,other
97.39611196517944,GLOBAL_POSITION_INT,33,40,other
97.39612412452698,POSITION_TARGET_GLOBAL_INT,87,63,other
97.39613008499146,ATTITUDE,30,40,other
97.4001190662384,TIMESYNC,111,25,other
97.40012407302856,LOCAL_POSITION_NED,32,40,other
97.40014290809631,HIGHRES_IMU,105,73,other
97.400151014328,LOCAL_POSITION_NED,32,40,other
97.40015292167664,SERVO_OUTPUT_RAW,36,24,other
97.40015912055969,ALTITUDE,141,44,other
97.40017008781433,ODOMETRY,331,244,other
97.40017890930176,ATTITUDE_QUATERNION,31,44,other
97.40018701553345,ATTITUDE_TARGET,83,48,other
97.40019798278809,POSITION_TARGET_LOCAL_NED,85,63,other
97.40020489692688,SERVO_OUTPUT_RAW,36,24,other
97.40021300315857,SYS_STATUS,1,52,other
97.40021896362305,VFR_HUD,74,31,other
97.4047589302063,ATTITUDE_QUATERNION,31,44,other
97.40484404563904,GLOBAL_POSITION_INT,33,40,other
97.40486192703247,POSITION_TARGET_LOCAL_NED,85,63,other
97.40802001953125,ATTITUDE,30,40,other
97.40807795524597,GPS_RAW_INT,24,56,other
97.41209101676941,ATTITUDE_TARGET,83,48,other
97.41215395927429,VFR_HUD,74,31,other
97.41608905792236,ATTITUDE,30,40,other
97.4161479473114,GLOBAL_POSITION_INT,33,40,other
97.41617608070374,ATTITUDE,30,40,other
97.42043805122375,HIGHRES_IMU,105,74,other
97.42049407958984,ATTITUDE_QUATERNION,31,44,other
97.42051601409912,LOCAL_POSITION_NED,32,40,other
97.42056703567505,SERVO_OUTPUT_RAW,36,24,other
97.42417192459106,ATTITUDE_QUATERNION,31,44,other
97.42419695854187,GLOBAL_POSITION_INT,33,40,other
97.4242091178894,POSITION_TARGET_LOCAL_NED,85,63,other
97.42807507514954,ATTITUDE,30,40,other
97.43222999572754,LOCAL_POSITION_NED,32,40,other
97.43225193023682,ODOMETRY,331,244,other
97.43232011795044,ATTITUDE_TARGET,83,48,other
97.43617010116577,ATTITUDE,30,40,other
97.43622899055481,GLOBAL_POSITION_INT,33,40,other
97.43634605407715,ATTITUDE,30,40,other
97.44033098220825,HIGHRES_IMU,105,74,other
97.4404399394989,ATTITUDE_QUATERNION,31,44,other
97.44045400619507,GPS_RAW_INT,24,56,other
97.4404649734497,LOCAL_POSITION_NED,32,40,other
97.44052290916443,SERVO_OUTPUT_RAW,36,24,other
97.44444108009338,ATTITUDE_QUATERNION,31,44,other
97.4445071220398,GLOBAL_POSITION_INT,33,40,other
97.44452095031738,POSITION_TARGET_LOCAL_NED,85,63,other
97.44810390472412,ATTITUDE,30,40,other
97.45308995246887,ATTITUDE_TARGET,83,48,other
97.4559919834137,ATTITUDE,30,40,other
97.45601797103882,GLOBAL_POSITION_INT,33,40,other
97.4560489654541,ATTITUDE,30,40,other
97.46005511283875,HIGHRES_IMU,105,74,other
97.46007990837097,ATTITUDE_QUATERNION,31,44,other
97.4601058959961,LOCAL_POSITION_NED,32,40,other
97.46016812324524,SERVO_OUTPUT_RAW,36,24,other
97.46420097351074,ATTITUDE_QUATERNION,31,44,other
97.464271068573,GLOBAL_POSITION_INT,33,40,other
97.46428894996643,POSITION_TARGET_LOCAL_NED,85,63,other
97.46806693077087,LOCAL_POSITION_NED,32,40,other
97.46814894676208,ATTITUDE,30,40,other
97.46816396713257,ODOMETRY,331,244,other
97.47230291366577,GPS_RAW_INT,24,56,other
97.47239303588867,ATTITUDE_TARGET,83,48,other
97.4759829044342,ATTITUDE,30,40,other
97.47604393959045,GLOBAL_POSITION_INT,33,40,other
97.4760971069336,ATTITUDE,30,40,other
97.48020505905151,HIGHRES_IMU,105,74,other
97.48023200035095,ATTITUDE_QUATERNION,31,44,other
97.48025608062744,LOCAL_POSITION_NED,32,40,other
97.48031997680664,SERVO_OUTPUT_RAW,36,24,other
97.48414897918701,ATTITUDE_QUATERNION,31,44,other
97.4842140674591,GLOBAL_POSITION_INT,33,40,other
97.48423194885254,POSITION_TARGET_LOCAL_NED,85,63,other
97.48801589012146,ATTITUDE,30,40,other
97.492271900177,ATTITUDE_TARGET,83,48,other
97.49602007865906,ATTITUDE,30,40,other
97.49605011940002,GLOBAL_POSITION_INT,33,40,other
97.49607396125793,POSITION_TARGET_GLOBAL_INT,87,63,other
97.49607396125793,ATTITUDE,30,40,other
97.50013899803162,TIMESYNC,111,25,other
97.50016808509827,HIGHRES_IMU,105,73,other
97.5001769065857,LOCAL_POSITION_NED,32,40,other
97.5001859664917,ALTITUDE,141,44,other
97.50019693374634,ODOMETRY,331,244,other
97.50020599365234,ATTITUDE_QUATERNION,31,44,other
97.50021195411682,ATTITUDE_TARGET,83,48,other
97.50024700164795,LOCAL_POSITION_NED,32,40,other
97.50025200843811,POSITION_TARGET_LOCAL_NED,85,63,other
97.50026798248291,SERVO_OUTPUT_RAW,36,24,other
97.5003011226654,SERVO_OUTPUT_RAW,36,24,other
97.50030994415283,VFR_HUD,74,31,other
97.50416302680969,GPS_RAW_INT,24,56,other
97.50424599647522,ATTITUDE_QUATERNION,31,44,other
97.50426602363586,GLOBAL_POSITION_INT,33,40,other
97.50427508354187,POSITION_TARGET_LOCAL_NED,85,63,other
97.50807094573975,ATTITUDE,30,40,other
97.51256895065308,ATTITUDE_TARGET,83,48,other
97.51259303092957,GPS_RAW_INT,24,56,other
97.5167179107666,ATTITUDE,30,40,other
97.51847410202026,ATTITUDE,30,40,other
97.51854395866394,GLOBAL_POSITION_INT,33,40,other
97.52054500579834,HIGHRES_IMU,105,73,other
97.52065396308899,ATTITUDE_QUATERNION,31,44,other
97.52073192596436,LOCAL_POSITION_NED,32,40,other
97.52079701423645,SERVO_OUTPUT_RAW,36,24,other
97.52638006210327,ATTITUDE_QUATERNION,31,44,other
97.52684092521667,GLOBAL_POSITION_INT,33,40,other
97.52690505981445,POSITION_TARGET_LOCAL_NED,85,63,other
97.5290699005127,ATTITUDE,30,40,other
97.5297749042511,MISSION_CURRENT,42,22,other
97.53200006484985,LOCAL_POSITION_NED,32,40,other
97.53203511238098,ATTITUDE_TARGET,83,48,other
97.53206610679626,ODOMETRY,331,244,other
97.53629803657532,ATTITUDE,30,40,other
97.5363290309906,ATTITUDE,30,40,other
97.53646111488342,GLOBAL_POSITION_INT,33,40,other
97.54012203216553,HIGHRES_IMU,105,74,other
97.54019093513489,ATTITUDE_QUATERNION,31,44,other
97.54020404815674,GPS_RAW_INT,24,56,other
97.54020690917969,LOCAL_POSITION_NED,32,40,other
97.5402660369873,SERVO_OUTPUT_RAW,36,24,other
97.54408693313599,ATTITUDE_QUATERNION,31,44,other
97.54415011405945,GLOBAL_POSITION_INT,33,40,other
97.54416799545288,POSITION_TARGET_LOCAL_NED,85,63,other
97.54809808731079,ATTITUDE,30,40,other
97.55208492279053,ATTITUDE_TARGET,83,48,other
97.55594801902771,ATTITUDE,30,40,other
97.55601406097412,GLOBAL_POSITION_INT,33,40,other
97.55608201026917,ATTITUDE,30,40,other
97.55998802185059,HIGHRES_IMU,105,73,other
97.56005811691284,ATTITUDE_QUATERNION,31,44,other
97.56006789207458,LOCAL_POSITION_NED,32,40,other
97.56009197235107,SERVO_OUTPUT_RAW,36,24,other
97.56422805786133,ATTITUDE_QUATERNION,31,44,other
97.56429100036621,GLOBAL_POSITION_INT,33,40,other
97.56430506706238,POSITION_TARGET_LOCAL_NED,85,63,other
97.56808090209961,LOCAL_POSITION_NED,32,40,other
97.56814002990723,ATTITUDE,30,40,other
97.5681540966034,ODOMETRY,331,244,other
97.5735170841217,GPS_RAW_INT,24,56,other
97.57439303398132,ATTITUDE_TARGET,83,48,other
97.57621693611145,ATTITUDE,30,40,other
97.57628107070923,GLOBAL_POSITION_INT,33,40,other
97.57740211486816,ATTITUDE,30,40,other
97.58035492897034,HIGHRES_IMU,105,74,other
97.58043909072876,ATTITUDE_QUATERNION,31,44,other
97.58049702644348,LOCAL_POSITION_NED,32,40,other
97.58052110671997,SERVO_OUTPUT_RAW,36,24,other
97.58418989181519,ATTITUDE_QUATERNION,31,44,other
97.5842170715332,GLOBAL_POSITION_INT,33,40,other
97.58422994613647,POSITION_TARGET_LOCAL_NED,85,63,other
97.58945798873901,ATTITUDE,30,40,other
97.59208512306213,ATTITUDE_TARGET,83,48,other
97.59612607955933,ATTITUDE,30,40,other
97.59619498252869,GLOBAL_POSITION_INT,33,40,other
97.59620904922485,POSITION_TARGET_GLOBAL_INT,87,63,other
97.59670305252075,ATTITUDE,30,40,other
97.60029196739197,TIMESYNC,111,25,other
97.60032105445862,HIGHRES_IMU,105,74,other
97.60032892227173,LOCAL_POSITION_NED,32,40,other
97.60034704208374,ALTITUDE,141,44,other
97.60035991668701,ODOMETRY,331,244,other
97.60041999816895,ATTITUDE_QUATERNION,31,44,other
97.60043001174927,ATTITUDE_TARGET,83,48,other
97.60043406486511,LOCAL_POSITION_NED,32,40,other
97.60044193267822,POSITION_TARGET_LOCAL_NED,85,63,other
97.60045099258423,SERVO_OUTPUT_RAW,36,24,other
97.60046005249023,SYS_STATUS,1,52,other
97.60046792030334,VFR_HUD,74,31,other
97.60049891471863,SERVO_OUTPUT_RAW,36,24,other
97.60395693778992,GPS_RAW_INT,24,56,other
97.60405707359314,ATTITUDE_QUATERNION,31,44,other
97.60407996177673,GLOBAL_POSITION_INT,33,40,other
97.60409212112427,POSITION_TARGET_LOCAL_NED,85,63,other
97.60791206359863,ATTITUDE,30,40,other
97.61202192306519,ATTITUDE_TARGET,83,48,other
97.61603212356567,ATTITUDE,30,40,other
97.61606907844543,ATTITUDE,30,40,other
97.61609196662903,GLOBAL_POSITION_INT,33,40,other
97.61991810798645,HIGHRES_IMU,105,73,other
97.61997294425964,ATTITUDE_QUATERNION,31,44,other
97.62001395225525,LOCAL_POSITION_NED,32,40,other
97.62007093429565,SERVO_OUTPUT_RAW,36,24,other
97.62405490875244,ATTITUDE_QUATERNION,31,44,other
97.62411999702454,GLOBAL_POSITION_INT,33,40,other
97.6241340637207,POSITION_TARGET_LOCAL_NED,85,63,other
97.62811398506165,ATTITUDE,30,40,other
97.63190507888794,ATTITUDE_TARGET,83,48,other
97.63223195075989,LOCAL_POSITION_NED,32,40,other
97.63228797912598,ODOMETRY,331,244,other
97.63597989082336,ATTITUDE,30,40,other
97.63604593276978,GLOBAL_POSITION_INT,33,40,other
97.6360559463501,GPS_RAW_INT,24,56,other
97.63673400878906,ATTITUDE,30,40,other
97.64044690132141,HIGHRES_IMU,105,73,other
97.64051389694214,ATTITUDE_QUATERNION,31,44,other
97.64070010185242,LOCAL_POSITION_NED,32,40,other
97.64076209068298,SERVO_OUTPUT_RAW,36,24,other
97.64412808418274,ATTITUDE_QUATERNION,31,44,other
97.64419507980347,GLOBAL_POSITION_INT,33,40,other
97.64420890808105,POSITION_TARGET_LOCAL_NED,85,63,other
97.64882802963257,ATTITUDE,30,40,other
97.65207099914551,ATTITUDE_TARGET,83,48,other
97.65596795082092,ATTITUDE,30,40,other
97.65605592727661,GLOBAL_POSITION_INT,33,40,other
97.65606904029846,ATTITUDE,30,40,other
97.66010093688965,HIGHRES_IMU,105,74,other
97.66016697883606,ATTITUDE_QUATERNION,31,44,other
97.66028094291687,LOCAL_POSITION_NED,32,40,other
97.6603569984436,SERVO_OUTPUT_RAW,36,24,other
97.6641309261322,ATTITUDE_QUATERNION,31,44,other
97.66415190696716,GLOBAL_POSITION_INT,33,40,other
97.66416311264038,POSITION_TARGET_LOCAL_NED,85,63,other
97.66417288780212,VFR_HUD,74,31,other
97.66800999641418,LOCAL_POSITION_NED,32,40,other
97.6680691242218,ATTITUDE,30,40,other
97.66808295249939,ODOMETRY,331,244,other
97.67197608947754,GPS_RAW_INT,24,56,other
97.67205595970154,ATTITUDE_TARGET,83,48,other
97.6761429309845,ATTITUDE,30,40,other
97.67617702484131,GLOBAL_POSITION_INT,33,40,other
97.67620491981506,ATTITUDE,30,40,other
97.6802589893341,HIGHRES_IMU,105,73,other
97.68034791946411,ATTITUDE_QUATERNION,31,44,other
97.68042993545532,LOCAL_POSITION_NED,32,40,other
97.68049311637878,SERVO_OUTPUT_RAW,36,24,other
97.68410396575928,ATTITUDE_QUATERNION,31,44,other
97.68417191505432,GLOBAL_POSITION_INT,33,40,other
97.68418502807617,POSITION_TARGET_LOCAL_NED,85,63,other
97.68810892105103,ATTITUDE,30,40,other
97.6924569606781,ATTITUDE_TARGET,83,48,other
97.69629096984863,ATTITUDE,30,40,other
97.69632196426392,GLOBAL_POSITION_INT,33,40,other
97.69633603096008,POSITION_TARGET_GLOBAL_INT,87,63,other
97.69657301902771,ATTITUDE,30,40,other
97.70027494430542,TIMESYNC,111,25,other
97.70031595230103,HIGHRES_IMU,105,73,other
97.70032691955566,LOCAL_POSITION_NED,32,40,other
97.70042991638184,LOCAL_POSITION_NED,32,40,other
97.70045495033264,ALTITUDE,141,44,other
97.70047402381897,SERVO_OUTPUT_RAW,36,24,other
97.70048809051514,ODOMETRY,331,244,other
97.70049810409546,ATTITUDE_QUATERNION,31,44,other
97.70050311088562,ATTITUDE_TARGET,83,48,other
97.70051193237305,POSITION_TARGET_LOCAL_NED,85,63,other
97.70051789283752,SERVO_OUTPUT_RAW,36,24,other
97.70052409172058,VFR_HUD,74,31,other
97.70446801185608,ATTITUDE_QUATERNION,31,44,other
97.70453310012817,GLOBAL_POSITION_INT,33,40,other
97.70454597473145,POSITION_TARGET_LOCAL_NED,85,63,other
97.70460391044617,GPS_RAW_INT,24,56,other
97.70802998542786,ATTITUDE,30,40,other
97.71244096755981,ATTITUDE_TARGET,83,48,other
97.71250200271606,GPS_RAW_INT,24,56,other
97.715989112854,ATTITUDE,30,40,other
97.71605491638184,GLOBAL_POSITION_INT,33,40,other
97.71607995033264,ATTITUDE,30,40,other
97.72005605697632,HIGHRES_IMU,105,74,other
97.72008490562439,ATTITUDE_QUATERNION,31,44,other
97.72015404701233,LOCAL_POSITION_NED,32,40,other
97.72021794319153,SERVO_OUTPUT_RAW,36,24,other
97.72424602508545,ATTITUDE_QUATERNION,31,44,other
97.72430491447449,GLOBAL_POSITION_INT,33,40,other
97.72431898117065,POSITION_TARGET_LOCAL_NED,85,63,other
97.72809100151062,ATTITUDE,30,40,other
97.73205208778381,LOCAL_POSITION_NED,32,40,other
97.73207712173462,ODOMETRY,331,244,other
97.73213696479797,ATTITUDE_TARGET,83,48,other
97.73608589172363,ATTITUDE,30,40,other
97.73614406585693,GLOBAL_POSITION_INT,33,40,other
97.73614406585693,ATTITUDE,30,40,other
97.73615503311157,GPS_RAW_INT,24,56,other
97.74043107032776,LOCAL_POSITION_NED,32,40,other
97.7404351234436,HIGHRES_IMU,105,74,other
97.74045991897583,SERVO_OUTPUT_RAW,36,24,other
97.74051690101624,ATTITUDE_QUATERNION,31,44,other
97.7445421218872,ATTITUDE_QUATERNION,31,44,other
97.74457597732544,GLOBAL_POSITION_INT,33,40,other
97.74458909034729,POSITION_TARGET_LOCAL_NED,85,63,other
97.74821496009827,ATTITUDE,30,40,other
97.74824404716492,UNKNOWN_411,-2,13,other
97.75231003761292,ATTITUDE_TARGET,83,48,other
97.75618600845337,ATTITUDE,30,40,other
97.75623798370361,ATTITUDE,30,40,other
97.75625801086426,GLOBAL_POSITION_INT,33,40,other

