0.0008080005645751953,GLOBAL_POSITION_INT,33,40,Arming
0.0009069442749023438,GLOBAL_POSITION_INT,33,40,Arming
0.0010290145874023438,SERVO_OUTPUT_RAW,36,15,Arming
0.004972934722900391,ATTITUDE,30,40,Arming
0.005073070526123047,ATTITUDE,30,40,Arming
0.005136013031005859,ATTITUDE_QUATERNION,31,44,Arming
0.008821964263916016,LOCAL_POSITION_NED,32,40,Arming
0.008888959884643555,ODOMETRY,331,244,Arming
0.008919954299926758,GPS_RAW_INT,24,56,Arming
0.010602951049804688,PARAM_VALUE,22,37,Arming
0.010626077651977539,PARAM_VALUE,22,37,Arming
0.010638952255249023,PARAM_VALUE,22,37,Arming
0.01065206527709961,PARAM_VALUE,22,37,Arming
0.010663032531738281,PARAM_VALUE,22,37,Arming
0.01067495346069336,PARAM_VALUE,22,37,Arming
0.010686874389648438,PARAM_VALUE,22,37,Arming
0.010698080062866211,PARAM_VALUE,22,37,Arming
0.010709047317504883,PARAM_VALUE,22,37,Arming
0.010720968246459961,PARAM_VALUE,22,37,Arming
0.010730981826782227,PARAM_VALUE,22,37,Arming
0.010742902755737305,PARAM_VALUE,22,37,Arming
0.01075291633605957,PARAM_VALUE,22,37,Arming
0.010763883590698242,PARAM_VALUE,22,37,Arming
0.010776042938232422,PARAM_VALUE,22,37,Arming
0.010787010192871094,PARAM_VALUE,22,37,Arming
0.01079702377319336,PARAM_VALUE,22,37,Arming
0.010807037353515625,PARAM_VALUE,22,37,Arming
0.010818004608154297,PARAM_VALUE,22,37,Arming
0.010828971862792969,PARAM_VALUE,22,37,Arming
0.012975931167602539,HIGHRES_IMU,105,73,Arming
0.013006925582885742,ATTITUDE,30,40,Arming
0.013025045394897461,ATTITUDE_QUATERNION,31,44,Arming
0.013084888458251953,COMMAND_ACK,77,22,Arming
0.013161897659301758,ATTITUDE_TARGET,83,48,Arming
0.013192892074584961,LOCAL_POSITION_NED,32,40,Arming
0.013226985931396484,POSITION_TARGET_LOCAL_NED,85,63,Arming
0.013242006301879883,UNKNOWN_410,-2,42,Arming
0.013252019882202148,UNKNOWN_410,-2,30,Arming
0.013258934020996094,UNKNOWN_410,-2,30,Arming
0.013267040252685547,UNKNOWN_410,-2,30,Arming
0.013275861740112305,UNKNOWN_410,-2,30,Arming
0.013283014297485352,UNKNOWN_410,-2,30,Arming
0.013289928436279297,UNKNOWN_410,-2,30,Arming
0.01679706573486328,UNKNOWN_410,-2,42,Arming
0.01689004898071289,UNKNOWN_410,-2,30,Arming
0.016908884048461914,UNKNOWN_410,-2,30,Arming
0.016923904418945312,UNKNOWN_410,-2,30,Arming
0.016939878463745117,UNKNOWN_410,-2,30,Arming
0.016952037811279297,UNKNOWN_410,-2,30,Arming
0.016965866088867188,UNKNOWN_410,-2,30,Arming
0.021100997924804688,GLOBAL_POSITION_INT,33,40,Arming
0.021142005920410156,GLOBAL_POSITION_INT,33,40,Arming
0.021168947219848633,SERVO_OUTPUT_RAW,36,15,Arming
0.02504897117614746,ATTITUDE,30,40,Arming
0.025172948837280273,ATTITUDE,30,40,Arming
0.025235891342163086,ATTITUDE_QUATERNION,31,44,Arming
0.031002044677734375,PARAM_VALUE,22,37,Arming
0.031056880950927734,PARAM_VALUE,22,37,Arming
0.03106689453125,PARAM_VALUE,22,37,Arming
0.031074047088623047,PARAM_VALUE,22,37,Arming
0.031080961227416992,PARAM_VALUE,22,37,Arming
0.031087875366210938,PARAM_VALUE,22,37,Arming
0.031094074249267578,PARAM_VALUE,22,37,Arming
0.031100988388061523,PARAM_VALUE,22,37,Arming
0.03110790252685547,PARAM_VALUE,22,37,Arming
0.031115055084228516,PARAM_VALUE,22,37,Arming
0.03112196922302246,PARAM_VALUE,22,37,Arming
0.0311279296875,PARAM_VALUE,22,37,Arming
0.031135082244873047,PARAM_VALUE,22,37,Arming
0.031141042709350586,PARAM_VALUE,22,37,Arming
0.03114795684814453,PARAM_VALUE,22,37,Arming
0.031154870986938477,PARAM_VALUE,22,37,Arming
0.031162023544311523,PARAM_VALUE,22,37,Arming
0.03116893768310547,PARAM_VALUE,22,37,Arming
0.031176090240478516,PARAM_VALUE,22,37,Arming
0.03118300437927246,PARAM_VALUE,22,37,Arming
0.032794952392578125,HIGHRES_IMU,105,74,Arming
0.032824039459228516,ATTITUDE,30,40,Arming
0.03287792205810547,ATTITUDE_QUATERNION,31,44,Arming
0.032917022705078125,ATTITUDE_TARGET,83,48,Arming
0.03297996520996094,LOCAL_POSITION_NED,32,40,Arming
0.03299403190612793,POSITION_TARGET_LOCAL_NED,85,63,Arming
0.040979862213134766,LOCAL_POSITION_NED,32,40,Arming
0.04101300239562988,ODOMETRY,331,244,Arming
0.04103493690490723,GLOBAL_POSITION_INT,33,40,Arming
0.041049957275390625,GPS_RAW_INT,24,56,Arming
0.04111003875732422,GLOBAL_POSITION_INT,33,40,Arming
0.04117608070373535,SERVO_OUTPUT_RAW,36,15,Arming
0.04128289222717285,PARAM_VALUE,22,37,Arming
0.04134106636047363,PARAM_VALUE,22,37,Arming
0.04135608673095703,PARAM_VALUE,22,37,Arming
0.04136800765991211,PARAM_VALUE,22,37,Arming
0.04137897491455078,PARAM_VALUE,22,37,Arming
0.04139208793640137,PARAM_VALUE,22,37,Arming
0.04140806198120117,PARAM_VALUE,22,37,Arming
0.041419029235839844,PARAM_VALUE,22,37,Arming
0.04143095016479492,PARAM_VALUE,22,37,Arming
0.041441917419433594,PARAM_VALUE,22,37,Arming
0.041452884674072266,PARAM_VALUE,22,37,Arming
0.04146599769592285,PARAM_VALUE,22,37,Arming
0.04147696495056152,PARAM_VALUE,22,37,Arming
0.04148697853088379,PARAM_VALUE,22,37,Arming
0.041493892669677734,PARAM_VALUE,22,37,Arming
0.04150104522705078,PARAM_VALUE,22,37,Arming
0.04150891304016113,PARAM_VALUE,22,37,Arming
0.041519880294799805,PARAM_VALUE,22,37,Arming
0.04153108596801758,PARAM_VALUE,22,37,Arming
0.04154205322265625,PARAM_VALUE,22,37,Arming
0.044799089431762695,ATTITUDE,30,40,Arming
0.04493999481201172,ATTITUDE,30,40,Arming
0.04500293731689453,ATTITUDE_QUATERNION,31,44,Arming
0.05134296417236328,SYSTEM_TIME,2,19,Arming
0.05142402648925781,SYSTEM_TIME,2,19,Arming
0.05214285850524902,MISSION_REQUEST_LIST,43,14,Arming
0.052320003509521484,MISSION_COUNT,44,16,Arming
0.052351951599121094,PARAM_SET,23,35,Arming
0.05243086814880371,UNKNOWN_345,-2,33,Arming
0.05299806594848633,HIGHRES_IMU,105,74,Arming
0.05302786827087402,ATTITUDE,30,40,Arming
0.05304598808288574,ATTITUDE_QUATERNION,31,44,Arming
0.05309605598449707,ATTITUDE_TARGET,83,48,Arming
0.05316495895385742,LOCAL_POSITION_NED,32,40,Arming
0.05321002006530762,POSITION_TARGET_LOCAL_NED,85,63,Arming
0.05583000183105469,MISSION_ACK,47,14,Arming
0.05661892890930176,MISSION_REQUEST_LIST,43,15,Arming
0.057086944580078125,MISSION_COUNT,44,17,Arming
0.06094503402709961,GLOBAL_POSITION_INT,33,40,Arming
0.061102867126464844,GLOBAL_POSITION_INT,33,40,Arming
0.06113290786743164,SERVO_OUTPUT_RAW,36,15,Arming
0.06477499008178711,ATTITUDE,30,40,Arming
0.06489801406860352,ATTITUDE,30,40,Arming
0.06491804122924805,ATTITUDE_QUATERNION,31,44,Arming
0.06830787658691406,MISSION_ACK,47,16,Arming
0.06872391700744629,MISSION_REQUEST_LIST,43,15,Arming
0.06944394111633301,MISSION_COUNT,44,17,Arming
0.07287788391113281,TIMESYNC,111,25,Arming
0.0729219913482666,HIGHRES_IMU,105,73,Arming
0.07293701171875,LOCAL_POSITION_NED,32,40,Arming
0.07294607162475586,ATTITUDE,30,40,Arming
0.07295799255371094,ALTITUDE,141,44,Arming
0.07295989990234375,ATTITUDE_TARGET,83,48,Arming
0.07297587394714355,ODOMETRY,331,244,Arming
0.07299304008483887,ATTITUDE_QUATERNION,31,44,Arming
0.07300806045532227,ATTITUDE_TARGET,83,48,Arming
0.07302308082580566,EXTENDED_SYS_STATE,245,14,Arming
0.07303285598754883,GPS_RAW_INT,24,56,Arming
0.07303500175476074,LOCAL_POSITION_NED,32,40,Arming
0.0730428695678711,POSITION_TARGET_LOCAL_NED,85,63,Arming
0.07305097579956055,POSITION_TARGET_LOCAL_NED,85,63,Arming
0.07305192947387695,SERVO_OUTPUT_RAW,36,15,Arming
0.07306194305419922,SYS_STATUS,1,52,Arming
0.07307004928588867,VFR_HUD,74,29,Arming
0.07538890838623047,MISSION_ACK,47,16,Arming
0.08090090751647949,GLOBAL_POSITION_INT,33,40,Arming
0.08094286918640137,GLOBAL_POSITION_INT,33,40,Arming
0.08100485801696777,SERVO_OUTPUT_RAW,36,15,Arming
0.08497500419616699,ATTITUDE,30,40,Arming
0.08498907089233398,ATTITUDE,30,40,Arming
0.08504796028137207,ATTITUDE_QUATERNION,31,44,Arming
0.09327507019042969,HIGHRES_IMU,105,74,Arming
0.09334492683410645,ATTITUDE,30,40,Arming
0.09337186813354492,ATTITUDE_TARGET,83,48,Arming
0.09337401390075684,ATTITUDE_QUATERNION,31,44,Arming
0.09342193603515625,LOCAL_POSITION_NED,32,40,Arming
0.09343791007995605,POSITION_TARGET_LOCAL_NED,85,63,Arming
0.1009209156036377,GLOBAL_POSITION_INT,33,40,Arming
0.1009829044342041,GLOBAL_POSITION_INT,33,40,Arming
0.1010138988494873,SERVO_OUTPUT_RAW,36,15,Arming
0.10491299629211426,ATTITUDE,30,40,Arming
0.104949951171875,GPS_RAW_INT,24,56,Arming
0.10503005981445312,ATTITUDE,30,40,Arming
0.10509586334228516,ATTITUDE_QUATERNION,31,44,Arming
0.10891604423522949,LOCAL_POSITION_NED,32,40,Arming
0.10895204544067383,ODOMETRY,331,244,Arming
0.11292290687561035,HIGHRES_IMU,105,73,Arming
0.11295890808105469,ATTITUDE,30,40,Arming
0.1129770278930664,ATTITUDE_QUATERNION,31,44,Arming
0.11300086975097656,ATTITUDE_TARGET,83,48,Arming
0.11307501792907715,LOCAL_POSITION_NED,32,40,Arming
0.11308789253234863,POSITION_TARGET_LOCAL_NED,85,63,Arming
0.12095093727111816,GLOBAL_POSITION_INT,33,40,Arming
0.12105393409729004,GLOBAL_POSITION_INT,33,40,Arming
0.12112998962402344,SERVO_OUTPUT_RAW,36,15,Arming
0.12502288818359375,ATTITUDE,30,40,Arming
0.12511992454528809,ATTITUDE,30,40,Arming
0.12517905235290527,ATTITUDE_QUATERNION,31,44,Arming
0.1329960823059082,HIGHRES_IMU,105,73,Arming
0.13303208351135254,ATTITUDE,30,40,Arming
0.13305401802062988,ATTITUDE_QUATERNION,31,44,Arming
0.13338303565979004,ATTITUDE_TARGET,83,48,Arming
0.1334540843963623,LOCAL_POSITION_NED,32,40,Arming
0.1334679126739502,POSITION_TARGET_LOCAL_NED,85,63,Arming
0.1409139633178711,LOCAL_POSITION_NED,32,40,Arming
0.14094901084899902,ODOMETRY,331,244,Arming
0.14096903800964355,GLOBAL_POSITION_INT,33,40,Arming
0.14098405838012695,GPS_RAW_INT,24,56,Arming
0.14105892181396484,GLOBAL_POSITION_INT,33,40,Arming
0.14108490943908691,SERVO_OUTPUT_RAW,36,15,Arming
0.14487099647521973,ATTITUDE,30,40,Arming
0.14497995376586914,ATTITUDE,30,40,Arming
0.14504694938659668,ATTITUDE_QUATERNION,31,44,Arming
0.15290403366088867,HIGHRES_IMU,105,74,Arming
0.15293192863464355,ATTITUDE,30,40,Arming
0.1529529094696045,ATTITUDE_QUATERNION,31,44,Arming
0.15297508239746094,ATTITUDE_TARGET,83,48,Arming
0.1530458927154541,LOCAL_POSITION_NED,32,40,Arming
0.1530599594116211,POSITION_TARGET_LOCAL_NED,85,63,Arming
0.1607968807220459,GLOBAL_POSITION_INT,33,40,Arming
0.1609208583831787,GLOBAL_POSITION_INT,33,40,Arming
0.16099286079406738,SERVO_OUTPUT_RAW,36,15,Arming
0.16501402854919434,ATTITUDE,30,40,Arming
0.16511201858520508,ATTITUDE,30,40,Arming
0.16518497467041016,ATTITUDE_QUATERNION,31,44,Arming
0.1727919578552246,TIMESYNC,111,25,Arming
0.1728658676147461,HIGHRES_IMU,105,74,Arming
0.1728980541229248,LOCAL_POSITION_NED,32,40,Arming
0.17291903495788574,ATTITUDE,30,40,Arming
0.17292499542236328,HEARTBEAT,0,21,Arming
0.17293500900268555,ALTITUDE,141,44,Arming
0.17295193672180176,ODOMETRY,331,244,Arming
0.17296791076660156,ATTITUDE_QUATERNION,31,44,Arming
0.17298102378845215,ATTITUDE_TARGET,83,48,Arming
0.17299699783325195,GPS_RAW_INT,24,56,Arming
0.17299795150756836,ALTITUDE,141,44,Arming
0.17301487922668457,POSITION_TARGET_LOCAL_NED,85,63,Arming
0.17303109169006348,SERVO_OUTPUT_RAW,36,15,Arming
0.17303895950317383,ATTITUDE_TARGET,83,48,Arming
0.17304587364196777,VFR_HUD,74,29,Arming
0.17305207252502441,BATTERY_STATUS,147,53,Arming
0.17306208610534668,UNKNOWN_436,-2,20,Arming
0.17307591438293457,ESTIMATOR_STATUS,230,54,Arming
0.17308497428894043,EXTENDED_SYS_STATE,245,14,Arming
0.1730949878692627,GPS_RAW_INT,24,56,Arming
0.17311406135559082,HOME_POSITION,242,67,Arming
0.17312407493591309,LOCAL_POSITION_NED,32,40,Arming
0.1731400489807129,OPEN_DRONE_ID_LOCATION,12901,70,Arming
0.1732010841369629,OPEN_DRONE_ID_SYSTEM,12904,37,Arming
0.17321491241455078,POSITION_TARGET_LOCAL_NED,85,63,Arming
0.17322492599487305,SCALED_PRESSURE,29,26,Arming
0.17323589324951172,SYS_STATUS,1,52,Arming
0.17324495315551758,UNKNOWN_380,-2,32,Arming
0.17325401306152344,VFR_HUD,74,29,Arming
0.1732630729675293,UNKNOWN_8,-2,33,Arming
0.1749420166015625,COMMAND_LONG,76,44,Arming
0.18119287490844727,MISSION_CURRENT,42,18,Arming
0.18125486373901367,GLOBAL_POSITION_INT,33,40,Arming
0.18140697479248047,COMMAND_ACK,77,22,Arming
0.18149995803833008,GLOBAL_POSITION_INT,33,40,Arming
0.1815180778503418,SERVO_OUTPUT_RAW,36,15,Arming
0.18488597869873047,ATTITUDE,30,40,Arming
0.18494200706481934,ATTITUDE,30,40,Arming
0.1849980354309082,ATTITUDE_QUATERNION,31,44,Arming
0.1930699348449707,HIGHRES_IMU,105,74,Arming
0.19310307502746582,ATTITUDE,30,40,Arming
0.19312286376953125,ATTITUDE_QUATERNION,31,44,Arming
0.19315505027770996,ATTITUDE_TARGET,83,48,Arming
0.19322991371154785,LOCAL_POSITION_NED,32,40,Arming
0.19324588775634766,POSITION_TARGET_LOCAL_NED,85,63,Arming
0.20080995559692383,GLOBAL_POSITION_INT,33,40,Arming
0.2008669376373291,GLOBAL_POSITION_INT,33,40,Arming
0.20089387893676758,SERVO_OUTPUT_RAW,36,15,Arming
0.20493507385253906,ATTITUDE,30,40,Arming
0.2049710750579834,GPS_RAW_INT,24,56,Arming
0.20499396324157715,ATTITUDE,30,40,Arming
0.20505595207214355,ATTITUDE_QUATERNION,31,44,Arming
0.20888686180114746,LOCAL_POSITION_NED,32,40,Arming
0.20892786979675293,ODOMETRY,331,244,Arming
0.21292591094970703,HIGHRES_IMU,105,74,Arming
0.21295690536499023,ATTITUDE,30,40,Arming
0.21297502517700195,ATTITUDE_QUATERNION,31,44,Arming
0.21297788619995117,ATTITUDE_TARGET,83,48,Arming
0.21304702758789062,LOCAL_POSITION_NED,32,40,Arming
0.21306204795837402,POSITION_TARGET_LOCAL_NED,85,63,Arming
0.22108697891235352,GLOBAL_POSITION_INT,33,40,Arming
0.22116494178771973,GLOBAL_POSITION_INT,33,40,Arming
0.2211918830871582,SERVO_OUTPUT_RAW,36,15,Arming
0.22491192817687988,ATTITUDE,30,40,Arming
0.22494888305664062,ATTITUDE,30,40,Arming
0.2250070571899414,ATTITUDE_QUATERNION,31,44,Arming
0.23291301727294922,HIGHRES_IMU,105,73,Arming
0.2329418659210205,ATTITUDE,30,40,Arming
0.23296189308166504,ATTITUDE_QUATERNION,31,44,Arming
0.23300409317016602,ATTITUDE_TARGET,83,48,Arming
0.23307204246520996,LOCAL_POSITION_NED,32,40,Arming
0.23308491706848145,POSITION_TARGET_LOCAL_NED,85,63,Arming
0.23706603050231934,GPS_RAW_INT,24,56,Arming
0.24106693267822266,LOCAL_POSITION_NED,32,40,Arming
0.2411348819732666,ODOMETRY,331,244,Arming
0.24115490913391113,GLOBAL_POSITION_INT,33,40,Arming
0.2411820888519287,GLOBAL_POSITION_INT,33,40,Arming
0.2412569522857666,SERVO_OUTPUT_RAW,36,15,Arming
0.24477291107177734,ATTITUDE,30,40,Arming
0.24489188194274902,ATTITUDE,30,40,Arming
0.24492096900939941,ATTITUDE_QUATERNION,31,44,Arming
0.2530848979949951,HIGHRES_IMU,105,73,Arming
0.25311899185180664,ATTITUDE,30,40,Arming
0.2531399726867676,ATTITUDE_QUATERNION,31,44,Arming
0.25316286087036133,ATTITUDE_TARGET,83,48,Arming
0.2532310485839844,LOCAL_POSITION_NED,32,40,Arming
0.25324392318725586,POSITION_TARGET_LOCAL_NED,85,63,Arming
0.2608020305633545,GLOBAL_POSITION_INT,33,40,Arming
0.2609090805053711,GLOBAL_POSITION_INT,33,40,Arming
0.26099586486816406,SERVO_OUTPUT_RAW,36,15,Arming
0.26479291915893555,ATTITUDE,30,40,Arming
0.26503801345825195,ATTITUDE,30,40,Arming
0.26509690284729004,ATTITUDE_QUATERNION,31,44,Arming
0.27280306816101074,TIMESYNC,111,25,Arming
0.27286791801452637,HIGHRES_IMU,105,74,Arming
0.27289295196533203,LOCAL_POSITION_NED,32,40,Arming
0.27291107177734375,ATTITUDE,30,40,Arming
0.2729198932647705,ALTITUDE,141,44,Arming
0.2729308605194092,ODOMETRY,331,244,Arming
0.27294087409973145,ATTITUDE_QUATERNION,31,44,Arming
0.2729499340057373,ATTITUDE_TARGET,83,48,Arming
0.2729640007019043,EXTENDED_SYS_STATE,245,14,Arming
0.2729790210723877,GPS_RAW_INT,24,56,Arming
0.2729790210723877,ATTITUDE_TARGET,83,48,Arming
0.2729940414428711,POSITION_TARGET_LOCAL_NED,85,63,Arming
0.273007869720459,SERVO_OUTPUT_RAW,36,15,Arming
0.2730228900909424,SYS_STATUS,1,52,Arming
0.2730379104614258,VFR_HUD,74,29,Arming
0.2730519771575928,LOCAL_POSITION_NED,32,40,Arming
0.27306699752807617,POSITION_TARGET_LOCAL_NED,85,63,Arming
0.28079891204833984,GLOBAL_POSITION_INT,33,40,Arming
0.28092503547668457,GLOBAL_POSITION_INT,33,40,Arming
0.2809929847717285,SERVO_OUTPUT_RAW,36,15,Arming
0.2850818634033203,ATTITUDE,30,40,Arming
0.28508591651916504,ATTITUDE,30,40,Arming
0.2851860523223877,ATTITUDE_QUATERNION,31,44,Arming
0.29277491569519043,HIGHRES_IMU,105,73,Arming
0.2929050922393799,ATTITUDE,30,40,Arming
0.2929050922393799,ATTITUDE_TARGET,83,48,Arming
0.2929799556732178,ATTITUDE_QUATERNION,31,44,Arming
0.29308485984802246,LOCAL_POSITION_NED,32,40,Arming
0.29309988021850586,POSITION_TARGET_LOCAL_NED,85,63,Arming
0.30095696449279785,GLOBAL_POSITION_INT,33,40,Arming
0.3010599613189697,GLOBAL_POSITION_INT,33,40,Arming
0.3010878562927246,SERVO_OUTPUT_RAW,36,15,Arming
0.3053269386291504,ATTITUDE,30,40,Arming
0.30535292625427246,GPS_RAW_INT,24,56,Arming
0.3054358959197998,ATTITUDE,30,40,Arming
0.3054978847503662,ATTITUDE_QUATERNION,31,44,Arming
0.30883193016052246,LOCAL_POSITION_NED,32,40,Arming
0.3088960647583008,ODOMETRY,331,244,Arming
0.31298089027404785,HIGHRES_IMU,105,74,Arming
0.3130059242248535,ATTITUDE_TARGET,83,48,Arming
0.3130180835723877,ATTITUDE,30,40,Arming
0.3130369186401367,LOCAL_POSITION_NED,32,40,Arming
0.3130378723144531,ATTITUDE_QUATERNION,31,44,Arming
0.3130929470062256,POSITION_TARGET_LOCAL_NED,85,63,Arming
0.32160401344299316,GLOBAL_POSITION_INT,33,40,Arming
0.3216369152069092,GLOBAL_POSITION_INT,33,40,Arming
0.32166194915771484,SERVO_OUTPUT_RAW,36,15,Arming
0.3247950077056885,ATTITUDE,30,40,Arming
0.3249380588531494,ATTITUDE,30,40,Arming
0.3249969482421875,ATTITUDE_QUATERNION,31,44,Arming
0.33300304412841797,HIGHRES_IMU,105,74,Arming
0.3330368995666504,ATTITUDE,30,40,Arming
0.33306097984313965,ATTITUDE_QUATERNION,31,44,Arming
0.3331470489501953,ATTITUDE_TARGET,83,48,Arming
0.3332400321960449,LOCAL_POSITION_NED,32,40,Arming
0.3332560062408447,POSITION_TARGET_LOCAL_NED,85,63,Arming
0.3367900848388672,GPS_RAW_INT,24,56,Arming
0.34079694747924805,LOCAL_POSITION_NED,32,40,Arming
0.34082698822021484,ODOMETRY,331,244,Arming
0.3408799171447754,GLOBAL_POSITION_INT,33,40,Arming
0.34093403816223145,GLOBAL_POSITION_INT,33,40,Arming
0.34099388122558594,SERVO_OUTPUT_RAW,36,15,Arming
0.3447718620300293,ATTITUDE,30,40,Arming
0.3449070453643799,ATTITUDE,30,40,Arming
0.34497594833374023,ATTITUDE_QUATERNION,31,44,Arming
0.3527710437774658,HIGHRES_IMU,105,73,Arming
0.35279202461242676,ATTITUDE,30,40,Arming
0.35280704498291016,ATTITUDE_QUATERNION,31,44,Arming
0.35289502143859863,ATTITUDE_TARGET,83,48,Arming
0.35292601585388184,LOCAL_POSITION_NED,32,40,Arming
0.35294008255004883,POSITION_TARGET_LOCAL_NED,85,63,Arming
0.36081790924072266,GLOBAL_POSITION_INT,33,40,Arming
0.3609650135040283,GLOBAL_POSITION_INT,33,40,Arming
0.3609938621520996,SERVO_OUTPUT_RAW,36,15,Arming
0.3652338981628418,ATTITUDE,30,40,Arming
0.3655579090118408,ATTITUDE,30,40,Arming
0.3656189441680908,ATTITUDE_QUATERNION,31,44,Arming
0.36888599395751953,GPS_RAW_INT,24,56,Arming
0.37279701232910156,TIMESYNC,111,25,Arming
0.3728649616241455,HIGHRES_IMU,105,73,Arming
0.37290000915527344,LOCAL_POSITION_NED,32,40,Arming
0.37291693687438965,ATTITUDE,30,40,Arming
0.3729219436645508,ATTITUDE_TARGET,83,48,Arming
0.37293195724487305,ALTITUDE,141,44,Arming
0.37295103073120117,ODOMETRY,331,244,Arming
0.37296605110168457,ATTITUDE_QUATERNION,31,44,Arming
0.3729739189147949,ATTITUDE_TARGET,83,48,Arming
0.3729870319366455,POSITION_TARGET_LOCAL_NED,85,63,Arming
0.37299489974975586,GPS_RAW_INT,24,56,Arming
0.37299609184265137,SERVO_OUTPUT_RAW,36,15,Arming
0.3730049133300781,VFR_HUD,74,29,Arming
0.37300586700439453,LOCAL_POSITION_NED,32,40,Arming
0.3730170726776123,POSITION_TARGET_LOCAL_NED,85,63,Arming
0.381105899810791,GLOBAL_POSITION_INT,33,40,Arming
0.381213903427124,GLOBAL_POSITION_INT,33,40,Arming
0.3812859058380127,SERVO_OUTPUT_RAW,36,15,Arming
0.38480186462402344,ATTITUDE,30,40,Arming
0.38493800163269043,ATTITUDE,30,40,Arming
0.38500189781188965,ATTITUDE_QUATERNION,31,44,Arming
0.3930349349975586,ATTITUDE_TARGET,83,48,Arming
0.3930699825286865,HIGHRES_IMU,105,74,Arming
0.3930950164794922,LOCAL_POSITION_NED,32,40,Arming
0.3931009769439697,ATTITUDE,30,40,Arming
0.393110990524292,POSITION_TARGET_LOCAL_NED,85,63,Arming
0.39312195777893066,ATTITUDE_QUATERNION,31,44,Arming
0.40086793899536133,GLOBAL_POSITION_INT,33,40,Arming
0.40097904205322266,GLOBAL_POSITION_INT,33,40,Arming
0.4010469913482666,SERVO_OUTPUT_RAW,36,15,Arming
0.40477705001831055,ATTITUDE,30,40,Arming
0.4048020839691162,GPS_RAW_INT,24,56,Arming
0.40492701530456543,ATTITUDE,30,40,Arming
0.4049830436706543,ATTITUDE_QUATERNION,31,44,Arming
0.40897202491760254,LOCAL_POSITION_NED,32,40,Arming
0.40905189514160156,ODOMETRY,331,244,Arming
0.4129149913787842,HIGHRES_IMU,105,73,Arming
0.4129519462585449,ATTITUDE,30,40,Arming
0.4129660129547119,ATTITUDE_TARGET,83,48,Arming
0.41297197341918945,ATTITUDE_QUATERNION,31,44,Arming
0.41298794746398926,LOCAL_POSITION_NED,32,40,Arming
0.41299891471862793,POSITION_TARGET_LOCAL_NED,85,63,Arming
0.4207780361175537,GLOBAL_POSITION_INT,33,40,Arming
0.42093491554260254,GLOBAL_POSITION_INT,33,40,Arming
0.4210050106048584,SERVO_OUTPUT_RAW,36,15,Arming
0.4250009059906006,ATTITUDE,30,40,Arming
0.4250600337982178,ATTITUDE_QUATERNION,31,44,Arming
0.4250819683074951,VFR_HUD,74,29,Arming
0.4251079559326172,ATTITUDE,30,40,Arming
0.43305301666259766,HIGHRES_IMU,105,73,Arming
0.43308401107788086,ATTITUDE,30,40,Arming
0.43311095237731934,ATTITUDE_QUATERNION,31,44,Arming
0.4331479072570801,ATTITUDE_TARGET,83,48,Arming
0.43321800231933594,LOCAL_POSITION_NED,32,40,Arming
0.43323206901550293,POSITION_TARGET_LOCAL_NED,85,63,Arming
0.43679094314575195,GPS_RAW_INT,24,56,Arming
0.4409620761871338,LOCAL_POSITION_NED,32,40,Arming
0.4410080909729004,ODOMETRY,331,244,Arming
0.44103503227233887,GLOBAL_POSITION_INT,33,40,Arming
0.44109392166137695,GLOBAL_POSITION_INT,33,40,Arming
0.4412078857421875,SERVO_OUTPUT_RAW,36,15,Arming
0.4448108673095703,ATTITUDE,30,40,Arming
0.4450340270996094,ATTITUDE,30,40,Arming
0.4451029300689697,ATTITUDE_QUATERNION,31,44,Arming
0.4528028964996338,HIGHRES_IMU,105,74,Arming
0.452847957611084,ATTITUDE,30,40,Arming
0.45288896560668945,ATTITUDE_QUATERNION,31,44,Arming
0.45292091369628906,ATTITUDE_TARGET,83,48,Arming
0.4529910087585449,LOCAL_POSITION_NED,32,40,Arming
0.4530050754547119,POSITION_TARGET_LOCAL_NED,85,63,Arming
0.4608290195465088,GLOBAL_POSITION_INT,33,40,Arming
0.460953950881958,GLOBAL_POSITION_INT,33,40,Arming
0.46101999282836914,SERVO_OUTPUT_RAW,36,15,Arming
0.46508288383483887,ATTITUDE,30,40,Arming
0.46517300605773926,ATTITUDE,30,40,Arming
0.4652390480041504,ATTITUDE_QUATERNION,31,44,Arming
0.46944093704223633,GPS_RAW_INT,24,56,Arming
0.4729878902435303,HEARTBEAT,0,21,Arming
0.4730219841003418,TIMESYNC,111,25,Arming
0.4730410575866699,HIGHRES_IMU,105,74,Arming
0.4730560779571533,LOCAL_POSITION_NED,32,40,Arming
0.47307801246643066,ATTITUDE,30,40,Arming
0.47309303283691406,ALTITUDE,141,44,Arming
0.4730980396270752,ATTITUDE_TARGET,83,48,Arming
0.4731130599975586,ODOMETRY,331,244,Arming
0.473128080368042,ATTITUDE_QUATERNION,31,44,Arming
0.4731409549713135,ATTITUDE_TARGET,83,48,Arming
0.47315502166748047,BATTERY_STATUS,147,53,Arming
0.47317004203796387,UNKNOWN_436,-2,20,Arming
0.4731779098510742,LOCAL_POSITION_NED,32,40,Arming
0.47318387031555176,ESTIMATOR_STATUS,230,54,Arming
0.473193883895874,POSITION_TARGET_LOCAL_NED,85,63,Arming
0.47319793701171875,EXTENDED_SYS_STATE,245,14,Arming
0.47321391105651855,HOME_POSITION,242,67,Arming
0.4732320308685303,OPEN_DRONE_ID_LOCATION,12901,70,Arming
0.47324490547180176,OPEN_DRONE_ID_SYSTEM,12904,37,Arming
0.47325801849365234,PING,4,21,Arming
0.47327089309692383,POSITION_TARGET_LOCAL_NED,85,63,Arming
0.4732849597930908,SCALED_PRESSURE,29,26,Arming
0.4732980728149414,SERVO_OUTPUT_RAW,36,15,Arming
0.4733130931854248,SYS_STATUS,1,52,Arming
0.4733278751373291,SYSTEM_TIME,2,22,Arming
0.4733409881591797,UNKNOWN_380,-2,32,Arming
0.4733550548553467,VFR_HUD,74,29,Arming
0.47336888313293457,VIBRATION,241,32,Arming
0.47338104248046875,UNKNOWN_8,-2,30,Arming
0.48129701614379883,GLOBAL_POSITION_INT,33,40,Arming
0.4814279079437256,GLOBAL_POSITION_INT,33,40,Arming
0.4815678596496582,SERVO_OUTPUT_RAW,36,15,Arming
0.48500800132751465,ATTITUDE,30,40,Arming
0.4851200580596924,ATTITUDE,30,40,Arming
0.4851388931274414,ATTITUDE_QUATERNION,31,44,Arming
0.4929649829864502,HIGHRES_IMU,105,73,Arming
0.49298691749572754,ATTITUDE_TARGET,83,48,Arming
0.4930078983306885,ATTITUDE,30,40,Arming
0.4930129051208496,LOCAL_POSITION_NED,32,40,Arming
0.4930260181427002,POSITION_TARGET_LOCAL_NED,85,63,Arming
0.4930269718170166,ATTITUDE_QUATERNION,31,44,Arming
0.49796390533447266,MISSION_CURRENT,42,18,Arming
0.500817060470581,GLOBAL_POSITION_INT,33,40,Arming
0.5008869171142578,GPS_RAW_INT,24,56,Arming
0.5009310245513916,GLOBAL_POSITION_INT,33,40,Arming
0.5009980201721191,SERVO_OUTPUT_RAW,36,15,Arming
0.5049440860748291,ATTITUDE,30,40,Arming
0.5050380229949951,ATTITUDE,30,40,Arming
0.5050990581512451,ATTITUDE_QUATERNION,31,44,Arming
0.5088989734649658,LOCAL_POSITION_NED,32,40,Arming
0.5089409351348877,ODOMETRY,331,244,Arming
0.5129539966583252,HIGHRES_IMU,105,74,Arming
0.5129849910736084,ATTITUDE,30,40,Arming
0.5130050182342529,ATTITUDE_QUATERNION,31,44,Arming
0.5130789279937744,ATTITUDE_TARGET,83,48,Arming
0.5132060050964355,LOCAL_POSITION_NED,32,40,Arming
0.5132238864898682,POSITION_TARGET_LOCAL_NED,85,63,Arming
0.5167100429534912,HEARTBEAT,0,21,Arming
0.5209829807281494,GLOBAL_POSITION_INT,33,40,Arming
0.5212440490722656,GLOBAL_POSITION_INT,33,40,Arming
0.5213139057159424,SERVO_OUTPUT_RAW,36,15,Arming
0.5255658626556396,ATTITUDE,30,40,Arming
0.5256819725036621,ATTITUDE,30,40,Arming
0.525752067565918,ATTITUDE_QUATERNION,31,44,Arming
0.5329558849334717,HIGHRES_IMU,105,73,Arming
0.5329859256744385,ATTITUDE,30,40,Arming
0.5329990386962891,ATTITUDE_QUATERNION,31,44,Arming
0.5332510471343994,ATTITUDE_TARGET,83,48,Arming
0.5333199501037598,LOCAL_POSITION_NED,32,40,Arming
0.5333349704742432,POSITION_TARGET_LOCAL_NED,85,63,Arming
0.5369338989257812,GPS_RAW_INT,24,56,Arming
0.540977954864502,LOCAL_POSITION_NED,32,40,Arming
0.5410239696502686,ODOMETRY,331,244,Arming
0.5410358905792236,GLOBAL_POSITION_INT,33,40,Arming
0.5410449504852295,GLOBAL_POSITION_INT,33,40,Arming
0.5410940647125244,SERVO_OUTPUT_RAW,36,15,Arming
0.5448460578918457,ATTITUDE,30,40,Arming
0.5450189113616943,ATTITUDE,30,40,Arming
0.5450820922851562,ATTITUDE_QUATERNION,31,44,Arming
0.5529210567474365,HIGHRES_IMU,105,73,Arming
0.5529520511627197,ATTITUDE,30,40,Arming
0.552954912185669,ATTITUDE_TARGET,83,48,Arming
0.5529699325561523,ATTITUDE_QUATERNION,31,44,Arming
0.5530259609222412,LOCAL_POSITION_NED,32,40,Arming
0.5530400276184082,POSITION_TARGET_LOCAL_NED,85,63,Arming
0.5608868598937988,GLOBAL_POSITION_INT,33,40,Arming
0.5609760284423828,GLOBAL_POSITION_INT,33,40,Arming
0.5610430240631104,SERVO_OUTPUT_RAW,36,15,Arming
0.5649158954620361,ATTITUDE,30,40,Arming
0.5650479793548584,ATTITUDE,30,40,Arming
0.5651788711547852,ATTITUDE_QUATERNION,31,44,Arming
0.5690279006958008,GPS_RAW_INT,24,56,Arming
0.573606014251709,TIMESYNC,111,25,Arming
0.573632001876831,HIGHRES_IMU,105,74,Arming
0.5736470222473145,LOCAL_POSITION_NED,32,40,Arming
0.5736629962921143,ATTITUDE,30,40,Arming
0.5736780166625977,ALTITUDE,141,44,Arming
0.5736958980560303,ODOMETRY,331,244,Arming
0.5737090110778809,ATTITUDE_TARGET,83,48,Arming
0.5737118721008301,ATTITUDE_QUATERNION,31,44,Arming
0.5737249851226807,ATTITUDE_TARGET,83,48,Arming
0.5737369060516357,GPS_RAW_INT,24,56,Arming
0.5737440586090088,POSITION_TARGET_LOCAL_NED,85,63,Arming
0.573746919631958,LOCAL_POSITION_NED,32,40,Arming
0.5737578868865967,POSITION_TARGET_LOCAL_NED,85,63,Arming
0.5737590789794922,SERVO_OUTPUT_RAW,36,15,Arming
0.5737738609313965,VFR_HUD,74,29,Arming
0.581104040145874,GLOBAL_POSITION_INT,33,40,Arming
0.5811688899993896,GLOBAL_POSITION_INT,33,40,Arming
0.58119797706604,SERVO_OUTPUT_RAW,36,15,Arming
0.585015058517456,ATTITUDE,30,40,Arming
0.5851058959960938,ATTITUDE,30,40,Arming
0.5851318836212158,ATTITUDE_QUATERNION,31,44,Arming
0.5928189754486084,HIGHRES_IMU,105,74,Arming
0.5928840637207031,ATTITUDE,30,40,Arming
0.592918872833252,ATTITUDE_QUATERNION,31,44,Arming
0.5929570198059082,ATTITUDE_TARGET,83,48,Arming
0.5930218696594238,LOCAL_POSITION_NED,32,40,Arming
0.5930330753326416,POSITION_TARGET_LOCAL_NED,85,63,Arming
0.6010398864746094,GLOBAL_POSITION_INT,33,40,Arming
0.6010420322418213,GLOBAL_POSITION_INT,33,40,Arming
0.6010689735412598,GPS_RAW_INT,24,56,Arming
0.60111403465271,SERVO_OUTPUT_RAW,36,15,Arming
0.6049039363861084,ATTITUDE,30,40,Arming
0.6049790382385254,ATTITUDE,30,40,Arming
0.6050469875335693,ATTITUDE_QUATERNION,31,44,Arming
0.6089658737182617,LOCAL_POSITION_NED,32,40,Arming
0.609001874923706,ODOMETRY,331,244,Arming
0.6132340431213379,HIGHRES_IMU,105,74,Arming
0.6132678985595703,ATTITUDE,30,40,Arming
0.6132888793945312,ATTITUDE_QUATERNION,31,44,Arming
0.613353967666626,ATTITUDE_TARGET,83,48,Arming
0.6133809089660645,LOCAL_POSITION_NED,32,40,Arming
0.6133918762207031,POSITION_TARGET_LOCAL_NED,85,63,Arming
0.6209108829498291,GLOBAL_POSITION_INT,33,40,Arming
0.6210348606109619,GLOBAL_POSITION_INT,33,40,Arming
0.6211769580841064,SERVO_OUTPUT_RAW,36,15,Arming
0.624755859375,ATTITUDE,30,40,Arming
0.6248390674591064,ATTITUDE,30,40,Arming
0.6249148845672607,ATTITUDE_QUATERNION,31,44,Arming
0.6331110000610352,HIGHRES_IMU,105,74,Arming
0.6331419944763184,ATTITUDE,30,40,Arming
0.6331610679626465,ATTITUDE_QUATERNION,31,44,Arming
0.6331779956817627,GPS_RAW_INT,24,56,Arming
0.633354902267456,ATTITUDE_TARGET,83,48,Arming
0.6334249973297119,LOCAL_POSITION_NED,32,40,Arming
0.6334350109100342,POSITION_TARGET_LOCAL_NED,85,63,Arming
0.6408050060272217,LOCAL_POSITION_NED,32,40,Arming
0.6409070491790771,ODOMETRY,331,244,Arming
0.640934944152832,GLOBAL_POSITION_INT,33,40,Arming
0.6409358978271484,GLOBAL_POSITION_INT,33,40,Arming
0.641057014465332,SERVO_OUTPUT_RAW,36,15,Arming
0.6449360847473145,ATTITUDE,30,40,Arming
0.645050048828125,ATTITUDE,30,40,Arming
0.645158052444458,ATTITUDE_QUATERNION,31,44,Arming
0.6530060768127441,HIGHRES_IMU,105,73,Arming
0.6530380249023438,ATTITUDE,30,40,Arming
0.6530580520629883,ATTITUDE_QUATERNION,31,44,Arming
0.6531589031219482,ATTITUDE_TARGET,83,48,Arming
0.6533420085906982,LOCAL_POSITION_NED,32,40,Arming
0.653357982635498,POSITION_TARGET_LOCAL_NED,85,63,Arming
0.660956859588623,GLOBAL_POSITION_INT,33,40,Arming
0.6610660552978516,GLOBAL_POSITION_INT,33,40,Arming
0.6611368656158447,SERVO_OUTPUT_RAW,36,15,Arming
0.6653740406036377,ATTITUDE,30,40,Arming
0.6654908657073975,ATTITUDE,30,40,Arming
0.6655550003051758,ATTITUDE_QUATERNION,31,44,Arming
0.6690468788146973,GPS_RAW_INT,24,56,Arming
0.6729059219360352,TIMESYNC,111,25,Arming
0.6729390621185303,HIGHRES_IMU,105,73,Arming
0.6729550361633301,LOCAL_POSITION_NED,32,40,Arming
0.6729710102081299,ATTITUDE,30,40,Arming
0.6729850769042969,ALTITUDE,141,44,Arming
0.6730010509490967,ATTITUDE_TARGET,83,48,Arming
0.6730020046234131,ODOMETRY,331,244,Arming
0.6730189323425293,ATTITUDE_QUATERNION,31,44,Arming
0.6730329990386963,ATTITUDE_TARGET,83,48,Arming
0.6730480194091797,EXTENDED_SYS_STATE,245,14,Arming
0.6730659008026123,POSITION_TARGET_LOCAL_NED,85,63,Arming
0.6730759143829346,LOCAL_POSITION_NED,32,40,Arming
0.6730818748474121,SERVO_OUTPUT_RAW,36,15,Arming
0.6730890274047852,POSITION_TARGET_LOCAL_NED,85,63,Arming
0.6730990409851074,VFR_HUD,74,29,Arming
0.6730990409851074,SYS_STATUS,1,52,Arming
0.6731150150299072,VFR_HUD,74,29,Arming
0.681020975112915,GLOBAL_POSITION_INT,33,40,Arming
0.6811010837554932,GLOBAL_POSITION_INT,33,40,Arming
0.6811270713806152,SERVO_OUTPUT_RAW,36,15,Arming
0.6848690509796143,ATTITUDE,30,40,Arming
0.6849610805511475,ATTITUDE,30,40,Arming
0.6850180625915527,ATTITUDE_QUATERNION,31,44,Arming
0.6930379867553711,HIGHRES_IMU,105,74,Arming
0.6930720806121826,ATTITUDE,30,40,Arming
0.69309401512146,ATTITUDE_QUATERNION,31,44,Arming
0.6931428909301758,ATTITUDE_TARGET,83,48,Arming
0.6932110786437988,LOCAL_POSITION_NED,32,40,Arming
0.6933069229125977,POSITION_TARGET_LOCAL_NED,85,63,Arming
0.7011229991912842,GLOBAL_POSITION_INT,33,40,Arming
0.7011449337005615,GPS_RAW_INT,24,56,Arming
0.7012300491333008,GLOBAL_POSITION_INT,33,40,Arming
0.7013418674468994,SERVO_OUTPUT_RAW,36,15,Arming
0.7047979831695557,ATTITUDE,30,40,Arming
0.7049229145050049,ATTITUDE,30,40,Arming
0.7049450874328613,ATTITUDE_QUATERNION,31,44,Arming
0.7091379165649414,LOCAL_POSITION_NED,32,40,Arming
0.7091820240020752,ODOMETRY,331,244,Arming
0.7131140232086182,HIGHRES_IMU,105,73,Arming
0.713144063949585,ATTITUDE,30,40,Arming
0.7131659984588623,ATTITUDE_QUATERNION,31,44,Arming
0.7138528823852539,ATTITUDE_TARGET,83,48,Arming
0.7138779163360596,LOCAL_POSITION_NED,32,40,Arming
0.7138900756835938,POSITION_TARGET_LOCAL_NED,85,63,Arming
0.7209899425506592,GLOBAL_POSITION_INT,33,40,Arming
0.7211320400238037,GLOBAL_POSITION_INT,33,40,Arming
0.7212009429931641,SERVO_OUTPUT_RAW,36,15,Arming
0.7252058982849121,ATTITUDE,30,40,Arming
0.7252829074859619,ATTITUDE,30,40,Arming
0.7253808975219727,ATTITUDE_QUATERNION,31,44,Arming
0.7329249382019043,HIGHRES_IMU,105,74,Arming
0.7329568862915039,ATTITUDE,30,40,Arming
0.732975959777832,ATTITUDE_QUATERNION,31,44,Arming
0.7329928874969482,GPS_RAW_INT,24,56,Arming
0.7330329418182373,ATTITUDE_TARGET,83,48,Arming
0.7330899238586426,LOCAL_POSITION_NED,32,40,Arming
0.7330999374389648,POSITION_TARGET_LOCAL_NED,85,63,Arming
0.7410609722137451,LOCAL_POSITION_NED,32,40,Arming
0.7411298751831055,ODOMETRY,331,244,Arming
0.7411520481109619,GLOBAL_POSITION_INT,33,40,Arming
0.7411558628082275,GLOBAL_POSITION_INT,33,40,Arming
0.7411940097808838,SERVO_OUTPUT_RAW,36,15,Arming
0.7449009418487549,ATTITUDE,30,40,Arming
0.7449460029602051,ATTITUDE,30,40,Arming
0.7450029850006104,ATTITUDE_QUATERNION,31,44,Arming
0.7529139518737793,HIGHRES_IMU,105,74,Arming
0.7529470920562744,ATTITUDE,30,40,Arming
0.7529659271240234,ATTITUDE_QUATERNION,31,44,Arming
0.752979040145874,ATTITUDE_TARGET,83,48,Arming
0.7530040740966797,LOCAL_POSITION_NED,32,40,Arming
0.753014087677002,POSITION_TARGET_LOCAL_NED,85,63,Arming
0.7609350681304932,GLOBAL_POSITION_INT,33,40,Arming
0.7609419822692871,GLOBAL_POSITION_INT,33,40,Arming
0.7610039710998535,SERVO_OUTPUT_RAW,36,15,Arming
0.7648608684539795,ATTITUDE,30,40,Arming
0.7649040222167969,GPS_RAW_INT,24,56,Arming
0.7649569511413574,ATTITUDE,30,40,Arming
0.7650249004364014,ATTITUDE_QUATERNION,31,44,Arming
0.7734780311584473,TIMESYNC,111,25,Arming
0.773514986038208,HIGHRES_IMU,105,73,Arming
0.7735309600830078,LOCAL_POSITION_NED,32,40,Arming
0.773547887802124,ATTITUDE,30,40,Arming
0.7735610008239746,ALTITUDE,141,44,Arming
0.7735710144042969,ATTITUDE_TARGET,83,48,Arming
0.7735788822174072,ODOMETRY,331,244,Arming
0.773597002029419,ATTITUDE_QUATERNION,31,44,Arming
0.7735979557037354,GPS_RAW_INT,24,56,Arming
0.7736079692840576,LOCAL_POSITION_NED,32,40,Arming
0.7736120223999023,ATTITUDE_TARGET,83,48,Arming
0.7736189365386963,POSITION_TARGET_LOCAL_NED,85,63,Arming
0.7736320495605469,POSITION_TARGET_LOCAL_NED,85,63,Arming
0.7736458778381348,SERVO_OUTPUT_RAW,36,15,Arming
0.7736589908599854,VFR_HUD,74,29,Arming
0.7808899879455566,GLOBAL_POSITION_INT,33,40,Arming
0.780890941619873,GLOBAL_POSITION_INT,33,40,Arming
0.7809209823608398,SERVO_OUTPUT_RAW,36,15,Arming
0.785161018371582,ATTITUDE,30,40,Arming
0.7852668762207031,ATTITUDE,30,40,Arming
0.7853400707244873,ATTITUDE_QUATERNION,31,44,Arming
0.7928080558776855,HIGHRES_IMU,105,73,Arming
0.7928979396820068,ATTITUDE,30,40,Arming
0.7929339408874512,ATTITUDE_QUATERNION,31,44,Arming
0.7929790019989014,ATTITUDE_TARGET,83,48,Arming
0.79305100440979,LOCAL_POSITION_NED,32,40,Arming
0.7930638790130615,POSITION_TARGET_LOCAL_NED,85,63,Arming
0.8010609149932861,GLOBAL_POSITION_INT,33,40,Arming
0.8010940551757812,GPS_RAW_INT,24,56,Arming
0.8011550903320312,GLOBAL_POSITION_INT,33,40,Arming
0.801224946975708,SERVO_OUTPUT_RAW,36,15,Arming
0.8048949241638184,ATTITUDE,30,40,Arming
0.8049900531768799,ATTITUDE,30,40,Arming
0.8050558567047119,ATTITUDE_QUATERNION,31,44,Arming
0.8087940216064453,LOCAL_POSITION_NED,32,40,Arming
0.8088290691375732,ODOMETRY,331,244,Arming
0.812885046005249,HIGHRES_IMU,105,74,Arming
0.812917947769165,ATTITUDE,30,40,Arming
0.812938928604126,ATTITUDE_QUATERNION,31,44,Arming
0.8129909038543701,ATTITUDE_TARGET,83,48,Arming
0.8130578994750977,LOCAL_POSITION_NED,32,40,Arming
0.8130710124969482,POSITION_TARGET_LOCAL_NED,85,63,Arming
0.8208439350128174,GLOBAL_POSITION_INT,33,40,Arming
0.8215219974517822,GLOBAL_POSITION_INT,33,40,Arming
0.8215980529785156,SERVO_OUTPUT_RAW,36,15,Arming
0.8250339031219482,ATTITUDE,30,40,Arming
0.8251380920410156,ATTITUDE,30,40,Arming
0.8252420425415039,ATTITUDE_QUATERNION,31,44,Arming
0.8330910205841064,HIGHRES_IMU,105,73,Arming
0.833122968673706,ATTITUDE,30,40,Arming
0.8331429958343506,ATTITUDE_QUATERNION,31,44,Arming
0.8331599235534668,GPS_RAW_INT,24,56,Arming
0.8332259654998779,ATTITUDE_TARGET,83,48,Arming
0.8333048820495605,LOCAL_POSITION_NED,32,40,Arming
0.8333299160003662,POSITION_TARGET_LOCAL_NED,85,63,Arming
0.840825080871582,LOCAL_POSITION_NED,32,40,Arming
0.8408899307250977,ODOMETRY,331,244,Arming
0.8409268856048584,GLOBAL_POSITION_INT,33,40,Arming
0.840965986251831,GLOBAL_POSITION_INT,33,40,Arming
0.8410289287567139,SERVO_OUTPUT_RAW,36,15,Arming
0.8448050022125244,ATTITUDE,30,40,Arming
0.8449099063873291,ATTITUDE,30,40,Arming
0.8449809551239014,ATTITUDE_QUATERNION,31,44,Arming
0.852931022644043,HIGHRES_IMU,105,73,Arming
0.8529648780822754,ATTITUDE,30,40,Arming
0.8529849052429199,ATTITUDE_QUATERNION,31,44,Arming
0.8531088829040527,ATTITUDE_TARGET,83,48,Arming
0.8531839847564697,LOCAL_POSITION_NED,32,40,Arming
0.8531999588012695,POSITION_TARGET_LOCAL_NED,85,63,Arming
0.8609199523925781,GLOBAL_POSITION_INT,33,40,Arming
0.8609490394592285,GLOBAL_POSITION_INT,33,40,Arming
0.8610248565673828,SERVO_OUTPUT_RAW,36,15,Arming
0.8651049137115479,ATTITUDE,30,40,Arming
0.8651530742645264,GPS_RAW_INT,24,56,Arming
0.8652050495147705,ATTITUDE,30,40,Arming
0.8652799129486084,ATTITUDE_QUATERNION,31,44,Arming
0.8728039264678955,TIMESYNC,111,25,Arming
0.872905969619751,HIGHRES_IMU,105,74,Arming
0.8729698657989502,ATTITUDE_TARGET,83,48,Arming
0.8729798793792725,LOCAL_POSITION_NED,32,40,Arming
0.8729948997497559,LOCAL_POSITION_NED,32,40,Arming
0.8730020523071289,ATTITUDE,30,40,Arming
0.8730058670043945,POSITION_TARGET_LOCAL_NED,85,63,Arming
0.8730180263519287,ALTITUDE,141,44,Arming
0.8730359077453613,ODOMETRY,331,244,Arming
0.8730509281158447,ATTITUDE_QUATERNION,31,44,Arming
0.8730649948120117,ATTITUDE_TARGET,83,48,Arming
0.8730809688568115,EXTENDED_SYS_STATE,245,14,Arming
0.8730990886688232,POSITION_TARGET_LOCAL_NED,85,63,Arming
0.8731138706207275,SERVO_OUTPUT_RAW,36,15,Arming
0.8731310367584229,SYS_STATUS,1,52,Arming
0.8731460571289062,VFR_HUD,74,29,Arming
0.881079912185669,GLOBAL_POSITION_INT,33,40,Arming
0.8811819553375244,GLOBAL_POSITION_INT,33,40,Arming
0.8812549114227295,SERVO_OUTPUT_RAW,36,15,Arming
0.8849198818206787,ATTITUDE,30,40,Arming
0.8850128650665283,ATTITUDE,30,40,Arming
0.8851029872894287,ATTITUDE_QUATERNION,31,44,Arming
0.8929860591888428,HIGHRES_IMU,105,74,Arming
0.8930020332336426,ATTITUDE_TARGET,83,48,Arming
0.8930120468139648,ATTITUDE,30,40,Arming
0.8930280208587646,ATTITUDE_QUATERNION,31,44,Arming
0.8930349349975586,LOCAL_POSITION_NED,32,40,Arming
0.8930730819702148,POSITION_TARGET_LOCAL_NED,85,63,Arming
0.8969829082489014,GPS_RAW_INT,24,56,Arming
0.900946855545044,GLOBAL_POSITION_INT,33,40,Arming
0.9009699821472168,GLOBAL_POSITION_INT,33,40,Arming
0.9010288715362549,SERVO_OUTPUT_RAW,36,15,Arming
0.9049289226531982,ATTITUDE,30,40,Arming
0.9049530029296875,ATTITUDE,30,40,Arming
0.9051389694213867,ATTITUDE_QUATERNION,31,44,Arming
0.9089090824127197,LOCAL_POSITION_NED,32,40,Arming
0.9089469909667969,ODOMETRY,331,244,Arming
0.9129879474639893,HIGHRES_IMU,105,73,Arming
0.9130229949951172,ATTITUDE,30,40,Arming
0.9130339622497559,ATTITUDE_TARGET,83,48,Arming
0.9130430221557617,ATTITUDE_QUATERNION,31,44,Arming
0.9131059646606445,LOCAL_POSITION_NED,32,40,Arming
0.9131209850311279,POSITION_TARGET_LOCAL_NED,85,63,Arming
0.9208829402923584,GLOBAL_POSITION_INT,33,40,Arming
0.9209470748901367,GLOBAL_POSITION_INT,33,40,Arming
0.9209680557250977,SERVO_OUTPUT_RAW,36,15,Arming
0.9247119426727295,ATTITUDE,30,40,Arming
0.9248368740081787,ATTITUDE,30,40,Arming
0.9249320030212402,ATTITUDE_QUATERNION,31,44,Arming
0.9249570369720459,VFR_HUD,74,29,Arming
0.9328000545501709,HIGHRES_IMU,105,74,Arming
0.9328250885009766,ATTITUDE,30,40,Arming
0.9328770637512207,ATTITUDE_QUATERNION,31,44,Arming
0.9328970909118652,GPS_RAW_INT,24,56,Arming
0.932905912399292,ATTITUDE_TARGET,83,48,Arming
0.9329729080200195,LOCAL_POSITION_NED,32,40,Arming
0.9329829216003418,POSITION_TARGET_LOCAL_NED,85,63,Arming
0.9409010410308838,LOCAL_POSITION_NED,32,40,Arming
0.9409599304199219,ODOMETRY,331,244,Arming
0.9409840106964111,GLOBAL_POSITION_INT,33,40,Arming
0.9410009384155273,GLOBAL_POSITION_INT,33,40,Arming
0.9410679340362549,SERVO_OUTPUT_RAW,36,15,Arming
0.9455909729003906,ATTITUDE,30,40,Arming
0.9456160068511963,ATTITUDE,30,40,Arming
0.9456400871276855,ATTITUDE_QUATERNION,31,44,Arming
0.9530398845672607,HIGHRES_IMU,105,73,Arming
0.9531190395355225,ATTITUDE,30,40,Arming
0.9531278610229492,ATTITUDE_TARGET,83,48,Arming
0.9531440734863281,ATTITUDE_QUATERNION,31,44,Arming
0.9532170295715332,LOCAL_POSITION_NED,32,40,Arming
0.9532320499420166,POSITION_TARGET_LOCAL_NED,85,63,Arming
0.9613909721374512,GLOBAL_POSITION_INT,33,40,Arming
0.9614310264587402,GLOBAL_POSITION_INT,33,40,Arming
0.9614660739898682,SERVO_OUTPUT_RAW,36,15,Arming
0.9649789333343506,ATTITUDE,30,40,Arming
0.9650039672851562,ATTITUDE_QUATERNION,31,44,Arming
0.9650349617004395,ATTITUDE,30,40,Arming
0.9651620388031006,GPS_RAW_INT,24,56,Arming
0.9730570316314697,TIMESYNC,111,25,Arming
0.9730589389801025,ATTITUDE_TARGET,83,48,Arming
0.9731040000915527,HIGHRES_IMU,105,73,Arming
0.9731180667877197,LOCAL_POSITION_NED,32,40,Arming
0.9731349945068359,ATTITUDE,30,40,Arming
0.9731378555297852,GPS_RAW_INT,24,56,Arming
0.9731478691101074,ALTITUDE,141,44,Arming
0.9731500148773193,LOCAL_POSITION_NED,32,40,Arming
0.973160982131958,POSITION_TARGET_LOCAL_NED,85,63,Arming
0.9731659889221191,ODOMETRY,331,244,Arming
0.973181962966919,ATTITUDE_QUATERNION,31,44,Arming
0.9731929302215576,ATTITUDE_TARGET,83,48,Arming
0.9732110500335693,POSITION_TARGET_LOCAL_NED,85,63,Arming
0.9732248783111572,SERVO_OUTPUT_RAW,36,15,Arming
0.9732389450073242,VFR_HUD,74,29,Arming
0.9809410572052002,GLOBAL_POSITION_INT,33,40,Arming
0.9809660911560059,GLOBAL_POSITION_INT,33,40,Arming
0.9810609817504883,SERVO_OUTPUT_RAW,36,15,Arming
0.984813928604126,ATTITUDE,30,40,Arming
0.9849040508270264,ATTITUDE,30,40,Arming
0.9849638938903809,ATTITUDE_QUATERNION,31,44,Arming
0.9930899143218994,HIGHRES_IMU,105,74,Arming
0.9931309223175049,ATTITUDE,30,40,Arming
0.9931459426879883,ATTITUDE_QUATERNION,31,44,Arming
0.9932589530944824,ATTITUDE_TARGET,83,48,Arming
0.9933559894561768,LOCAL_POSITION_NED,32,40,Arming
0.9933719635009766,POSITION_TARGET_LOCAL_NED,85,63,Arming
0.9969220161437988,GPS_RAW_INT,24,56,Arming
1.000946044921875,GLOBAL_POSITION_INT,33,40,Arming
1.000946044921875,GLOBAL_POSITION_INT,33,40,Arming
1.0010149478912354,SERVO_OUTPUT_RAW,36,15,Arming
1.0054280757904053,ATTITUDE,30,40,Arming
1.0054709911346436,ATTITUDE,30,40,Arming
1.0054950714111328,ATTITUDE_QUATERNION,31,44,Arming
1.0088889598846436,LOCAL_POSITION_NED,32,40,Arming
1.0089879035949707,ODOMETRY,331,244,Arming
1.013063907623291,HIGHRES_IMU,105,74,Arming
1.0130970478057861,ATTITUDE,30,40,Arming
1.0131158828735352,ATTITUDE_QUATERNION,31,44,Arming
1.013166904449463,ATTITUDE_TARGET,83,48,Arming
1.0132429599761963,LOCAL_POSITION_NED,32,40,Arming
1.0132579803466797,POSITION_TARGET_LOCAL_NED,85,63,Arming
1.0210678577423096,GLOBAL_POSITION_INT,33,40,Arming
1.021211862564087,GLOBAL_POSITION_INT,33,40,Arming
1.0213239192962646,SERVO_OUTPUT_RAW,36,15,Arming
1.024911880493164,ATTITUDE,30,40,Arming
1.0249629020690918,ATTITUDE,30,40,Arming
1.025019884109497,ATTITUDE_QUATERNION,31,44,Arming
1.028960943222046,GPS_RAW_INT,24,56,Arming
1.0328829288482666,HIGHRES_IMU,105,74,Arming
1.0329160690307617,ATTITUDE,30,40,Arming
1.0329358577728271,ATTITUDE_QUATERNION,31,44,Arming
1.032991886138916,ATTITUDE_TARGET,83,48,Arming
1.0330688953399658,LOCAL_POSITION_NED,32,40,Arming
1.0330839157104492,POSITION_TARGET_LOCAL_NED,85,63,Arming
1.0409250259399414,LOCAL_POSITION_NED,32,40,Arming
1.0409610271453857,ODOMETRY,331,244,Arming
1.0409820079803467,GLOBAL_POSITION_INT,33,40,Arming
1.041003942489624,GLOBAL_POSITION_INT,33,40,Arming
1.041076898574829,SERVO_OUTPUT_RAW,36,15,Arming
1.0448908805847168,ATTITUDE,30,40,Arming
1.0450329780578613,ATTITUDE,30,40,Arming
1.0450940132141113,ATTITUDE_QUATERNION,31,44,Arming
1.0530850887298584,HIGHRES_IMU,105,74,Arming
1.0531258583068848,ATTITUDE,30,40,Arming
1.0531480312347412,ATTITUDE_QUATERNION,31,44,Arming
1.0531930923461914,ATTITUDE_TARGET,83,48,Arming
1.0533089637756348,LOCAL_POSITION_NED,32,40,Arming
1.0533230304718018,POSITION_TARGET_LOCAL_NED,85,63,Arming
1.061600923538208,GLOBAL_POSITION_INT,33,40,Arming
1.0618150234222412,GLOBAL_POSITION_INT,33,40,Arming
1.0618948936462402,SERVO_OUTPUT_RAW,36,15,Arming
1.0648949146270752,ATTITUDE,30,40,Arming
1.0649380683898926,GPS_RAW_INT,24,56,Arming
1.065100908279419,ATTITUDE,30,40,Arming
1.0651309490203857,ATTITUDE_QUATERNION,31,44,Arming
1.0730009078979492,ATTITUDE_TARGET,83,48,Arming
1.0730738639831543,LOCAL_POSITION_NED,32,40,Arming
1.0730910301208496,POSITION_TARGET_LOCAL_NED,85,63,Arming
1.0730938911437988,TIMESYNC,111,25,Arming
1.0732018947601318,HIGHRES_IMU,105,73,Arming
1.0732190608978271,LOCAL_POSITION_NED,32,40,Arming
1.073235034942627,ATTITUDE,30,40,Arming
1.0732479095458984,ALTITUDE,141,44,Arming
1.0732650756835938,ODOMETRY,331,244,Arming
1.0732810497283936,ATTITUDE_QUATERNION,31,44,Arming
1.0732920169830322,ATTITUDE_TARGET,83,48,Arming
1.0733060836791992,EXTENDED_SYS_STATE,245,14,Arming
1.0733239650726318,POSITION_TARGET_LOCAL_NED,85,63,Arming
1.0733380317687988,SERVO_OUTPUT_RAW,36,15,Arming
1.0733540058135986,SYS_STATUS,1,52,Arming
1.0733668804168701,VFR_HUD,74,29,Arming
1.081049919128418,GLOBAL_POSITION_INT,33,40,Arming
1.0811429023742676,GLOBAL_POSITION_INT,33,40,Arming
1.0812370777130127,SERVO_OUTPUT_RAW,36,15,Arming
1.0850579738616943,ATTITUDE,30,40,Arming
1.0851809978485107,ATTITUDE,30,40,Arming
1.0852580070495605,ATTITUDE_QUATERNION,31,44,Arming
1.0928900241851807,HIGHRES_IMU,105,73,Arming
1.0929269790649414,ATTITUDE,30,40,Arming
1.092947006225586,ATTITUDE_QUATERNION,31,44,Arming
1.0929539203643799,ATTITUDE_TARGET,83,48,Arming
1.0930280685424805,LOCAL_POSITION_NED,32,40,Arming
1.0930418968200684,POSITION_TARGET_LOCAL_NED,85,63,Arming
1.0969040393829346,GPS_RAW_INT,24,56,Arming
1.1010589599609375,GLOBAL_POSITION_INT,33,40,Arming
1.1012458801269531,GLOBAL_POSITION_INT,33,40,Arming
1.1013200283050537,SERVO_OUTPUT_RAW,36,15,Arming
1.1050798892974854,ATTITUDE,30,40,Arming
1.1051080226898193,ATTITUDE_QUATERNION,31,44,Arming
1.1052930355072021,ATTITUDE,30,40,Arming
1.1090240478515625,LOCAL_POSITION_NED,32,40,Arming
1.109062910079956,ODOMETRY,331,244,Arming
1.1130690574645996,HIGHRES_IMU,105,74,Arming
1.1131088733673096,ATTITUDE,30,40,Arming
1.1131319999694824,ATTITUDE_QUATERNION,31,44,Arming
1.113236904144287,ATTITUDE_TARGET,83,48,Arming
1.1132700443267822,LOCAL_POSITION_NED,32,40,Arming
1.1132819652557373,POSITION_TARGET_LOCAL_NED,85,63,Arming
1.1213018894195557,GLOBAL_POSITION_INT,33,40,Arming
1.1213839054107666,GLOBAL_POSITION_INT,33,40,Arming
1.1214840412139893,SERVO_OUTPUT_RAW,36,15,Arming
1.1248629093170166,ATTITUDE,30,40,Arming
1.125079870223999,ATTITUDE,30,40,Arming
1.125135898590088,ATTITUDE_QUATERNION,31,44,Arming
1.1287779808044434,GPS_RAW_INT,24,56,Arming
1.1331238746643066,HIGHRES_IMU,105,73,Arming
1.1331548690795898,ATTITUDE,30,40,Arming
1.1331760883331299,ATTITUDE_QUATERNION,31,44,Arming
1.1334059238433838,ATTITUDE_TARGET,83,48,Arming
1.1334850788116455,LOCAL_POSITION_NED,32,40,Arming
1.1334989070892334,POSITION_TARGET_LOCAL_NED,85,63,Arming
1.1409568786621094,LOCAL_POSITION_NED,32,40,Arming
1.141005039215088,ODOMETRY,331,244,Arming
1.141077995300293,GLOBAL_POSITION_INT,33,40,Arming
1.1418020725250244,GLOBAL_POSITION_INT,33,40,Arming
1.1418709754943848,SERVO_OUTPUT_RAW,36,15,Arming
1.144813060760498,ATTITUDE,30,40,Arming
1.144895076751709,ATTITUDE,30,40,Arming
1.1449248790740967,ATTITUDE_QUATERNION,31,44,Arming
1.1532318592071533,ATTITUDE_TARGET,83,48,Arming
1.1532330513000488,HIGHRES_IMU,105,74,Arming
1.153275966644287,LOCAL_POSITION_NED,32,40,Arming
1.1532909870147705,POSITION_TARGET_LOCAL_NED,85,63,Arming
1.1533138751983643,ATTITUDE,30,40,Arming
1.153352975845337,ATTITUDE_QUATERNION,31,44,Arming
1.160912036895752,GLOBAL_POSITION_INT,33,40,Arming
1.1609439849853516,GPS_RAW_INT,24,56,Arming
1.160965919494629,GLOBAL_POSITION_INT,33,40,Arming
1.1609959602355957,SERVO_OUTPUT_RAW,36,15,Arming
1.1649129390716553,ATTITUDE,30,40,Arming
1.164937973022461,ATTITUDE,30,40,Arming
1.1650059223175049,ATTITUDE_QUATERNION,31,44,Arming
1.172921895980835,TIMESYNC,111,25,Arming
1.172956943511963,HIGHRES_IMU,105,74,Arming
1.172973871231079,HEARTBEAT,0,21,Arming
1.172973871231079,LOCAL_POSITION_NED,32,40,Arming
1.1729910373687744,ATTITUDE,30,40,Arming
1.1730060577392578,ALTITUDE,141,44,Arming
1.1730239391326904,ODOMETRY,331,244,Arming
1.1730389595031738,ATTITUDE_QUATERNION,31,44,Arming
1.1730389595031738,ALTITUDE,141,44,Arming
1.173050880432129,ATTITUDE_TARGET,83,48,Arming
1.1730530261993408,ATTITUDE_TARGET,83,48,Arming
1.1730639934539795,EXTENDED_SYS_STATE,245,14,Arming
1.1730709075927734,POSITION_TARGET_LOCAL_NED,85,63,Arming
1.1730740070343018,GPS_RAW_INT,24,56,Arming
1.1730799674987793,SERVO_OUTPUT_RAW,36,15,Arming
1.1730830669403076,LOCAL_POSITION_NED,32,40,Arming
1.1730890274047852,VFR_HUD,74,29,Arming
1.1730940341949463,OPEN_DRONE_ID_LOCATION,12901,70,Arming
1.173102855682373,OPEN_DRONE_ID_SYSTEM,12904,37,Arming
1.173111915588379,POSITION_TARGET_LOCAL_NED,85,63,Arming
1.1731219291687012,SCALED_PRESSURE,29,26,Arming
1.1731328964233398,SYS_STATUS,1,52,Arming
1.1731419563293457,VFR_HUD,74,29,Arming
1.173151969909668,UNKNOWN_8,-2,33,Arming
1.1734650135040283,COMMAND_LONG,76,44,Arming
1.1769030094146729,COMMAND_ACK,77,22,Arming
1.1808030605316162,GLOBAL_POSITION_INT,33,40,Arming
1.1812899112701416,GLOBAL_POSITION_INT,33,40,Arming
1.1813600063323975,SERVO_OUTPUT_RAW,36,15,Arming
1.1813759803771973,UNKNOWN_411,-2,13,Arming
1.1848669052124023,ATTITUDE,30,40,Arming
1.1849279403686523,ATTITUDE,30,40,Arming
1.184988021850586,ATTITUDE_QUATERNION,31,44,Arming
1.1927530765533447,HIGHRES_IMU,105,73,Arming
1.1927740573883057,ATTITUDE,30,40,Arming
1.1927869319915771,ATTITUDE_QUATERNION,31,44,Arming
1.1929399967193604,ATTITUDE_TARGET,83,48,Arming
1.1930148601531982,LOCAL_POSITION_NED,32,40,Arming
1.193023920059204,POSITION_TARGET_LOCAL_NED,85,63,Arming
1.194061040878296,MISSION_CURRENT,42,18,Arming
1.196955919265747,GPS_RAW_INT,24,56,Arming
1.2009398937225342,GLOBAL_POSITION_INT,33,40,Arming
1.2009398937225342,GLOBAL_POSITION_INT,33,40,Arming
1.2010250091552734,SERVO_OUTPUT_RAW,36,15,Arming
1.2051539421081543,ATTITUDE,30,40,Arming
1.205164909362793,ATTITUDE,30,40,Arming
1.20517897605896,ATTITUDE_QUATERNION,31,44,Arming
1.208949089050293,LOCAL_POSITION_NED,32,40,Arming
1.2089729309082031,ODOMETRY,331,244,Arming
1.2130858898162842,HIGHRES_IMU,105,73,Arming
1.213118076324463,ATTITUDE,30,40,Arming
1.2131390571594238,ATTITUDE_QUATERNION,31,44,Arming
1.2131860256195068,ATTITUDE_TARGET,83,48,Arming
1.2132160663604736,LOCAL_POSITION_NED,32,40,Arming
1.2132279872894287,POSITION_TARGET_LOCAL_NED,85,63,Arming
1.2210040092468262,GLOBAL_POSITION_INT,33,40,Arming
1.2210960388183594,GLOBAL_POSITION_INT,33,40,Arming
1.221168041229248,SERVO_OUTPUT_RAW,36,15,Arming
1.2248389720916748,ATTITUDE,30,40,Arming
1.224942922592163,ATTITUDE,30,40,Arming
1.2250030040740967,ATTITUDE_QUATERNION,31,44,Arming
1.2293429374694824,GPS_RAW_INT,24,56,Arming
1.2328760623931885,HIGHRES_IMU,105,74,Arming
1.2329108715057373,ATTITUDE,30,40,Arming
1.2329299449920654,ATTITUDE_QUATERNION,31,44,Arming
1.2336819171905518,ATTITUDE_TARGET,83,48,Arming
1.2337570190429688,LOCAL_POSITION_NED,32,40,Arming
1.2337698936462402,POSITION_TARGET_LOCAL_NED,85,63,Arming
1.241029977798462,LOCAL_POSITION_NED,32,40,Arming
1.2410690784454346,ODOMETRY,331,244,Arming
1.2410759925842285,GLOBAL_POSITION_INT,33,40,Arming
1.2410879135131836,GLOBAL_POSITION_INT,33,40,Arming
1.2411460876464844,SERVO_OUTPUT_RAW,36,15,Arming
1.2455780506134033,ATTITUDE,30,40,Arming
1.2457098960876465,ATTITUDE,30,40,Arming
1.245737075805664,ATTITUDE_QUATERNION,31,44,Arming
1.2527620792388916,HIGHRES_IMU,105,73,Arming
1.2527830600738525,ATTITUDE,30,40,Arming
1.2527949810028076,ATTITUDE_QUATERNION,31,44,Arming
1.252918004989624,ATTITUDE_TARGET,83,48,Arming
1.252945899963379,LOCAL_POSITION_NED,32,40,Arming
1.252958059310913,POSITION_TARGET_LOCAL_NED,85,63,Arming
1.2608249187469482,GLOBAL_POSITION_INT,33,40,Arming
1.2609000205993652,GPS_RAW_INT,24,56,Arming
1.2609009742736816,GLOBAL_POSITION_INT,33,40,Arming
1.260925054550171,SERVO_OUTPUT_RAW,36,15,Arming
1.2648470401763916,ATTITUDE,30,40,Arming
1.2649588584899902,ATTITUDE,30,40,Arming
1.2650270462036133,ATTITUDE_QUATERNION,31,44,Arming
1.26515793800354,HEARTBEAT,0,21,Arming
1.2688140869140625,STATUSTEXT,253,53,Arming
1.268907070159912,HEARTBEAT,0,21,Arming
1.2729649543762207,TIMESYNC,111,25,Arming
1.2730400562286377,HIGHRES_IMU,105,73,Arming
1.2730519771575928,LOCAL_POSITION_NED,32,40,Arming
1.2730629444122314,ATTITUDE,30,40,Arming
1.273071050643921,ALTITUDE,141,44,Arming
1.273082971572876,ATTITUDE_TARGET,83,48,Arming
1.2730839252471924,ODOMETRY,331,244,Arming
1.2730939388275146,ATTITUDE_QUATERNION,31,44,Arming
1.273102045059204,ATTITUDE_TARGET,83,48,Arming
1.2731120586395264,EXTENDED_SYS_STATE,245,14,Arming
1.2731258869171143,POSITION_TARGET_LOCAL_NED,85,63,Arming
1.273137092590332,SERVO_OUTPUT_RAW,36,15,Arming
1.2731480598449707,SYS_STATUS,1,52,Arming
1.2731540203094482,LOCAL_POSITION_NED,32,40,Arming
1.273158073425293,VFR_HUD,74,29,Arming
1.2731690406799316,POSITION_TARGET_LOCAL_NED,85,63,Arming
1.2809419631958008,GLOBAL_POSITION_INT,33,40,Arming
1.2809898853302002,GLOBAL_POSITION_INT,33,40,Arming
1.2810170650482178,SERVO_OUTPUT_RAW,36,15,Arming
1.2847890853881836,ATTITUDE,30,40,Arming
1.2849230766296387,ATTITUDE,30,40,Arming
1.2849769592285156,ATTITUDE_QUATERNION,31,44,Arming
1.2928040027618408,HIGHRES_IMU,105,74,Arming
1.2928969860076904,ATTITUDE,30,40,Arming
1.292914867401123,ATTITUDE_QUATERNION,31,44,Arming
1.2929179668426514,ATTITUDE_TARGET,83,48,Arming
1.2929270267486572,GPS_RAW_INT,24,56,Arming
1.2929909229278564,LOCAL_POSITION_NED,32,40,Arming
1.293004035949707,POSITION_TARGET_LOCAL_NED,85,63,Arming
1.3007850646972656,GLOBAL_POSITION_INT,33,40,Arming
1.3009090423583984,GLOBAL_POSITION_INT,33,40,Arming
1.3009788990020752,SERVO_OUTPUT_RAW,36,15,Arming
1.3053760528564453,ATTITUDE,30,40,Arming
1.305621862411499,ATTITUDE,30,40,Arming
1.3057870864868164,ATTITUDE_QUATERNION,31,44,Arming
1.3089559078216553,LOCAL_POSITION_NED,32,40,Arming
1.3090229034423828,ODOMETRY,331,244,Arming
1.3129820823669434,HIGHRES_IMU,105,74,Arming
1.313046932220459,ATTITUDE_TARGET,83,48,Arming
1.313046932220459,ATTITUDE,30,40,Arming
1.3130629062652588,ATTITUDE_QUATERNION,31,44,Arming
1.3131160736083984,LOCAL_POSITION_NED,32,40,Arming
1.313127040863037,POSITION_TARGET_LOCAL_NED,85,63,Arming
1.3214449882507324,STATUSTEXT,253,64,Arming
1.3215548992156982,GLOBAL_POSITION_INT,33,40,Arming
1.3216180801391602,GLOBAL_POSITION_INT,33,40,Arming
1.321660041809082,SERVO_OUTPUT_RAW,36,15,Arming
1.3248238563537598,ATTITUDE,30,40,Arming
1.3250000476837158,ATTITUDE,30,40,Arming
1.3250229358673096,ATTITUDE_QUATERNION,31,44,Arming
1.3289239406585693,GPS_RAW_INT,24,56,Arming
1.3327620029449463,HIGHRES_IMU,105,73,Arming
1.332824945449829,ATTITUDE,30,40,Arming
1.332874059677124,ATTITUDE_QUATERNION,31,44,Arming
1.3328940868377686,ATTITUDE_TARGET,83,48,Arming
1.3329689502716064,LOCAL_POSITION_NED,32,40,Arming
1.332982063293457,POSITION_TARGET_LOCAL_NED,85,63,Arming
1.340811014175415,LOCAL_POSITION_NED,32,40,Arming
1.3409059047698975,ODOMETRY,331,244,Arming
1.340914011001587,GLOBAL_POSITION_INT,33,40,Arming
1.3409249782562256,GLOBAL_POSITION_INT,33,40,Arming
1.3409838676452637,SERVO_OUTPUT_RAW,36,15,Arming
1.3447949886322021,ATTITUDE,30,40,Arming
1.3449370861053467,ATTITUDE,30,40,Arming
1.3449640274047852,ATTITUDE_QUATERNION,31,44,Arming
1.3530869483947754,HIGHRES_IMU,105,74,Arming
1.3531520366668701,ATTITUDE,30,40,Arming
1.3531699180603027,ATTITUDE_QUATERNION,31,44,Arming
1.353173017501831,ATTITUDE_TARGET,83,48,Arming
1.3532018661499023,LOCAL_POSITION_NED,32,40,Arming
1.3532140254974365,POSITION_TARGET_LOCAL_NED,85,63,Arming
1.3609368801116943,GLOBAL_POSITION_INT,33,40,Arming
1.3609809875488281,GLOBAL_POSITION_INT,33,40,Arming
1.3610029220581055,GPS_RAW_INT,24,56,Arming
1.361051082611084,SERVO_OUTPUT_RAW,36,15,Arming
1.365001916885376,ATTITUDE,30,40,Arming
1.365103006362915,ATTITUDE,30,40,Arming
1.3651740550994873,ATTITUDE_QUATERNION,31,44,Arming
1.372865915298462,TIMESYNC,111,25,Arming
1.372891902923584,HIGHRES_IMU,105,73,Arming
1.3729019165039062,LOCAL_POSITION_NED,32,40,Arming
1.372912883758545,ATTITUDE,30,40,Arming
1.3729228973388672,ALTITUDE,141,44,Arming
1.3729369640350342,ODOMETRY,331,244,Arming
1.3729450702667236,ATTITUDE_QUATERNION,31,44,Arming
1.3729510307312012,ATTITUDE_TARGET,83,48,Arming
1.372952938079834,ATTITUDE_TARGET,83,48,Arming
1.3729660511016846,POSITION_TARGET_LOCAL_NED,85,63,Arming
1.3729760646820068,SERVO_OUTPUT_RAW,36,15,Arming
1.372986078262329,VFR_HUD,74,29,Arming
1.3730170726776123,GPS_RAW_INT,24,56,Arming
1.3730289936065674,LOCAL_POSITION_NED,32,40,Arming
1.3730390071868896,POSITION_TARGET_LOCAL_NED,85,63,Arming
1.3813130855560303,GLOBAL_POSITION_INT,33,40,Arming
1.3814148902893066,GLOBAL_POSITION_INT,33,40,Arming
1.3814830780029297,SERVO_OUTPUT_RAW,36,15,Arming
1.3849270343780518,ATTITUDE,30,40,Arming
1.3849389553070068,ATTITUDE,30,40,Arming
1.3850018978118896,ATTITUDE_QUATERNION,31,44,Arming
1.39284086227417,HIGHRES_IMU,105,73,Arming
1.3929150104522705,ATTITUDE,30,40,Arming
1.3929309844970703,ATTITUDE_TARGET,83,48,Arming
1.3929319381713867,ATTITUDE_QUATERNION,31,44,Arming
1.3929450511932373,GPS_RAW_INT,24,56,Arming
1.3929979801177979,LOCAL_POSITION_NED,32,40,Arming
1.3930130004882812,POSITION_TARGET_LOCAL_NED,85,63,Arming
1.4009568691253662,GLOBAL_POSITION_INT,33,40,Arming
1.401007890701294,GLOBAL_POSITION_INT,33,40,Arming
1.4010729789733887,SERVO_OUTPUT_RAW,36,15,Arming
1.4048309326171875,ATTITUDE,30,40,Arming
1.404911994934082,ATTITUDE,30,40,Arming
1.4049320220947266,ATTITUDE_QUATERNION,31,44,Arming
1.408808946609497,LOCAL_POSITION_NED,32,40,Arming
1.4089040756225586,ODOMETRY,331,244,Arming
1.4129700660705566,ATTITUDE_TARGET,83,48,Arming
1.4129700660705566,HIGHRES_IMU,105,74,Arming
1.4129948616027832,ATTITUDE,30,40,Arming
1.4129979610443115,LOCAL_POSITION_NED,32,40,Arming
1.4130089282989502,POSITION_TARGET_LOCAL_NED,85,63,Arming
1.4130098819732666,ATTITUDE_QUATERNION,31,44,Arming
1.4207708835601807,GLOBAL_POSITION_INT,33,40,Arming
1.4209978580474854,GLOBAL_POSITION_INT,33,40,Arming
1.4210669994354248,SERVO_OUTPUT_RAW,36,15,Arming
1.4248030185699463,ATTITUDE,30,40,Arming
1.424901008605957,GPS_RAW_INT,24,56,Arming
1.4249238967895508,ATTITUDE,30,40,Arming
1.4249629974365234,ATTITUDE_QUATERNION,31,44,Arming
1.4249820709228516,VFR_HUD,74,29,Arming
1.4327499866485596,HIGHRES_IMU,105,74,Arming
1.4328110218048096,ATTITUDE,30,40,Arming
1.432826042175293,ATTITUDE_QUATERNION,31,44,Arming
1.4329218864440918,ATTITUDE_TARGET,83,48,Arming
1.4329869747161865,LOCAL_POSITION_NED,32,40,Arming
1.43300199508667,POSITION_TARGET_LOCAL_NED,85,63,Arming
1.4409289360046387,LOCAL_POSITION_NED,32,40,Arming
1.4409990310668945,ODOMETRY,331,244,Arming
1.4410150051116943,GLOBAL_POSITION_INT,33,40,Arming
1.4411180019378662,GLOBAL_POSITION_INT,33,40,Arming
1.4411840438842773,SERVO_OUTPUT_RAW,36,15,Arming
1.4450359344482422,ATTITUDE,30,40,Arming
1.4451630115509033,ATTITUDE,30,40,Arming
1.4452250003814697,ATTITUDE_QUATERNION,31,44,Arming
1.4527809619903564,HIGHRES_IMU,105,74,Arming
1.4528999328613281,ATTITUDE,30,40,Arming
1.4529180526733398,ATTITUDE_QUATERNION,31,44,Arming
1.4529190063476562,ATTITUDE_TARGET,83,48,Arming
1.452970027923584,LOCAL_POSITION_NED,32,40,Arming
1.4529809951782227,POSITION_TARGET_LOCAL_NED,85,63,Arming

1.4609479904174805,GPS_RAW_INT,24,56,checkpoint
1.4609909057617188,GLOBAL_POSITION_INT,33,40,checkpoint
1.461055040359497,SERVO_OUTPUT_RAW,36,15,checkpoint
1.4648420810699463,ATTITUDE,30,40,checkpoint
1.4650049209594727,ATTITUDE,30,40,checkpoint
1.4650678634643555,ATTITUDE_QUATERNION,31,44,checkpoint
1.473128080368042,HEARTBEAT,0,21,checkpoint
1.4732189178466797,TIMESYNC,111,25,checkpoint
1.4732398986816406,HIGHRES_IMU,105,74,checkpoint
1.47324800491333,LOCAL_POSITION_NED,32,40,checkpoint
1.4732608795166016,ATTITUDE_TARGET,83,48,checkpoint
1.4732658863067627,ATTITUDE,30,40,checkpoint
1.4732749462127686,ALTITUDE,141,44,checkpoint
1.4732868671417236,ODOMETRY,331,244,checkpoint
1.4732959270477295,ATTITUDE_QUATERNION,31,44,checkpoint
1.473301887512207,ATTITUDE_TARGET,83,48,checkpoint
1.4733140468597412,LOCAL_POSITION_NED,32,40,checkpoint
1.4733319282531738,POSITION_TARGET_LOCAL_NED,85,63,checkpoint
1.4737920761108398,ESTIMATOR_STATUS,230,54,checkpoint
1.4738068580627441,EXTENDED_SYS_STATE,245,14,checkpoint
1.4738218784332275,OPEN_DRONE_ID_LOCATION,12901,70,checkpoint
1.4738330841064453,OPEN_DRONE_ID_SYSTEM,12904,37,checkpoint
1.473841905593872,PING,4,21,checkpoint
1.4738519191741943,POSITION_TARGET_LOCAL_NED,85,63,checkpoint
1.4738609790802002,SCALED_PRESSURE,29,26,checkpoint
1.4738709926605225,SERVO_OUTPUT_RAW,36,15,checkpoint
1.4738819599151611,SYS_STATUS,1,52,checkpoint
1.4738919734954834,SYSTEM_TIME,2,22,checkpoint
1.4739000797271729,VFR_HUD,74,29,checkpoint
1.4739060401916504,UNKNOWN_8,-2,33,checkpoint
1.473958969116211,HEARTBEAT,0,21,checkpoint
1.475111961364746,PING,4,26,checkpoint
1.4774260520935059,HEARTBEAT,0,21,checkpoint
1.4808459281921387,GLOBAL_POSITION_INT,33,40,checkpoint
1.480928897857666,GLOBAL_POSITION_INT,33,40,checkpoint
1.4809908866882324,SERVO_OUTPUT_RAW,36,15,checkpoint
1.4848880767822266,ATTITUDE,30,40,checkpoint
1.4849278926849365,ATTITUDE,30,40,checkpoint
1.4849460124969482,ATTITUDE_QUATERNION,31,44,checkpoint
1.4928979873657227,HIGHRES_IMU,105,73,checkpoint
1.4929330348968506,ATTITUDE_TARGET,83,48,checkpoint
1.492969036102295,ATTITUDE,30,40,checkpoint
1.492969036102295,LOCAL_POSITION_NED,32,40,checkpoint
1.4929828643798828,POSITION_TARGET_LOCAL_NED,85,63,checkpoint
1.4929859638214111,ATTITUDE_QUATERNION,31,44,checkpoint
1.4929969310760498,GPS_RAW_INT,24,56,checkpoint

1.5011100769042969,GLOBAL_POSITION_INT,33,40,Takeoff
1.5011329650878906,SERVO_OUTPUT_RAW,36,15,Takeoff
1.505652904510498,MISSION_CURRENT,42,18,Takeoff
1.5057170391082764,ATTITUDE,30,40,Takeoff
1.5060350894927979,ATTITUDE,30,40,Takeoff
1.5061039924621582,ATTITUDE_QUATERNION,31,44,Takeoff
1.50907301902771,LOCAL_POSITION_NED,32,40,Takeoff
1.50919508934021,ODOMETRY,331,244,Takeoff
1.5129709243774414,ATTITUDE_TARGET,83,48,Takeoff
1.513010025024414,HIGHRES_IMU,105,73,Takeoff
1.5130479335784912,LOCAL_POSITION_NED,32,40,Takeoff
1.5130620002746582,POSITION_TARGET_LOCAL_NED,85,63,Takeoff
1.5131909847259521,ATTITUDE,30,40,Takeoff
1.5132100582122803,ATTITUDE_QUATERNION,31,44,Takeoff
1.5224900245666504,GLOBAL_POSITION_INT,33,40,Takeoff
1.5224940776824951,GLOBAL_POSITION_INT,33,40,Takeoff
1.5225179195404053,SERVO_OUTPUT_RAW,36,15,Takeoff
1.525115966796875,ATTITUDE,30,40,Takeoff
1.5251929759979248,ATTITUDE,30,40,Takeoff
1.5251939296722412,GPS_RAW_INT,24,56,Takeoff
1.5252699851989746,ATTITUDE_QUATERNION,31,44,Takeoff
1.5284039974212646,HEARTBEAT,0,21,Takeoff
1.5287880897521973,HEARTBEAT,0,21,Takeoff
1.5332379341125488,HIGHRES_IMU,105,74,Takeoff
1.5332629680633545,ATTITUDE_TARGET,83,48,Takeoff
1.5332870483398438,ATTITUDE,30,40,Takeoff
1.5333008766174316,LOCAL_POSITION_NED,32,40,Takeoff
1.53330397605896,ATTITUDE_QUATERNION,31,44,Takeoff
1.5333139896392822,POSITION_TARGET_LOCAL_NED,85,63,Takeoff
1.5407788753509521,LOCAL_POSITION_NED,32,40,Takeoff
1.540863037109375,ODOMETRY,331,244,Takeoff
1.5408809185028076,GLOBAL_POSITION_INT,33,40,Takeoff
1.5409209728240967,GLOBAL_POSITION_INT,33,40,Takeoff
1.5409879684448242,SERVO_OUTPUT_RAW,36,15,Takeoff
1.5450398921966553,ATTITUDE,30,40,Takeoff
1.545151948928833,ATTITUDE,30,40,Takeoff
1.545212984085083,ATTITUDE_QUATERNION,31,44,Takeoff
1.553027868270874,HIGHRES_IMU,105,73,Takeoff
1.5530579090118408,ATTITUDE_TARGET,83,48,Takeoff
1.5530948638916016,ATTITUDE,30,40,Takeoff
1.5531110763549805,ATTITUDE_QUATERNION,31,44,Takeoff
1.5531320571899414,LOCAL_POSITION_NED,32,40,Takeoff
1.5531458854675293,POSITION_TARGET_LOCAL_NED,85,63,Takeoff
1.5569369792938232,GPS_RAW_INT,24,56,Takeoff
1.560945987701416,GLOBAL_POSITION_INT,33,40,Takeoff
1.5611069202423096,GLOBAL_POSITION_INT,33,40,Takeoff
1.5611770153045654,SERVO_OUTPUT_RAW,36,15,Takeoff
1.5655648708343506,ATTITUDE,30,40,Takeoff
1.5656609535217285,ATTITUDE,30,40,Takeoff
1.5657260417938232,ATTITUDE_QUATERNION,31,44,Takeoff
1.565830945968628,COMMAND_LONG,76,44,Takeoff
1.5728728771209717,AUTOPILOT_VERSION,148,64,Takeoff
1.572951078414917,ATTITUDE_TARGET,83,48,Takeoff
1.5729808807373047,GPS_RAW_INT,24,56,Takeoff
1.5729920864105225,LOCAL_POSITION_NED,32,40,Takeoff
1.5730040073394775,POSITION_TARGET_LOCAL_NED,85,63,Takeoff
1.573133945465088,TIMESYNC,111,25,Takeoff
1.5732030868530273,HIGHRES_IMU,105,74,Takeoff
1.5732150077819824,LOCAL_POSITION_NED,32,40,Takeoff
1.5732250213623047,ATTITUDE,30,40,Takeoff
1.573232889175415,ALTITUDE,141,44,Takeoff
1.5732450485229492,ODOMETRY,331,244,Takeoff
1.5732550621032715,ATTITUDE_QUATERNION,31,44,Takeoff
1.5732619762420654,ATTITUDE_TARGET,83,48,Takeoff
1.5732760429382324,POSITION_TARGET_LOCAL_NED,85,63,Takeoff
1.5732848644256592,SERVO_OUTPUT_RAW,36,15,Takeoff
1.573293924331665,VFR_HUD,74,29,Takeoff
1.576866865158081,COMMAND_ACK,77,22,Takeoff
1.5811049938201904,GLOBAL_POSITION_INT,33,40,Takeoff
1.5812208652496338,GLOBAL_POSITION_INT,33,40,Takeoff
1.5812928676605225,SERVO_OUTPUT_RAW,36,15,Takeoff
1.585071086883545,ATTITUDE,30,40,Takeoff
1.5853018760681152,ATTITUDE,30,40,Takeoff
1.585407018661499,ATTITUDE_QUATERNION,31,44,Takeoff
1.592947006225586,HIGHRES_IMU,105,74,Takeoff
1.592958927154541,ATTITUDE_TARGET,83,48,Takeoff
1.5929720401763916,ATTITUDE,30,40,Takeoff
1.5929880142211914,ATTITUDE_QUATERNION,31,44,Takeoff
1.5929920673370361,LOCAL_POSITION_NED,32,40,Takeoff
1.5929999351501465,GPS_RAW_INT,24,56,Takeoff
1.5930049419403076,POSITION_TARGET_LOCAL_NED,85,63,Takeoff
1.6009540557861328,GLOBAL_POSITION_INT,33,40,Takeoff
1.6011738777160645,GLOBAL_POSITION_INT,33,40,Takeoff
1.6012139320373535,SERVO_OUTPUT_RAW,36,15,Takeoff
1.6047999858856201,ATTITUDE,30,40,Takeoff
1.6049330234527588,ATTITUDE,30,40,Takeoff
1.6049559116363525,ATTITUDE_QUATERNION,31,44,Takeoff
1.6089670658111572,LOCAL_POSITION_NED,32,40,Takeoff
1.6090328693389893,ODOMETRY,331,244,Takeoff
1.6127660274505615,HIGHRES_IMU,105,73,Takeoff
1.6128220558166504,ATTITUDE,30,40,Takeoff
1.6128649711608887,ATTITUDE_QUATERNION,31,44,Takeoff
1.6128978729248047,ATTITUDE_TARGET,83,48,Takeoff
1.612968921661377,LOCAL_POSITION_NED,32,40,Takeoff
1.6129848957061768,POSITION_TARGET_LOCAL_NED,85,63,Takeoff
1.620926856994629,GLOBAL_POSITION_INT,33,40,Takeoff
1.62095308303833,GLOBAL_POSITION_INT,33,40,Takeoff
1.6210300922393799,SERVO_OUTPUT_RAW,36,15,Takeoff
1.625093936920166,ATTITUDE,30,40,Takeoff
1.6251258850097656,GPS_RAW_INT,24,56,Takeoff
1.6252498626708984,ATTITUDE,30,40,Takeoff
1.6253159046173096,ATTITUDE_QUATERNION,31,44,Takeoff
1.6328120231628418,HIGHRES_IMU,105,73,Takeoff
1.6328959465026855,ATTITUDE,30,40,Takeoff
1.6329140663146973,ATTITUDE_QUATERNION,31,44,Takeoff
1.6329209804534912,ATTITUDE_TARGET,83,48,Takeoff
1.6329889297485352,LOCAL_POSITION_NED,32,40,Takeoff
1.6329989433288574,POSITION_TARGET_LOCAL_NED,85,63,Takeoff
1.6411230564117432,GLOBAL_POSITION_INT,33,40,Takeoff
1.6411399841308594,LOCAL_POSITION_NED,32,40,Takeoff
1.6411819458007812,SERVO_OUTPUT_RAW,36,15,Takeoff
1.6412758827209473,ODOMETRY,331,244,Takeoff
1.641305923461914,GLOBAL_POSITION_INT,33,40,Takeoff
1.644787073135376,ATTITUDE,30,40,Takeoff
1.6449110507965088,ATTITUDE,30,40,Takeoff
1.6449780464172363,ATTITUDE_QUATERNION,31,44,Takeoff
1.6529440879821777,HIGHRES_IMU,105,74,Takeoff
1.6529600620269775,ATTITUDE_TARGET,83,48,Takeoff
1.6529710292816162,ATTITUDE,30,40,Takeoff
1.6529860496520996,ATTITUDE_QUATERNION,31,44,Takeoff
1.6529860496520996,LOCAL_POSITION_NED,32,40,Takeoff
1.6529970169067383,POSITION_TARGET_LOCAL_NED,85,63,Takeoff
1.6573259830474854,GPS_RAW_INT,24,56,Takeoff
1.6607799530029297,GLOBAL_POSITION_INT,33,40,Takeoff
1.6609129905700684,GLOBAL_POSITION_INT,33,40,Takeoff
1.6609339714050293,SERVO_OUTPUT_RAW,36,15,Takeoff
1.664783000946045,ATTITUDE,30,40,Takeoff
1.664923906326294,ATTITUDE,30,40,Takeoff
1.664989948272705,ATTITUDE_QUATERNION,31,44,Takeoff
1.6730239391326904,TIMESYNC,111,25,Takeoff
1.6730809211730957,ATTITUDE_TARGET,83,48,Takeoff
1.6730930805206299,HIGHRES_IMU,105,73,Takeoff
1.673105001449585,LOCAL_POSITION_NED,32,40,Takeoff
1.6731150150299072,ATTITUDE,30,40,Takeoff
1.6731228828430176,ALTITUDE,141,44,Takeoff
1.6731359958648682,ODOMETRY,331,244,Takeoff
1.673145055770874,ATTITUDE_QUATERNION,31,44,Takeoff
1.6731529235839844,LOCAL_POSITION_NED,32,40,Takeoff
1.6731529235839844,ATTITUDE_TARGET,83,48,Takeoff
1.6731629371643066,EXTENDED_SYS_STATE,245,14,Takeoff
1.673166036605835,POSITION_TARGET_LOCAL_NED,85,63,Takeoff
1.6731760501861572,POSITION_TARGET_LOCAL_NED,85,63,Takeoff
1.6731770038604736,VFR_HUD,74,29,Takeoff
1.6731860637664795,SERVO_OUTPUT_RAW,36,15,Takeoff
1.6731960773468018,SYS_STATUS,1,52,Takeoff
1.673203945159912,VFR_HUD,74,29,Takeoff
1.6808090209960938,GLOBAL_POSITION_INT,33,40,Takeoff
1.6809160709381104,GLOBAL_POSITION_INT,33,40,Takeoff
1.6809818744659424,SERVO_OUTPUT_RAW,36,15,Takeoff
1.6849339008331299,ATTITUDE,30,40,Takeoff
1.6849908828735352,ATTITUDE,30,40,Takeoff
1.6850559711456299,ATTITUDE_QUATERNION,31,44,Takeoff
1.6889100074768066,GPS_RAW_INT,24,56,Takeoff
1.6928389072418213,HIGHRES_IMU,105,73,Takeoff
1.6929049491882324,ATTITUDE,30,40,Takeoff
1.6929049491882324,ATTITUDE_TARGET,83,48,Takeoff
1.6929230690002441,ATTITUDE_QUATERNION,31,44,Takeoff
1.692929983139038,LOCAL_POSITION_NED,32,40,Takeoff
1.6929419040679932,POSITION_TARGET_LOCAL_NED,85,63,Takeoff
1.7011070251464844,GLOBAL_POSITION_INT,33,40,Takeoff
1.7013368606567383,GLOBAL_POSITION_INT,33,40,Takeoff
1.7014210224151611,SERVO_OUTPUT_RAW,36,15,Takeoff
1.7049329280853271,ATTITUDE,30,40,Takeoff
1.7049589157104492,ATTITUDE,30,40,Takeoff
1.7049839496612549,ATTITUDE_QUATERNION,31,44,Takeoff
1.70894193649292,LOCAL_POSITION_NED,32,40,Takeoff
1.7090229988098145,ODOMETRY,331,244,Takeoff
1.7127940654754639,HIGHRES_IMU,105,74,Takeoff
1.712873935699463,ATTITUDE,30,40,Takeoff
1.7128899097442627,ATTITUDE_QUATERNION,31,44,Takeoff
1.712928056716919,ATTITUDE_TARGET,83,48,Takeoff
1.7129578590393066,LOCAL_POSITION_NED,32,40,Takeoff
1.7129700183868408,POSITION_TARGET_LOCAL_NED,85,63,Takeoff
1.7207748889923096,GLOBAL_POSITION_INT,33,40,Takeoff
1.7209129333496094,GLOBAL_POSITION_INT,33,40,Takeoff
1.7209348678588867,SERVO_OUTPUT_RAW,36,15,Takeoff
1.7249889373779297,ATTITUDE,30,40,Takeoff
1.7250239849090576,GPS_RAW_INT,24,56,Takeoff
1.7250609397888184,ATTITUDE,30,40,Takeoff
1.7250819206237793,ATTITUDE_QUATERNION,31,44,Takeoff
1.733285903930664,HIGHRES_IMU,105,74,Takeoff
1.7333738803863525,ATTITUDE,30,40,Takeoff
1.7333900928497314,ATTITUDE_QUATERNION,31,44,Takeoff
1.7333948612213135,ATTITUDE_TARGET,83,48,Takeoff
1.7334210872650146,LOCAL_POSITION_NED,32,40,Takeoff
1.7334299087524414,POSITION_TARGET_LOCAL_NED,85,63,Takeoff
1.7410919666290283,LOCAL_POSITION_NED,32,40,Takeoff
1.7411630153656006,ODOMETRY,331,244,Takeoff
1.7411799430847168,GLOBAL_POSITION_INT,33,40,Takeoff
1.7412209510803223,GLOBAL_POSITION_INT,33,40,Takeoff
1.7412948608398438,SERVO_OUTPUT_RAW,36,15,Takeoff
1.7448930740356445,ATTITUDE,30,40,Takeoff
1.7449538707733154,ATTITUDE,30,40,Takeoff
1.74497389793396,ATTITUDE_QUATERNION,31,44,Takeoff
1.7529139518737793,HIGHRES_IMU,105,73,Takeoff
1.7529749870300293,ATTITUDE,30,40,Takeoff
1.752992868423462,ATTITUDE_QUATERNION,31,44,Takeoff
1.7530479431152344,ATTITUDE_TARGET,83,48,Takeoff
1.7531170845031738,LOCAL_POSITION_NED,32,40,Takeoff
1.7531309127807617,POSITION_TARGET_LOCAL_NED,85,63,Takeoff
1.7569949626922607,GPS_RAW_INT,24,56,Takeoff
1.7609078884124756,GLOBAL_POSITION_INT,33,40,Takeoff
1.7610268592834473,GLOBAL_POSITION_INT,33,40,Takeoff
1.7611000537872314,SERVO_OUTPUT_RAW,36,15,Takeoff
1.764765977859497,ATTITUDE,30,40,Takeoff
1.764801025390625,ATTITUDE,30,40,Takeoff
1.7648930549621582,ATTITUDE_QUATERNION,31,44,Takeoff
1.7727348804473877,TIMESYNC,111,25,Takeoff
1.7727859020233154,HIGHRES_IMU,105,74,Takeoff
1.7727980613708496,LOCAL_POSITION_NED,32,40,Takeoff
1.7728080749511719,ATTITUDE,30,40,Takeoff
1.7728180885314941,ALTITUDE,141,44,Takeoff
1.7728300094604492,ODOMETRY,331,244,Takeoff
1.7728350162506104,ATTITUDE_TARGET,83,48,Takeoff
1.77286696434021,ATTITUDE_QUATERNION,31,44,Takeoff
1.772878885269165,ATTITUDE_TARGET,83,48,Takeoff
1.7728888988494873,GPS_RAW_INT,24,56,Takeoff
1.772892951965332,POSITION_TARGET_LOCAL_NED,85,63,Takeoff
1.7729010581970215,LOCAL_POSITION_NED,32,40,Takeoff
1.772902011871338,SERVO_OUTPUT_RAW,36,15,Takeoff
1.7729120254516602,VFR_HUD,74,29,Takeoff
1.7729120254516602,POSITION_TARGET_LOCAL_NED,85,63,Takeoff
1.7807459831237793,GLOBAL_POSITION_INT,33,40,Takeoff
1.7808609008789062,GLOBAL_POSITION_INT,33,40,Takeoff
1.7808918952941895,SERVO_OUTPUT_RAW,36,15,Takeoff
1.7847728729248047,ATTITUDE,30,40,Takeoff
1.7849419116973877,ATTITUDE,30,40,Takeoff
1.7850079536437988,ATTITUDE_QUATERNION,31,44,Takeoff
1.7887768745422363,GPS_RAW_INT,24,56,Takeoff
1.7929720878601074,HIGHRES_IMU,105,73,Takeoff
1.7929809093475342,ATTITUDE_TARGET,83,48,Takeoff
1.7930080890655518,LOCAL_POSITION_NED,32,40,Takeoff
1.7930200099945068,POSITION_TARGET_LOCAL_NED,85,63,Takeoff
1.7930419445037842,ATTITUDE,30,40,Takeoff
1.7930569648742676,ATTITUDE_QUATERNION,31,44,Takeoff
1.7930729389190674,UNKNOWN_411,-2,13,Takeoff
1.8007769584655762,GLOBAL_POSITION_INT,33,40,Takeoff
1.800940990447998,GLOBAL_POSITION_INT,33,40,Takeoff
1.8010079860687256,SERVO_OUTPUT_RAW,36,15,Takeoff
1.8047800064086914,ATTITUDE,30,40,Takeoff
1.8049108982086182,ATTITUDE,30,40,Takeoff
1.804931879043579,ATTITUDE_QUATERNION,31,44,Takeoff
1.808816909790039,LOCAL_POSITION_NED,32,40,Takeoff
1.808912992477417,ODOMETRY,331,244,Takeoff
1.81300687789917,HIGHRES_IMU,105,73,Takeoff
1.813080072402954,ATTITUDE,30,40,Takeoff
1.8130989074707031,ATTITUDE_QUATERNION,31,44,Takeoff
1.8131458759307861,ATTITUDE_TARGET,83,48,Takeoff
1.8132109642028809,LOCAL_POSITION_NED,32,40,Takeoff
1.8132250308990479,POSITION_TARGET_LOCAL_NED,85,63,Takeoff
1.8208179473876953,GLOBAL_POSITION_INT,33,40,Takeoff
1.8209140300750732,GPS_RAW_INT,24,56,Takeoff
1.820939064025879,GLOBAL_POSITION_INT,33,40,Takeoff
1.8209609985351562,SERVO_OUTPUT_RAW,36,15,Takeoff
1.8247358798980713,ATTITUDE,30,40,Takeoff
1.824842929840088,ATTITUDE,30,40,Takeoff
1.8248980045318604,ATTITUDE_QUATERNION,31,44,Takeoff
1.832819938659668,HIGHRES_IMU,105,74,Takeoff
1.832885980606079,ATTITUDE,30,40,Takeoff
1.8329029083251953,ATTITUDE_QUATERNION,31,44,Takeoff
1.832939863204956,ATTITUDE_TARGET,83,48,Takeoff
1.8329689502716064,LOCAL_POSITION_NED,32,40,Takeoff
1.8329858779907227,POSITION_TARGET_LOCAL_NED,85,63,Takeoff
1.8407890796661377,LOCAL_POSITION_NED,32,40,Takeoff
1.8408799171447754,ODOMETRY,331,244,Takeoff
1.8408989906311035,GLOBAL_POSITION_INT,33,40,Takeoff
1.8409240245819092,GLOBAL_POSITION_INT,33,40,Takeoff
1.8409910202026367,SERVO_OUTPUT_RAW,36,15,Takeoff
1.845170021057129,ATTITUDE,30,40,Takeoff
1.8452839851379395,ATTITUDE,30,40,Takeoff
1.8453090190887451,ATTITUDE_QUATERNION,31,44,Takeoff
1.8531200885772705,HIGHRES_IMU,105,74,Takeoff
1.8531200885772705,ATTITUDE_TARGET,83,48,Takeoff
1.8531439304351807,ATTITUDE,30,40,Takeoff
1.853158950805664,ATTITUDE_QUATERNION,31,44,Takeoff
1.853187084197998,LOCAL_POSITION_NED,32,40,Takeoff
1.853200912475586,POSITION_TARGET_LOCAL_NED,85,63,Takeoff
1.8567469120025635,GPS_RAW_INT,24,56,Takeoff
1.8610708713531494,GLOBAL_POSITION_INT,33,40,Takeoff
1.8611459732055664,GLOBAL_POSITION_INT,33,40,Takeoff
1.8612139225006104,SERVO_OUTPUT_RAW,36,15,Takeoff
1.8647940158843994,ATTITUDE,30,40,Takeoff
1.864922046661377,ATTITUDE,30,40,Takeoff
1.8649439811706543,ATTITUDE_QUATERNION,31,44,Takeoff
1.872804880142212,TIMESYNC,111,25,Takeoff
1.8728880882263184,HIGHRES_IMU,105,74,Takeoff
1.8729000091552734,LOCAL_POSITION_NED,32,40,Takeoff
1.8729100227355957,ATTITUDE,30,40,Takeoff
1.872917890548706,ALTITUDE,141,44,Takeoff
1.872931957244873,ODOMETRY,331,244,Takeoff
1.872931957244873,ATTITUDE_TARGET,83,48,Takeoff
1.8729419708251953,ATTITUDE_QUATERNION,31,44,Takeoff
1.8729510307312012,ATTITUDE_TARGET,83,48,Takeoff
1.872960090637207,EXTENDED_SYS_STATE,245,14,Takeoff
1.872972011566162,POSITION_TARGET_LOCAL_NED,85,63,Takeoff
1.872981071472168,SERVO_OUTPUT_RAW,36,15,Takeoff
1.8729898929595947,SYS_STATUS,1,52,Takeoff
1.8729970455169678,LOCAL_POSITION_NED,32,40,Takeoff
1.872999906539917,VFR_HUD,74,29,Takeoff
1.8730108737945557,POSITION_TARGET_LOCAL_NED,85,63,Takeoff
1.877026081085205,UNKNOWN_380,-2,32,Takeoff
1.877089023590088,UNKNOWN_380,-2,32,Takeoff
1.8807859420776367,GLOBAL_POSITION_INT,33,40,Takeoff
1.8809130191802979,GLOBAL_POSITION_INT,33,40,Takeoff
1.880936861038208,SERVO_OUTPUT_RAW,36,15,Takeoff
1.8849189281463623,ATTITUDE,30,40,Takeoff
1.8852410316467285,ATTITUDE,30,40,Takeoff
1.8853058815002441,ATTITUDE_QUATERNION,31,44,Takeoff
1.8887739181518555,GPS_RAW_INT,24,56,Takeoff
1.8930840492248535,HIGHRES_IMU,105,74,Takeoff
1.8931069374084473,ATTITUDE_TARGET,83,48,Takeoff
1.8931500911712646,ATTITUDE,30,40,Takeoff
1.8931798934936523,ATTITUDE_QUATERNION,31,44,Takeoff
1.8932099342346191,LOCAL_POSITION_NED,32,40,Takeoff
1.89323091506958,POSITION_TARGET_LOCAL_NED,85,63,Takeoff
1.9010119438171387,GLOBAL_POSITION_INT,33,40,Takeoff
1.9010119438171387,GLOBAL_POSITION_INT,33,40,Takeoff
1.9011259078979492,SERVO_OUTPUT_RAW,36,15,Takeoff
1.9048759937286377,ATTITUDE,30,40,Takeoff
1.90500807762146,ATTITUDE,30,40,Takeoff
1.9050960540771484,ATTITUDE_QUATERNION,31,44,Takeoff
1.909010887145996,LOCAL_POSITION_NED,32,40,Takeoff
1.9090800285339355,ODOMETRY,331,244,Takeoff
1.9128010272979736,HIGHRES_IMU,105,73,Takeoff
1.9129090309143066,ATTITUDE,30,40,Takeoff
1.9129278659820557,ATTITUDE_TARGET,83,48,Takeoff
1.9129540920257568,ATTITUDE_QUATERNION,31,44,Takeoff
1.9130020141601562,LOCAL_POSITION_NED,32,40,Takeoff
1.9130148887634277,POSITION_TARGET_LOCAL_NED,85,63,Takeoff
1.9207899570465088,GLOBAL_POSITION_INT,33,40,Takeoff
1.9208838939666748,GPS_RAW_INT,24,56,Takeoff
1.921025037765503,GLOBAL_POSITION_INT,33,40,Takeoff
1.9210939407348633,SERVO_OUTPUT_RAW,36,15,Takeoff
1.9251930713653564,ATTITUDE,30,40,Takeoff
1.9254770278930664,ATTITUDE,30,40,Takeoff
1.925562858581543,ATTITUDE_QUATERNION,31,44,Takeoff
1.9255869388580322,VFR_HUD,74,29,Takeoff
1.9327609539031982,HIGHRES_IMU,105,73,Takeoff
1.9328348636627197,ATTITUDE,30,40,Takeoff
1.9328749179840088,ATTITUDE_QUATERNION,31,44,Takeoff
1.9328858852386475,ATTITUDE_TARGET,83,48,Takeoff
1.932913064956665,LOCAL_POSITION_NED,32,40,Takeoff
1.9329259395599365,POSITION_TARGET_LOCAL_NED,85,63,Takeoff
1.9410440921783447,LOCAL_POSITION_NED,32,40,Takeoff
1.941107988357544,ODOMETRY,331,244,Takeoff
1.9411230087280273,GLOBAL_POSITION_INT,33,40,Takeoff
1.9411299228668213,GLOBAL_POSITION_INT,33,40,Takeoff
1.9411568641662598,SERVO_OUTPUT_RAW,36,15,Takeoff
1.9448859691619873,ATTITUDE,30,40,Takeoff
1.9449639320373535,ATTITUDE,30,40,Takeoff
1.94502592086792,ATTITUDE_QUATERNION,31,44,Takeoff
1.9529290199279785,HIGHRES_IMU,105,74,Takeoff
1.9529550075531006,ATTITUDE,30,40,Takeoff
1.9529650211334229,ATTITUDE_TARGET,83,48,Takeoff
1.9529690742492676,ATTITUDE_QUATERNION,31,44,Takeoff
1.9529809951782227,GPS_RAW_INT,24,56,Takeoff
1.952996015548706,LOCAL_POSITION_NED,32,40,Takeoff
1.9530069828033447,POSITION_TARGET_LOCAL_NED,85,63,Takeoff
1.9609129428863525,GLOBAL_POSITION_INT,33,40,Takeoff
1.961374044418335,GLOBAL_POSITION_INT,33,40,Takeoff
1.9614388942718506,SERVO_OUTPUT_RAW,36,15,Takeoff
1.9648618698120117,ATTITUDE,30,40,Takeoff
1.9649410247802734,ATTITUDE,30,40,Takeoff
1.9650208950042725,ATTITUDE_QUATERNION,31,44,Takeoff
1.9728820323944092,TIMESYNC,111,25,Takeoff
1.9729490280151367,HIGHRES_IMU,105,73,Takeoff
1.9729609489440918,LOCAL_POSITION_NED,32,40,Takeoff
1.972970962524414,ATTITUDE,30,40,Takeoff
1.9729809761047363,ALTITUDE,141,44,Takeoff
1.9730000495910645,ODOMETRY,331,244,Takeoff
1.9730000495910645,ATTITUDE_TARGET,83,48,Takeoff
1.9730110168457031,ATTITUDE_QUATERNION,31,44,Takeoff
1.9730188846588135,ATTITUDE_TARGET,83,48,Takeoff
1.973026990890503,GPS_RAW_INT,24,56,Takeoff
1.9730348587036133,POSITION_TARGET_LOCAL_NED,85,63,Takeoff
1.9730370044708252,LOCAL_POSITION_NED,32,40,Takeoff
1.973046064376831,SERVO_OUTPUT_RAW,36,15,Takeoff
1.9730470180511475,POSITION_TARGET_LOCAL_NED,85,63,Takeoff
1.9730570316314697,VFR_HUD,74,29,Takeoff
1.9808359146118164,GLOBAL_POSITION_INT,33,40,Takeoff
1.980916976928711,GLOBAL_POSITION_INT,33,40,Takeoff
1.980989933013916,SERVO_OUTPUT_RAW,36,15,Takeoff
1.985008955001831,ATTITUDE,30,40,Takeoff
1.9851000308990479,ATTITUDE,30,40,Takeoff
1.9851620197296143,ATTITUDE_QUATERNION,31,44,Takeoff
1.988955020904541,GPS_RAW_INT,24,56,Takeoff
1.9930129051208496,HIGHRES_IMU,105,74,Takeoff
1.9930379390716553,ATTITUDE,30,40,Takeoff
1.9930510520935059,ATTITUDE_TARGET,83,48,Takeoff
1.9930520057678223,ATTITUDE_QUATERNION,31,44,Takeoff
1.993116855621338,LOCAL_POSITION_NED,32,40,Takeoff
1.9931299686431885,POSITION_TARGET_LOCAL_NED,85,63,Takeoff
2.001322031021118,GLOBAL_POSITION_INT,33,40,Takeoff
2.001375913619995,GLOBAL_POSITION_INT,33,40,Takeoff
2.001446008682251,SERVO_OUTPUT_RAW,36,15,Takeoff
2.0049209594726562,ATTITUDE,30,40,Takeoff
2.004999876022339,ATTITUDE,30,40,Takeoff
2.005070924758911,ATTITUDE_QUATERNION,31,44,Takeoff
2.0091590881347656,LOCAL_POSITION_NED,32,40,Takeoff
2.0092389583587646,ODOMETRY,331,244,Takeoff
2.0130019187927246,HIGHRES_IMU,105,74,Takeoff
2.0130860805511475,ATTITUDE,30,40,Takeoff
2.0131030082702637,ATTITUDE_QUATERNION,31,44,Takeoff
2.013110876083374,ATTITUDE_TARGET,83,48,Takeoff
2.0131399631500244,LOCAL_POSITION_NED,32,40,Takeoff
2.0131518840789795,POSITION_TARGET_LOCAL_NED,85,63,Takeoff
2.0134620666503906,PARAM_REQUEST_READ,20,29,Takeoff
2.0136890411376953,PARAM_VALUE,22,37,Takeoff
2.021183967590332,GLOBAL_POSITION_INT,33,40,Takeoff
2.021275043487549,GPS_RAW_INT,24,56,Takeoff
2.021427869796753,MISSION_CLEAR_ALL,45,14,Takeoff
2.0215020179748535,GLOBAL_POSITION_INT,33,40,Takeoff
2.0215868949890137,SERVO_OUTPUT_RAW,36,15,Takeoff
2.025240898132324,ATTITUDE,30,40,Takeoff
2.0253219604492188,ATTITUDE,30,40,Takeoff
2.0253989696502686,ATTITUDE_QUATERNION,31,44,Takeoff
2.025424003601074,MISSION_ACK,47,14,Takeoff
2.033159017562866,HIGHRES_IMU,105,73,Takeoff
2.033202886581421,ATTITUDE_TARGET,83,48,Takeoff
2.033228874206543,ATTITUDE,30,40,Takeoff
2.033245086669922,ATTITUDE_QUATERNION,31,44,Takeoff
2.033267021179199,LOCAL_POSITION_NED,32,40,Takeoff
2.0332770347595215,POSITION_TARGET_LOCAL_NED,85,63,Takeoff
2.0333900451660156,COMMAND_LONG,76,44,Takeoff
2.03348708152771,HOME_POSITION,242,67,Takeoff
2.037446975708008,COMMAND_ACK,77,22,Takeoff
2.0408918857574463,LOCAL_POSITION_NED,32,40,Takeoff
2.040894031524658,GLOBAL_POSITION_INT,33,40,Takeoff
2.040961980819702,ODOMETRY,331,244,Takeoff
2.0409789085388184,GLOBAL_POSITION_INT,33,40,Takeoff
2.040987014770508,SERVO_OUTPUT_RAW,36,15,Takeoff
2.0423290729522705,MISSION_COUNT,44,16,Takeoff
2.0424399375915527,MISSION_REQUEST_INT,51,16,Takeoff
2.0426318645477295,MISSION_ITEM_INT,73,49,Takeoff
2.044843912124634,ATTITUDE,30,40,Takeoff
2.045046091079712,ATTITUDE,30,40,Takeoff
2.045114040374756,ATTITUDE_QUATERNION,31,44,Takeoff
2.045850992202759,MISSION_REQUEST_INT,51,16,Takeoff
2.046086072921753,MISSION_ITEM_INT,73,49,Takeoff
2.049614906311035,MISSION_REQUEST_INT,51,16,Takeoff
2.0498249530792236,MISSION_ITEM_INT,73,49,Takeoff
2.0534729957580566,HIGHRES_IMU,105,73,Takeoff
2.053622007369995,ATTITUDE,30,40,Takeoff
2.053652048110962,ATTITUDE_QUATERNION,31,44,Takeoff
2.0536720752716064,GPS_RAW_INT,24,56,Takeoff
2.053680896759033,ATTITUDE_TARGET,83,48,Takeoff
2.0537519454956055,LOCAL_POSITION_NED,32,40,Takeoff
2.0537850856781006,POSITION_TARGET_LOCAL_NED,85,63,Takeoff
2.0559840202331543,MISSION_REQUEST_INT,51,16,Takeoff
2.056209087371826,MISSION_ITEM_INT,73,49,Takeoff
2.0585250854492188,MISSION_REQUEST_INT,51,16,Takeoff
2.0589659214019775,MISSION_ITEM_INT,73,49,Takeoff
2.061141014099121,GLOBAL_POSITION_INT,33,40,Takeoff
2.0612239837646484,GLOBAL_POSITION_INT,33,40,Takeoff
2.0612950325012207,SERVO_OUTPUT_RAW,36,15,Takeoff
2.061474084854126,MISSION_REQUEST_INT,51,16,Takeoff
2.061676025390625,MISSION_ITEM_INT,73,49,Takeoff
2.0642709732055664,MISSION_REQUEST_INT,51,16,Takeoff
2.064560890197754,MISSION_ITEM_INT,73,49,Takeoff
2.064913034439087,ATTITUDE,30,40,Takeoff
2.0649828910827637,ATTITUDE,30,40,Takeoff
2.0650529861450195,ATTITUDE_QUATERNION,31,44,Takeoff
2.0656440258026123,MISSION_REQUEST_INT,51,16,Takeoff
2.065885066986084,MISSION_ITEM_INT,73,49,Takeoff
2.070596933364868,MISSION_REQUEST_INT,51,16,Takeoff
2.07076096534729,MISSION_ITEM_INT,73,49,Takeoff
2.0728108882904053,TIMESYNC,111,25,Takeoff
2.0729188919067383,HIGHRES_IMU,105,74,Takeoff
2.072922945022583,ATTITUDE_TARGET,83,48,Takeoff
2.07293701171875,LOCAL_POSITION_NED,32,40,Takeoff
2.0729470252990723,ATTITUDE,30,40,Takeoff
2.07295298576355,LOCAL_POSITION_NED,32,40,Takeoff
2.072956085205078,ALTITUDE,141,44,Takeoff
2.073009967803955,POSITION_TARGET_LOCAL_NED,85,63,Takeoff
2.0730230808258057,ODOMETRY,331,244,Takeoff
2.073040008544922,ATTITUDE_QUATERNION,31,44,Takeoff
2.0730490684509277,ATTITUDE_TARGET,83,48,Takeoff
2.0730600357055664,EXTENDED_SYS_STATE,245,14,Takeoff
2.0730819702148438,MISSION_REQUEST_INT,51,16,Takeoff
2.073232889175415,POSITION_TARGET_LOCAL_NED,85,63,Takeoff
2.0732510089874268,SERVO_OUTPUT_RAW,36,15,Takeoff
2.0732619762420654,SYS_STATUS,1,52,Takeoff
2.0732719898223877,VFR_HUD,74,29,Takeoff
2.074065923690796,MISSION_ITEM_INT,73,49,Takeoff
2.076374053955078,MISSION_REQUEST_INT,51,16,Takeoff
2.076641082763672,MISSION_ITEM_INT,73,49,Takeoff
2.0797688961029053,MISSION_REQUEST_INT,51,16,Takeoff
2.080049991607666,MISSION_ITEM_INT,73,49,Takeoff
2.080954074859619,GLOBAL_POSITION_INT,33,40,Takeoff
2.081012010574341,GLOBAL_POSITION_INT,33,40,Takeoff
2.0810749530792236,SERVO_OUTPUT_RAW,36,15,Takeoff
2.0810868740081787,MISSION_REQUEST_INT,51,16,Takeoff
2.0811798572540283,MISSION_ITEM_INT,73,49,Takeoff
2.083599090576172,MISSION_REQUEST_INT,51,16,Takeoff
2.084207057952881,MISSION_ITEM_INT,73,49,Takeoff
2.085038900375366,ATTITUDE,30,40,Takeoff
2.0851309299468994,GPS_RAW_INT,24,56,Takeoff
2.085157871246338,ATTITUDE,30,40,Takeoff
2.085179090499878,ATTITUDE_QUATERNION,31,44,Takeoff
2.085653066635132,MISSION_REQUEST_INT,51,16,Takeoff
2.08585786819458,MISSION_ITEM_INT,73,49,Takeoff
2.0885159969329834,MISSION_REQUEST_INT,51,16,Takeoff
2.088792085647583,MISSION_ITEM_INT,73,49,Takeoff
2.0890159606933594,UNKNOWN_410,-2,42,Takeoff
2.089115858078003,UNKNOWN_410,-2,30,Takeoff
2.089134931564331,UNKNOWN_410,-2,30,Takeoff
2.089143991470337,UNKNOWN_410,-2,30,Takeoff
2.089150905609131,UNKNOWN_410,-2,30,Takeoff
2.0911080837249756,MISSION_REQUEST_INT,51,16,Takeoff
2.091413974761963,MISSION_ITEM_INT,73,49,Takeoff
2.092228889465332,MISSION_REQUEST_INT,51,16,Takeoff
2.0924019813537598,MISSION_ITEM_INT,73,49,Takeoff
2.0927860736846924,HIGHRES_IMU,105,73,Takeoff
2.092869997024536,ATTITUDE,30,40,Takeoff
2.0928919315338135,ATTITUDE_QUATERNION,31,44,Takeoff
2.092911958694458,UNKNOWN_410,-2,42,Takeoff
2.092921018600464,UNKNOWN_410,-2,30,Takeoff
2.092928886413574,UNKNOWN_410,-2,30,Takeoff
2.0929369926452637,UNKNOWN_410,-2,30,Takeoff
2.0929439067840576,UNKNOWN_410,-2,30,Takeoff
2.092949867248535,ATTITUDE_TARGET,83,48,Takeoff
2.0930709838867188,LOCAL_POSITION_NED,32,40,Takeoff
2.0930850505828857,POSITION_TARGET_LOCAL_NED,85,63,Takeoff
2.093322992324829,MISSION_REQUEST_INT,51,16,Takeoff
2.0935299396514893,MISSION_ITEM_INT,73,49,Takeoff
2.096014976501465,MISSION_REQUEST_INT,51,16,Takeoff
2.096277952194214,MISSION_ITEM_INT,73,49,Takeoff
2.09902286529541,MISSION_REQUEST_INT,51,16,Takeoff
2.0993409156799316,MISSION_ITEM_INT,73,49,Takeoff
2.1010019779205322,GLOBAL_POSITION_INT,33,40,Takeoff
2.1010589599609375,GLOBAL_POSITION_INT,33,40,Takeoff
2.1010730266571045,SERVO_OUTPUT_RAW,36,15,Takeoff
2.1020519733428955,MISSION_REQUEST_INT,51,16,Takeoff
2.102341890335083,MISSION_ITEM_INT,73,49,Takeoff
2.105025053024292,ATTITUDE,30,40,Takeoff
2.1051199436187744,ATTITUDE,30,40,Takeoff
2.105177879333496,ATTITUDE_QUATERNION,31,44,Takeoff
2.1065890789031982,MISSION_REQUEST_INT,51,16,Takeoff
2.1068079471588135,MISSION_ITEM_INT,73,49,Takeoff
2.108975887298584,LOCAL_POSITION_NED,32,40,Takeoff
2.108999013900757,ODOMETRY,331,244,Takeoff
2.110262870788574,MISSION_REQUEST_INT,51,16,Takeoff
2.1104819774627686,MISSION_ITEM_INT,73,49,Takeoff
2.1132490634918213,MISSION_REQUEST_INT,51,16,Takeoff
2.113524913787842,MISSION_ITEM_INT,73,49,Takeoff
2.1137468814849854,ATTITUDE_TARGET,83,48,Takeoff
2.1137540340423584,HIGHRES_IMU,105,73,Takeoff
2.113776922225952,LOCAL_POSITION_NED,32,40,Takeoff
2.113779067993164,ATTITUDE,30,40,Takeoff
2.113790988922119,POSITION_TARGET_LOCAL_NED,85,63,Takeoff
2.113792896270752,ATTITUDE_QUATERNION,31,44,Takeoff
2.1166510581970215,MISSION_REQUEST_INT,51,16,Takeoff
2.116956949234009,MISSION_ITEM_INT,73,49,Takeoff
2.1194770336151123,MISSION_REQUEST_INT,51,16,Takeoff
2.1196858882904053,MISSION_ITEM_INT,73,49,Takeoff
2.1204710006713867,MISSION_REQUEST_INT,51,16,Takeoff
2.1207339763641357,MISSION_ITEM_INT,73,49,Takeoff
2.121051073074341,GLOBAL_POSITION_INT,33,40,Takeoff
2.121116876602173,GLOBAL_POSITION_INT,33,40,Takeoff
2.1211190223693848,GPS_RAW_INT,24,56,Takeoff
2.12117600440979,SERVO_OUTPUT_RAW,36,15,Takeoff
2.123548984527588,MISSION_REQUEST_INT,51,16,Takeoff
2.1238420009613037,MISSION_ITEM_INT,73,49,Takeoff
2.124677896499634,MISSION_REQUEST_INT,51,16,Takeoff
2.124953031539917,ATTITUDE,30,40,Takeoff
2.124958038330078,ATTITUDE,30,40,Takeoff
2.124976873397827,ATTITUDE_QUATERNION,31,44,Takeoff
2.125066041946411,MISSION_ITEM_INT,73,49,Takeoff
2.127584934234619,MISSION_REQUEST_INT,51,16,Takeoff
2.127769947052002,MISSION_ITEM_INT,73,49,Takeoff
2.1291818618774414,MISSION_REQUEST_INT,51,16,Takeoff
2.129459857940674,MISSION_ITEM_INT,73,49,Takeoff
2.1315388679504395,MISSION_REQUEST_INT,51,16,Takeoff
2.131856918334961,MISSION_ITEM_INT,73,49,Takeoff
2.1328659057617188,HIGHRES_IMU,105,74,Takeoff
2.1328930854797363,ATTITUDE,30,40,Takeoff
2.132909059524536,ATTITUDE_QUATERNION,31,44,Takeoff
2.132960081100464,ATTITUDE_TARGET,83,48,Takeoff
2.133023977279663,LOCAL_POSITION_NED,32,40,Takeoff
2.1331400871276855,POSITION_TARGET_LOCAL_NED,85,63,Takeoff
2.1331589221954346,MISSION_REQUEST_INT,51,16,Takeoff
2.1336119174957275,MISSION_ITEM_INT,73,49,Takeoff
2.135638952255249,MISSION_REQUEST_INT,51,16,Takeoff
2.1358730792999268,MISSION_ITEM_INT,73,49,Takeoff
2.1367719173431396,MISSION_REQUEST_INT,51,16,Takeoff
2.1370620727539062,MISSION_ITEM_INT,73,49,Takeoff
2.1399030685424805,MISSION_REQUEST_INT,51,16,Takeoff
2.140177011489868,MISSION_ITEM_INT,73,49,Takeoff
2.1410329341888428,LOCAL_POSITION_NED,32,40,Takeoff
2.141103982925415,ODOMETRY,331,244,Takeoff
2.141119956970215,GLOBAL_POSITION_INT,33,40,Takeoff
2.1411540508270264,GLOBAL_POSITION_INT,33,40,Takeoff
2.1412248611450195,SERVO_OUTPUT_RAW,36,15,Takeoff
2.1412549018859863,MISSION_REQUEST_INT,51,16,Takeoff
2.1415889263153076,MISSION_ITEM_INT,73,49,Takeoff
2.144711971282959,MISSION_REQUEST_INT,51,16,Takeoff
2.1449129581451416,ATTITUDE,30,40,Takeoff
2.1449830532073975,MISSION_ITEM_INT,73,49,Takeoff
2.1450109481811523,ATTITUDE,30,40,Takeoff
2.1450350284576416,ATTITUDE_QUATERNION,31,44,Takeoff
2.1475770473480225,MISSION_REQUEST_INT,51,16,Takeoff
2.147808074951172,MISSION_ITEM_INT,73,49,Takeoff
2.14861798286438,MISSION_REQUEST_INT,51,16,Takeoff
2.1487948894500732,MISSION_ITEM_INT,73,49,Takeoff
2.1515910625457764,MISSION_REQUEST_INT,51,16,Takeoff
2.1517958641052246,MISSION_ITEM_INT,73,49,Takeoff
2.1526870727539062,MISSION_REQUEST_INT,51,16,Takeoff
2.152925968170166,HIGHRES_IMU,105,74,Takeoff
2.1529500484466553,ATTITUDE,30,40,Takeoff
2.1529529094696045,MISSION_ITEM_INT,73,49,Takeoff
2.153001070022583,ATTITUDE_QUATERNION,31,44,Takeoff
2.153017997741699,GPS_RAW_INT,24,56,Takeoff
2.1537978649139404,ATTITUDE_TARGET,83,48,Takeoff
2.153826951980591,LOCAL_POSITION_NED,32,40,Takeoff
2.1538400650024414,POSITION_TARGET_LOCAL_NED,85,63,Takeoff
2.1559860706329346,MISSION_REQUEST_INT,51,16,Takeoff
2.156183958053589,MISSION_ITEM_INT,73,49,Takeoff
2.157188892364502,MISSION_REQUEST_INT,51,16,Takeoff
2.15740704536438,MISSION_ITEM_INT,73,49,Takeoff
2.160933017730713,GLOBAL_POSITION_INT,33,40,Takeoff
2.1609749794006348,GLOBAL_POSITION_INT,33,40,Takeoff
2.1610419750213623,SERVO_OUTPUT_RAW,36,15,Takeoff
2.162731885910034,MISSION_REQUEST_INT,51,16,Takeoff
2.1629300117492676,MISSION_ITEM_INT,73,49,Takeoff
2.164926052093506,ATTITUDE,30,40,Takeoff
2.164968967437744,ATTITUDE,30,40,Takeoff
2.1650450229644775,ATTITUDE_QUATERNION,31,44,Takeoff
2.1655919551849365,MISSION_REQUEST_INT,51,16,Takeoff
2.16581392288208,MISSION_ITEM_INT,73,49,Takeoff
2.1680898666381836,MISSION_REQUEST_INT,51,16,Takeoff
2.1684858798980713,MISSION_ITEM_INT,73,49,Takeoff
2.1729400157928467,TIMESYNC,111,25,Takeoff
2.1730120182037354,HIGHRES_IMU,105,73,Takeoff
2.1730239391326904,LOCAL_POSITION_NED,32,40,Takeoff
2.1730339527130127,ATTITUDE,30,40,Takeoff
2.173042058944702,ALTITUDE,141,44,Takeoff
2.1730549335479736,ODOMETRY,331,244,Takeoff
2.173067092895508,ATTITUDE_QUATERNION,31,44,Takeoff
2.1730759143829346,ATTITUDE_TARGET,83,48,Takeoff
2.1730918884277344,POSITION_TARGET_LOCAL_NED,85,63,Takeoff
2.1731009483337402,SERVO_OUTPUT_RAW,36,15,Takeoff
2.173110008239746,HEARTBEAT,0,21,Takeoff
2.173110008239746,VFR_HUD,74,29,Takeoff
2.1731350421905518,ALTITUDE,141,44,Takeoff
2.1731460094451904,ATTITUDE_TARGET,83,48,Takeoff
2.173156976699829,BATTERY_STATUS,147,53,Takeoff
2.173166036605835,UNKNOWN_436,-2,20,Takeoff
2.1731789112091064,ESTIMATOR_STATUS,230,54,Takeoff
2.173189878463745,EXTENDED_SYS_STATE,245,14,Takeoff
2.173198938369751,GPS_RAW_INT,24,56,Takeoff
2.1732089519500732,HOME_POSITION,242,67,Takeoff
2.173218011856079,LOCAL_POSITION_NED,32,40,Takeoff
2.173233985900879,OPEN_DRONE_ID_LOCATION,12901,70,Takeoff
2.1732468605041504,OPEN_DRONE_ID_SYSTEM,12904,37,Takeoff
2.1732590198516846,POSITION_TARGET_LOCAL_NED,85,63,Takeoff
2.173271894454956,SCALED_PRESSURE,29,26,Takeoff
2.1732890605926514,SYS_STATUS,1,52,Takeoff
2.1732990741729736,VFR_HUD,74,29,Takeoff
2.1733100414276123,UNKNOWN_8,-2,33,Takeoff
2.1743760108947754,MISSION_REQUEST_INT,51,16,Takeoff
2.1745760440826416,MISSION_ITEM_INT,73,49,Takeoff
2.178117036819458,COMMAND_LONG,76,44,Takeoff
2.178679943084717,MISSION_REQUEST_INT,51,16,Takeoff
2.178868055343628,MISSION_ITEM_INT,73,49,Takeoff
2.1809580326080322,GLOBAL_POSITION_INT,33,40,Takeoff
2.181025981903076,COMMAND_ACK,77,22,Takeoff
2.1810519695281982,GLOBAL_POSITION_INT,33,40,Takeoff
2.1810669898986816,SERVO_OUTPUT_RAW,36,15,Takeoff
2.1810879707336426,MISSION_REQUEST_INT,51,16,Takeoff
2.181273937225342,MISSION_ITEM_INT,73,49,Takeoff
2.18320894241333,MISSION_REQUEST_INT,51,16,Takeoff
2.183400869369507,MISSION_ITEM_INT,73,49,Takeoff
2.1842119693756104,MISSION_REQUEST_INT,51,16,Takeoff
2.184445858001709,MISSION_ITEM_INT,73,49,Takeoff
2.184803009033203,ATTITUDE,30,40,Takeoff
2.184839963912964,GPS_RAW_INT,24,56,Takeoff
2.1850860118865967,ATTITUDE,30,40,Takeoff
2.1852059364318848,ATTITUDE_QUATERNION,31,44,Takeoff
2.1853950023651123,MISSION_REQUEST_INT,51,16,Takeoff
2.185581922531128,MISSION_ITEM_INT,73,49,Takeoff
2.187824010848999,MISSION_REQUEST_INT,51,16,Takeoff
2.1880240440368652,MISSION_ITEM_INT,73,49,Takeoff
2.1890869140625,MISSION_REQUEST_INT,51,16,Takeoff
2.1893298625946045,MISSION_ITEM_INT,73,49,Takeoff
2.192807912826538,HIGHRES_IMU,105,74,Takeoff
2.1929099559783936,ATTITUDE,30,40,Takeoff
2.1929280757904053,ATTITUDE_QUATERNION,31,44,Takeoff
2.1929850578308105,ATTITUDE_TARGET,83,48,Takeoff
2.193011999130249,LOCAL_POSITION_NED,32,40,Takeoff
2.193026065826416,POSITION_TARGET_LOCAL_NED,85,63,Takeoff
2.1932270526885986,MISSION_REQUEST_INT,51,16,Takeoff
2.19360089302063,MISSION_ITEM_INT,73,49,Takeoff
2.1971890926361084,MISSION_REQUEST_INT,51,16,Takeoff
2.197403907775879,MISSION_ITEM_INT,73,49,Takeoff
2.198451042175293,MISSION_CURRENT,42,18,Takeoff
2.1995980739593506,MISSION_REQUEST_INT,51,16,Takeoff
2.1998438835144043,MISSION_ITEM_INT,73,49,Takeoff
2.2009029388427734,MISSION_REQUEST_INT,51,16,Takeoff
2.200977087020874,GLOBAL_POSITION_INT,33,40,Takeoff
2.20102596282959,GLOBAL_POSITION_INT,33,40,Takeoff
2.201093912124634,SERVO_OUTPUT_RAW,36,15,Takeoff
2.2012550830841064,MISSION_ITEM_INT,73,49,Takeoff
2.2044119834899902,MISSION_REQUEST_INT,51,16,Takeoff
2.2046658992767334,MISSION_ITEM_INT,73,49,Takeoff
2.205065965652466,ATTITUDE,30,40,Takeoff
2.205173969268799,ATTITUDE,30,40,Takeoff
2.2051949501037598,ATTITUDE_QUATERNION,31,44,Takeoff
2.2082200050354004,MISSION_REQUEST_INT,51,16,Takeoff
2.2084310054779053,MISSION_ITEM_INT,73,49,Takeoff
2.2088429927825928,LOCAL_POSITION_NED,32,40,Takeoff
2.2089169025421143,ODOMETRY,331,244,Takeoff
2.2094860076904297,MISSION_REQUEST_INT,51,16,Takeoff
2.2097580432891846,MISSION_ITEM_INT,73,49,Takeoff
2.2121338844299316,MISSION_REQUEST_INT,51,16,Takeoff
2.2123348712921143,MISSION_ITEM_INT,73,49,Takeoff
2.2128589153289795,HIGHRES_IMU,105,73,Takeoff
2.2129340171813965,ATTITUDE,30,40,Takeoff
2.2129340171813965,ATTITUDE_TARGET,83,48,Takeoff
2.2129509449005127,ATTITUDE_QUATERNION,31,44,Takeoff
2.213006019592285,LOCAL_POSITION_NED,32,40,Takeoff
2.213016986846924,POSITION_TARGET_LOCAL_NED,85,63,Takeoff
2.2170369625091553,GPS_RAW_INT,24,56,Takeoff
2.2204859256744385,MISSION_REQUEST_INT,51,16,Takeoff
2.220916986465454,MISSION_ITEM_INT,73,49,Takeoff
2.220992088317871,GLOBAL_POSITION_INT,33,40,Takeoff
2.221108913421631,GLOBAL_POSITION_INT,33,40,Takeoff
2.2211639881134033,SERVO_OUTPUT_RAW,36,15,Takeoff
2.224776029586792,ATTITUDE,30,40,Takeoff
2.224924087524414,ATTITUDE,30,40,Takeoff
2.225024938583374,ATTITUDE_QUATERNION,31,44,Takeoff
2.227189064025879,MISSION_REQUEST_INT,51,16,Takeoff
2.2273929119110107,MISSION_ITEM_INT,73,49,Takeoff
2.229856014251709,MISSION_REQUEST_INT,51,16,Takeoff
2.2300028800964355,MISSION_ITEM_INT,73,49,Takeoff
2.2330539226531982,HIGHRES_IMU,105,73,Takeoff
2.233083963394165,ATTITUDE,30,40,Takeoff
2.2330989837646484,ATTITUDE_QUATERNION,31,44,Takeoff
2.2331790924072266,ATTITUDE_TARGET,83,48,Takeoff
2.233206033706665,LOCAL_POSITION_NED,32,40,Takeoff
2.23321795463562,POSITION_TARGET_LOCAL_NED,85,63,Takeoff
2.233444929122925,MISSION_REQUEST_INT,51,16,Takeoff
2.233628988265991,MISSION_ITEM_INT,73,49,Takeoff
2.236922025680542,MISSION_REQUEST_INT,51,16,Takeoff
2.237190008163452,MISSION_ITEM_INT,73,49,Takeoff
2.240164041519165,MISSION_REQUEST_INT,51,16,Takeoff
2.240365982055664,MISSION_ITEM_INT,73,49,Takeoff
2.2410449981689453,LOCAL_POSITION_NED,32,40,Takeoff
2.24111008644104,ODOMETRY,331,244,Takeoff
2.2411248683929443,GLOBAL_POSITION_INT,33,40,Takeoff
2.2411270141601562,GLOBAL_POSITION_INT,33,40,Takeoff
2.241154909133911,SERVO_OUTPUT_RAW,36,15,Takeoff
2.241813898086548,MISSION_REQUEST_INT,51,16,Takeoff
2.2420730590820312,MISSION_ITEM_INT,73,49,Takeoff
2.2444119453430176,MISSION_REQUEST_INT,51,16,Takeoff
2.244610071182251,MISSION_ITEM_INT,73,49,Takeoff
2.2447800636291504,ATTITUDE,30,40,Takeoff
2.244935989379883,ATTITUDE,30,40,Takeoff
2.2450029850006104,ATTITUDE_QUATERNION,31,44,Takeoff
2.2469229698181152,MISSION_REQUEST_INT,51,16,Takeoff
2.2471489906311035,MISSION_ITEM_INT,73,49,Takeoff
2.2480380535125732,MISSION_REQUEST_INT,51,16,Takeoff
2.248291015625,MISSION_ITEM_INT,73,49,Takeoff
2.250092029571533,MISSION_REQUEST_INT,51,16,Takeoff
2.2503509521484375,MISSION_ITEM_INT,73,49,Takeoff
2.252863883972168,HIGHRES_IMU,105,74,Takeoff
2.2529048919677734,ATTITUDE,30,40,Takeoff
2.252919912338257,ATTITUDE_QUATERNION,31,44,Takeoff
2.2529330253601074,GPS_RAW_INT,24,56,Takeoff
2.2530670166015625,ATTITUDE_TARGET,83,48,Takeoff
2.2531309127807617,LOCAL_POSITION_NED,32,40,Takeoff
2.253145933151245,POSITION_TARGET_LOCAL_NED,85,63,Takeoff
2.2542099952697754,MISSION_REQUEST_INT,51,16,Takeoff
2.2544848918914795,MISSION_ITEM_INT,73,49,Takeoff
2.256727933883667,MISSION_REQUEST_INT,51,16,Takeoff
2.2569580078125,MISSION_ITEM_INT,73,49,Takeoff
2.2592830657958984,MISSION_REQUEST_INT,51,16,Takeoff
2.259484052658081,MISSION_ITEM_INT,73,49,Takeoff
2.260300874710083,MISSION_REQUEST_INT,51,16,Takeoff
2.2604899406433105,MISSION_ITEM_INT,73,49,Takeoff
2.260835886001587,GLOBAL_POSITION_INT,33,40,Takeoff
2.2610020637512207,GLOBAL_POSITION_INT,33,40,Takeoff
2.2610669136047363,SERVO_OUTPUT_RAW,36,15,Takeoff
2.261404037475586,MISSION_REQUEST_INT,51,16,Takeoff
2.2616019248962402,MISSION_ITEM_INT,73,49,Takeoff
2.2636570930480957,MISSION_REQUEST_INT,51,16,Takeoff
2.2639989852905273,MISSION_ITEM_INT,73,49,Takeoff
2.2650110721588135,ATTITUDE,30,40,Takeoff
2.2651350498199463,ATTITUDE,30,40,Takeoff
2.2652029991149902,ATTITUDE_QUATERNION,31,44,Takeoff
2.265467882156372,MISSION_REQUEST_INT,51,16,Takeoff
2.2656729221343994,MISSION_ITEM_INT,73,49,Takeoff
2.268631935119629,MISSION_REQUEST_INT,51,16,Takeoff
2.268941879272461,MISSION_ITEM_INT,73,49,Takeoff
2.27280592918396,TIMESYNC,111,25,Takeoff
2.2729029655456543,HIGHRES_IMU,105,74,Takeoff
2.272916078567505,LOCAL_POSITION_NED,32,40,Takeoff
2.272930860519409,ATTITUDE_TARGET,83,48,Takeoff
2.272934913635254,ATTITUDE,30,40,Takeoff
2.272944927215576,ALTITUDE,141,44,Takeoff
2.2729599475860596,ODOMETRY,331,244,Takeoff
2.2729690074920654,ATTITUDE_QUATERNION,31,44,Takeoff
2.272976875305176,ATTITUDE_TARGET,83,48,Takeoff
2.2729859352111816,EXTENDED_SYS_STATE,245,14,Takeoff
2.2729978561401367,POSITION_TARGET_LOCAL_NED,85,63,Takeoff
2.2730069160461426,SERVO_OUTPUT_RAW,36,15,Takeoff
2.273016929626465,SYS_STATUS,1,52,Takeoff
2.2730259895324707,VFR_HUD,74,29,Takeoff
2.273041009902954,LOCAL_POSITION_NED,32,40,Takeoff
2.2730510234832764,MISSION_ACK,47,20,Takeoff
2.2730560302734375,POSITION_TARGET_LOCAL_NED,85,63,Takeoff
2.281079053878784,GLOBAL_POSITION_INT,33,40,Takeoff
2.281167984008789,GLOBAL_POSITION_INT,33,40,Takeoff
2.281235933303833,SERVO_OUTPUT_RAW,36,15,Takeoff
2.2849040031433105,ATTITUDE,30,40,Takeoff
2.2849369049072266,GPS_RAW_INT,24,56,Takeoff
2.284986972808838,ATTITUDE,30,40,Takeoff
2.285007953643799,ATTITUDE_QUATERNION,31,44,Takeoff
2.292801856994629,HIGHRES_IMU,105,74,Takeoff
2.292875051498413,ATTITUDE_TARGET,83,48,Takeoff
2.2929019927978516,ATTITUDE,30,40,Takeoff
2.2929060459136963,LOCAL_POSITION_NED,32,40,Takeoff
2.292919874191284,ATTITUDE_QUATERNION,31,44,Takeoff
2.2929399013519287,POSITION_TARGET_LOCAL_NED,85,63,Takeoff
2.3009018898010254,GLOBAL_POSITION_INT,33,40,Takeoff
2.3009350299835205,GLOBAL_POSITION_INT,33,40,Takeoff
2.3010060787200928,SERVO_OUTPUT_RAW,36,15,Takeoff
2.304949998855591,ATTITUDE,30,40,Takeoff
2.3050310611724854,ATTITUDE,30,40,Takeoff
2.305053949356079,ATTITUDE_QUATERNION,31,44,Takeoff
2.3088059425354004,LOCAL_POSITION_NED,32,40,Takeoff
2.30889892578125,ODOMETRY,331,244,Takeoff
2.312952995300293,HIGHRES_IMU,105,74,Takeoff
2.312980890274048,ATTITUDE,30,40,Takeoff
2.312999963760376,ATTITUDE_QUATERNION,31,44,Takeoff
2.313011884689331,ATTITUDE_TARGET,83,48,Takeoff
2.3131048679351807,LOCAL_POSITION_NED,32,40,Takeoff
2.313119888305664,POSITION_TARGET_LOCAL_NED,85,63,Takeoff
2.317147970199585,GPS_RAW_INT,24,56,Takeoff
2.3209218978881836,GLOBAL_POSITION_INT,33,40,Takeoff
2.321026086807251,GLOBAL_POSITION_INT,33,40,Takeoff
2.3210830688476562,SERVO_OUTPUT_RAW,36,15,Takeoff
2.3247928619384766,ATTITUDE,30,40,Takeoff
2.324967861175537,ATTITUDE,30,40,Takeoff
2.3250348567962646,ATTITUDE_QUATERNION,31,44,Takeoff
2.3327889442443848,HIGHRES_IMU,105,73,Takeoff
2.3328158855438232,ATTITUDE,30,40,Takeoff
2.3328399658203125,ATTITUDE_QUATERNION,31,44,Takeoff
2.332930088043213,ATTITUDE_TARGET,83,48,Takeoff
2.3329989910125732,LOCAL_POSITION_NED,32,40,Takeoff
2.333008050918579,POSITION_TARGET_LOCAL_NED,85,63,Takeoff
2.3408470153808594,LOCAL_POSITION_NED,32,40,Takeoff
2.341019868850708,ODOMETRY,331,244,Takeoff
2.3410520553588867,GLOBAL_POSITION_INT,33,40,Takeoff
2.3410890102386475,GLOBAL_POSITION_INT,33,40,Takeoff
2.341140031814575,SERVO_OUTPUT_RAW,36,15,Takeoff
2.3452229499816895,ATTITUDE,30,40,Takeoff
2.345334053039551,ATTITUDE,30,40,Takeoff
2.34539794921875,ATTITUDE_QUATERNION,31,44,Takeoff
2.3487610816955566,GPS_RAW_INT,24,56,Takeoff
2.352810859680176,HIGHRES_IMU,105,73,Takeoff
2.352890968322754,ATTITUDE,30,40,Takeoff
2.35290789604187,ATTITUDE_QUATERNION,31,44,Takeoff
2.352933883666992,ATTITUDE_TARGET,83,48,Takeoff
2.3529999256134033,LOCAL_POSITION_NED,32,40,Takeoff
2.353013038635254,POSITION_TARGET_LOCAL_NED,85,63,Takeoff
2.3609490394592285,GLOBAL_POSITION_INT,33,40,Takeoff
2.361090898513794,GLOBAL_POSITION_INT,33,40,Takeoff
2.361130952835083,SERVO_OUTPUT_RAW,36,15,Takeoff
2.3649380207061768,ATTITUDE,30,40,Takeoff
2.3649609088897705,ATTITUDE,30,40,Takeoff
2.3649849891662598,ATTITUDE_QUATERNION,31,44,Takeoff
2.373077869415283,TIMESYNC,111,25,Takeoff
2.3731069564819336,HIGHRES_IMU,105,74,Takeoff
2.373115062713623,LOCAL_POSITION_NED,32,40,Takeoff
2.3731260299682617,ATTITUDE,30,40,Takeoff
2.3731350898742676,ALTITUDE,141,44,Takeoff
2.373147964477539,ODOMETRY,331,244,Takeoff
2.3731579780578613,ATTITUDE_QUATERNION,31,44,Takeoff
2.3731648921966553,ATTITUDE_TARGET,83,48,Takeoff
2.3731720447540283,ATTITUDE_TARGET,83,48,Takeoff
2.3731799125671387,POSITION_TARGET_LOCAL_NED,85,63,Takeoff
2.3731889724731445,SERVO_OUTPUT_RAW,36,15,Takeoff
2.373198986053467,VFR_HUD,74,29,Takeoff
2.3732008934020996,GPS_RAW_INT,24,56,Takeoff
2.3732118606567383,LOCAL_POSITION_NED,32,40,Takeoff
2.373223066329956,POSITION_TARGET_LOCAL_NED,85,63,Takeoff
2.380824089050293,GLOBAL_POSITION_INT,33,40,Takeoff
2.380980968475342,GLOBAL_POSITION_INT,33,40,Takeoff
2.3810079097747803,SERVO_OUTPUT_RAW,36,15,Takeoff
2.384805917739868,ATTITUDE,30,40,Takeoff
2.3848960399627686,ATTITUDE,30,40,Takeoff
2.384896993637085,GPS_RAW_INT,24,56,Takeoff
2.384916067123413,ATTITUDE_QUATERNION,31,44,Takeoff
2.392791986465454,HIGHRES_IMU,105,73,Takeoff
2.392893075942993,ATTITUDE,30,40,Takeoff
2.392911911010742,ATTITUDE_QUATERNION,31,44,Takeoff
2.3929290771484375,ATTITUDE_TARGET,83,48,Takeoff
2.3929998874664307,LOCAL_POSITION_NED,32,40,Takeoff
2.3930130004882812,POSITION_TARGET_LOCAL_NED,85,63,Takeoff
2.4009459018707275,GLOBAL_POSITION_INT,33,40,Takeoff
2.400995969772339,GLOBAL_POSITION_INT,33,40,Takeoff
2.4010229110717773,SERVO_OUTPUT_RAW,36,15,Takeoff
2.4050800800323486,ATTITUDE,30,40,Takeoff
2.405168056488037,ATTITUDE,30,40,Takeoff
2.4052278995513916,ATTITUDE_QUATERNION,31,44,Takeoff
2.4088289737701416,LOCAL_POSITION_NED,32,40,Takeoff
2.4089200496673584,ODOMETRY,331,244,Takeoff
2.412774085998535,HIGHRES_IMU,105,74,Takeoff
2.412846088409424,ATTITUDE,30,40,Takeoff
2.4128780364990234,ATTITUDE_QUATERNION,31,44,Takeoff
2.4129509925842285,ATTITUDE_TARGET,83,48,Takeoff
2.412992000579834,LOCAL_POSITION_NED,32,40,Takeoff
2.413003921508789,POSITION_TARGET_LOCAL_NED,85,63,Takeoff
2.416933059692383,GPS_RAW_INT,24,56,Takeoff
2.4209508895874023,GLOBAL_POSITION_INT,33,40,Takeoff
2.4210400581359863,GLOBAL_POSITION_INT,33,40,Takeoff
2.421065092086792,SERVO_OUTPUT_RAW,36,15,Takeoff
2.424916982650757,ATTITUDE,30,40,Takeoff
2.4249720573425293,ATTITUDE,30,40,Takeoff
2.4250378608703613,ATTITUDE_QUATERNION,31,44,Takeoff
2.425057888031006,VFR_HUD,74,29,Takeoff
2.4328980445861816,HIGHRES_IMU,105,74,Takeoff
2.4329240322113037,ATTITUDE_TARGET,83,48,Takeoff
2.432926893234253,ATTITUDE,30,40,Takeoff
2.43294095993042,ATTITUDE_QUATERNION,31,44,Takeoff
2.432952880859375,LOCAL_POSITION_NED,32,40,Takeoff
2.432965040206909,POSITION_TARGET_LOCAL_NED,85,63,Takeoff
2.4407858848571777,LOCAL_POSITION_NED,32,40,Takeoff
2.4408838748931885,ODOMETRY,331,244,Takeoff
2.4409019947052,GLOBAL_POSITION_INT,33,40,Takeoff
2.4409239292144775,GLOBAL_POSITION_INT,33,40,Takeoff
2.4409279823303223,SERVO_OUTPUT_RAW,36,15,Takeoff
2.444812059402466,ATTITUDE,30,40,Takeoff
2.4450290203094482,ATTITUDE,30,40,Takeoff
2.445054054260254,ATTITUDE_QUATERNION,31,44,Takeoff
2.4490089416503906,GPS_RAW_INT,24,56,Takeoff
2.4530539512634277,HIGHRES_IMU,105,73,Takeoff
2.453127861022949,ATTITUDE,30,40,Takeoff
2.4531450271606445,ATTITUDE_QUATERNION,31,44,Takeoff
2.4532480239868164,ATTITUDE_TARGET,83,48,Takeoff
2.4533228874206543,LOCAL_POSITION_NED,32,40,Takeoff
2.453336000442505,POSITION_TARGET_LOCAL_NED,85,63,Takeoff
2.4609529972076416,GLOBAL_POSITION_INT,33,40,Takeoff
2.461081027984619,GLOBAL_POSITION_INT,33,40,Takeoff
2.4611048698425293,SERVO_OUTPUT_RAW,36,15,Takeoff
2.465085029602051,ATTITUDE,30,40,Takeoff
2.465137004852295,ATTITUDE,30,40,Takeoff
2.465226888656616,ATTITUDE_QUATERNION,31,44,Takeoff
2.472784996032715,HEARTBEAT,0,21,Takeoff
2.472874879837036,TIMESYNC,111,25,Takeoff
2.472892999649048,HIGHRES_IMU,105,73,Takeoff
2.4729020595550537,LOCAL_POSITION_NED,32,40,Takeoff
2.4729130268096924,ATTITUDE,30,40,Takeoff
2.4729230403900146,ALTITUDE,141,44,Takeoff
2.472923994064331,ATTITUDE_TARGET,83,48,Takeoff
2.4729349613189697,ODOMETRY,331,244,Takeoff
2.4729440212249756,ATTITUDE_QUATERNION,31,44,Takeoff
2.4729530811309814,ATTITUDE_TARGET,83,48,Takeoff
2.4729628562927246,BATTERY_STATUS,147,53,Takeoff
2.4729719161987305,UNKNOWN_436,-2,20,Takeoff
2.47298002243042,ESTIMATOR_STATUS,230,54,Takeoff
2.472986936569214,EXTENDED_SYS_STATE,245,14,Takeoff
2.4729959964752197,HOME_POSITION,242,67,Takeoff
2.4729979038238525,LOCAL_POSITION_NED,32,40,Takeoff
2.473008871078491,OPEN_DRONE_ID_LOCATION,12901,70,Takeoff
2.473011016845703,POSITION_TARGET_LOCAL_NED,85,63,Takeoff
2.473017930984497,OPEN_DRONE_ID_SYSTEM,12904,37,Takeoff
2.4730260372161865,PING,4,21,Takeoff
2.4730348587036133,POSITION_TARGET_LOCAL_NED,85,63,Takeoff
2.473043918609619,SCALED_PRESSURE,29,26,Takeoff
2.473052978515625,SERVO_OUTPUT_RAW,36,15,Takeoff
2.47306489944458,SYS_STATUS,1,52,Takeoff
2.4730758666992188,SYSTEM_TIME,2,22,Takeoff
2.4730849266052246,VFR_HUD,74,29,Takeoff
2.4730939865112305,VIBRATION,241,32,Takeoff
2.47310209274292,UNKNOWN_8,-2,33,Takeoff
2.474971055984497,HEARTBEAT,0,21,Takeoff
2.475329875946045,PING,4,26,Takeoff
2.4769530296325684,HEARTBEAT,0,21,Takeoff
2.481131076812744,GLOBAL_POSITION_INT,33,40,Takeoff
2.481191873550415,GPS_RAW_INT,24,56,Takeoff
2.4812209606170654,GLOBAL_POSITION_INT,33,40,Takeoff
2.4812428951263428,SERVO_OUTPUT_RAW,36,15,Takeoff
2.481611967086792,COMMAND_LONG,76,44,Takeoff
2.481719970703125,COMMAND_LONG,76,44,Takeoff
2.481909990310669,PARAM_VALUE,22,37,Takeoff
2.4849650859832764,ATTITUDE,30,40,Takeoff
2.4850049018859863,ATTITUDE,30,40,Takeoff
2.4850270748138428,ATTITUDE_QUATERNION,31,44,Takeoff
2.4888899326324463,PARAM_VALUE,22,37,Takeoff
2.4889919757843018,COMMAND_ACK,77,22,Takeoff
2.49287486076355,HIGHRES_IMU,105,74,Takeoff
2.4929468631744385,ATTITUDE,30,40,Takeoff
2.4929630756378174,ATTITUDE_QUATERNION,31,44,Takeoff
2.49296498298645,ATTITUDE_TARGET,83,48,Takeoff
2.4930450916290283,LOCAL_POSITION_NED,32,40,Takeoff
2.4930598735809326,POSITION_TARGET_LOCAL_NED,85,63,Takeoff
2.493077039718628,UNKNOWN_410,-2,26,Takeoff
2.497318983078003,STATUSTEXT,253,64,Takeoff
2.497488021850586,COMMAND_ACK,77,22,Takeoff
2.497530937194824,STATUSTEXT,253,64,Takeoff
2.4977519512176514,UNKNOWN_410,-2,26,Takeoff
2.501093864440918,GLOBAL_POSITION_INT,33,40,Takeoff
2.501106023788452,GLOBAL_POSITION_INT,33,40,Takeoff
2.5011708736419678,SERVO_OUTPUT_RAW,36,23,Takeoff
2.504915952682495,ATTITUDE,30,40,Takeoff
2.505260944366455,ATTITUDE,30,40,Takeoff
2.505366086959839,ATTITUDE_QUATERNION,31,44,Takeoff
2.5089058876037598,LOCAL_POSITION_NED,32,40,Takeoff
2.50893497467041,ODOMETRY,331,244,Takeoff
2.50915789604187,COMMAND_LONG,76,44,Takeoff
2.509355068206787,MISSION_CURRENT,42,22,Takeoff
2.5133719444274902,COMMAND_ACK,77,22,Takeoff
2.513460874557495,HIGHRES_IMU,105,73,Takeoff
2.5134708881378174,ATTITUDE_TARGET,83,48,Takeoff
2.513474941253662,ATTITUDE,30,40,Takeoff
2.513486862182617,ATTITUDE_QUATERNION,31,44,Takeoff
2.5134990215301514,LOCAL_POSITION_NED,32,40,Takeoff
2.513511896133423,POSITION_TARGET_LOCAL_NED,85,63,Takeoff
2.5169060230255127,GPS_RAW_INT,24,56,Takeoff
2.519718885421753,HEARTBEAT,0,21,Takeoff
2.5207910537719727,COMMAND_ACK,77,22,Takeoff
2.5208239555358887,GLOBAL_POSITION_INT,33,40,Takeoff
2.520880937576294,HEARTBEAT,0,21,Takeoff
2.520888090133667,GLOBAL_POSITION_INT,33,40,Takeoff
2.5209109783172607,SERVO_OUTPUT_RAW,36,23,Takeoff
2.5251848697662354,ATTITUDE,30,40,Takeoff
2.5252978801727295,ATTITUDE_QUATERNION,31,44,Takeoff
2.52553391456604,ATTITUDE,30,40,Takeoff
2.5328900814056396,HIGHRES_IMU,105,73,Takeoff
2.532918930053711,ATTITUDE,30,40,Takeoff
2.5329349040985107,ATTITUDE_QUATERNION,31,44,Takeoff
2.53310489654541,ATTITUDE_TARGET,83,48,Takeoff
2.5332870483398438,LOCAL_POSITION_NED,32,40,Takeoff
2.5333030223846436,POSITION_TARGET_LOCAL_NED,85,63,Takeoff
2.540924072265625,LOCAL_POSITION_NED,32,40,Takeoff
2.540956974029541,ODOMETRY,331,244,Takeoff
2.5409679412841797,GLOBAL_POSITION_INT,33,40,Takeoff
2.540971040725708,GLOBAL_POSITION_INT,33,40,Takeoff
2.540992021560669,SERVO_OUTPUT_RAW,36,23,Takeoff
2.5448219776153564,ATTITUDE,30,40,Takeoff
2.5449578762054443,ATTITUDE,30,40,Takeoff
2.545016050338745,ATTITUDE_QUATERNION,31,44,Takeoff
2.5487918853759766,GPS_RAW_INT,24,56,Takeoff
2.5528159141540527,HIGHRES_IMU,105,74,Takeoff
2.5529000759124756,ATTITUDE,30,40,Takeoff
2.552922010421753,ATTITUDE_QUATERNION,31,44,Takeoff
2.553804874420166,ATTITUDE_TARGET,83,48,Takeoff
2.5538339614868164,LOCAL_POSITION_NED,32,40,Takeoff
2.553879976272583,POSITION_TARGET_LOCAL_NED,85,63,Takeoff
2.561004877090454,STATUSTEXT,253,64,Takeoff
2.5611090660095215,STATUSTEXT,253,64,Takeoff
2.5611660480499268,GLOBAL_POSITION_INT,33,40,Takeoff
2.561167001724243,GLOBAL_POSITION_INT,33,40,Takeoff
2.5611870288848877,POSITION_TARGET_GLOBAL_INT,87,63,Takeoff
2.561187982559204,POSITION_TARGET_GLOBAL_INT,87,63,Takeoff
2.561202049255371,SERVO_OUTPUT_RAW,36,23,Takeoff
2.5612258911132812,UNKNOWN_410,-2,25,Takeoff
2.5612399578094482,UNKNOWN_410,-2,29,Takeoff
2.5647759437561035,ATTITUDE,30,40,Takeoff
2.5647990703582764,UNKNOWN_410,-2,25,Takeoff
2.5648040771484375,UNKNOWN_410,-2,29,Takeoff
2.564879894256592,ATTITUDE,30,40,Takeoff
2.564941883087158,ATTITUDE_QUATERNION,31,44,Takeoff
2.572934865951538,TIMESYNC,111,25,Takeoff
2.572951078414917,ATTITUDE_TARGET,83,48,Takeoff
2.5729799270629883,GPS_RAW_INT,24,56,Takeoff
2.572990894317627,LOCAL_POSITION_NED,32,40,Takeoff
2.573000907897949,HIGHRES_IMU,105,74,Takeoff
2.573000907897949,POSITION_TARGET_LOCAL_NED,85,63,Takeoff
2.5730109214782715,LOCAL_POSITION_NED,32,40,Takeoff
2.5730209350585938,ATTITUDE,30,40,Takeoff
2.573029041290283,ALTITUDE,141,44,Takeoff
2.5730409622192383,ODOMETRY,331,244,Takeoff
2.5730490684509277,ATTITUDE_QUATERNION,31,44,Takeoff
2.573056936264038,ATTITUDE_TARGET,83,48,Takeoff
2.573071002960205,POSITION_TARGET_LOCAL_NED,85,63,Takeoff
2.5730810165405273,SERVO_OUTPUT_RAW,36,23,Takeoff
2.5730910301208496,VFR_HUD,74,29,Takeoff
2.580842971801758,GLOBAL_POSITION_INT,33,40,Takeoff
2.5809519290924072,GLOBAL_POSITION_INT,33,40,Takeoff
2.5809810161590576,GPS_RAW_INT,24,56,Takeoff
2.5810189247131348,SERVO_OUTPUT_RAW,36,23,Takeoff
2.5847959518432617,ATTITUDE,30,40,Takeoff
2.5851099491119385,ATTITUDE,30,40,Takeoff
2.5851759910583496,ATTITUDE_QUATERNION,31,44,Takeoff
2.592808961868286,HIGHRES_IMU,105,73,Takeoff
2.59289288520813,ATTITUDE,30,40,Takeoff
2.5929088592529297,ATTITUDE_QUATERNION,31,44,Takeoff
2.5929129123687744,ATTITUDE_TARGET,83,48,Takeoff
2.592941999435425,LOCAL_POSITION_NED,32,40,Takeoff
2.5929548740386963,POSITION_TARGET_LOCAL_NED,85,63,Takeoff
2.5968220233917236,STATUSTEXT,253,64,Takeoff
2.596956968307495,STATUSTEXT,253,64,Takeoff
2.6009469032287598,GLOBAL_POSITION_INT,33,40,Takeoff
2.600964069366455,GLOBAL_POSITION_INT,33,40,Takeoff
2.6009888648986816,SERVO_OUTPUT_RAW,36,23,Takeoff
2.604843854904175,ATTITUDE,30,40,Takeoff
2.6049110889434814,ATTITUDE,30,40,Takeoff
2.604930877685547,ATTITUDE_QUATERNION,31,44,Takeoff
2.608875036239624,LOCAL_POSITION_NED,32,40,Takeoff
2.6089558601379395,ODOMETRY,331,244,Takeoff
2.6127560138702393,HIGHRES_IMU,105,74,Takeoff
2.6128149032592773,ATTITUDE,30,40,Takeoff
2.6128790378570557,ATTITUDE_QUATERNION,31,44,Takeoff
2.612905979156494,GPS_RAW_INT,24,56,Takeoff
2.6129119396209717,ATTITUDE_TARGET,83,48,Takeoff
2.613128900527954,LOCAL_POSITION_NED,32,40,Takeoff
2.6131820678710938,POSITION_TARGET_LOCAL_NED,85,63,Takeoff
2.620918035507202,GLOBAL_POSITION_INT,33,40,Takeoff
2.621016025543213,GLOBAL_POSITION_INT,33,40,Takeoff
2.6210429668426514,SERVO_OUTPUT_RAW,36,23,Takeoff
2.625014066696167,ATTITUDE,30,40,Takeoff
2.625014066696167,ATTITUDE,30,40,Takeoff
2.6250810623168945,ATTITUDE_QUATERNION,31,44,Takeoff
2.6330878734588623,HIGHRES_IMU,105,73,Takeoff
2.6331310272216797,ATTITUDE,30,40,Takeoff
2.633146047592163,ATTITUDE_QUATERNION,31,44,Takeoff
2.6331899166107178,ATTITUDE_TARGET,83,48,Takeoff
2.6332380771636963,LOCAL_POSITION_NED,32,40,Takeoff
2.633262872695923,POSITION_TARGET_LOCAL_NED,85,63,Takeoff
2.6410129070281982,LOCAL_POSITION_NED,32,40,Takeoff
2.641047954559326,ODOMETRY,331,244,Takeoff
2.6410579681396484,GLOBAL_POSITION_INT,33,40,Takeoff
2.6410889625549316,GLOBAL_POSITION_INT,33,40,Takeoff
2.641152858734131,SERVO_OUTPUT_RAW,36,23,Takeoff
2.644818067550659,ATTITUDE,30,40,Takeoff
2.644918918609619,ATTITUDE,30,40,Takeoff
2.644979953765869,ATTITUDE_QUATERNION,31,44,Takeoff
2.649240016937256,GPS_RAW_INT,24,56,Takeoff
2.6529738903045654,ATTITUDE_TARGET,83,48,Takeoff
2.6530139446258545,HIGHRES_IMU,105,73,Takeoff
2.6530439853668213,LOCAL_POSITION_NED,32,40,Takeoff
2.6530580520629883,POSITION_TARGET_LOCAL_NED,85,63,Takeoff
2.653079032897949,ATTITUDE,30,40,Takeoff
2.6530940532684326,ATTITUDE_QUATERNION,31,44,Takeoff
2.6607930660247803,GLOBAL_POSITION_INT,33,40,Takeoff
2.660867929458618,GLOBAL_POSITION_INT,33,40,Takeoff
2.6608870029449463,POSITION_TARGET_GLOBAL_INT,87,63,Takeoff
2.660939931869507,SERVO_OUTPUT_RAW,36,23,Takeoff
2.6649179458618164,ATTITUDE,30,40,Takeoff
2.664987087249756,ATTITUDE,30,40,Takeoff
2.665052890777588,ATTITUDE_QUATERNION,31,44,Takeoff
2.6729390621185303,TIMESYNC,111,25,Takeoff
2.6729679107666016,HIGHRES_IMU,105,74,Takeoff
2.6729719638824463,ATTITUDE_TARGET,83,48,Takeoff
2.6729788780212402,LOCAL_POSITION_NED,32,40,Takeoff
2.6729888916015625,ATTITUDE,30,40,Takeoff
2.6729960441589355,ALTITUDE,141,44,Takeoff
2.6730048656463623,ODOMETRY,331,244,Takeoff
2.673011064529419,ATTITUDE_QUATERNION,31,44,Takeoff
2.6730148792266846,ATTITUDE_TARGET,83,48,Takeoff
2.6730239391326904,POSITION_TARGET_LOCAL_NED,85,63,Takeoff
2.673029899597168,SERVO_OUTPUT_RAW,36,23,Takeoff
2.673037052154541,SYS_STATUS,1,52,Takeoff
2.673038959503174,LOCAL_POSITION_NED,32,40,Takeoff
2.6730430126190186,VFR_HUD,74,29,Takeoff
2.673048973083496,POSITION_TARGET_LOCAL_NED,85,63,Takeoff
2.67305588722229,VFR_HUD,74,29,Takeoff
2.680830955505371,GLOBAL_POSITION_INT,33,40,Takeoff
2.6809329986572266,GPS_RAW_INT,24,56,Takeoff
2.680950880050659,GLOBAL_POSITION_INT,33,40,Takeoff
2.6810240745544434,SERVO_OUTPUT_RAW,36,23,Takeoff
2.6847569942474365,ATTITUDE,30,40,Takeoff
2.684920072555542,ATTITUDE,30,40,Takeoff
2.6849870681762695,ATTITUDE_QUATERNION,31,44,Takeoff
2.693228006362915,HIGHRES_IMU,105,74,Takeoff
2.693258047103882,ATTITUDE,30,40,Takeoff
2.693274974822998,ATTITUDE_QUATERNION,31,44,Takeoff
2.6933798789978027,ATTITUDE_TARGET,83,48,Takeoff
2.693459987640381,LOCAL_POSITION_NED,32,40,Takeoff
2.693474054336548,POSITION_TARGET_LOCAL_NED,85,63,Takeoff
2.700934886932373,GLOBAL_POSITION_INT,33,40,Takeoff
2.701000928878784,GLOBAL_POSITION_INT,33,40,Takeoff
2.701066017150879,SERVO_OUTPUT_RAW,36,23,Takeoff
2.7049989700317383,ATTITUDE,30,40,Takeoff
2.7050890922546387,ATTITUDE,30,40,Takeoff
2.705108880996704,ATTITUDE_QUATERNION,31,44,Takeoff
2.708953857421875,LOCAL_POSITION_NED,32,40,Takeoff
2.708983898162842,ODOMETRY,331,244,Takeoff
2.7127819061279297,HIGHRES_IMU,105,74,Takeoff
2.7128689289093018,ATTITUDE,30,40,Takeoff
2.7129549980163574,ATTITUDE_TARGET,83,48,Takeoff
2.7129690647125244,ATTITUDE_QUATERNION,31,44,Takeoff
2.7129809856414795,LOCAL_POSITION_NED,32,40,Takeoff
2.7129929065704346,POSITION_TARGET_LOCAL_NED,85,63,Takeoff
2.7130229473114014,GPS_RAW_INT,24,56,Takeoff
2.7208850383758545,GLOBAL_POSITION_INT,33,40,Takeoff
2.7209949493408203,GLOBAL_POSITION_INT,33,40,Takeoff
2.7210628986358643,SERVO_OUTPUT_RAW,36,23,Takeoff
2.725036859512329,ATTITUDE,30,40,Takeoff
2.725208044052124,ATTITUDE,30,40,Takeoff
2.7253000736236572,ATTITUDE_QUATERNION,31,44,Takeoff
2.732769012451172,HIGHRES_IMU,105,74,Takeoff
2.7328078746795654,ATTITUDE,30,40,Takeoff
2.732822895050049,ATTITUDE_QUATERNION,31,44,Takeoff
2.7328779697418213,ATTITUDE_TARGET,83,48,Takeoff
2.7329509258270264,LOCAL_POSITION_NED,32,40,Takeoff
2.732964038848877,POSITION_TARGET_LOCAL_NED,85,63,Takeoff
2.741407871246338,LOCAL_POSITION_NED,32,40,Takeoff
2.7414770126342773,ODOMETRY,331,244,Takeoff
2.7414920330047607,GLOBAL_POSITION_INT,33,40,Takeoff
2.7415130138397217,GLOBAL_POSITION_INT,33,40,Takeoff
2.7415390014648438,SERVO_OUTPUT_RAW,36,23,Takeoff
2.744831085205078,ATTITUDE,30,40,Takeoff
2.7448909282684326,GPS_RAW_INT,24,56,Takeoff
2.7449560165405273,ATTITUDE,30,40,Takeoff
2.744987964630127,ATTITUDE_QUATERNION,31,44,Takeoff
2.7529239654541016,HIGHRES_IMU,105,73,Takeoff
2.7529568672180176,ATTITUDE_TARGET,83,48,Takeoff
2.752992868423462,ATTITUDE,30,40,Takeoff
2.7530109882354736,ATTITUDE_QUATERNION,31,44,Takeoff
2.75302791595459,LOCAL_POSITION_NED,32,40,Takeoff
2.753040075302124,POSITION_TARGET_LOCAL_NED,85,63,Takeoff
2.7608070373535156,GLOBAL_POSITION_INT,33,40,Takeoff
2.760899066925049,POSITION_TARGET_GLOBAL_INT,87,63,Takeoff
2.7609338760375977,GLOBAL_POSITION_INT,33,40,Takeoff
2.7609589099884033,SERVO_OUTPUT_RAW,36,23,Takeoff
2.7648069858551025,ATTITUDE,30,40,Takeoff
2.764932870864868,ATTITUDE,30,40,Takeoff
2.764997959136963,ATTITUDE_QUATERNION,31,44,Takeoff
2.772799015045166,TIMESYNC,111,25,Takeoff
2.7729010581970215,HIGHRES_IMU,105,73,Takeoff
2.7729198932647705,ATTITUDE_TARGET,83,48,Takeoff
2.7729220390319824,LOCAL_POSITION_NED,32,40,Takeoff
2.7729339599609375,ATTITUDE,30,40,Takeoff
2.7729430198669434,ALTITUDE,141,44,Takeoff
2.772955894470215,ODOMETRY,331,244,Takeoff
2.772965908050537,ATTITUDE_QUATERNION,31,44,Takeoff
2.772974967956543,ATTITUDE_TARGET,83,48,Takeoff
2.7729899883270264,POSITION_TARGET_LOCAL_NED,85,63,Takeoff
2.772991895675659,GPS_RAW_INT,24,56,Takeoff
2.7729990482330322,SERVO_OUTPUT_RAW,36,23,Takeoff
2.773002862930298,LOCAL_POSITION_NED,32,40,Takeoff
2.773005962371826,VFR_HUD,74,29,Takeoff
2.77301287651062,POSITION_TARGET_LOCAL_NED,85,63,Takeoff
2.780971050262451,GLOBAL_POSITION_INT,33,40,Takeoff
2.7810370922088623,GPS_RAW_INT,24,56,Takeoff
2.78105092048645,GLOBAL_POSITION_INT,33,40,Takeoff
2.781075954437256,SERVO_OUTPUT_RAW,36,23,Takeoff
2.7849628925323486,ATTITUDE,30,40,Takeoff
2.7849838733673096,ATTITUDE,30,40,Takeoff
2.7850120067596436,ATTITUDE_QUATERNION,31,44,Takeoff
2.79276704788208,HIGHRES_IMU,105,74,Takeoff
2.7928988933563232,ATTITUDE,30,40,Takeoff
2.7929129600524902,ATTITUDE_TARGET,83,48,Takeoff
2.7929389476776123,ATTITUDE_QUATERNION,31,44,Takeoff
2.7929420471191406,LOCAL_POSITION_NED,32,40,Takeoff
2.7929539680480957,POSITION_TARGET_LOCAL_NED,85,63,Takeoff
2.801053047180176,GLOBAL_POSITION_INT,33,40,Takeoff
2.801064968109131,GLOBAL_POSITION_INT,33,40,Takeoff
2.8011770248413086,SERVO_OUTPUT_RAW,36,23,Takeoff
2.8047878742218018,ATTITUDE,30,40,Takeoff
2.8049159049987793,ATTITUDE,30,40,Takeoff
2.8049819469451904,ATTITUDE_QUATERNION,31,44,Takeoff
2.808803081512451,LOCAL_POSITION_NED,32,40,Takeoff
2.8088889122009277,ODOMETRY,331,244,Takeoff
2.812886953353882,HIGHRES_IMU,105,73,Takeoff
2.81290602684021,ATTITUDE_TARGET,83,48,Takeoff
2.8129169940948486,ATTITUDE,30,40,Takeoff
2.8129329681396484,ATTITUDE_QUATERNION,31,44,Takeoff
2.812933921813965,LOCAL_POSITION_NED,32,40,Takeoff
2.812946081161499,POSITION_TARGET_LOCAL_NED,85,63,Takeoff
2.8129470348358154,GPS_RAW_INT,24,56,Takeoff
2.8207709789276123,GLOBAL_POSITION_INT,33,40,Takeoff
2.820945978164673,GLOBAL_POSITION_INT,33,40,Takeoff
2.821013927459717,SERVO_OUTPUT_RAW,36,23,Takeoff
2.824774980545044,ATTITUDE,30,40,Takeoff
2.824894905090332,ATTITUDE,30,40,Takeoff
2.8249590396881104,ATTITUDE_QUATERNION,31,44,Takeoff
2.8329498767852783,HIGHRES_IMU,105,74,Takeoff
2.8330130577087402,ATTITUDE,30,40,Takeoff
2.8330280780792236,ATTITUDE_TARGET,83,48,Takeoff
2.83302903175354,ATTITUDE_QUATERNION,31,44,Takeoff
2.833096981048584,LOCAL_POSITION_NED,32,40,Takeoff
2.8331098556518555,POSITION_TARGET_LOCAL_NED,85,63,Takeoff
2.84077787399292,LOCAL_POSITION_NED,32,40,Takeoff
2.8408749103546143,ODOMETRY,331,244,Takeoff
2.8408939838409424,GLOBAL_POSITION_INT,33,40,Takeoff
2.840909004211426,GLOBAL_POSITION_INT,33,40,Takeoff
2.8409719467163086,SERVO_OUTPUT_RAW,36,23,Takeoff
2.8449809551239014,ATTITUDE,30,40,Takeoff
2.845054864883423,GPS_RAW_INT,24,56,Takeoff
2.84506893157959,ATTITUDE,30,40,Takeoff
2.845133066177368,ATTITUDE_QUATERNION,31,44,Takeoff
2.8529040813446045,HIGHRES_IMU,105,74,Takeoff
2.852971076965332,ATTITUDE,30,40,Takeoff
2.8529770374298096,ATTITUDE_TARGET,83,48,Takeoff
2.8529880046844482,ATTITUDE_QUATERNION,31,44,Takeoff
2.853092908859253,LOCAL_POSITION_NED,32,40,Takeoff
2.85310697555542,POSITION_TARGET_LOCAL_NED,85,63,Takeoff
2.8612759113311768,GLOBAL_POSITION_INT,33,40,Takeoff
2.8613078594207764,POSITION_TARGET_GLOBAL_INT,87,63,Takeoff
2.8614299297332764,GLOBAL_POSITION_INT,33,40,Takeoff
2.861501932144165,SERVO_OUTPUT_RAW,36,23,Takeoff
2.8648269176483154,ATTITUDE,30,40,Takeoff
2.8649039268493652,ATTITUDE,30,40,Takeoff
2.8649630546569824,ATTITUDE_QUATERNION,31,44,Takeoff
2.872749090194702,TIMESYNC,111,25,Takeoff
2.8728129863739014,HIGHRES_IMU,105,73,Takeoff
2.8728370666503906,LOCAL_POSITION_NED,32,40,Takeoff
2.8728649616241455,ATTITUDE,30,40,Takeoff
2.8728740215301514,ATTITUDE_TARGET,83,48,Takeoff
2.872879981994629,ALTITUDE,141,44,Takeoff
2.8728950023651123,ODOMETRY,331,244,Takeoff
2.8729050159454346,ATTITUDE_QUATERNION,31,44,Takeoff
2.872912883758545,ATTITUDE_TARGET,83,48,Takeoff
2.872926950454712,POSITION_TARGET_LOCAL_NED,85,63,Takeoff
2.872936964035034,SERVO_OUTPUT_RAW,36,23,Takeoff
2.8729429244995117,LOCAL_POSITION_NED,32,40,Takeoff
2.872947931289673,SYS_STATUS,1,52,Takeoff
2.8729569911956787,POSITION_TARGET_LOCAL_NED,85,63,Takeoff
2.872957944869995,VFR_HUD,74,29,Takeoff
2.8770840167999268,GPS_RAW_INT,24,56,Takeoff
2.8811850547790527,GLOBAL_POSITION_INT,33,40,Takeoff
2.8813459873199463,GLOBAL_POSITION_INT,33,40,Takeoff
2.881417989730835,SERVO_OUTPUT_RAW,36,23,Takeoff
2.8847880363464355,ATTITUDE,30,40,Takeoff
2.8850159645080566,ATTITUDE,30,40,Takeoff
2.885072946548462,ATTITUDE_QUATERNION,31,44,Takeoff
2.893251895904541,HIGHRES_IMU,105,73,Takeoff
2.893282890319824,ATTITUDE,30,40,Takeoff
2.893296957015991,ATTITUDE_QUATERNION,31,44,Takeoff
2.8933000564575195,ATTITUDE_TARGET,83,48,Takeoff
2.8933680057525635,LOCAL_POSITION_NED,32,40,Takeoff
2.8933799266815186,POSITION_TARGET_LOCAL_NED,85,63,Takeoff
2.901002883911133,GLOBAL_POSITION_INT,33,40,Takeoff
2.901108980178833,GLOBAL_POSITION_INT,33,40,Takeoff
2.9011380672454834,SERVO_OUTPUT_RAW,36,23,Takeoff
2.9048960208892822,ATTITUDE,30,40,Takeoff
2.904942035675049,ATTITUDE,30,40,Takeoff
2.905005931854248,ATTITUDE_QUATERNION,31,44,Takeoff
2.909118890762329,LOCAL_POSITION_NED,32,40,Takeoff
2.9091999530792236,ODOMETRY,331,244,Takeoff
2.9129080772399902,HIGHRES_IMU,105,74,Takeoff
2.912932872772217,ATTITUDE,30,40,Takeoff
2.9129478931427,ATTITUDE_QUATERNION,31,44,Takeoff
2.9129600524902344,GPS_RAW_INT,24,56,Takeoff
2.9129788875579834,ATTITUDE_TARGET,83,48,Takeoff
2.9129998683929443,LOCAL_POSITION_NED,32,40,Takeoff
2.913066864013672,POSITION_TARGET_LOCAL_NED,85,63,Takeoff
2.9208920001983643,GLOBAL_POSITION_INT,33,40,Takeoff
2.9210050106048584,GLOBAL_POSITION_INT,33,40,Takeoff
2.9210329055786133,SERVO_OUTPUT_RAW,36,23,Takeoff
2.924970865249634,ATTITUDE,30,40,Takeoff
2.9249720573425293,ATTITUDE,30,40,Takeoff
2.9250400066375732,ATTITUDE_QUATERNION,31,44,Takeoff
2.92507004737854,VFR_HUD,74,29,Takeoff
2.9328298568725586,HIGHRES_IMU,105,73,Takeoff
2.932910919189453,ATTITUDE,30,40,Takeoff
2.932929039001465,ATTITUDE_QUATERNION,31,44,Takeoff
2.932968854904175,ATTITUDE_TARGET,83,48,Takeoff
2.9330458641052246,LOCAL_POSITION_NED,32,40,Takeoff
2.9330549240112305,POSITION_TARGET_LOCAL_NED,85,63,Takeoff
2.940896987915039,LOCAL_POSITION_NED,32,40,Takeoff
2.9409289360046387,ODOMETRY,331,244,Takeoff
2.9409408569335938,GLOBAL_POSITION_INT,33,40,Takeoff
2.9409430027008057,GLOBAL_POSITION_INT,33,40,Takeoff
2.9410059452056885,SERVO_OUTPUT_RAW,36,23,Takeoff
2.9448180198669434,ATTITUDE,30,40,Takeoff
2.944930076599121,GPS_RAW_INT,24,56,Takeoff
2.9449448585510254,ATTITUDE,30,40,Takeoff
2.945003032684326,ATTITUDE_QUATERNION,31,44,Takeoff
2.953047037124634,HIGHRES_IMU,105,73,Takeoff
2.95304799079895,ATTITUDE_TARGET,83,48,Takeoff
2.9530839920043945,ATTITUDE,30,40,Takeoff
2.9531049728393555,ATTITUDE_QUATERNION,31,44,Takeoff
2.953110933303833,LOCAL_POSITION_NED,32,40,Takeoff
2.9531309604644775,POSITION_TARGET_LOCAL_NED,85,63,Takeoff
2.9608070850372314,GLOBAL_POSITION_INT,33,40,Takeoff
2.9608469009399414,POSITION_TARGET_GLOBAL_INT,87,63,Takeoff
2.9609079360961914,GLOBAL_POSITION_INT,33,40,Takeoff
2.960974931716919,SERVO_OUTPUT_RAW,36,23,Takeoff
2.9649009704589844,ATTITUDE,30,40,Takeoff
2.965005874633789,ATTITUDE,30,40,Takeoff
2.965075969696045,ATTITUDE_QUATERNION,31,44,Takeoff
2.9729390144348145,TIMESYNC,111,25,Takeoff
2.972959041595459,ATTITUDE_TARGET,83,48,Takeoff
2.9729878902435303,GPS_RAW_INT,24,56,Takeoff
2.972996950149536,LOCAL_POSITION_NED,32,40,Takeoff
2.9730069637298584,POSITION_TARGET_LOCAL_NED,85,63,Takeoff
2.973007917404175,HIGHRES_IMU,105,74,Takeoff
2.973020076751709,LOCAL_POSITION_NED,32,40,Takeoff
2.9730288982391357,ATTITUDE,30,40,Takeoff
2.9730348587036133,ALTITUDE,141,44,Takeoff
2.9730429649353027,ODOMETRY,331,244,Takeoff
2.9730489253997803,ATTITUDE_QUATERNION,31,44,Takeoff
2.9730539321899414,ATTITUDE_TARGET,83,48,Takeoff
2.9730639457702637,POSITION_TARGET_LOCAL_NED,85,63,Takeoff
2.973073959350586,SERVO_OUTPUT_RAW,36,23,Takeoff
2.973083972930908,VFR_HUD,74,29,Takeoff
2.9768149852752686,GPS_RAW_INT,24,56,Takeoff
2.980926036834717,GLOBAL_POSITION_INT,33,40,Takeoff
2.9809908866882324,GLOBAL_POSITION_INT,33,40,Takeoff
2.98101806640625,SERVO_OUTPUT_RAW,36,23,Takeoff
2.985213041305542,ATTITUDE,30,40,Takeoff
2.9853179454803467,ATTITUDE,30,40,Takeoff
2.985339879989624,ATTITUDE_QUATERNION,31,44,Takeoff
2.9928388595581055,HIGHRES_IMU,105,74,Takeoff
2.992884874343872,ATTITUDE,30,40,Takeoff
2.9929020404815674,ATTITUDE_QUATERNION,31,44,Takeoff
2.9929850101470947,ATTITUDE_TARGET,83,48,Takeoff
2.9930169582366943,LOCAL_POSITION_NED,32,40,Takeoff
2.9930310249328613,POSITION_TARGET_LOCAL_NED,85,63,Takeoff
3.0008299350738525,GLOBAL_POSITION_INT,33,40,Takeoff
3.00095796585083,GLOBAL_POSITION_INT,33,40,Takeoff
3.0010318756103516,SERVO_OUTPUT_RAW,36,23,Takeoff
3.0048038959503174,ATTITUDE,30,40,Takeoff
3.0049519538879395,ATTITUDE,30,40,Takeoff
3.0050089359283447,ATTITUDE_QUATERNION,31,44,Takeoff
3.008807897567749,LOCAL_POSITION_NED,32,40,Takeoff
3.008876085281372,ODOMETRY,331,244,Takeoff
3.008894920349121,GPS_RAW_INT,24,56,Takeoff
3.0129809379577637,HIGHRES_IMU,105,73,Takeoff
3.013005018234253,ATTITUDE_TARGET,83,48,Takeoff
3.013047933578491,ATTITUDE,30,40,Takeoff
3.013066053390503,ATTITUDE_QUATERNION,31,44,Takeoff
3.013105869293213,LOCAL_POSITION_NED,32,40,Takeoff
3.0131208896636963,POSITION_TARGET_LOCAL_NED,85,63,Takeoff
3.020892858505249,GLOBAL_POSITION_INT,33,40,Takeoff
3.020982027053833,GLOBAL_POSITION_INT,33,40,Takeoff
3.0210518836975098,SERVO_OUTPUT_RAW,36,23,Takeoff
3.0247790813446045,ATTITUDE,30,40,Takeoff
3.024930953979492,ATTITUDE,30,40,Takeoff
3.024993896484375,ATTITUDE_QUATERNION,31,44,Takeoff
3.032935857772827,HIGHRES_IMU,105,74,Takeoff
3.0329430103302,ATTITUDE_TARGET,83,48,Takeoff
3.032975912094116,LOCAL_POSITION_NED,32,40,Takeoff
3.0329909324645996,POSITION_TARGET_LOCAL_NED,85,63,Takeoff
3.0330100059509277,ATTITUDE,30,40,Takeoff
3.0331389904022217,ATTITUDE_QUATERNION,31,44,Takeoff
3.0409529209136963,LOCAL_POSITION_NED,32,40,Takeoff
3.0410280227661133,ODOMETRY,331,244,Takeoff
3.041048049926758,GLOBAL_POSITION_INT,33,40,Takeoff
3.0410749912261963,GLOBAL_POSITION_INT,33,40,Takeoff
3.0411410331726074,SERVO_OUTPUT_RAW,36,23,Takeoff
3.0452020168304443,ATTITUDE,30,40,Takeoff
3.0452849864959717,ATTITUDE,30,40,Takeoff
3.045301914215088,GPS_RAW_INT,24,56,Takeoff
3.045315980911255,ATTITUDE_QUATERNION,31,44,Takeoff
3.0527939796447754,HIGHRES_IMU,105,73,Takeoff
3.052906036376953,ATTITUDE,30,40,Takeoff
3.052922010421753,ATTITUDE_QUATERNION,31,44,Takeoff
3.0529470443725586,ATTITUDE_TARGET,83,48,Takeoff
3.052978038787842,LOCAL_POSITION_NED,32,40,Takeoff
3.052989959716797,POSITION_TARGET_LOCAL_NED,85,63,Takeoff
3.0612399578094482,GLOBAL_POSITION_INT,33,40,Takeoff
3.0613229274749756,GLOBAL_POSITION_INT,33,40,Takeoff
3.061347007751465,POSITION_TARGET_GLOBAL_INT,87,63,Takeoff
3.061398983001709,SERVO_OUTPUT_RAW,36,23,Takeoff
3.0650410652160645,ATTITUDE,30,40,Takeoff
3.065068006515503,ATTITUDE,30,40,Takeoff
3.065134048461914,ATTITUDE_QUATERNION,31,44,Takeoff
3.0727810859680176,TIMESYNC,111,25,Takeoff
3.0728440284729004,HIGHRES_IMU,105,73,Takeoff
3.0728728771209717,LOCAL_POSITION_NED,32,40,Takeoff
3.072887897491455,ATTITUDE,30,40,Takeoff
3.072896957397461,ALTITUDE,141,44,Takeoff
3.0729100704193115,ODOMETRY,331,244,Takeoff
3.072920083999634,ATTITUDE_QUATERNION,31,44,Takeoff
3.072927951812744,ATTITUDE_TARGET,83,48,Takeoff
3.0729379653930664,ATTITUDE_TARGET,83,48,Takeoff
3.0729410648345947,POSITION_TARGET_LOCAL_NED,85,63,Takeoff
3.072951078414917,SERVO_OUTPUT_RAW,36,23,Takeoff
3.0729610919952393,SYS_STATUS,1,52,Takeoff
3.0729708671569824,VFR_HUD,74,29,Takeoff
3.07307505607605,LOCAL_POSITION_NED,32,40,Takeoff
3.0730879306793213,POSITION_TARGET_LOCAL_NED,85,63,Takeoff
3.076780080795288,GPS_RAW_INT,24,56,Takeoff
3.081031084060669,GLOBAL_POSITION_INT,33,40,Takeoff
3.081057071685791,GLOBAL_POSITION_INT,33,40,Takeoff
3.0810840129852295,SERVO_OUTPUT_RAW,36,23,Takeoff
3.084920883178711,ATTITUDE,30,40,Takeoff
3.084951877593994,ATTITUDE,30,40,Takeoff
3.0850188732147217,ATTITUDE_QUATERNION,31,44,Takeoff
3.0928070545196533,HIGHRES_IMU,105,74,Takeoff
3.0928940773010254,ATTITUDE,30,40,Takeoff
3.0929150581359863,ATTITUDE_QUATERNION,31,44,Takeoff
3.092928886413574,ATTITUDE_TARGET,83,48,Takeoff
3.093010902404785,LOCAL_POSITION_NED,32,40,Takeoff
3.093024969100952,POSITION_TARGET_LOCAL_NED,85,63,Takeoff
3.1009559631347656,GLOBAL_POSITION_INT,33,40,Takeoff
3.100969076156616,GLOBAL_POSITION_INT,33,40,Takeoff
3.101041078567505,SERVO_OUTPUT_RAW,36,23,Takeoff
3.1049630641937256,ATTITUDE,30,40,Takeoff
3.1049630641937256,ATTITUDE,30,40,Takeoff
3.105031967163086,ATTITUDE_QUATERNION,31,44,Takeoff
3.108788013458252,LOCAL_POSITION_NED,32,40,Takeoff
3.1088109016418457,ODOMETRY,331,244,Takeoff
3.1088380813598633,GPS_RAW_INT,24,56,Takeoff
3.113084077835083,HIGHRES_IMU,105,74,Takeoff
3.1131479740142822,ATTITUDE,30,40,Takeoff
3.113165855407715,ATTITUDE_TARGET,83,48,Takeoff
3.113165855407715,ATTITUDE_QUATERNION,31,44,Takeoff
3.1131949424743652,LOCAL_POSITION_NED,32,40,Takeoff
3.113205909729004,POSITION_TARGET_LOCAL_NED,85,63,Takeoff
3.1210880279541016,GLOBAL_POSITION_INT,33,40,Takeoff
3.1211628913879395,GLOBAL_POSITION_INT,33,40,Takeoff
3.1212010383605957,SERVO_OUTPUT_RAW,36,23,Takeoff
3.1247010231018066,ATTITUDE,30,40,Takeoff
3.1247990131378174,ATTITUDE,30,40,Takeoff
3.124885082244873,ATTITUDE_QUATERNION,31,44,Takeoff
3.132797956466675,HIGHRES_IMU,105,74,Takeoff
3.1328868865966797,ATTITUDE,30,40,Takeoff
3.132906913757324,ATTITUDE_QUATERNION,31,44,Takeoff
3.132910966873169,ATTITUDE_TARGET,83,48,Takeoff
3.13297700881958,LOCAL_POSITION_NED,32,40,Takeoff
3.132991075515747,POSITION_TARGET_LOCAL_NED,85,63,Takeoff
3.1407649517059326,LOCAL_POSITION_NED,32,40,Takeoff
3.1408329010009766,ODOMETRY,331,244,Takeoff
3.140861988067627,GLOBAL_POSITION_INT,33,40,Takeoff
3.140881061553955,GPS_RAW_INT,24,56,Takeoff
3.1408848762512207,GLOBAL_POSITION_INT,33,40,Takeoff
3.1409120559692383,SERVO_OUTPUT_RAW,36,23,Takeoff
3.14477801322937,ATTITUDE,30,40,Takeoff
3.1449060440063477,ATTITUDE,30,40,Takeoff
3.144929885864258,ATTITUDE_QUATERNION,31,44,Takeoff
3.1529579162597656,HIGHRES_IMU,105,74,Takeoff
3.153014898300171,ATTITUDE_TARGET,83,48,Takeoff
3.1530239582061768,ATTITUDE,30,40,Takeoff
3.1530399322509766,ATTITUDE_QUATERNION,31,44,Takeoff
3.153085947036743,LOCAL_POSITION_NED,32,40,Takeoff
3.153096914291382,POSITION_TARGET_LOCAL_NED,85,63,Takeoff
3.1608259677886963,GLOBAL_POSITION_INT,33,40,Takeoff
3.1609129905700684,POSITION_TARGET_GLOBAL_INT,87,63,Takeoff
3.161000967025757,GLOBAL_POSITION_INT,33,40,Takeoff
3.161068916320801,SERVO_OUTPUT_RAW,36,23,Takeoff
3.164797067642212,ATTITUDE,30,40,Takeoff
3.1649959087371826,ATTITUDE,30,40,Takeoff
3.1650609970092773,ATTITUDE_QUATERNION,31,44,Takeoff
3.1728060245513916,TIMESYNC,111,25,Takeoff
3.1728899478912354,HIGHRES_IMU,105,73,Takeoff
3.1729049682617188,LOCAL_POSITION_NED,32,40,Takeoff
3.1729068756103516,HEARTBEAT,0,21,Takeoff
3.172914981842041,ATTITUDE,30,40,Takeoff
3.1729249954223633,ALTITUDE,141,44,Takeoff
3.1729378700256348,ODOMETRY,331,244,Takeoff
3.172950029373169,ATTITUDE_QUATERNION,31,44,Takeoff
3.172959089279175,ATTITUDE_TARGET,83,48,Takeoff
3.1729729175567627,ALTITUDE,141,44,Takeoff
3.172973871231079,POSITION_TARGET_LOCAL_NED,85,63,Takeoff
3.1729800701141357,SERVO_OUTPUT_RAW,36,23,Takeoff
3.1729869842529297,ATTITUDE_TARGET,83,48,Takeoff
3.1729869842529297,VFR_HUD,74,29,Takeoff
3.172999858856201,EXTENDED_SYS_STATE,245,14,Takeoff
3.1730098724365234,GPS_RAW_INT,24,56,Takeoff
3.173017978668213,LOCAL_POSITION_NED,32,40,Takeoff
3.17303204536438,OPEN_DRONE_ID_LOCATION,12901,70,Takeoff
3.173042058944702,OPEN_DRONE_ID_SYSTEM,12904,37,Takeoff
3.173053026199341,POSITION_TARGET_LOCAL_NED,85,63,Takeoff
3.173064947128296,SCALED_PRESSURE,29,26,Takeoff
3.1730899810791016,SYS_STATUS,1,52,Takeoff
3.1730990409851074,VFR_HUD,74,29,Takeoff
3.1731090545654297,UNKNOWN_8,-2,33,Takeoff
3.175502061843872,COMMAND_LONG,76,44,Takeoff
3.1769700050354004,GPS_RAW_INT,24,56,Takeoff
3.1770179271698,COMMAND_ACK,77,22,Takeoff
3.180975914001465,GLOBAL_POSITION_INT,33,40,Takeoff
3.18107008934021,GLOBAL_POSITION_INT,33,40,Takeoff
3.181096076965332,SERVO_OUTPUT_RAW,36,23,Takeoff
3.184792995452881,ATTITUDE,30,40,Takeoff
3.185070037841797,ATTITUDE,30,40,Takeoff
3.185136079788208,ATTITUDE_QUATERNION,31,44,Takeoff
3.1928188800811768,HIGHRES_IMU,105,73,Takeoff
3.192868947982788,ATTITUDE,30,40,Takeoff
3.1929209232330322,ATTITUDE_QUATERNION,31,44,Takeoff
3.1929500102996826,ATTITUDE_TARGET,83,48,Takeoff
3.193011999130249,LOCAL_POSITION_NED,32,40,Takeoff
3.1930220127105713,POSITION_TARGET_LOCAL_NED,85,63,Takeoff
3.2008330821990967,GLOBAL_POSITION_INT,33,40,Takeoff
3.200943946838379,GLOBAL_POSITION_INT,33,40,Takeoff
3.2010068893432617,SERVO_OUTPUT_RAW,36,23,Takeoff
3.2047410011291504,ATTITUDE,30,40,Takeoff
3.2048850059509277,ATTITUDE,30,40,Takeoff
3.2049059867858887,ATTITUDE_QUATERNION,31,44,Takeoff
3.206012010574341,MISSION_CURRENT,42,22,Takeoff
3.2087700366973877,LOCAL_POSITION_NED,32,40,Takeoff
3.209084987640381,ODOMETRY,331,244,Takeoff
3.209172010421753,GPS_RAW_INT,24,56,Takeoff
3.212885856628418,HIGHRES_IMU,105,74,Takeoff
3.212908983230591,ATTITUDE,30,40,Takeoff
3.2129249572753906,ATTITUDE_QUATERNION,31,44,Takeoff
3.213002920150757,ATTITUDE_TARGET,83,48,Takeoff
3.213047981262207,LOCAL_POSITION_NED,32,40,Takeoff
3.213068962097168,POSITION_TARGET_LOCAL_NED,85,63,Takeoff

34.698421001434326,HIGHRES_IMU,105,74,other
34.698468923568726,ATTITUDE_TARGET,83,48,other
34.698487997055054,ATTITUDE,30,40,other
34.69849896430969,LOCAL_POSITION_NED,32,40,other
34.69850397109985,ATTITUDE_QUATERNION,31,44,other
34.69851088523865,POSITION_TARGET_LOCAL_NED,85,63,other
34.702537059783936,GPS_RAW_INT,24,56,other
34.706578969955444,GLOBAL_POSITION_INT,33,40,other
34.706664085388184,GLOBAL_POSITION_INT,33,40,other
34.706743001937866,SERVO_OUTPUT_RAW,36,24,other
34.71052408218384,ATTITUDE,30,40,other
34.71062207221985,ATTITUDE,30,40,other
34.71064496040344,ATTITUDE_QUATERNION,31,44,other
34.71858286857605,HIGHRES_IMU,105,73,other
34.71864604949951,ATTITUDE,30,40,other
34.718647956848145,ATTITUDE_TARGET,83,48,other
34.718663930892944,ATTITUDE_QUATERNION,31,44,other
34.718677043914795,LOCAL_POSITION_NED,32,40,other
34.71868896484375,POSITION_TARGET_LOCAL_NED,85,63,other
34.72655701637268,LOCAL_POSITION_NED,32,40,other
34.72665786743164,ODOMETRY,331,244,other
34.726675033569336,GLOBAL_POSITION_INT,33,40,other
34.726693868637085,GLOBAL_POSITION_INT,33,40,other
34.726759910583496,SERVO_OUTPUT_RAW,36,24,other
34.73029088973999,ATTITUDE,30,40,other
34.73046898841858,ATTITUDE,30,40,other
34.73049187660217,ATTITUDE_QUATERNION,31,44,other
34.734591007232666,GPS_RAW_INT,24,56,other
34.73848795890808,HIGHRES_IMU,105,73,other
34.738544940948486,ATTITUDE,30,40,other
34.738560914993286,ATTITUDE_QUATERNION,31,44,other
34.738584995269775,ATTITUDE_TARGET,83,48,other
34.73865294456482,LOCAL_POSITION_NED,32,40,other
34.7386999130249,POSITION_TARGET_LOCAL_NED,85,63,other
34.746315002441406,GLOBAL_POSITION_INT,33,40,other
34.74637699127197,POSITION_TARGET_GLOBAL_INT,87,63,other
34.746443033218384,GLOBAL_POSITION_INT,33,40,other
34.74647903442383,SERVO_OUTPUT_RAW,36,24,other
34.7505989074707,ATTITUDE,30,40,other
34.75069808959961,ATTITUDE,30,40,other
34.750727891922,ATTITUDE_QUATERNION,31,44,other
34.7585289478302,TIMESYNC,111,25,other
34.75865197181702,HIGHRES_IMU,105,74,other
34.758667945861816,LOCAL_POSITION_NED,32,40,other
34.75869607925415,ATTITUDE,30,40,other
34.75870609283447,ALTITUDE,141,44,other
34.75871801376343,ODOMETRY,331,244,other
34.75872993469238,ATTITUDE_QUATERNION,31,44,other
34.75873899459839,ATTITUDE_TARGET,83,48,other
34.758753061294556,POSITION_TARGET_LOCAL_NED,85,63,other
34.758764028549194,SERVO_OUTPUT_RAW,36,24,other
34.75877594947815,SYS_STATUS,1,52,other
34.75878691673279,VFR_HUD,74,31,other
34.758970975875854,ATTITUDE_TARGET,83,48,other
34.75899887084961,LOCAL_POSITION_NED,32,40,other
34.75901198387146,POSITION_TARGET_LOCAL_NED,85,63,other
34.766725063323975,GLOBAL_POSITION_INT,33,40,other
34.766725063323975,GLOBAL_POSITION_INT,33,40,other
34.76679801940918,SERVO_OUTPUT_RAW,36,24,other
34.770554065704346,ATTITUDE,30,40,other
34.77058386802673,GPS_RAW_INT,24,56,other
34.77065992355347,ATTITUDE,30,40,other
34.77073907852173,ATTITUDE_QUATERNION,31,44,other
34.78071594238281,HIGHRES_IMU,105,74,other
34.780730962753296,ATTITUDE_TARGET,83,48,other
34.78073787689209,ATTITUDE,30,40,other
34.78075194358826,ATTITUDE_QUATERNION,31,44,other
34.78078007698059,LOCAL_POSITION_NED,32,40,other
34.78079295158386,POSITION_TARGET_LOCAL_NED,85,63,other
34.78654193878174,GLOBAL_POSITION_INT,33,40,other
34.78698992729187,GLOBAL_POSITION_INT,33,40,other
34.78711295127869,SERVO_OUTPUT_RAW,36,24,other
34.790432929992676,ATTITUDE,30,40,other
34.790436029434204,ATTITUDE,30,40,other
34.790507078170776,ATTITUDE_QUATERNION,31,44,other
34.79455900192261,LOCAL_POSITION_NED,32,40,other
34.79462289810181,ODOMETRY,331,244,other
34.79845690727234,HIGHRES_IMU,105,74,other
34.79845690727234,ATTITUDE_TARGET,83,48,other
34.79852485656738,ATTITUDE,30,40,other
34.79852485656738,LOCAL_POSITION_NED,32,40,other
34.79853892326355,POSITION_TARGET_LOCAL_NED,85,63,other
34.79853892326355,ATTITUDE_QUATERNION,31,44,other
34.802571058273315,GPS_RAW_INT,24,56,other
34.80655908584595,GLOBAL_POSITION_INT,33,40,other
34.80667495727539,GLOBAL_POSITION_INT,33,40,other
34.80670094490051,SERVO_OUTPUT_RAW,36,24,other
34.81036686897278,ATTITUDE,30,40,other
34.81041693687439,ATTITUDE,30,40,other
34.810478925704956,ATTITUDE_QUATERNION,31,44,other
34.81857705116272,HIGHRES_IMU,105,74,other
34.8186469078064,ATTITUDE,30,40,other
34.818662881851196,ATTITUDE_QUATERNION,31,44,other
34.81867790222168,ATTITUDE_TARGET,83,48,other
34.81874704360962,LOCAL_POSITION_NED,32,40,other
34.81875991821289,POSITION_TARGET_LOCAL_NED,85,63,other
34.8262939453125,LOCAL_POSITION_NED,32,40,other
34.826395988464355,ODOMETRY,331,244,other
34.82642698287964,GLOBAL_POSITION_INT,33,40,other
34.82646989822388,GLOBAL_POSITION_INT,33,40,other
34.82654309272766,SERVO_OUTPUT_RAW,36,24,other
34.83051896095276,ATTITUDE,30,40,other
34.830535888671875,ATTITUDE,30,40,other
34.83056998252869,ATTITUDE_QUATERNION,31,44,other
34.83447599411011,GPS_RAW_INT,24,56,other
34.838366985321045,HIGHRES_IMU,105,73,other
34.838443994522095,ATTITUDE,30,40,other
34.83844494819641,ATTITUDE_TARGET,83,48,other
34.83845806121826,ATTITUDE_QUATERNION,31,44,other
34.83851885795593,LOCAL_POSITION_NED,32,40,other
34.8385329246521,POSITION_TARGET_LOCAL_NED,85,63,other
34.846664905548096,GLOBAL_POSITION_INT,33,40,other
34.84676003456116,POSITION_TARGET_GLOBAL_INT,87,63,other
34.84677004814148,GLOBAL_POSITION_INT,33,40,other
34.84688997268677,SERVO_OUTPUT_RAW,36,24,other
34.85045790672302,ATTITUDE,30,40,other
34.85049104690552,ATTITUDE,30,40,other
34.85055708885193,ATTITUDE_QUATERNION,31,44,other
34.8584680557251,TIMESYNC,111,25,other
34.85854697227478,HIGHRES_IMU,105,73,other
34.858558893203735,LOCAL_POSITION_NED,32,40,other
34.85857105255127,ATTITUDE,30,40,other
34.85857701301575,HEARTBEAT,0,21,other
34.858579874038696,ALTITUDE,141,44,other
34.85859203338623,ODOMETRY,331,244,other
34.858601093292236,ALTITUDE,141,44,other
34.85860204696655,ATTITUDE_QUATERNION,31,44,other
34.85860991477966,ATTITUDE_TARGET,83,48,other
34.85861086845398,ATTITUDE_TARGET,83,48,other
34.858619928359985,BATTERY_STATUS,147,53,other
34.85862493515015,POSITION_TARGET_LOCAL_NED,85,63,other
34.85862898826599,UNKNOWN_436,-2,21,other
34.85863494873047,SERVO_OUTPUT_RAW,36,24,other
34.85864305496216,ESTIMATOR_STATUS,230,54,other
34.85864496231079,VFR_HUD,74,31,other
34.85865497589111,EXTENDED_SYS_STATE,245,14,other
34.858664989471436,GPS_RAW_INT,24,56,other
34.85867500305176,HOME_POSITION,242,67,other
34.858684062957764,LOCAL_POSITION_NED,32,40,other
34.85869598388672,OPEN_DRONE_ID_LOCATION,12901,70,other
34.858705043792725,OPEN_DRONE_ID_SYSTEM,12904,37,other
34.85871386528015,POSITION_TARGET_LOCAL_NED,85,63,other
34.85872292518616,SCALED_PRESSURE,29,26,other
34.85873293876648,SYS_STATUS,1,52,other
34.858741998672485,VFR_HUD,74,31,other
34.85879588127136,UNKNOWN_8,-2,33,other
34.86667799949646,GLOBAL_POSITION_INT,33,40,other
34.86675000190735,GPS_RAW_INT,24,56,other
34.866796016693115,GLOBAL_POSITION_INT,33,40,other
34.86681294441223,SERVO_OUTPUT_RAW,36,24,other
34.87053608894348,ATTITUDE,30,40,other
34.87064290046692,ATTITUDE,30,40,other
34.87066698074341,ATTITUDE_QUATERNION,31,44,other
34.87855887413025,HIGHRES_IMU,105,74,other
34.87863206863403,ATTITUDE,30,40,other
34.87865090370178,ATTITUDE_QUATERNION,31,44,other
34.87865996360779,ATTITUDE_TARGET,83,48,other
34.87868785858154,LOCAL_POSITION_NED,32,40,other
34.87869906425476,POSITION_TARGET_LOCAL_NED,85,63,other
34.88248300552368,UNKNOWN_380,-2,32,other
34.88253688812256,UNKNOWN_380,-2,32,other
34.88640594482422,GLOBAL_POSITION_INT,33,40,other
34.88645792007446,GLOBAL_POSITION_INT,33,40,other
34.88653087615967,SERVO_OUTPUT_RAW,36,24,other
34.89049005508423,ATTITUDE,30,40,other
34.89049005508423,ATTITUDE,30,40,other
34.89055800437927,ATTITUDE_QUATERNION,31,44,other
34.89445686340332,LOCAL_POSITION_NED,32,40,other
34.8945529460907,ODOMETRY,331,244,other
34.89830303192139,HIGHRES_IMU,105,73,other
34.89840006828308,ATTITUDE,30,40,other
34.89841985702515,ATTITUDE_QUATERNION,31,44,other
34.89842891693115,ATTITUDE_TARGET,83,48,other
34.89849901199341,LOCAL_POSITION_NED,32,40,other
34.89851188659668,POSITION_TARGET_LOCAL_NED,85,63,other
34.90240693092346,GPS_RAW_INT,24,56,other
34.90649199485779,GLOBAL_POSITION_INT,33,40,other
34.90688896179199,GLOBAL_POSITION_INT,33,40,other
34.906980991363525,SERVO_OUTPUT_RAW,36,24,other
34.91077709197998,ATTITUDE,30,40,other
34.910999059677124,ATTITUDE,30,40,other
34.91113805770874,ATTITUDE_QUATERNION,31,44,other
34.91854906082153,HIGHRES_IMU,105,74,other
34.91861391067505,ATTITUDE,30,40,other
34.918631076812744,ATTITUDE_QUATERNION,31,44,other
34.91869497299194,ATTITUDE_TARGET,83,48,other
34.91877007484436,LOCAL_POSITION_NED,32,40,other
34.91878294944763,POSITION_TARGET_LOCAL_NED,85,63,other
34.927201986312866,LOCAL_POSITION_NED,32,40,other
34.927268981933594,ODOMETRY,331,244,other
34.927284955978394,GLOBAL_POSITION_INT,33,40,other
34.927294969558716,GLOBAL_POSITION_INT,33,40,other
34.927325963974,SERVO_OUTPUT_RAW,36,24,other
34.93052291870117,ATTITUDE,30,40,other
34.930670976638794,ATTITUDE,30,40,other
34.930691957473755,ATTITUDE_QUATERNION,31,44,other
34.93446707725525,GPS_RAW_INT,24,56,other
34.93879699707031,HIGHRES_IMU,105,74,other
34.93882608413696,ATTITUDE,30,40,other
34.938838958740234,ATTITUDE_QUATERNION,31,44,other
34.93884801864624,ATTITUDE_TARGET,83,48,other
34.93887400627136,LOCAL_POSITION_NED,32,40,other
34.93888592720032,POSITION_TARGET_LOCAL_NED,85,63,other
34.94652986526489,GLOBAL_POSITION_INT,33,40,other
34.94656300544739,GLOBAL_POSITION_INT,33,40,other
34.946616888046265,POSITION_TARGET_GLOBAL_INT,87,63,other
34.9466450214386,SERVO_OUTPUT_RAW,36,24,other
34.95043897628784,ATTITUDE,30,40,other
34.950515031814575,ATTITUDE,30,40,other
34.95054006576538,ATTITUDE_QUATERNION,31,44,other
34.958523988723755,TIMESYNC,111,25,other
34.95858907699585,HIGHRES_IMU,105,73,other
34.95860195159912,LOCAL_POSITION_NED,32,40,other
34.95862889289856,ATTITUDE,30,40,other
34.95864391326904,ALTITUDE,141,44,other
34.95865488052368,ODOMETRY,331,244,other
34.95866298675537,ATTITUDE_QUATERNION,31,44,other
34.95867204666138,ATTITUDE_TARGET,83,48,other
34.958685874938965,POSITION_TARGET_LOCAL_NED,85,63,other
34.95869708061218,SERVO_OUTPUT_RAW,36,24,other
34.95870804786682,SYS_STATUS,1,52,other
34.95871686935425,VFR_HUD,74,31,other
34.958783864974976,ATTITUDE_TARGET,83,48,other
34.958863973617554,LOCAL_POSITION_NED,32,40,other
34.95887804031372,POSITION_TARGET_LOCAL_NED,85,63,other
34.96659207344055,GLOBAL_POSITION_INT,33,40,other
34.96669101715088,GLOBAL_POSITION_INT,33,40,other
34.966747999191284,GPS_RAW_INT,24,56,other
34.966763973236084,SERVO_OUTPUT_RAW,36,24,other
34.970545053482056,ATTITUDE,30,40,other
34.970622062683105,ATTITUDE,30,40,other
34.97068691253662,ATTITUDE_QUATERNION,31,44,other
34.97828698158264,HIGHRES_IMU,105,73,other
34.97837591171265,ATTITUDE,30,40,other
34.97839307785034,ATTITUDE_QUATERNION,31,44,other
34.978461027145386,ATTITUDE_TARGET,83,48,other
34.97853398323059,LOCAL_POSITION_NED,32,40,other
34.97854804992676,POSITION_TARGET_LOCAL_NED,85,63,other
34.9868049621582,GLOBAL_POSITION_INT,33,40,other
34.98691701889038,GLOBAL_POSITION_INT,33,40,other
34.98694705963135,SERVO_OUTPUT_RAW,36,24,other
34.9902720451355,ATTITUDE,30,40,other
34.99058508872986,ATTITUDE,30,40,other
34.99064898490906,ATTITUDE_QUATERNION,31,44,other
34.994396924972534,LOCAL_POSITION_NED,32,40,other
34.99442195892334,ODOMETRY,331,244,other
34.998290061950684,HIGHRES_IMU,105,74,other
34.99837303161621,ATTITUDE,30,40,other
34.998395919799805,ATTITUDE_QUATERNION,31,44,other
34.99840807914734,GPS_RAW_INT,24,56,other
34.99845600128174,ATTITUDE_TARGET,83,48,other
34.99852991104126,LOCAL_POSITION_NED,32,40,other
34.99854397773743,POSITION_TARGET_LOCAL_NED,85,63,other
35.006370067596436,GLOBAL_POSITION_INT,33,40,other
35.00643801689148,GLOBAL_POSITION_INT,33,40,other
35.00651001930237,SERVO_OUTPUT_RAW,36,24,other
35.0103919506073,ATTITUDE,30,40,other
35.01044797897339,ATTITUDE,30,40,other
35.010523080825806,ATTITUDE_QUATERNION,31,44,other
35.0188570022583,HIGHRES_IMU,105,73,other
35.018975019454956,ATTITUDE,30,40,other
35.018985986709595,ATTITUDE_TARGET,83,48,other
35.018990993499756,ATTITUDE_QUATERNION,31,44,other
35.01905298233032,LOCAL_POSITION_NED,32,40,other
35.01906490325928,POSITION_TARGET_LOCAL_NED,85,63,other
35.026318073272705,LOCAL_POSITION_NED,32,40,other
35.026413917541504,ODOMETRY,331,244,other
35.026429891586304,GLOBAL_POSITION_INT,33,40,other
35.02643299102783,GLOBAL_POSITION_INT,33,40,other
35.026455879211426,SERVO_OUTPUT_RAW,36,24,other
35.030237913131714,ATTITUDE,30,40,other
35.030389070510864,ATTITUDE,30,40,other
35.03041195869446,ATTITUDE_QUATERNION,31,44,other
35.03481101989746,GPS_RAW_INT,24,56,other
35.038256883621216,HIGHRES_IMU,105,73,other
35.03829097747803,ATTITUDE,30,40,other
35.038307905197144,ATTITUDE_QUATERNION,31,44,other
35.03841495513916,ATTITUDE_TARGET,83,48,other
35.03848195075989,LOCAL_POSITION_NED,32,40,other
35.03849506378174,POSITION_TARGET_LOCAL_NED,85,63,other
35.0463080406189,GLOBAL_POSITION_INT,33,40,other
35.046398878097534,GLOBAL_POSITION_INT,33,40,other
35.04640603065491,POSITION_TARGET_GLOBAL_INT,87,63,other
35.04646706581116,SERVO_OUTPUT_RAW,36,24,other
35.05040407180786,ATTITUDE,30,40,other
35.050456047058105,ATTITUDE,30,40,other
35.050519943237305,ATTITUDE_QUATERNION,31,44,other
35.05828499794006,TIMESYNC,111,25,other
35.0583860874176,HIGHRES_IMU,105,74,other
35.05839991569519,LOCAL_POSITION_NED,32,40,other
35.05841088294983,ATTITUDE,30,40,other
35.05842089653015,ALTITUDE,141,44,other
35.05844306945801,ODOMETRY,331,244,other
35.05844593048096,ATTITUDE_TARGET,83,48,other
35.05845499038696,ATTITUDE_QUATERNION,31,44,other
35.05846405029297,ATTITUDE_TARGET,83,48,other
35.05847907066345,POSITION_TARGET_LOCAL_NED,85,63,other
35.05849003791809,SERVO_OUTPUT_RAW,36,24,other
35.05850100517273,VFR_HUD,74,31,other
35.05850291252136,GPS_RAW_INT,24,56,other
35.058513879776,LOCAL_POSITION_NED,32,40,other
35.058521032333374,POSITION_TARGET_LOCAL_NED,85,63,other
35.06644892692566,GLOBAL_POSITION_INT,33,40,other
35.06645107269287,GLOBAL_POSITION_INT,33,40,other
35.0665168762207,SERVO_OUTPUT_RAW,36,24,other
35.06652498245239,GPS_RAW_INT,24,56,other
35.07030487060547,ATTITUDE,30,40,other
35.070436000823975,ATTITUDE,30,40,other
35.070504903793335,ATTITUDE_QUATERNION,31,44,other
35.0788049697876,HIGHRES_IMU,105,74,other
35.07893395423889,ATTITUDE,30,40,other
35.078959941864014,ATTITUDE_QUATERNION,31,44,other
35.07897901535034,ATTITUDE_TARGET,83,48,other
35.07908296585083,LOCAL_POSITION_NED,32,40,other
35.0791220664978,POSITION_TARGET_LOCAL_NED,85,63,other
35.08629894256592,GLOBAL_POSITION_INT,33,40,other
35.08642387390137,GLOBAL_POSITION_INT,33,40,other
35.08649206161499,SERVO_OUTPUT_RAW,36,24,other
35.090331077575684,ATTITUDE,30,40,other
35.09051704406738,ATTITUDE,30,40,other
35.09057903289795,ATTITUDE_QUATERNION,31,44,other
35.09513187408447,LOCAL_POSITION_NED,32,40,other
35.09516191482544,ODOMETRY,331,244,other
35.09832406044006,HIGHRES_IMU,105,73,other
35.098397970199585,ATTITUDE,30,40,other
35.09841704368591,ATTITUDE_QUATERNION,31,44,other
35.098422050476074,ATTITUDE_TARGET,83,48,other
35.09842896461487,GPS_RAW_INT,24,56,other
35.09845304489136,LOCAL_POSITION_NED,32,40,other
35.09846496582031,POSITION_TARGET_LOCAL_NED,85,63,other
35.10639500617981,GLOBAL_POSITION_INT,33,40,other
35.106456995010376,GLOBAL_POSITION_INT,33,40,other
35.10652494430542,SERVO_OUTPUT_RAW,36,24,other
35.106695890426636,MISSION_CURRENT,42,22,other
35.11057901382446,ATTITUDE,30,40,other
35.110684871673584,ATTITUDE,30,40,other
35.11070799827576,ATTITUDE_QUATERNION,31,44,other
35.11072587966919,VFR_HUD,74,31,other
35.118309020996094,HIGHRES_IMU,105,74,other
35.118337869644165,ATTITUDE,30,40,other
35.11837291717529,ATTITUDE_QUATERNION,31,44,other
35.11839985847473,ATTITUDE_TARGET,83,48,other
35.11847400665283,LOCAL_POSITION_NED,32,40,other
35.118489027023315,POSITION_TARGET_LOCAL_NED,85,63,other
35.12656593322754,LOCAL_POSITION_NED,32,40,other
35.12663507461548,ODOMETRY,331,244,other
35.12665104866028,GLOBAL_POSITION_INT,33,40,other
35.126664876937866,GLOBAL_POSITION_INT,33,40,other
35.12668991088867,SERVO_OUTPUT_RAW,36,24,other
35.13027286529541,ATTITUDE,30,40,other
35.13040494918823,GPS_RAW_INT,24,56,other
35.130406856536865,ATTITUDE,30,40,other
35.13043403625488,ATTITUDE_QUATERNION,31,44,other
35.138550996780396,HIGHRES_IMU,105,73,other
35.13862109184265,ATTITUDE,30,40,other
35.13863706588745,ATTITUDE_QUATERNION,31,44,other
35.138659954071045,ATTITUDE_TARGET,83,48,other
35.13869094848633,LOCAL_POSITION_NED,32,40,other
35.13870286941528,POSITION_TARGET_LOCAL_NED,85,63,other
35.146302938461304,GLOBAL_POSITION_INT,33,40,other
35.146399974823,POSITION_TARGET_GLOBAL_INT,87,63,other
35.146435022354126,GLOBAL_POSITION_INT,33,40,other
35.14650201797485,SERVO_OUTPUT_RAW,36,24,other
35.1502959728241,ATTITUDE,30,40,other
35.15042996406555,ATTITUDE,30,40,other
35.15047597885132,ATTITUDE_QUATERNION,31,44,other
35.15839695930481,HEARTBEAT,0,21,other
35.158427000045776,TIMESYNC,111,25,other
35.15844202041626,HIGHRES_IMU,105,73,other
35.158451080322266,LOCAL_POSITION_NED,32,40,other
35.15846300125122,ATTITUDE,30,40,other
35.15847396850586,ALTITUDE,141,44,other
35.158474922180176,ATTITUDE_TARGET,83,48,other
35.158488035202026,ODOMETRY,331,244,other
35.15849685668945,ATTITUDE_QUATERNION,31,44,other
35.15850591659546,ATTITUDE_TARGET,83,48,other
35.158596992492676,LOCAL_POSITION_NED,32,40,other
35.15861105918884,POSITION_TARGET_LOCAL_NED,85,63,other
35.1588089466095,BATTERY_STATUS,147,53,other
35.158835887908936,UNKNOWN_436,-2,21,other
35.15884804725647,ESTIMATOR_STATUS,230,54,other
35.15885901451111,EXTENDED_SYS_STATE,245,14,other
35.158940076828,HOME_POSITION,242,67,other
35.15895700454712,OPEN_DRONE_ID_LOCATION,12901,70,other
35.15896487236023,OPEN_DRONE_ID_SYSTEM,12904,37,other
35.15897297859192,PING,4,21,other
35.15897989273071,POSITION_TARGET_LOCAL_NED,85,63,other
35.15909504890442,SCALED_PRESSURE,29,26,other
35.15910601615906,SERVO_OUTPUT_RAW,36,24,other
35.159116983413696,SYS_STATUS,1,52,other
35.15912699699402,SYSTEM_TIME,2,22,other
35.159136056900024,VFR_HUD,74,31,other
35.15914487838745,VIBRATION,241,32,other
35.15915393829346,UNKNOWN_8,-2,33,other
35.15927004814148,HEARTBEAT,0,21,other
35.16061496734619,PING,4,26,other
35.16249895095825,HEARTBEAT,0,21,other
35.16645693778992,GLOBAL_POSITION_INT,33,40,other
35.166521072387695,GPS_RAW_INT,24,56,other
35.16657090187073,GLOBAL_POSITION_INT,33,40,other
35.16662406921387,SERVO_OUTPUT_RAW,36,24,other
35.170806884765625,ATTITUDE,30,40,other
35.17096185684204,ATTITUDE,30,40,other
35.17102289199829,ATTITUDE_QUATERNION,31,44,other
35.178284883499146,HIGHRES_IMU,105,74,other
35.178340911865234,ATTITUDE,30,40,other
35.178552865982056,ATTITUDE_TARGET,83,48,other
35.178637981414795,ATTITUDE_QUATERNION,31,44,other
35.17865204811096,LOCAL_POSITION_NED,32,40,other
35.17866587638855,POSITION_TARGET_LOCAL_NED,85,63,other
35.18664002418518,GLOBAL_POSITION_INT,33,40,other
35.18670392036438,GLOBAL_POSITION_INT,33,40,other
35.186774015426636,SERVO_OUTPUT_RAW,36,24,other
35.19052290916443,ATTITUDE,30,40,other
35.19055390357971,ATTITUDE,30,40,other
35.190593004226685,ATTITUDE_QUATERNION,31,44,other
35.19440007209778,LOCAL_POSITION_NED,32,40,other
35.19444394111633,ODOMETRY,331,244,other
35.198270082473755,HIGHRES_IMU,105,74,other
35.198363065719604,ATTITUDE,30,40,other
35.19839286804199,ATTITUDE_QUATERNION,31,44,other
35.198405027389526,GPS_RAW_INT,24,56,other
35.19840693473816,ATTITUDE_TARGET,83,48,other
35.19844889640808,LOCAL_POSITION_NED,32,40,other
35.198461055755615,POSITION_TARGET_LOCAL_NED,85,63,other
35.20276498794556,HEARTBEAT,0,21,other
35.20650386810303,GLOBAL_POSITION_INT,33,40,other
35.20656991004944,HEARTBEAT,0,21,other
35.20663595199585,GLOBAL_POSITION_INT,33,40,other
35.20667004585266,SERVO_OUTPUT_RAW,36,24,other
35.210306882858276,ATTITUDE,30,40,other
35.21044588088989,ATTITUDE,30,40,other
35.210514068603516,ATTITUDE_QUATERNION,31,44,other
35.21845197677612,HIGHRES_IMU,105,74,other
35.21852087974548,ATTITUDE,30,40,other
35.21853804588318,ATTITUDE_TARGET,83,48,other
35.21853804588318,ATTITUDE_QUATERNION,31,44,other
35.21861386299133,LOCAL_POSITION_NED,32,40,other
35.218628883361816,POSITION_TARGET_LOCAL_NED,85,63,other
35.22640299797058,LOCAL_POSITION_NED,32,40,other
35.22644591331482,ODOMETRY,331,244,other
35.226459980010986,GLOBAL_POSITION_INT,33,40,other
35.226484060287476,GLOBAL_POSITION_INT,33,40,other
35.226511001586914,SERVO_OUTPUT_RAW,36,24,other
35.230616092681885,ATTITUDE,30,40,other
35.23069190979004,GPS_RAW_INT,24,56,other
35.23072385787964,ATTITUDE,30,40,other
35.230791091918945,ATTITUDE_QUATERNION,31,44,other
35.23850202560425,HIGHRES_IMU,105,74,other
35.23856997489929,ATTITUDE_TARGET,83,48,other
35.23857498168945,ATTITUDE,30,40,other
35.23859000205994,ATTITUDE_QUATERNION,31,44,other
35.23859906196594,LOCAL_POSITION_NED,32,40,other
35.2386109828949,POSITION_TARGET_LOCAL_NED,85,63,other
35.24662709236145,GLOBAL_POSITION_INT,33,40,other
35.24677085876465,POSITION_TARGET_GLOBAL_INT,87,63,other
35.246811866760254,GLOBAL_POSITION_INT,33,40,other
35.246947050094604,POSITION_TARGET_GLOBAL_INT,87,63,other
35.24696588516235,SERVO_OUTPUT_RAW,36,24,other
35.25024199485779,ATTITUDE,30,40,other
35.25040793418884,ATTITUDE,30,40,other
35.250468015670776,ATTITUDE_QUATERNION,31,44,other
35.251725912094116,MISSION_CURRENT,42,22,other
35.25827503204346,TIMESYNC,111,25,other
35.258344888687134,HIGHRES_IMU,105,73,other
35.258378982543945,LOCAL_POSITION_NED,32,40,other
35.25839185714722,ATTITUDE,30,40,other
35.258394956588745,ATTITUDE_TARGET,83,48,other
35.25840187072754,ALTITUDE,141,44,other
35.258415937423706,ODOMETRY,331,244,other
35.258419036865234,GPS_RAW_INT,24,56,other
35.258426904678345,ATTITUDE_QUATERNION,31,44,other
35.25842905044556,LOCAL_POSITION_NED,32,40,other
35.25843691825867,ATTITUDE_TARGET,83,48,other
35.25843906402588,POSITION_TARGET_LOCAL_NED,85,63,other
35.25845193862915,POSITION_TARGET_LOCAL_NED,85,63,other
35.258463859558105,SERVO_OUTPUT_RAW,36,24,other
35.25847792625427,VFR_HUD,74,31,other
35.2626428604126,GPS_RAW_INT,24,56,other
35.266270875930786,GLOBAL_POSITION_INT,33,40,other
35.26640701293945,GLOBAL_POSITION_INT,33,40,other
35.26647400856018,SERVO_OUTPUT_RAW,36,24,other
35.27041292190552,ATTITUDE,30,40,other
35.27046489715576,ATTITUDE,30,40,other
35.270529985427856,ATTITUDE_QUATERNION,31,44,other
35.27846598625183,HIGHRES_IMU,105,73,other
35.278533935546875,ATTITUDE,30,40,other
35.278549909591675,ATTITUDE_QUATERNION,31,44,other
35.278666973114014,ATTITUDE_TARGET,83,48,other
35.27873492240906,LOCAL_POSITION_NED,32,40,other
35.27874708175659,POSITION_TARGET_LOCAL_NED,85,63,other
35.286396980285645,GLOBAL_POSITION_INT,33,40,other
35.286454916000366,GLOBAL_POSITION_INT,33,40,other
35.286519050598145,SERVO_OUTPUT_RAW,36,24,other
35.29051399230957,ATTITUDE,30,40,other
35.29053592681885,ATTITUDE,30,40,other
35.290584087371826,ATTITUDE_QUATERNION,31,44,other
35.294496059417725,LOCAL_POSITION_NED,32,40,other
35.29456186294556,ODOMETRY,331,244,other
35.29839587211609,HIGHRES_IMU,105,74,other
35.29841899871826,ATTITUDE,30,40,other
35.29843306541443,ATTITUDE_QUATERNION,31,44,other
35.298444986343384,GPS_RAW_INT,24,56,other
35.29851794242859,ATTITUDE_TARGET,83,48,other
35.29854607582092,LOCAL_POSITION_NED,32,40,other
35.29855799674988,POSITION_TARGET_LOCAL_NED,85,63,other
35.30645704269409,GLOBAL_POSITION_INT,33,40,other
35.306480884552,GLOBAL_POSITION_INT,33,40,other
35.30655097961426,SERVO_OUTPUT_RAW,36,24,other
35.31033492088318,ATTITUDE,30,40,other
35.31047797203064,ATTITUDE,30,40,other
35.310543060302734,ATTITUDE_QUATERNION,31,44,other
35.31828498840332,HIGHRES_IMU,105,73,other
35.318387031555176,ATTITUDE,30,40,other
35.31840991973877,ATTITUDE_QUATERNION,31,44,other
35.31845188140869,ATTITUDE_TARGET,83,48,other
35.31851887702942,LOCAL_POSITION_NED,32,40,other
35.3185338973999,POSITION_TARGET_LOCAL_NED,85,63,other
35.32648205757141,GLOBAL_POSITION_INT,33,40,other
35.32654786109924,LOCAL_POSITION_NED,32,40,other
35.326550006866455,SERVO_OUTPUT_RAW,36,24,other
35.326618909835815,ODOMETRY,331,244,other
35.326634883880615,GLOBAL_POSITION_INT,33,40,other
35.330705881118774,ATTITUDE,30,40,other
35.33071208000183,ATTITUDE,30,40,other
35.330739974975586,ATTITUDE_QUATERNION,31,44,other
35.33074498176575,GPS_RAW_INT,24,56,other
35.33881688117981,HIGHRES_IMU,105,74,other
35.338947057724,ATTITUDE,30,40,other
35.33894991874695,ATTITUDE_TARGET,83,48,other
35.33896493911743,ATTITUDE_QUATERNION,31,44,other
35.338984966278076,LOCAL_POSITION_NED,32,40,other
35.33899998664856,POSITION_TARGET_LOCAL_NED,85,63,other
35.346477031707764,GLOBAL_POSITION_INT,33,40,other
35.34651207923889,SERVO_OUTPUT_RAW,36,24,other
35.346519947052,GLOBAL_POSITION_INT,33,40,other
35.346545934677124,POSITION_TARGET_GLOBAL_INT,87,63,other
35.35048294067383,ATTITUDE,30,40,other
35.35053300857544,ATTITUDE,30,40,other
35.350560903549194,ATTITUDE_QUATERNION,31,44,other
35.358304023742676,TIMESYNC,111,25,other
35.358404874801636,HIGHRES_IMU,105,74,other
35.35842204093933,LOCAL_POSITION_NED,32,40,other
35.35842704772949,ATTITUDE_TARGET,83,48,other
35.3584349155426,ATTITUDE,30,40,other
35.35844397544861,ALTITUDE,141,44,other
35.35851192474365,LOCAL_POSITION_NED,32,40,other
35.3585159778595,ODOMETRY,331,244,other
35.35852599143982,POSITION_TARGET_LOCAL_NED,85,63,other
35.3585319519043,ATTITUDE_QUATERNION,31,44,other
35.35853695869446,VFR_HUD,74,31,other
35.3585410118103,ATTITUDE_TARGET,83,48,other
35.358553886413574,POSITION_TARGET_LOCAL_NED,85,63,other
35.35856294631958,SERVO_OUTPUT_RAW,36,24,other
35.358572006225586,SYS_STATUS,1,52,other
35.35858106613159,VFR_HUD,74,31,other
35.36251401901245,GPS_RAW_INT,24,56,other
35.36631989479065,GLOBAL_POSITION_INT,33,40,other
35.3665668964386,GLOBAL_POSITION_INT,33,40,other
35.366600036621094,SERVO_OUTPUT_RAW,36,24,other
35.370450019836426,ATTITUDE,30,40,other
35.37048101425171,ATTITUDE,30,40,other
35.370550870895386,ATTITUDE_QUATERNION,31,44,other
35.378504037857056,HIGHRES_IMU,105,73,other
35.37850904464722,ATTITUDE_TARGET,83,48,other
35.378539085388184,LOCAL_POSITION_NED,32,40,other
35.37855005264282,POSITION_TARGET_LOCAL_NED,85,63,other
35.37857794761658,ATTITUDE,30,40,other
35.37859487533569,ATTITUDE_QUATERNION,31,44,other
35.3863959312439,GLOBAL_POSITION_INT,33,40,other
35.38649296760559,GLOBAL_POSITION_INT,33,40,other
35.386523962020874,SERVO_OUTPUT_RAW,36,24,other
35.39025688171387,ATTITUDE,30,40,other
35.39039397239685,ATTITUDE,30,40,other
35.390413999557495,ATTITUDE_QUATERNION,31,44,other
35.3945529460907,LOCAL_POSITION_NED,32,40,other
35.39458203315735,ODOMETRY,331,244,other
35.39459490776062,GPS_RAW_INT,24,56,other
35.39855599403381,ATTITUDE_TARGET,83,48,other
35.39861607551575,HIGHRES_IMU,105,73,other
35.39863586425781,LOCAL_POSITION_NED,32,40,other
35.398650884628296,POSITION_TARGET_LOCAL_NED,85,63,other
35.398781061172485,ATTITUDE,30,40,other
35.39879298210144,ATTITUDE_QUATERNION,31,44,other
35.406461000442505,GLOBAL_POSITION_INT,33,40,other
35.40648007392883,GLOBAL_POSITION_INT,33,40,other
35.40650701522827,SERVO_OUTPUT_RAW,36,24,other
35.410462856292725,ATTITUDE,30,40,other
35.410621881484985,ATTITUDE,30,40,other
35.41067695617676,ATTITUDE_QUATERNION,31,44,other
35.41828894615173,HIGHRES_IMU,105,74,other
35.41838002204895,ATTITUDE,30,40,other
35.41839790344238,ATTITUDE_QUATERNION,31,44,other
35.41842198371887,ATTITUDE_TARGET,83,48,other
35.41845393180847,LOCAL_POSITION_NED,32,40,other
35.41846489906311,POSITION_TARGET_LOCAL_NED,85,63,other
35.42665696144104,LOCAL_POSITION_NED,32,40,other
35.4267258644104,ODOMETRY,331,244,other
35.42673993110657,GLOBAL_POSITION_INT,33,40,other
35.42675590515137,GLOBAL_POSITION_INT,33,40,other
35.426778078079224,SERVO_OUTPUT_RAW,36,24,other
35.431113958358765,ATTITUDE,30,40,other
35.43118906021118,GPS_RAW_INT,24,56,other
35.43121790885925,ATTITUDE,30,40,other
35.431241035461426,ATTITUDE_QUATERNION,31,44,other
35.43834185600281,HIGHRES_IMU,105,73,other
35.43844199180603,ATTITUDE,30,40,other
35.43846106529236,ATTITUDE_QUATERNION,31,44,other
35.43856906890869,ATTITUDE_TARGET,83,48,other
35.43868589401245,LOCAL_POSITION_NED,32,40,other
35.43870806694031,POSITION_TARGET_LOCAL_NED,85,63,other
35.446600914001465,GLOBAL_POSITION_INT,33,40,other
35.4466769695282,POSITION_TARGET_GLOBAL_INT,87,63,other
35.44667887687683,GLOBAL_POSITION_INT,33,40,other
35.44675087928772,SERVO_OUTPUT_RAW,36,24,other
35.45037388801575,ATTITUDE,30,40,other
35.45045208930969,ATTITUDE,30,40,other
35.45047092437744,ATTITUDE_QUATERNION,31,44,other
35.458635091781616,TIMESYNC,111,25,other
35.45870399475098,HIGHRES_IMU,105,73,other
35.45871591567993,LOCAL_POSITION_NED,32,40,other
35.458728075027466,ATTITUDE,30,40,other
35.45873808860779,ALTITUDE,141,44,other
35.45874905586243,ATTITUDE_TARGET,83,48,other
35.45874905586243,ODOMETRY,331,244,other
35.45875787734985,ATTITUDE_QUATERNION,31,44,other
35.45876598358154,ATTITUDE_TARGET,83,48,other
35.4587779045105,GPS_RAW_INT,24,56,other
35.45878005027771,POSITION_TARGET_LOCAL_NED,85,63,other
35.45878887176514,LOCAL_POSITION_NED,32,40,other
35.45879006385803,SERVO_OUTPUT_RAW,36,24,other
35.45879888534546,POSITION_TARGET_LOCAL_NED,85,63,other
35.45880103111267,VFR_HUD,74,31,other
35.46244692802429,GPS_RAW_INT,24,56,other
35.4664249420166,GLOBAL_POSITION_INT,33,40,other
35.466516971588135,GLOBAL_POSITION_INT,33,40,other
35.4665789604187,SERVO_OUTPUT_RAW,36,24,other
35.47027802467346,ATTITUDE,30,40,other
35.47041296958923,ATTITUDE,30,40,other
35.470438957214355,ATTITUDE_QUATERNION,31,44,other
35.4783890247345,HIGHRES_IMU,105,74,other
35.47840690612793,ATTITUDE_TARGET,83,48,other
35.47846508026123,ATTITUDE,30,40,other
35.47847890853882,LOCAL_POSITION_NED,32,40,other
35.47848105430603,ATTITUDE_QUATERNION,31,44,other
35.47849106788635,POSITION_TARGET_LOCAL_NED,85,63,other
35.48627591133118,GLOBAL_POSITION_INT,33,40,other
35.486406087875366,GLOBAL_POSITION_INT,33,40,other
35.48647999763489,SERVO_OUTPUT_RAW,36,24,other
35.49069094657898,ATTITUDE,30,40,other
35.490808963775635,ATTITUDE,30,40,other
35.49084997177124,ATTITUDE_QUATERNION,31,44,other
35.494417905807495,LOCAL_POSITION_NED,32,40,other
35.49445104598999,ODOMETRY,331,244,other
35.494466066360474,GPS_RAW_INT,24,56,other
35.49827599525452,HIGHRES_IMU,105,74,other
35.49838089942932,ATTITUDE,30,40,other
35.49839901924133,ATTITUDE_QUATERNION,31,44,other
35.49844193458557,ATTITUDE_TARGET,83,48,other
35.49851202964783,LOCAL_POSITION_NED,32,40,other
35.49852204322815,POSITION_TARGET_LOCAL_NED,85,63,other
35.506824016571045,GLOBAL_POSITION_INT,33,40,other
35.50682997703552,GLOBAL_POSITION_INT,33,40,other
35.50690793991089,SERVO_OUTPUT_RAW,36,24,other
35.51044201850891,ATTITUDE,30,40,other
35.510446071624756,ATTITUDE,30,40,other
35.510509967803955,ATTITUDE_QUATERNION,31,44,other
35.518336057662964,HIGHRES_IMU,105,73,other
35.51836705207825,ATTITUDE_TARGET,83,48,other
35.51839208602905,ATTITUDE,30,40,other
35.51840806007385,ATTITUDE_QUATERNION,31,44,other
35.51842403411865,LOCAL_POSITION_NED,32,40,other
35.518436908721924,POSITION_TARGET_LOCAL_NED,85,63,other
35.5262770652771,LOCAL_POSITION_NED,32,40,other
35.526402950286865,ODOMETRY,331,244,other
35.526418924331665,GLOBAL_POSITION_INT,33,40,other
35.5264310836792,GPS_RAW_INT,24,56,other
35.526450872421265,GLOBAL_POSITION_INT,33,40,other
35.526520013809204,SERVO_OUTPUT_RAW,36,24,other
35.53029108047485,ATTITUDE,30,40,other
35.53042006492615,ATTITUDE,30,40,other
35.530441999435425,ATTITUDE_QUATERNION,31,44,other
35.53895688056946,HIGHRES_IMU,105,74,other
35.53902506828308,ATTITUDE,30,40,other
35.53904390335083,ATTITUDE_QUATERNION,31,44,other
35.53908705711365,ATTITUDE_TARGET,83,48,other
35.539175033569336,LOCAL_POSITION_NED,32,40,other
35.53919291496277,POSITION_TARGET_LOCAL_NED,85,63,other
35.54633808135986,GLOBAL_POSITION_INT,33,40,other
35.546385049819946,POSITION_TARGET_GLOBAL_INT,87,63,other
35.546457052230835,GLOBAL_POSITION_INT,33,40,other
35.54652500152588,SERVO_OUTPUT_RAW,36,24,other
35.5507378578186,ATTITUDE,30,40,other
35.552008867263794,ATTITUDE,30,40,other
35.55203890800476,ATTITUDE_QUATERNION,31,44,other
35.55854892730713,TIMESYNC,111,25,other
35.558614015579224,HIGHRES_IMU,105,73,other
35.55862498283386,LOCAL_POSITION_NED,32,40,other
35.5586359500885,ATTITUDE,30,40,other
35.55864500999451,ALTITUDE,141,44,other
35.55864596366882,ATTITUDE_TARGET,83,48,other
35.558655977249146,ODOMETRY,331,244,other
35.55866503715515,ATTITUDE_QUATERNION,31,44,other
35.55867290496826,ATTITUDE_TARGET,83,48,other
35.558675050735474,LOCAL_POSITION_NED,32,40,other
35.55868601799011,POSITION_TARGET_LOCAL_NED,85,63,other
35.55868697166443,POSITION_TARGET_LOCAL_NED,85,63,other
35.558696031570435,SERVO_OUTPUT_RAW,36,24,other
35.55870604515076,SYS_STATUS,1,52,other
35.558714866638184,VFR_HUD,74,31,other
35.56241703033447,GPS_RAW_INT,24,56,other
35.56669902801514,GLOBAL_POSITION_INT,33,40,other
35.5667929649353,GLOBAL_POSITION_INT,33,40,other
35.56687593460083,SERVO_OUTPUT_RAW,36,24,other
35.570528984069824,ATTITUDE,30,40,other
35.570788860321045,ATTITUDE,30,40,other
35.57085704803467,ATTITUDE_QUATERNION,31,44,other
35.578258991241455,HIGHRES_IMU,105,73,other
35.57832098007202,ATTITUDE,30,40,other
35.578365087509155,ATTITUDE_QUATERNION,31,44,other
35.57839107513428,ATTITUDE_TARGET,83,48,other
35.578465938568115,LOCAL_POSITION_NED,32,40,other
35.57847785949707,POSITION_TARGET_LOCAL_NED,85,63,other
35.5864360332489,GLOBAL_POSITION_INT,33,40,other
35.586447954177856,GLOBAL_POSITION_INT,33,40,other
35.586512088775635,SERVO_OUTPUT_RAW,36,24,other
35.590364933013916,ATTITUDE,30,40,other
35.59043788909912,ATTITUDE,30,40,other
35.59050989151001,ATTITUDE_QUATERNION,31,44,other
35.594297885894775,LOCAL_POSITION_NED,32,40,other
35.59440088272095,ODOMETRY,331,244,other
35.59441804885864,GPS_RAW_INT,24,56,other
35.59855794906616,HIGHRES_IMU,105,74,other
35.5985848903656,ATTITUDE,30,40,other
35.598599910736084,ATTITUDE_QUATERNION,31,44,other
35.59868001937866,ATTITUDE_TARGET,83,48,other
35.59874892234802,LOCAL_POSITION_NED,32,40,other
35.59876298904419,POSITION_TARGET_LOCAL_NED,85,63,other
35.60631489753723,GLOBAL_POSITION_INT,33,40,other
35.606422901153564,GLOBAL_POSITION_INT,33,40,other
35.60649585723877,SERVO_OUTPUT_RAW,36,24,other
35.610260009765625,ATTITUDE,30,40,other
35.61038398742676,ATTITUDE,30,40,other
35.610410928726196,ATTITUDE_QUATERNION,31,44,other
35.61043190956116,VFR_HUD,74,31,other
35.61831092834473,HIGHRES_IMU,105,74,other
35.618409872055054,ATTITUDE,30,40,other
35.61842703819275,ATTITUDE_QUATERNION,31,44,other
35.61844992637634,ATTITUDE_TARGET,83,48,other
35.61852192878723,LOCAL_POSITION_NED,32,40,other
35.6185359954834,POSITION_TARGET_LOCAL_NED,85,63,other
35.62630605697632,LOCAL_POSITION_NED,32,40,other
35.62641906738281,ODOMETRY,331,244,other
35.62644004821777,GLOBAL_POSITION_INT,33,40,other
35.62645196914673,GPS_RAW_INT,24,56,other
35.62645387649536,GLOBAL_POSITION_INT,33,40,other
35.62647986412048,SERVO_OUTPUT_RAW,36,24,other
35.63051891326904,ATTITUDE,30,40,other
35.63064193725586,ATTITUDE,30,40,other
35.63067698478699,ATTITUDE_QUATERNION,31,44,other
35.638306856155396,HIGHRES_IMU,105,74,other
35.6384220123291,ATTITUDE,30,40,other
35.63843607902527,ATTITUDE_QUATERNION,31,44,other
35.63850402832031,ATTITUDE_TARGET,83,48,other
35.638592004776,LOCAL_POSITION_NED,32,40,other
35.638607025146484,POSITION_TARGET_LOCAL_NED,85,63,other
35.64655303955078,GLOBAL_POSITION_INT,33,40,other
35.64655900001526,GLOBAL_POSITION_INT,33,40,other
35.646596908569336,POSITION_TARGET_GLOBAL_INT,87,63,other
35.64667892456055,SERVO_OUTPUT_RAW,36,24,other
35.6502730846405,ATTITUDE,30,40,other
35.65042304992676,ATTITUDE,30,40,other
35.65048599243164,ATTITUDE_QUATERNION,31,44,other
35.658385038375854,TIMESYNC,111,25,other
35.65844392776489,HIGHRES_IMU,105,74,other
35.658453941345215,LOCAL_POSITION_NED,32,40,other
35.65846490859985,ATTITUDE,30,40,other
35.658474922180176,ALTITUDE,141,44,other
35.658474922180176,ATTITUDE_TARGET,83,48,other
35.65848708152771,ODOMETRY,331,244,other
35.65849590301514,ATTITUDE_QUATERNION,31,44,other
35.65850305557251,ATTITUDE_TARGET,83,48,other
35.658514976501465,GPS_RAW_INT,24,56,other
35.6585259437561,POSITION_TARGET_LOCAL_NED,85,63,other
35.65853691101074,SERVO_OUTPUT_RAW,36,24,other
35.65854787826538,VFR_HUD,74,31,other
35.65855002403259,GPS_RAW_INT,24,56,other
35.65856099128723,LOCAL_POSITION_NED,32,40,other
35.65856695175171,POSITION_TARGET_LOCAL_NED,85,63,other
35.66629505157471,GLOBAL_POSITION_INT,33,40,other
35.66642689704895,GLOBAL_POSITION_INT,33,40,other
35.66645288467407,SERVO_OUTPUT_RAW,36,24,other
35.67041897773743,ATTITUDE,30,40,other
35.67052388191223,ATTITUDE,30,40,other
35.670592069625854,ATTITUDE_QUATERNION,31,44,other
35.67886400222778,ATTITUDE_TARGET,83,48,other
35.67893195152283,LOCAL_POSITION_NED,32,40,other
35.67893600463867,HIGHRES_IMU,105,73,other
35.678946018218994,POSITION_TARGET_LOCAL_NED,85,63,other
35.67903685569763,ATTITUDE,30,40,other
35.67905306816101,ATTITUDE_QUATERNION,31,44,other
35.68629693984985,GLOBAL_POSITION_INT,33,40,other
35.68643498420715,GLOBAL_POSITION_INT,33,40,other
35.68646001815796,SERVO_OUTPUT_RAW,36,24,other
35.690366983413696,ATTITUDE,30,40,other
35.69044089317322,ATTITUDE,30,40,other
35.69046497344971,ATTITUDE_QUATERNION,31,44,other
35.69456100463867,LOCAL_POSITION_NED,32,40,other
35.69462299346924,ODOMETRY,331,244,other
35.69463896751404,GPS_RAW_INT,24,56,other
35.698456048965454,HIGHRES_IMU,105,73,other
35.698493003845215,ATTITUDE_TARGET,83,48,other
35.69852089881897,ATTITUDE,30,40,other
35.69852304458618,LOCAL_POSITION_NED,32,40,other
35.69853496551514,POSITION_TARGET_LOCAL_NED,85,63,other
35.698538064956665,ATTITUDE_QUATERNION,31,44,other
35.70654606819153,GLOBAL_POSITION_INT,33,40,other
35.70654606819153,GLOBAL_POSITION_INT,33,40,other
35.70660591125488,SERVO_OUTPUT_RAW,36,24,other
35.71052002906799,ATTITUDE,30,40,other
35.71060800552368,ATTITUDE,30,40,other
35.7106728553772,ATTITUDE_QUATERNION,31,44,other
35.718441009521484,HIGHRES_IMU,105,74,other
35.71851086616516,ATTITUDE,30,40,other
35.71852898597717,ATTITUDE_QUATERNION,31,44,other
35.718570947647095,ATTITUDE_TARGET,83,48,other
35.71859908103943,LOCAL_POSITION_NED,32,40,other
35.71861004829407,POSITION_TARGET_LOCAL_NED,85,63,other
35.726465940475464,LOCAL_POSITION_NED,32,40,other
35.7264940738678,GLOBAL_POSITION_INT,33,40,other
35.72649788856506,ODOMETRY,331,244,other
35.726511001586914,GLOBAL_POSITION_INT,33,40,other
35.726521015167236,GPS_RAW_INT,24,56,other
35.72652196884155,SERVO_OUTPUT_RAW,36,24,other
35.73043894767761,ATTITUDE,30,40,other
35.73046398162842,ATTITUDE,30,40,other
35.73053503036499,ATTITUDE_QUATERNION,31,44,other
35.73857593536377,HIGHRES_IMU,105,73,other
35.73861002922058,ATTITUDE,30,40,other
35.73862385749817,ATTITUDE_QUATERNION,31,44,other
35.73874592781067,ATTITUDE_TARGET,83,48,other
35.738816022872925,LOCAL_POSITION_NED,32,40,other
35.73882794380188,POSITION_TARGET_LOCAL_NED,85,63,other
35.74643588066101,GLOBAL_POSITION_INT,33,40,other
35.746455907821655,POSITION_TARGET_GLOBAL_INT,87,63,other
35.74645686149597,GLOBAL_POSITION_INT,33,40,other
35.74652290344238,SERVO_OUTPUT_RAW,36,24,other
35.75049090385437,ATTITUDE,30,40,other
35.75049304962158,ATTITUDE,30,40,other
35.75056195259094,ATTITUDE_QUATERNION,31,44,other
35.75830292701721,TIMESYNC,111,25,other
35.758415937423706,HIGHRES_IMU,105,74,other
35.75843095779419,LOCAL_POSITION_NED,32,40,other
35.758442878723145,ATTITUDE,30,40,other
35.75845289230347,ALTITUDE,141,44,other
35.758463859558105,ATTITUDE_TARGET,83,48,other
35.758465051651,ODOMETRY,331,244,other
35.75847506523132,ATTITUDE_QUATERNION,31,44,other
35.758482933044434,ATTITUDE_TARGET,83,48,other
35.758492946624756,LOCAL_POSITION_NED,32,40,other
35.75849390029907,GPS_RAW_INT,24,56,other
35.75850486755371,POSITION_TARGET_LOCAL_NED,85,63,other
35.758506059646606,POSITION_TARGET_LOCAL_NED,85,63,other
35.75851607322693,SERVO_OUTPUT_RAW,36,24,other
35.7585289478302,SYS_STATUS,1,52,other
35.75853896141052,VFR_HUD,74,31,other
35.766282081604004,GLOBAL_POSITION_INT,33,40,other
35.766412019729614,GLOBAL_POSITION_INT,33,40,other
35.766435861587524,SERVO_OUTPUT_RAW,36,24,other
35.77049207687378,ATTITUDE,30,40,other
35.77049207687378,ATTITUDE,30,40,other
35.770561933517456,ATTITUDE_QUATERNION,31,44,other
35.77836203575134,HIGHRES_IMU,105,74,other
35.77845096588135,ATTITUDE,30,40,other
35.778467893600464,ATTITUDE_TARGET,83,48,other
35.778467893600464,ATTITUDE_QUATERNION,31,44,other
35.77849888801575,LOCAL_POSITION_NED,32,40,other
35.77851104736328,POSITION_TARGET_LOCAL_NED,85,63,other
35.78640103340149,GLOBAL_POSITION_INT,33,40,other
35.78651404380798,GLOBAL_POSITION_INT,33,40,other
35.78654193878174,SERVO_OUTPUT_RAW,36,24,other
35.79031205177307,ATTITUDE,30,40,other
35.79042387008667,GPS_RAW_INT,24,56,other
35.79046702384949,ATTITUDE,30,40,other
35.790488958358765,ATTITUDE_QUATERNION,31,44,other
35.79442095756531,LOCAL_POSITION_NED,32,40,other
35.79449486732483,ODOMETRY,331,244,other
35.79825186729431,HIGHRES_IMU,105,73,other
35.79831099510193,ATTITUDE,30,40,other
35.798338890075684,ATTITUDE_QUATERNION,31,44,other
35.79838299751282,ATTITUDE_TARGET,83,48,other
35.79841089248657,LOCAL_POSITION_NED,32,40,other
35.79841899871826,POSITION_TARGET_LOCAL_NED,85,63,other
35.8062949180603,GLOBAL_POSITION_INT,33,40,other
35.80643606185913,GLOBAL_POSITION_INT,33,40,other
35.80646204948425,SERVO_OUTPUT_RAW,36,24,other
35.81048893928528,ATTITUDE,30,40,other
35.810585021972656,ATTITUDE,30,40,other
35.81064295768738,ATTITUDE_QUATERNION,31,44,other
35.81846499443054,HIGHRES_IMU,105,73,other
35.81851100921631,ATTITUDE_TARGET,83,48,other
35.8185498714447,ATTITUDE,30,40,other
35.81855487823486,LOCAL_POSITION_NED,32,40,other
35.81856989860535,POSITION_TARGET_LOCAL_NED,85,63,other
35.81857395172119,ATTITUDE_QUATERNION,31,44,other
35.82656693458557,LOCAL_POSITION_NED,32,40,other
35.8266339302063,ODOMETRY,331,244,other
35.8266499042511,GLOBAL_POSITION_INT,33,40,other
35.82666087150574,GPS_RAW_INT,24,56,other
35.827154874801636,GLOBAL_POSITION_INT,33,40,other
35.82717990875244,SERVO_OUTPUT_RAW,36,24,other
35.83030891418457,ATTITUDE,30,40,other
35.83042788505554,ATTITUDE,30,40,other
35.83049988746643,ATTITUDE_QUATERNION,31,44,other
35.83834385871887,HIGHRES_IMU,105,74,other
35.83841109275818,ATTITUDE,30,40,other
35.838428020477295,ATTITUDE_QUATERNION,31,44,other
35.838438987731934,ATTITUDE_TARGET,83,48,other
35.83848190307617,LOCAL_POSITION_NED,32,40,other
35.83849287033081,POSITION_TARGET_LOCAL_NED,85,63,other
35.84642696380615,GLOBAL_POSITION_INT,33,40,other
35.84644293785095,GLOBAL_POSITION_INT,33,40,other
35.84646391868591,POSITION_TARGET_GLOBAL_INT,87,63,other
35.84646797180176,SERVO_OUTPUT_RAW,36,24,other
35.85062789916992,ATTITUDE,30,40,other
35.85075306892395,ATTITUDE,30,40,other
35.850817918777466,ATTITUDE_QUATERNION,31,44,other
35.858367919921875,TIMESYNC,111,25,other
35.85841608047485,HIGHRES_IMU,105,73,other
35.85843300819397,LOCAL_POSITION_NED,32,40,other
35.85844397544861,ATTITUDE,30,40,other
35.858453035354614,ALTITUDE,141,44,other
35.85845589637756,HEARTBEAT,0,21,other
35.858465909957886,ODOMETRY,331,244,other
35.85847592353821,ATTITUDE_QUATERNION,31,44,other
35.858484983444214,ATTITUDE_TARGET,83,48,other
35.85849690437317,GPS_RAW_INT,24,56,other
35.85850787162781,POSITION_TARGET_LOCAL_NED,85,63,other
35.85851788520813,SERVO_OUTPUT_RAW,36,24,other
35.85852909088135,VFR_HUD,74,31,other
35.858551025390625,ALTITUDE,141,44,other
35.85856294631958,ATTITUDE_TARGET,83,48,other
35.85857701301575,EXTENDED_SYS_STATE,245,14,other
35.85858702659607,GPS_RAW_INT,24,56,other
35.85859394073486,LOCAL_POSITION_NED,32,40,other
35.85860204696655,OPEN_DRONE_ID_LOCATION,12901,70,other
35.85860800743103,OPEN_DRONE_ID_SYSTEM,12904,37,other
35.85861396789551,POSITION_TARGET_LOCAL_NED,85,63,other
35.858619928359985,SCALED_PRESSURE,29,26,other
35.85862588882446,SYS_STATUS,1,52,other
35.85863208770752,VFR_HUD,74,31,other
35.8586368560791,UNKNOWN_8,-2,33,other
35.86660885810852,GLOBAL_POSITION_INT,33,40,other
35.86666202545166,GLOBAL_POSITION_INT,33,40,other
35.86668586730957,SERVO_OUTPUT_RAW,36,24,other
35.87038803100586,ATTITUDE,30,40,other
35.87064790725708,ATTITUDE,30,40,other
35.87071394920349,ATTITUDE_QUATERNION,31,44,other
35.87847399711609,HIGHRES_IMU,105,73,other
35.87850093841553,ATTITUDE_TARGET,83,48,other
35.87855291366577,ATTITUDE,30,40,other
35.87856888771057,ATTITUDE_QUATERNION,31,44,other
35.87856888771057,LOCAL_POSITION_NED,32,40,other
35.87858295440674,POSITION_TARGET_LOCAL_NED,85,63,other
35.88643002510071,GLOBAL_POSITION_INT,33,40,other
35.88648295402527,GLOBAL_POSITION_INT,33,40,other
35.886549949645996,SERVO_OUTPUT_RAW,36,24,other
35.89027404785156,ATTITUDE,30,40,other
35.89036297798157,GPS_RAW_INT,24,56,other
35.89041209220886,ATTITUDE,30,40,other
35.89048194885254,ATTITUDE_QUATERNION,31,44,other
35.894481897354126,LOCAL_POSITION_NED,32,40,other
35.894558906555176,ODOMETRY,331,244,other
35.898427963256836,HIGHRES_IMU,105,74,other
35.89849495887756,ATTITUDE,30,40,other
35.89851188659668,ATTITUDE_QUATERNION,31,44,other
35.898547887802124,ATTITUDE_TARGET,83,48,other
35.89857888221741,LOCAL_POSITION_NED,32,40,other
35.898590087890625,POSITION_TARGET_LOCAL_NED,85,63,other
35.906272888183594,GLOBAL_POSITION_INT,33,40,other
35.90640187263489,GLOBAL_POSITION_INT,33,40,other
35.90647888183594,SERVO_OUTPUT_RAW,36,24,other
35.91048789024353,ATTITUDE,30,40,other
35.91065788269043,ATTITUDE,30,40,other
35.91072392463684,ATTITUDE_QUATERNION,31,44,other
35.918407917022705,HIGHRES_IMU,105,74,other
35.91843008995056,ATTITUDE,30,40,other
35.91844296455383,ATTITUDE_QUATERNION,31,44,other
35.918452978134155,ATTITUDE_TARGET,83,48,other
35.918524980545044,LOCAL_POSITION_NED,32,40,other
35.91854000091553,POSITION_TARGET_LOCAL_NED,85,63,other
35.92225694656372,GPS_RAW_INT,24,56,other
35.926645040512085,LOCAL_POSITION_NED,32,40,other
35.926673889160156,GLOBAL_POSITION_INT,33,40,other
35.92673897743225,ODOMETRY,331,244,other
35.926745891571045,SERVO_OUTPUT_RAW,36,24,other
35.92675495147705,GLOBAL_POSITION_INT,33,40,other
35.93037986755371,ATTITUDE,30,40,other
35.93045091629028,ATTITUDE,30,40,other
35.930469036102295,ATTITUDE_QUATERNION,31,44,other
35.938246965408325,HIGHRES_IMU,105,73,other
35.93830490112305,ATTITUDE,30,40,other
35.93831706047058,ATTITUDE_QUATERNION,31,44,other
35.93838906288147,ATTITUDE_TARGET,83,48,other
35.93842101097107,LOCAL_POSITION_NED,32,40,other
35.938432931900024,POSITION_TARGET_LOCAL_NED,85,63,other
35.94634008407593,GLOBAL_POSITION_INT,33,40,other
35.946414947509766,GLOBAL_POSITION_INT,33,40,other
35.946430921554565,POSITION_TARGET_GLOBAL_INT,87,63,other
35.946484088897705,SERVO_OUTPUT_RAW,36,24,other
35.9504599571228,ATTITUDE,30,40,other
35.950531005859375,ATTITUDE,30,40,other
35.950594902038574,ATTITUDE_QUATERNION,31,44,other
35.95848989486694,TIMESYNC,111,25,other
35.958576917648315,ATTITUDE_TARGET,83,48,other
35.95858097076416,HIGHRES_IMU,105,74,other
35.95859408378601,LOCAL_POSITION_NED,32,40,other
35.958606004714966,ATTITUDE,30,40,other
35.95861506462097,ALTITUDE,141,44,other
35.95862793922424,ODOMETRY,331,244,other
35.958637952804565,ATTITUDE_QUATERNION,31,44,other
35.95864701271057,ATTITUDE_TARGET,83,48,other
35.958651065826416,LOCAL_POSITION_NED,32,40,other
35.958658933639526,GPS_RAW_INT,24,56,other
35.958669900894165,POSITION_TARGET_LOCAL_NED,85,63,other
35.95867896080017,SERVO_OUTPUT_RAW,36,24,other
35.95868992805481,SYS_STATUS,1,52,other
35.95869994163513,VFR_HUD,74,31,other
35.95875406265259,POSITION_TARGET_LOCAL_NED,85,63,other
35.96630501747131,GLOBAL_POSITION_INT,33,40,other
35.966450929641724,GLOBAL_POSITION_INT,33,40,other
35.96651887893677,SERVO_OUTPUT_RAW,36,24,other
35.97028303146362,ATTITUDE,30,40,other
35.97042107582092,ATTITUDE,30,40,other
35.97048807144165,ATTITUDE_QUATERNION,31,44,other
35.97842502593994,HIGHRES_IMU,105,73,other
35.97845196723938,ATTITUDE,30,40,other
35.97846698760986,ATTITUDE_QUATERNION,31,44,other
35.978506088256836,ATTITUDE_TARGET,83,48,other
35.97857403755188,LOCAL_POSITION_NED,32,40,other
35.978585958480835,POSITION_TARGET_LOCAL_NED,85,63,other
35.98625206947327,GLOBAL_POSITION_INT,33,40,other
35.98638987541199,GLOBAL_POSITION_INT,33,40,other
35.98641586303711,SERVO_OUTPUT_RAW,36,24,other
35.99079990386963,ATTITUDE,30,40,other
35.99087190628052,GPS_RAW_INT,24,56,other
35.99103307723999,ATTITUDE,30,40,other
35.99105501174927,ATTITUDE_QUATERNION,31,44,other
35.99442005157471,LOCAL_POSITION_NED,32,40,other
35.99448585510254,ODOMETRY,331,244,other
35.998409032821655,HIGHRES_IMU,105,73,other
35.99846696853638,ATTITUDE_TARGET,83,48,other
35.99847197532654,ATTITUDE,30,40,other
35.998488903045654,ATTITUDE_QUATERNION,31,44,other
35.998552083969116,LOCAL_POSITION_NED,32,40,other
35.99856400489807,POSITION_TARGET_LOCAL_NED,85,63,other
36.006717920303345,GLOBAL_POSITION_INT,33,40,other
36.00682806968689,GLOBAL_POSITION_INT,33,40,other
36.00687003135681,SERVO_OUTPUT_RAW,36,24,other
36.01028299331665,ATTITUDE,30,40,other
36.01040005683899,ATTITUDE,30,40,other
36.010464906692505,ATTITUDE_QUATERNION,31,44,other
36.018285036087036,HIGHRES_IMU,105,74,other
36.018298864364624,ATTITUDE,30,40,other
36.01830697059631,ATTITUDE_QUATERNION,31,44,other
36.01839590072632,ATTITUDE_TARGET,83,48,other
36.01845908164978,LOCAL_POSITION_NED,32,40,other
36.01847290992737,POSITION_TARGET_LOCAL_NED,85,63,other
36.02283501625061,GPS_RAW_INT,24,56,other
36.02640199661255,LOCAL_POSITION_NED,32,40,other
36.02643299102783,ODOMETRY,331,244,other
36.026448011398315,GLOBAL_POSITION_INT,33,40,other
36.02647399902344,GLOBAL_POSITION_INT,33,40,other
36.026509046554565,SERVO_OUTPUT_RAW,36,24,other
36.0302848815918,ATTITUDE,30,40,other
36.03040099143982,ATTITUDE,30,40,other
36.03045988082886,ATTITUDE_QUATERNION,31,44,other
36.038307905197144,HIGHRES_IMU,105,74,other
36.038403034210205,ATTITUDE,30,40,other
36.038431882858276,ATTITUDE_QUATERNION,31,44,other
36.0384578704834,ATTITUDE_TARGET,83,48,other
36.038532972335815,LOCAL_POSITION_NED,32,40,other
36.038546085357666,POSITION_TARGET_LOCAL_NED,85,63,other
36.046385049819946,GLOBAL_POSITION_INT,33,40,other
36.046419858932495,POSITION_TARGET_GLOBAL_INT,87,63,other
36.04648494720459,GLOBAL_POSITION_INT,33,40,other
36.04650807380676,SERVO_OUTPUT_RAW,36,24,other
36.05054998397827,ATTITUDE,30,40,other
36.05061602592468,ATTITUDE,30,40,other
36.05069303512573,ATTITUDE_QUATERNION,31,44,other
36.05439805984497,GPS_RAW_INT,24,56,other
36.05835795402527,TIMESYNC,111,25,other
36.058414936065674,HIGHRES_IMU,105,74,other
36.05842900276184,LOCAL_POSITION_NED,32,40,other
36.05843901634216,ATTITUDE,30,40,other
36.05844688415527,ALTITUDE,141,44,other
36.05844807624817,ATTITUDE_TARGET,83,48,other
36.058459997177124,ODOMETRY,331,244,other
36.058470010757446,ATTITUDE_QUATERNION,31,44,other
36.058475971221924,GPS_RAW_INT,24,56,other
36.05847907066345,ATTITUDE_TARGET,83,48,other
36.05848693847656,LOCAL_POSITION_NED,32,40,other
36.058494091033936,POSITION_TARGET_LOCAL_NED,85,63,other
36.0584979057312,POSITION_TARGET_LOCAL_NED,85,63,other
36.05850291252136,SERVO_OUTPUT_RAW,36,24,other
36.05850887298584,VFR_HUD,74,31,other
36.06653594970703,GLOBAL_POSITION_INT,33,40,other
36.06663393974304,GLOBAL_POSITION_INT,33,40,other
36.06671905517578,SERVO_OUTPUT_RAW,36,24,other
36.07096004486084,ATTITUDE,30,40,other
36.071089029312134,ATTITUDE,30,40,other
36.07110285758972,ATTITUDE_QUATERNION,31,44,other
36.07828903198242,HIGHRES_IMU,105,74,other
36.07838201522827,ATTITUDE,30,40,other
36.0784010887146,ATTITUDE_QUATERNION,31,44,other
36.07849907875061,ATTITUDE_TARGET,83,48,other
36.078526973724365,LOCAL_POSITION_NED,32,40,other
36.078537940979004,POSITION_TARGET_LOCAL_NED,85,63,other
36.086994886398315,GLOBAL_POSITION_INT,33,40,other
36.087239027023315,GLOBAL_POSITION_INT,33,40,other
36.087321043014526,SERVO_OUTPUT_RAW,36,24,other
36.09027600288391,ATTITUDE,30,40,other
36.090389013290405,GPS_RAW_INT,24,56,other
36.090409994125366,ATTITUDE,30,40,other
36.090431928634644,ATTITUDE_QUATERNION,31,44,other
36.09425687789917,LOCAL_POSITION_NED,32,40,other
36.09432005882263,ODOMETRY,331,244,other
36.09845805168152,ATTITUDE_TARGET,83,48,other
36.09845995903015,HIGHRES_IMU,105,73,other
36.09853005409241,ATTITUDE,30,40,other
36.09853506088257,LOCAL_POSITION_NED,32,40,other
36.09854793548584,ATTITUDE_QUATERNION,31,44,other
36.098548889160156,POSITION_TARGET_LOCAL_NED,85,63,other
36.10629487037659,GLOBAL_POSITION_INT,33,40,other
36.106431007385254,GLOBAL_POSITION_INT,33,40,other
36.10645794868469,SERVO_OUTPUT_RAW,36,24,other
36.11029505729675,ATTITUDE,30,40,other
36.11038899421692,ATTITUDE,30,40,other
36.11040902137756,ATTITUDE_QUATERNION,31,44,other
36.11042785644531,VFR_HUD,74,31,other
36.11841893196106,HIGHRES_IMU,105,73,other
36.118459939956665,ATTITUDE_TARGET,83,48,other
36.1184868812561,ATTITUDE,30,40,other
36.1185028553009,ATTITUDE_QUATERNION,31,44,other
36.11853504180908,LOCAL_POSITION_NED,32,40,other
36.11854887008667,POSITION_TARGET_LOCAL_NED,85,63,other
36.122336864471436,GPS_RAW_INT,24,56,other
36.123493909835815,MISSION_CURRENT,42,22,other
36.12625598907471,LOCAL_POSITION_NED,32,40,other
36.12631607055664,ODOMETRY,331,244,other
36.12636590003967,GLOBAL_POSITION_INT,33,40,other
36.12639808654785,GLOBAL_POSITION_INT,33,40,other
36.12646293640137,SERVO_OUTPUT_RAW,36,24,other
36.1305410861969,ATTITUDE,30,40,other
36.13067007064819,ATTITUDE,30,40,other
36.130687952041626,ATTITUDE_QUATERNION,31,44,other
36.138314962387085,HIGHRES_IMU,105,74,other
36.138428926467896,ATTITUDE,30,40,other
36.13844609260559,ATTITUDE_QUATERNION,31,44,other
36.138458013534546,ATTITUDE_TARGET,83,48,other
36.13848686218262,LOCAL_POSITION_NED,32,40,other
36.13849902153015,POSITION_TARGET_LOCAL_NED,85,63,other
36.146589040756226,GLOBAL_POSITION_INT,33,40,other
36.146620988845825,POSITION_TARGET_GLOBAL_INT,87,63,other
36.146689891815186,GLOBAL_POSITION_INT,33,40,other
36.14671492576599,SERVO_OUTPUT_RAW,36,24,other
36.15038800239563,ATTITUDE,30,40,other
36.1505069732666,ATTITUDE,30,40,other
36.15052890777588,ATTITUDE_QUATERNION,31,44,other
36.15449500083923,GPS_RAW_INT,24,56,other
36.15821886062622,HEARTBEAT,0,21,other
36.158282995224,TIMESYNC,111,25,other
36.15829300880432,HIGHRES_IMU,105,73,other
36.1582989692688,LOCAL_POSITION_NED,32,40,other
36.158304929733276,ATTITUDE,30,40,other
36.158310890197754,ALTITUDE,141,44,other
36.158326864242554,ODOMETRY,331,244,other
36.15836000442505,ATTITUDE_QUATERNION,31,44,other
36.15837502479553,ATTITUDE_TARGET,83,48,other
36.158376932144165,ATTITUDE_TARGET,83,48,other
36.15838599205017,ESTIMATOR_STATUS,230,54,other
36.15839695930481,EXTENDED_SYS_STATE,245,14,other
36.15840792655945,LOCAL_POSITION_NED,32,40,other
36.15841197967529,OPEN_DRONE_ID_LOCATION,12901,70,other
36.15842008590698,POSITION_TARGET_LOCAL_NED,85,63,other
36.1584210395813,OPEN_DRONE_ID_SYSTEM,12904,37,other
36.15843105316162,PING,4,21,other
36.15843987464905,POSITION_TARGET_LOCAL_NED,85,63,other
36.15844988822937,SCALED_PRESSURE,29,26,other
36.158458948135376,SERVO_OUTPUT_RAW,36,24,other
36.1584689617157,SYS_STATUS,1,52,other
36.158474922180176,SYSTEM_TIME,2,22,other
36.15848088264465,VFR_HUD,74,31,other
36.15848708152771,UNKNOWN_8,-2,33,other
36.15949606895447,HEARTBEAT,0,21,other
36.159815073013306,PING,4,26,other
36.16262888908386,HEARTBEAT,0,21,other
36.1663179397583,GLOBAL_POSITION_INT,33,40,other
36.16645693778992,GLOBAL_POSITION_INT,33,40,other
36.16651105880737,SERVO_OUTPUT_RAW,36,24,other
36.17048192024231,ATTITUDE,30,40,other
36.17049694061279,ATTITUDE,30,40,other
36.170620918273926,ATTITUDE_QUATERNION,31,44,other
36.178701877593994,HIGHRES_IMU,105,74,other
36.1788010597229,ATTITUDE,30,40,other
36.17880296707153,ATTITUDE_TARGET,83,48,other
36.17882299423218,ATTITUDE_QUATERNION,31,44,other
36.17884087562561,LOCAL_POSITION_NED,32,40,other
36.17885398864746,POSITION_TARGET_LOCAL_NED,85,63,other
36.18637800216675,GLOBAL_POSITION_INT,33,40,other
36.186444997787476,GPS_RAW_INT,24,56,other
36.1864709854126,GLOBAL_POSITION_INT,33,40,other
36.18651103973389,SERVO_OUTPUT_RAW,36,24,other
36.190316915512085,ATTITUDE,30,40,other
36.1904079914093,ATTITUDE,30,40,other
36.19047498703003,ATTITUDE_QUATERNION,31,44,other
36.194560050964355,LOCAL_POSITION_NED,32,40,other
36.194628953933716,ODOMETRY,331,244,other
36.19831395149231,HIGHRES_IMU,105,74,other
36.198384046554565,ATTITUDE_TARGET,83,48,other
36.19838500022888,ATTITUDE,30,40,other
36.198400020599365,ATTITUDE_QUATERNION,31,44,other
36.19841003417969,LOCAL_POSITION_NED,32,40,other
36.19842195510864,POSITION_TARGET_LOCAL_NED,85,63,other
36.2020308971405,HEARTBEAT,0,21,other
36.20231008529663,HEARTBEAT,0,21,other
36.20633888244629,GLOBAL_POSITION_INT,33,40,other
36.20642399787903,GLOBAL_POSITION_INT,33,40,other
36.20650100708008,SERVO_OUTPUT_RAW,36,24,other
36.21099805831909,ATTITUDE,30,40,other
36.21115589141846,ATTITUDE,30,40,other
36.21121788024902,ATTITUDE_QUATERNION,31,44,other
36.21840286254883,HIGHRES_IMU,105,73,other
36.21842694282532,ATTITUDE,30,40,other
36.218441009521484,ATTITUDE_QUATERNION,31,44,other
36.2184579372406,ATTITUDE_TARGET,83,48,other
36.2185320854187,LOCAL_POSITION_NED,32,40,other
36.21854591369629,POSITION_TARGET_LOCAL_NED,85,63,other
36.22260403633118,GPS_RAW_INT,24,56,other
36.2266800403595,LOCAL_POSITION_NED,32,40,other
36.22676396369934,ODOMETRY,331,244,other
36.22678089141846,GLOBAL_POSITION_INT,33,40,other
36.22681403160095,GLOBAL_POSITION_INT,33,40,other
36.22688007354736,SERVO_OUTPUT_RAW,36,24,other
36.23049998283386,ATTITUDE,30,40,other
36.23058795928955,ATTITUDE,30,40,other
36.23065495491028,ATTITUDE_QUATERNION,31,44,other
36.238555908203125,HIGHRES_IMU,105,73,other
36.23865604400635,ATTITUDE,30,40,other
36.23867201805115,ATTITUDE_QUATERNION,31,44,other
36.238730907440186,ATTITUDE_TARGET,83,48,other
36.23876190185547,LOCAL_POSITION_NED,32,40,other
36.23877501487732,POSITION_TARGET_LOCAL_NED,85,63,other
36.246309995651245,GLOBAL_POSITION_INT,33,40,other
36.24640393257141,POSITION_TARGET_GLOBAL_INT,87,63,other
36.246418952941895,GLOBAL_POSITION_INT,33,40,other
36.246443033218384,POSITION_TARGET_GLOBAL_INT,87,63,other
36.24645495414734,SERVO_OUTPUT_RAW,36,24,other
36.250293016433716,ATTITUDE,30,40,other
36.250415086746216,ATTITUDE,30,40,other
36.25048089027405,ATTITUDE_QUATERNION,31,44,other
36.25103306770325,MISSION_CURRENT,42,22,other
36.25509691238403,GPS_RAW_INT,24,56,other
36.25842094421387,TIMESYNC,111,25,other
36.25845503807068,ATTITUDE_TARGET,83,48,other
36.25849103927612,HIGHRES_IMU,105,74,other
36.258503913879395,LOCAL_POSITION_NED,32,40,other
36.25851607322693,ATTITUDE,30,40,other
36.258524894714355,ALTITUDE,141,44,other
36.25853896141052,ODOMETRY,331,244,other
36.25854206085205,GPS_RAW_INT,24,56,other
36.25854802131653,ATTITUDE_QUATERNION,31,44,other
36.25855493545532,LOCAL_POSITION_NED,32,40,other
36.25855588912964,ATTITUDE_TARGET,83,48,other
36.25856685638428,POSITION_TARGET_LOCAL_NED,85,63,other
36.25856900215149,POSITION_TARGET_LOCAL_NED,85,63,other
36.258578062057495,SERVO_OUTPUT_RAW,36,24,other
36.25858688354492,VFR_HUD,74,31,other
36.26626491546631,GLOBAL_POSITION_INT,33,40,other
36.26639699935913,GLOBAL_POSITION_INT,33,40,other
36.26646304130554,SERVO_OUTPUT_RAW,36,24,other
36.270516872406006,ATTITUDE,30,40,other
36.27061486244202,ATTITUDE,30,40,other
36.270684003829956,ATTITUDE_QUATERNION,31,44,other
36.27837896347046,HIGHRES_IMU,105,73,other
36.27840805053711,ATTITUDE,30,40,other
36.27842402458191,ATTITUDE_QUATERNION,31,44,other
36.278444051742554,ATTITUDE_TARGET,83,48,other
36.2785120010376,LOCAL_POSITION_NED,32,40,other
36.27852487564087,POSITION_TARGET_LOCAL_NED,85,63,other
36.2865629196167,GLOBAL_POSITION_INT,33,40,other
36.28662991523743,GPS_RAW_INT,24,56,other
36.28663086891174,GLOBAL_POSITION_INT,33,40,other
36.28665804862976,SERVO_OUTPUT_RAW,36,24,other
36.290436029434204,ATTITUDE,30,40,other
36.29045796394348,ATTITUDE,30,40,other
36.29051494598389,ATTITUDE_QUATERNION,31,44,other
36.29438495635986,LOCAL_POSITION_NED,32,40,other
36.294414043426514,ODOMETRY,331,244,other
36.29828190803528,HIGHRES_IMU,105,73,other
36.29838991165161,ATTITUDE,30,40,other
36.29840707778931,ATTITUDE_QUATERNION,31,44,other
36.298495054244995,ATTITUDE_TARGET,83,48,other
36.29856491088867,LOCAL_POSITION_NED,32,40,other
36.29857802391052,POSITION_TARGET_LOCAL_NED,85,63,other
36.306411027908325,GLOBAL_POSITION_INT,33,40,other
36.306488037109375,GLOBAL_POSITION_INT,33,40,other
36.3065550327301,SERVO_OUTPUT_RAW,36,24,other
36.310455083847046,ATTITUDE,30,40,other
36.310471057891846,ATTITUDE,30,40,other
36.31054091453552,ATTITUDE_QUATERNION,31,44,other
36.31858491897583,HIGHRES_IMU,105,74,other
36.31864905357361,ATTITUDE,30,40,other
36.31871199607849,ATTITUDE_QUATERNION,31,44,other
36.318732023239136,GPS_RAW_INT,24,56,other
36.31882286071777,ATTITUDE_TARGET,83,48,other
36.31889986991882,LOCAL_POSITION_NED,32,40,other
36.31891489028931,POSITION_TARGET_LOCAL_NED,85,63,other
36.326420068740845,LOCAL_POSITION_NED,32,40,other
36.32643699645996,GLOBAL_POSITION_INT,33,40,other
36.326488971710205,ODOMETRY,331,244,other
36.32650399208069,GLOBAL_POSITION_INT,33,40,other
36.326504945755005,SERVO_OUTPUT_RAW,36,24,other
36.330300092697144,ATTITUDE,30,40,other
36.330424070358276,ATTITUDE,30,40,other
36.33048605918884,ATTITUDE_QUATERNION,31,44,other
36.33830404281616,HIGHRES_IMU,105,74,other
36.33840489387512,ATTITUDE,30,40,other
36.33842706680298,ATTITUDE_QUATERNION,31,44,other
36.33845090866089,ATTITUDE_TARGET,83,48,other
36.33852195739746,LOCAL_POSITION_NED,32,40,other
36.33853602409363,POSITION_TARGET_LOCAL_NED,85,63,other
36.346461057662964,GLOBAL_POSITION_INT,33,40,other
36.346543073654175,POSITION_TARGET_GLOBAL_INT,87,63,other
36.34664607048035,GLOBAL_POSITION_INT,33,40,other
36.34671401977539,SERVO_OUTPUT_RAW,36,24,other
36.350903034210205,ATTITUDE,30,40,other
36.350971937179565,ATTITUDE,30,40,other
36.35103988647461,ATTITUDE_QUATERNION,31,44,other
36.354413986206055,GPS_RAW_INT,24,56,other
36.35830903053284,TIMESYNC,111,25,other
36.35843801498413,HIGHRES_IMU,105,73,other
36.358453035354614,LOCAL_POSITION_NED,32,40,other
36.35846400260925,ATTITUDE,30,40,other
36.358474016189575,ALTITUDE,141,44,other
36.35848593711853,ODOMETRY,331,244,other
36.35849189758301,ATTITUDE_QUATERNION,31,44,other
36.358497858047485,ATTITUDE_TARGET,83,48,other
36.35850787162781,POSITION_TARGET_LOCAL_NED,85,63,other
36.358519077301025,SERVO_OUTPUT_RAW,36,24,other
36.358530044555664,SYS_STATUS,1,52,other
36.35853886604309,VFR_HUD,74,31,other
36.35858392715454,ATTITUDE_TARGET,83,48,other
36.35861301422119,LOCAL_POSITION_NED,32,40,other
36.35862398147583,POSITION_TARGET_LOCAL_NED,85,63,other
36.35863494873047,VFR_HUD,74,31,other
36.36655306816101,GLOBAL_POSITION_INT,33,40,other
36.366666078567505,GLOBAL_POSITION_INT,33,40,other
36.366734981536865,SERVO_OUTPUT_RAW,36,24,other
36.370320081710815,ATTITUDE,30,40,other
36.3704719543457,ATTITUDE,30,40,other
36.370524883270264,ATTITUDE_QUATERNION,31,44,other
36.37841296195984,HIGHRES_IMU,105,74,other
36.37848091125488,ATTITUDE,30,40,other
36.37849807739258,ATTITUDE_QUATERNION,31,44,other
36.378551959991455,ATTITUDE_TARGET,83,48,other
36.37862205505371,LOCAL_POSITION_NED,32,40,other
36.37863492965698,POSITION_TARGET_LOCAL_NED,85,63,other
36.386470079422,GLOBAL_POSITION_INT,33,40,other
36.38653302192688,GPS_RAW_INT,24,56,other
36.386558055877686,GLOBAL_POSITION_INT,33,40,other
36.38657999038696,SERVO_OUTPUT_RAW,36,24,other
36.39033889770508,ATTITUDE,30,40,other
36.390434980392456,ATTITUDE,30,40,other
36.3904550075531,ATTITUDE_QUATERNION,31,44,other
36.39443397521973,LOCAL_POSITION_NED,32,40,other
36.39450788497925,ODOMETRY,331,244,other
36.39838790893555,HIGHRES_IMU,105,73,other
36.39842104911804,ATTITUDE,30,40,other
36.39843702316284,ATTITUDE_QUATERNION,31,44,other
36.3985550403595,ATTITUDE_TARGET,83,48,other
36.39858388900757,LOCAL_POSITION_NED,32,40,other
36.39859485626221,POSITION_TARGET_LOCAL_NED,85,63,other
36.406391859054565,GLOBAL_POSITION_INT,33,40,other
36.40663194656372,GLOBAL_POSITION_INT,33,40,other
36.40665793418884,SERVO_OUTPUT_RAW,36,24,other
36.410428047180176,ATTITUDE,30,40,other
36.41059398651123,ATTITUDE,30,40,other
36.41065192222595,ATTITUDE_QUATERNION,31,44,other
36.418405055999756,HIGHRES_IMU,105,73,other
36.41843008995056,ATTITUDE,30,40,other
36.41844606399536,ATTITUDE_QUATERNION,31,44,other
36.41845893859863,GPS_RAW_INT,24,56,other
36.41847491264343,ATTITUDE_TARGET,83,48,other
36.41854691505432,LOCAL_POSITION_NED,32,40,other
36.41856098175049,POSITION_TARGET_LOCAL_NED,85,63,other
36.426668882369995,LOCAL_POSITION_NED,32,40,other
36.426740884780884,ODOMETRY,331,244,other
36.426753997802734,GLOBAL_POSITION_INT,33,40,other
36.42676401138306,GLOBAL_POSITION_INT,33,40,other
36.426785945892334,SERVO_OUTPUT_RAW,36,24,other
36.430397033691406,ATTITUDE,30,40,other
36.43049693107605,ATTITUDE,30,40,other
36.4305579662323,ATTITUDE_QUATERNION,31,44,other
36.43826198577881,HIGHRES_IMU,105,74,other
36.4383270740509,ATTITUDE,30,40,other
36.43833899497986,ATTITUDE_QUATERNION,31,44,other
36.43841004371643,ATTITUDE_TARGET,83,48,other
36.43847703933716,LOCAL_POSITION_NED,32,40,other
36.43848991394043,POSITION_TARGET_LOCAL_NED,85,63,other
36.44646191596985,GLOBAL_POSITION_INT,33,40,other
36.44646191596985,GLOBAL_POSITION_INT,33,40,other
36.44648790359497,SERVO_OUTPUT_RAW,36,24,other
36.44653296470642,POSITION_TARGET_GLOBAL_INT,87,63,other
36.45042085647583,ATTITUDE,30,40,other
36.450490951538086,GPS_RAW_INT,24,56,other
36.450520038604736,ATTITUDE,30,40,other
36.45057392120361,ATTITUDE_QUATERNION,31,44,other
36.45850992202759,TIMESYNC,111,25,other
36.45857906341553,HIGHRES_IMU,105,74,other
36.45858597755432,LOCAL_POSITION_NED,32,40,other
36.45859408378601,ATTITUDE,30,40,other
36.458600997924805,ALTITUDE,141,44,other
36.458613872528076,ODOMETRY,331,244,other
36.45862102508545,ATTITUDE_QUATERNION,31,44,other
36.45862698554993,ATTITUDE_TARGET,83,48,other
36.4586398601532,POSITION_TARGET_LOCAL_NED,85,63,other
36.45864295959473,ATTITUDE_TARGET,83,48,other
36.45864987373352,SERVO_OUTPUT_RAW,36,24,other
36.45866394042969,VFR_HUD,74,31,other
36.45872187614441,GPS_RAW_INT,24,56,other
36.45874500274658,LOCAL_POSITION_NED,32,40,other
36.45875692367554,POSITION_TARGET_LOCAL_NED,85,63,other
36.46648693084717,GLOBAL_POSITION_INT,33,40,other
36.466506004333496,GLOBAL_POSITION_INT,33,40,other
36.46658205986023,SERVO_OUTPUT_RAW,36,24,other
36.470252990722656,ATTITUDE,30,40,other
36.4704110622406,ATTITUDE,30,40,other
36.47043585777283,ATTITUDE_QUATERNION,31,44,other
36.478379011154175,HIGHRES_IMU,105,74,other
36.4784049987793,ATTITUDE,30,40,other
36.4784209728241,ATTITUDE_QUATERNION,31,44,other
36.478468894958496,ATTITUDE_TARGET,83,48,other
36.47858500480652,LOCAL_POSITION_NED,32,40,other
36.478599071502686,POSITION_TARGET_LOCAL_NED,85,63,other
36.48625087738037,GLOBAL_POSITION_INT,33,40,other
36.48631286621094,GPS_RAW_INT,24,56,other
36.48641800880432,GLOBAL_POSITION_INT,33,40,other
36.48645305633545,SERVO_OUTPUT_RAW,36,24,other
36.49058294296265,ATTITUDE,30,40,other
36.490638971328735,ATTITUDE,30,40,other
36.490747928619385,ATTITUDE_QUATERNION,31,44,other
36.4944429397583,LOCAL_POSITION_NED,32,40,other
36.494515895843506,ODOMETRY,331,244,other
36.49842286109924,HIGHRES_IMU,105,74,other
36.49845290184021,ATTITUDE_TARGET,83,48,other
36.49848198890686,LOCAL_POSITION_NED,32,40,other
36.49848389625549,ATTITUDE,30,40,other
36.498493909835815,POSITION_TARGET_LOCAL_NED,85,63,other
36.49849605560303,ATTITUDE_QUATERNION,31,44,other
36.50673294067383,GLOBAL_POSITION_INT,33,40,other
36.5068039894104,GLOBAL_POSITION_INT,33,40,other
36.50682997703552,SERVO_OUTPUT_RAW,36,24,other
36.51031303405762,ATTITUDE,30,40,other
36.5104398727417,ATTITUDE,30,40,other
36.510504961013794,ATTITUDE_QUATERNION,31,44,other
36.51836109161377,HIGHRES_IMU,105,73,other
36.51838707923889,ATTITUDE,30,40,other
36.518455028533936,ATTITUDE_QUATERNION,31,44,other
36.51847004890442,GPS_RAW_INT,24,56,other
36.518478870391846,ATTITUDE_TARGET,83,48,other
36.51854991912842,LOCAL_POSITION_NED,32,40,other
36.51856303215027,POSITION_TARGET_LOCAL_NED,85,63,other
36.52632808685303,LOCAL_POSITION_NED,32,40,other
36.52641487121582,ODOMETRY,331,244,other
36.52642893791199,GLOBAL_POSITION_INT,33,40,other
36.52644205093384,GLOBAL_POSITION_INT,33,40,other
36.52646803855896,SERVO_OUTPUT_RAW,36,24,other
36.530282974243164,ATTITUDE,30,40,other
36.5303750038147,ATTITUDE,30,40,other
36.53039598464966,ATTITUDE_QUATERNION,31,44,other
36.53858995437622,HIGHRES_IMU,105,73,other
36.53864598274231,ATTITUDE,30,40,other
36.53866195678711,ATTITUDE_QUATERNION,31,44,other
36.53874897956848,ATTITUDE_TARGET,83,48,other
36.53881788253784,LOCAL_POSITION_NED,32,40,other
36.53883099555969,POSITION_TARGET_LOCAL_NED,85,63,other
36.54632806777954,GLOBAL_POSITION_INT,33,40,other
36.546406984329224,POSITION_TARGET_GLOBAL_INT,87,63,other
36.54646301269531,GLOBAL_POSITION_INT,33,40,other
36.546489000320435,SERVO_OUTPUT_RAW,36,24,other
36.550570011138916,ATTITUDE,30,40,other
36.55065608024597,GPS_RAW_INT,24,56,other
36.55065894126892,ATTITUDE,30,40,other
36.55068898200989,ATTITUDE_QUATERNION,31,44,other
36.55840706825256,TIMESYNC,111,25,other
36.558434009552,HIGHRES_IMU,105,74,other
36.558444023132324,LOCAL_POSITION_NED,32,40,other
36.55845594406128,ATTITUDE,30,40,other
36.558465003967285,ALTITUDE,141,44,other
36.55847692489624,ODOMETRY,331,244,other
36.558485984802246,ATTITUDE_QUATERNION,31,44,other
36.55849504470825,ATTITUDE_TARGET,83,48,other
36.55850696563721,POSITION_TARGET_LOCAL_NED,85,63,other
36.55850791931152,ATTITUDE_TARGET,83,48,other
36.55851602554321,SERVO_OUTPUT_RAW,36,24,other
36.55852794647217,SYS_STATUS,1,52,other
36.55853796005249,VFR_HUD,74,31,other
36.55857586860657,LOCAL_POSITION_NED,32,40,other
36.558589935302734,POSITION_TARGET_LOCAL_NED,85,63,other
36.56660795211792,GLOBAL_POSITION_INT,33,40,other
36.56666088104248,GLOBAL_POSITION_INT,33,40,other
36.566730976104736,SERVO_OUTPUT_RAW,36,24,other
36.570528984069824,ATTITUDE,30,40,other
36.5706090927124,ATTITUDE,30,40,other
36.57067894935608,ATTITUDE_QUATERNION,31,44,other
36.578288078308105,HIGHRES_IMU,105,73,other
36.57837796211243,ATTITUDE,30,40,other
36.57839608192444,ATTITUDE_QUATERNION,31,44,other
36.57841491699219,ATTITUDE_TARGET,83,48,other
36.57847595214844,LOCAL_POSITION_NED,32,40,other
36.57848596572876,POSITION_TARGET_LOCAL_NED,85,63,other
36.58245897293091,GPS_RAW_INT,24,56,other
36.58631992340088,GLOBAL_POSITION_INT,33,40,other
36.5870099067688,GLOBAL_POSITION_INT,33,40,other
36.587066888809204,SERVO_OUTPUT_RAW,36,24,other
36.59034299850464,ATTITUDE,30,40,other
36.590489864349365,ATTITUDE,30,40,other
36.5905499458313,ATTITUDE_QUATERNION,31,44,other
36.59428787231445,LOCAL_POSITION_NED,32,40,other
36.59436392784119,ODOMETRY,331,244,other
36.598613023757935,HIGHRES_IMU,105,74,other
36.59868001937866,ATTITUDE,30,40,other
36.59869194030762,ATTITUDE_TARGET,83,48,other
36.59869694709778,ATTITUDE_QUATERNION,31,44,other
36.59872102737427,LOCAL_POSITION_NED,32,40,other
36.598731994628906,POSITION_TARGET_LOCAL_NED,85,63,other
36.60630702972412,GLOBAL_POSITION_INT,33,40,other
36.606399059295654,GLOBAL_POSITION_INT,33,40,other
36.60646390914917,SERVO_OUTPUT_RAW,36,24,other
36.610260009765625,ATTITUDE,30,40,other
36.61046099662781,ATTITUDE,30,40,other
36.610514879226685,ATTITUDE_QUATERNION,31,44,other
36.61053705215454,VFR_HUD,74,31,other
36.618431091308594,HIGHRES_IMU,105,74,other
36.618505001068115,ATTITUDE,30,40,other
36.618520975112915,ATTITUDE_QUATERNION,31,44,other
36.61852788925171,ATTITUDE_TARGET,83,48,other
36.618534088134766,GPS_RAW_INT,24,56,other
36.618561029434204,LOCAL_POSITION_NED,32,40,other
36.61857295036316,POSITION_TARGET_LOCAL_NED,85,63,other
36.62622785568237,LOCAL_POSITION_NED,32,40,other
36.62628507614136,ODOMETRY,331,244,other
36.62629699707031,GLOBAL_POSITION_INT,33,40,other
36.62641906738281,GLOBAL_POSITION_INT,33,40,other
36.62648391723633,SERVO_OUTPUT_RAW,36,24,other
36.63044285774231,ATTITUDE,30,40,other
36.63052487373352,ATTITUDE,30,40,other
36.6306529045105,ATTITUDE_QUATERNION,31,44,other
36.63830208778381,HIGHRES_IMU,105,73,other
36.63838195800781,ATTITUDE,30,40,other
36.63838291168213,ATTITUDE_TARGET,83,48,other
36.63839888572693,ATTITUDE_QUATERNION,31,44,other
36.638407945632935,LOCAL_POSITION_NED,32,40,other
36.63841986656189,POSITION_TARGET_LOCAL_NED,85,63,other
36.64651107788086,GLOBAL_POSITION_INT,33,40,other
36.646514892578125,GLOBAL_POSITION_INT,33,40,other
36.646589040756226,SERVO_OUTPUT_RAW,36,24,other
36.646591901779175,POSITION_TARGET_GLOBAL_INT,87,63,other
36.65039587020874,ATTITUDE,30,40,other
36.650469064712524,GPS_RAW_INT,24,56,other
36.65047597885132,ATTITUDE,30,40,other
36.650542974472046,ATTITUDE_QUATERNION,31,44,other
36.65827393531799,TIMESYNC,111,25,other
36.658374071121216,HIGHRES_IMU,105,73,other
36.658390045166016,LOCAL_POSITION_NED,32,40,other
36.65839695930481,ATTITUDE_TARGET,83,48,other
36.65840196609497,ATTITUDE,30,40,other
36.65841293334961,ALTITUDE,141,44,other
36.658425092697144,GPS_RAW_INT,24,56,other
36.65842604637146,ODOMETRY,331,244,other
36.65843605995178,ATTITUDE_QUATERNION,31,44,other
36.6584370136261,LOCAL_POSITION_NED,32,40,other
36.65844392776489,ATTITUDE_TARGET,83,48,other
36.658448934555054,POSITION_TARGET_LOCAL_NED,85,63,other
36.65845799446106,POSITION_TARGET_LOCAL_NED,85,63,other
36.658467054367065,SERVO_OUTPUT_RAW,36,24,other
36.658474922180176,VFR_HUD,74,31,other
36.66639494895935,GLOBAL_POSITION_INT,33,40,other
36.66656303405762,GLOBAL_POSITION_INT,33,40,other
36.66662907600403,SERVO_OUTPUT_RAW,36,24,other
36.670286893844604,ATTITUDE,30,40,other
36.67043590545654,ATTITUDE,30,40,other
36.6705060005188,ATTITUDE_QUATERNION,31,44,other
36.67863392829895,HIGHRES_IMU,105,74,other
36.678704023361206,ATTITUDE,30,40,other
36.67871594429016,ATTITUDE_QUATERNION,31,44,other
36.678719997406006,ATTITUDE_TARGET,83,48,other
36.67875003814697,LOCAL_POSITION_NED,32,40,other
36.67876100540161,POSITION_TARGET_LOCAL_NED,85,63,other
36.682302951812744,GPS_RAW_INT,24,56,other
36.68628406524658,GLOBAL_POSITION_INT,33,40,other
36.68643498420715,GLOBAL_POSITION_INT,33,40,other
36.68651008605957,SERVO_OUTPUT_RAW,36,24,other
36.690495014190674,ATTITUDE,30,40,other
36.69051790237427,ATTITUDE,30,40,other
36.690550088882446,ATTITUDE_QUATERNION,31,44,other
36.69463086128235,LOCAL_POSITION_NED,32,40,other
36.694658041000366,ODOMETRY,331,244,other

51.44236397743225,GLOBAL_POSITION_INT,33,40,other
51.4424729347229,GLOBAL_POSITION_INT,33,40,other
51.442501068115234,SERVO_OUTPUT_RAW,36,24,other
51.44608497619629,ATTITUDE,30,40,other
51.446223974227905,ATTITUDE,30,40,other
51.44628596305847,ATTITUDE_QUATERNION,31,44,other
51.45397400856018,HIGHRES_IMU,105,74,other
51.45403695106506,ATTITUDE,30,40,other
51.45405387878418,ATTITUDE_QUATERNION,31,44,other
51.45408391952515,ATTITUDE_TARGET,83,48,other
51.454153060913086,LOCAL_POSITION_NED,32,40,other
51.454166889190674,POSITION_TARGET_LOCAL_NED,85,63,other
51.46208190917969,LOCAL_POSITION_NED,32,40,other
51.46210193634033,ODOMETRY,331,244,other
51.4621160030365,GLOBAL_POSITION_INT,33,40,other
51.46218490600586,GLOBAL_POSITION_INT,33,40,other
51.46225190162659,SERVO_OUTPUT_RAW,36,24,other
51.4660210609436,ATTITUDE,30,40,other
51.466084003448486,GPS_RAW_INT,24,56,other
51.46610188484192,ATTITUDE,30,40,other
51.46612906455994,ATTITUDE_QUATERNION,31,44,other
51.47421193122864,HIGHRES_IMU,105,73,other
51.474287033081055,ATTITUDE_TARGET,83,48,other
51.474287033081055,ATTITUDE,30,40,other
51.474303007125854,ATTITUDE_QUATERNION,31,44,other
51.47431492805481,LOCAL_POSITION_NED,32,40,other
51.47432589530945,POSITION_TARGET_LOCAL_NED,85,63,other
51.48205208778381,GLOBAL_POSITION_INT,33,40,other
51.48212289810181,POSITION_TARGET_GLOBAL_INT,87,63,other
51.48219609260559,GLOBAL_POSITION_INT,33,40,other
51.482223987579346,SERVO_OUTPUT_RAW,36,24,other
51.48598599433899,ATTITUDE,30,40,other
51.486088037490845,ATTITUDE,30,40,other
51.48615288734436,ATTITUDE_QUATERNION,31,44,other
51.49405789375305,TIMESYNC,111,25,other
51.49412298202515,HIGHRES_IMU,105,74,other
51.4941349029541,LOCAL_POSITION_NED,32,40,other
51.494144916534424,ATTITUDE,30,40,other
51.4941508769989,ATTITUDE_TARGET,83,48,other
51.49415397644043,ALTITUDE,141,44,other
51.49416708946228,ODOMETRY,331,244,other
51.49417805671692,ATTITUDE_QUATERNION,31,44,other
51.494179010391235,LOCAL_POSITION_NED,32,40,other
51.494186878204346,ATTITUDE_TARGET,83,48,other
51.49419093132019,POSITION_TARGET_LOCAL_NED,85,63,other
51.494199991226196,POSITION_TARGET_LOCAL_NED,85,63,other
51.49421000480652,SERVO_OUTPUT_RAW,36,24,other
51.49422001838684,SYS_STATUS,1,52,other
51.49423098564148,VFR_HUD,74,31,other
51.49801993370056,GPS_RAW_INT,24,56,other
51.50208306312561,GLOBAL_POSITION_INT,33,40,other
51.50219106674194,GLOBAL_POSITION_INT,33,40,other
51.50221586227417,SERVO_OUTPUT_RAW,36,24,other
51.50613594055176,ATTITUDE,30,40,other
51.506267070770264,ATTITUDE,30,40,other
51.5063099861145,ATTITUDE_QUATERNION,31,44,other
51.51402997970581,HIGHRES_IMU,105,73,other
51.51409697532654,ATTITUDE,30,40,other
51.51410889625549,ATTITUDE_QUATERNION,31,44,other
51.514127016067505,ATTITUDE_TARGET,83,48,other
51.514150857925415,LOCAL_POSITION_NED,32,40,other
51.51416206359863,POSITION_TARGET_LOCAL_NED,85,63,other
51.52242994308472,GLOBAL_POSITION_INT,33,40,other
51.52256488800049,GLOBAL_POSITION_INT,33,40,other
51.5226309299469,SERVO_OUTPUT_RAW,36,24,other
51.52603197097778,ATTITUDE,30,40,other
51.526134967803955,ATTITUDE,30,40,other
51.52619194984436,ATTITUDE_QUATERNION,31,44,other
51.53010106086731,LOCAL_POSITION_NED,32,40,other
51.530160903930664,ODOMETRY,331,244,other
51.5301718711853,GPS_RAW_INT,24,56,other
51.53411388397217,HIGHRES_IMU,105,73,other
51.53418588638306,ATTITUDE,30,40,other
51.534201860427856,ATTITUDE_QUATERNION,31,44,other
51.53430891036987,ATTITUDE_TARGET,83,48,other
51.53438186645508,LOCAL_POSITION_NED,32,40,other
51.53439497947693,POSITION_TARGET_LOCAL_NED,85,63,other
51.542118072509766,GLOBAL_POSITION_INT,33,40,other
51.54223704338074,GLOBAL_POSITION_INT,33,40,other
51.54225993156433,SERVO_OUTPUT_RAW,36,24,other
51.546042919158936,ATTITUDE,30,40,other
51.5461368560791,ATTITUDE,30,40,other
51.546201944351196,ATTITUDE_QUATERNION,31,44,other
51.546221017837524,VFR_HUD,74,31,other
51.55404186248779,HIGHRES_IMU,105,74,other
51.55410194396973,ATTITUDE,30,40,other
51.55412197113037,ATTITUDE_QUATERNION,31,44,other
51.554152965545654,ATTITUDE_TARGET,83,48,other
51.55421996116638,LOCAL_POSITION_NED,32,40,other
51.55423307418823,POSITION_TARGET_LOCAL_NED,85,63,other
51.56200408935547,LOCAL_POSITION_NED,32,40,other
51.562068939208984,ODOMETRY,331,244,other
51.56208395957947,GLOBAL_POSITION_INT,33,40,other
51.562103033065796,GLOBAL_POSITION_INT,33,40,other
51.562126874923706,SERVO_OUTPUT_RAW,36,24,other
51.56625699996948,ATTITUDE,30,40,other
51.56633806228638,GPS_RAW_INT,24,56,other
51.56633806228638,ATTITUDE,30,40,other
51.56636095046997,ATTITUDE_QUATERNION,31,44,other
51.574142932891846,HIGHRES_IMU,105,74,other
51.574207067489624,ATTITUDE,30,40,other
51.57422208786011,ATTITUDE_TARGET,83,48,other
51.574223041534424,ATTITUDE_QUATERNION,31,44,other
51.57425308227539,LOCAL_POSITION_NED,32,40,other
51.574265003204346,POSITION_TARGET_LOCAL_NED,85,63,other
51.58217787742615,GLOBAL_POSITION_INT,33,40,other
51.582242012023926,POSITION_TARGET_GLOBAL_INT,87,63,other
51.582277059555054,GLOBAL_POSITION_INT,33,40,other
51.582300901412964,SERVO_OUTPUT_RAW,36,24,other
51.58605408668518,ATTITUDE,30,40,other
51.586174964904785,ATTITUDE,30,40,other
51.58624601364136,ATTITUDE_QUATERNION,31,44,other
51.59404897689819,TIMESYNC,111,25,other
51.59411406517029,HIGHRES_IMU,105,74,other
51.59412598609924,LOCAL_POSITION_NED,32,40,other
51.594135999679565,ATTITUDE,30,40,other
51.59414505958557,ALTITUDE,141,44,other
51.59415888786316,ODOMETRY,331,244,other
51.594160079956055,ATTITUDE_TARGET,83,48,other
51.59416890144348,ATTITUDE_QUATERNION,31,44,other
51.59417796134949,ATTITUDE_TARGET,83,48,other
51.594183921813965,GPS_RAW_INT,24,56,other
51.59419107437134,POSITION_TARGET_LOCAL_NED,85,63,other
51.59419393539429,LOCAL_POSITION_NED,32,40,other
51.59420108795166,SERVO_OUTPUT_RAW,36,24,other
51.59420394897461,POSITION_TARGET_LOCAL_NED,85,63,other
51.5942108631134,VFR_HUD,74,31,other
51.59815692901611,GPS_RAW_INT,24,56,other
51.602062940597534,GLOBAL_POSITION_INT,33,40,other
51.602108001708984,GLOBAL_POSITION_INT,33,40,other
51.60217308998108,SERVO_OUTPUT_RAW,36,24,other
51.60601496696472,ATTITUDE,30,40,other
51.60610103607178,ATTITUDE,30,40,other
51.606157064437866,ATTITUDE_QUATERNION,31,44,other
51.61417603492737,HIGHRES_IMU,105,74,other
51.61424708366394,ATTITUDE,30,40,other
51.61426496505737,ATTITUDE_QUATERNION,31,44,other
51.614359855651855,ATTITUDE_TARGET,83,48,other
51.61439108848572,LOCAL_POSITION_NED,32,40,other
51.61440300941467,POSITION_TARGET_LOCAL_NED,85,63,other
51.6220588684082,GLOBAL_POSITION_INT,33,40,other
51.622194051742554,GLOBAL_POSITION_INT,33,40,other
51.62226486206055,SERVO_OUTPUT_RAW,36,24,other
51.62601900100708,ATTITUDE,30,40,other
51.62614607810974,ATTITUDE,30,40,other
51.62616491317749,ATTITUDE_QUATERNION,31,44,other
51.63018202781677,LOCAL_POSITION_NED,32,40,other
51.63024687767029,ODOMETRY,331,244,other
51.630316972732544,GPS_RAW_INT,24,56,other
51.63406491279602,HIGHRES_IMU,105,73,other
51.63412690162659,ATTITUDE,30,40,other
51.63414406776428,ATTITUDE_QUATERNION,31,44,other
51.63416504859924,ATTITUDE_TARGET,83,48,other
51.634191036224365,LOCAL_POSITION_NED,32,40,other
51.63420295715332,POSITION_TARGET_LOCAL_NED,85,63,other
51.642024993896484,GLOBAL_POSITION_INT,33,40,other
51.642133951187134,GLOBAL_POSITION_INT,33,40,other
51.64220404624939,SERVO_OUTPUT_RAW,36,24,other
51.64615297317505,ATTITUDE,30,40,other
51.64621901512146,ATTITUDE,30,40,other
51.646281003952026,ATTITUDE_QUATERNION,31,44,other
51.654000997543335,HIGHRES_IMU,105,73,other
51.65406394004822,ATTITUDE,30,40,other
51.65407991409302,ATTITUDE_QUATERNION,31,44,other
51.65411186218262,ATTITUDE_TARGET,83,48,other
51.654135942459106,LOCAL_POSITION_NED,32,40,other
51.654146909713745,POSITION_TARGET_LOCAL_NED,85,63,other
51.66246700286865,LOCAL_POSITION_NED,32,40,other
51.662569999694824,GLOBAL_POSITION_INT,33,40,other
51.66260504722595,SERVO_OUTPUT_RAW,36,24,other
51.6626079082489,ODOMETRY,331,244,other
51.662672996520996,GLOBAL_POSITION_INT,33,40,other
51.66268587112427,GPS_RAW_INT,24,56,other
51.66602802276611,ATTITUDE,30,40,other
51.6661319732666,ATTITUDE,30,40,other
51.666154861450195,ATTITUDE_QUATERNION,31,44,other
51.67401695251465,HIGHRES_IMU,105,74,other
51.674076080322266,ATTITUDE,30,40,other
51.67409300804138,ATTITUDE_QUATERNION,31,44,other
51.67416000366211,ATTITUDE_TARGET,83,48,other
51.67418694496155,LOCAL_POSITION_NED,32,40,other
51.67419791221619,POSITION_TARGET_LOCAL_NED,85,63,other
51.68204188346863,GLOBAL_POSITION_INT,33,40,other
51.682111978530884,POSITION_TARGET_GLOBAL_INT,87,63,other
51.682157039642334,GLOBAL_POSITION_INT,33,40,other
51.682218074798584,SERVO_OUTPUT_RAW,36,24,other
51.68612504005432,ATTITUDE,30,40,other
51.68621897697449,ATTITUDE,30,40,other
51.686269998550415,ATTITUDE_QUATERNION,31,44,other
51.69420409202576,TIMESYNC,111,25,other
51.69426608085632,HIGHRES_IMU,105,73,other
51.69427800178528,LOCAL_POSITION_NED,32,40,other
51.6942880153656,ATTITUDE,30,40,other
51.69429588317871,ALTITUDE,141,44,other
51.694308042526245,ODOMETRY,331,244,other
51.694315910339355,ATTITUDE_QUATERNION,31,44,other
51.69432306289673,ATTITUDE_TARGET,83,48,other
51.69432497024536,ATTITUDE_TARGET,83,48,other
51.69433903694153,POSITION_TARGET_LOCAL_NED,85,63,other
51.69434905052185,SERVO_OUTPUT_RAW,36,24,other
51.69435000419617,LOCAL_POSITION_NED,32,40,other
51.694360971450806,SYS_STATUS,1,52,other
51.69436192512512,POSITION_TARGET_LOCAL_NED,85,63,other
51.69437003135681,VFR_HUD,74,31,other
51.69804501533508,GPS_RAW_INT,24,56,other
51.70205497741699,GLOBAL_POSITION_INT,33,40,other
51.70215392112732,GLOBAL_POSITION_INT,33,40,other
51.702183961868286,SERVO_OUTPUT_RAW,36,24,other
51.70621395111084,ATTITUDE,30,40,other
51.706275939941406,ATTITUDE,30,40,other
51.7063410282135,ATTITUDE_QUATERNION,31,44,other
51.714046001434326,HIGHRES_IMU,105,74,other
51.71411204338074,ATTITUDE,30,40,other
51.71412801742554,ATTITUDE_QUATERNION,31,44,other
51.71416187286377,ATTITUDE_TARGET,83,48,other
51.71418499946594,LOCAL_POSITION_NED,32,40,other
51.71419596672058,POSITION_TARGET_LOCAL_NED,85,63,other
51.72225499153137,GLOBAL_POSITION_INT,33,40,other
51.722389936447144,GLOBAL_POSITION_INT,33,40,other
51.72241497039795,SERVO_OUTPUT_RAW,36,24,other
51.72616004943848,ATTITUDE,30,40,other
51.726263999938965,ATTITUDE,30,40,other
51.72633194923401,ATTITUDE_QUATERNION,31,44,other
51.73008704185486,LOCAL_POSITION_NED,32,40,other
51.7301549911499,ODOMETRY,331,244,other
51.7301709651947,GPS_RAW_INT,24,56,other
51.73404097557068,HIGHRES_IMU,105,74,other
51.73410487174988,ATTITUDE,30,40,other
51.73412299156189,ATTITUDE_QUATERNION,31,44,other
51.73412609100342,ATTITUDE_TARGET,83,48,other
51.734195947647095,LOCAL_POSITION_NED,32,40,other
51.734209060668945,POSITION_TARGET_LOCAL_NED,85,63,other
51.74207806587219,GLOBAL_POSITION_INT,33,40,other
51.742188930511475,GLOBAL_POSITION_INT,33,40,other
51.74226403236389,SERVO_OUTPUT_RAW,36,24,other
51.746078968048096,ATTITUDE,30,40,other
51.746269941329956,ATTITUDE,30,40,other
51.746339082717896,ATTITUDE_QUATERNION,31,44,other
51.75431299209595,HIGHRES_IMU,105,73,other
51.75433397293091,ATTITUDE_TARGET,83,48,other
51.75436305999756,LOCAL_POSITION_NED,32,40,other
51.7543740272522,POSITION_TARGET_LOCAL_NED,85,63,other
51.75438404083252,ATTITUDE,30,40,other
51.75440001487732,ATTITUDE_QUATERNION,31,44,other
51.76213002204895,LOCAL_POSITION_NED,32,40,other
51.762207984924316,ODOMETRY,331,244,other
51.76220989227295,GLOBAL_POSITION_INT,33,40,other
51.76222491264343,GLOBAL_POSITION_INT,33,40,other
51.762234926223755,GPS_RAW_INT,24,56,other
51.76224493980408,SERVO_OUTPUT_RAW,36,24,other
51.766042947769165,ATTITUDE,30,40,other
51.76612186431885,ATTITUDE,30,40,other
51.76618504524231,ATTITUDE_QUATERNION,31,44,other
51.77410101890564,HIGHRES_IMU,105,73,other
51.77416801452637,ATTITUDE,30,40,other
51.7741858959198,ATTITUDE_QUATERNION,31,44,other
51.7742018699646,ATTITUDE_TARGET,83,48,other
51.77426505088806,LOCAL_POSITION_NED,32,40,other
51.774275064468384,POSITION_TARGET_LOCAL_NED,85,63,other
51.78211498260498,GLOBAL_POSITION_INT,33,40,other
51.782140016555786,POSITION_TARGET_GLOBAL_INT,87,63,other
51.78221297264099,GLOBAL_POSITION_INT,33,40,other
51.78227686882019,SERVO_OUTPUT_RAW,36,24,other
51.78613591194153,ATTITUDE,30,40,other
51.786290884017944,ATTITUDE,30,40,other
51.786333084106445,ATTITUDE_QUATERNION,31,44,other
51.79414701461792,TIMESYNC,111,25,other
51.794167041778564,HEARTBEAT,0,21,other
51.794169902801514,HIGHRES_IMU,105,74,other
51.79417896270752,LOCAL_POSITION_NED,32,40,other
51.79418897628784,ATTITUDE,30,40,other
51.79419207572937,ALTITUDE,141,44,other
51.79419994354248,ALTITUDE,141,44,other
51.79420304298401,ATTITUDE_TARGET,83,48,other
51.79421401023865,BATTERY_STATUS,147,53,other
51.794214963912964,ODOMETRY,331,244,other
51.79422402381897,UNKNOWN_436,-2,21,other
51.7942259311676,ATTITUDE_QUATERNION,31,44,other
51.79423403739929,ATTITUDE_TARGET,83,48,other
51.79423809051514,ESTIMATOR_STATUS,230,54,other
51.79424595832825,GPS_RAW_INT,24,56,other
51.794249057769775,EXTENDED_SYS_STATE,245,14,other
51.794256925582886,POSITION_TARGET_LOCAL_NED,85,63,other
51.7942590713501,GPS_RAW_INT,24,56,other
51.79426693916321,SERVO_OUTPUT_RAW,36,24,other
51.79426908493042,HOME_POSITION,242,67,other
51.79427695274353,VFR_HUD,74,31,other
51.79427886009216,LOCAL_POSITION_NED,32,40,other
51.794291973114014,OPEN_DRONE_ID_LOCATION,12901,70,other
51.794301986694336,OPEN_DRONE_ID_SYSTEM,12904,37,other
51.79431104660034,POSITION_TARGET_LOCAL_NED,85,63,other
51.794321060180664,SCALED_PRESSURE,29,26,other
51.794331073760986,SYS_STATUS,1,52,other
51.79434108734131,VFR_HUD,74,31,other
51.79434895515442,UNKNOWN_8,-2,33,other
51.80229687690735,GLOBAL_POSITION_INT,33,40,other
51.80242395401001,GLOBAL_POSITION_INT,33,40,other
51.802541971206665,SERVO_OUTPUT_RAW,36,24,other
51.80601191520691,ATTITUDE,30,40,other
51.80613088607788,ATTITUDE,30,40,other
51.806320905685425,ATTITUDE_QUATERNION,31,44,other
51.81400489807129,HIGHRES_IMU,105,73,other
51.814069986343384,ATTITUDE,30,40,other
51.814087867736816,ATTITUDE_QUATERNION,31,44,other
51.814111948013306,ATTITUDE_TARGET,83,48,other
51.81413793563843,LOCAL_POSITION_NED,32,40,other
51.81415104866028,POSITION_TARGET_LOCAL_NED,85,63,other
51.822004079818726,GLOBAL_POSITION_INT,33,40,other
51.822105884552,GLOBAL_POSITION_INT,33,40,other
51.822160959243774,SERVO_OUTPUT_RAW,36,24,other
51.82613706588745,ATTITUDE,30,40,other
51.826382875442505,ATTITUDE,30,40,other
51.826403856277466,ATTITUDE_QUATERNION,31,44,other
51.830158948898315,LOCAL_POSITION_NED,32,40,other
51.83018398284912,ODOMETRY,331,244,other
51.83019804954529,GPS_RAW_INT,24,56,other
51.83461594581604,HIGHRES_IMU,105,73,other
51.83468794822693,ATTITUDE_TARGET,83,48,other
51.834758043289185,LOCAL_POSITION_NED,32,40,other
51.834770917892456,POSITION_TARGET_LOCAL_NED,85,63,other
51.83487296104431,ATTITUDE,30,40,other
51.83489108085632,ATTITUDE_QUATERNION,31,44,other
51.84214901924133,GLOBAL_POSITION_INT,33,40,other
51.84223985671997,GLOBAL_POSITION_INT,33,40,other
51.84230709075928,SERVO_OUTPUT_RAW,36,24,other
51.84623193740845,ATTITUDE,30,40,other
51.84640598297119,ATTITUDE,30,40,other
51.84643602371216,ATTITUDE_QUATERNION,31,44,other
51.8541259765625,HIGHRES_IMU,105,74,other
51.85419487953186,ATTITUDE,30,40,other
51.854203939437866,ATTITUDE_TARGET,83,48,other
51.854207038879395,ATTITUDE_QUATERNION,31,44,other
51.85429406166077,LOCAL_POSITION_NED,32,40,other
51.85430908203125,POSITION_TARGET_LOCAL_NED,85,63,other
51.86218190193176,LOCAL_POSITION_NED,32,40,other
51.86221408843994,ODOMETRY,331,244,other
51.86222696304321,GLOBAL_POSITION_INT,33,40,other
51.862236976623535,GPS_RAW_INT,24,56,other
51.86227989196777,GLOBAL_POSITION_INT,33,40,other
51.8623468875885,SERVO_OUTPUT_RAW,36,24,other
51.86236095428467,UNKNOWN_411,-2,13,other
51.86617588996887,ATTITUDE,30,40,other
51.866291999816895,ATTITUDE,30,40,other
51.86637091636658,ATTITUDE_QUATERNION,31,44,other
51.8740029335022,HIGHRES_IMU,105,74,other
51.87407207489014,ATTITUDE,30,40,other
51.87408685684204,ATTITUDE_QUATERNION,31,44,other
51.87411093711853,ATTITUDE_TARGET,83,48,other
51.87413787841797,LOCAL_POSITION_NED,32,40,other
51.87414789199829,POSITION_TARGET_LOCAL_NED,85,63,other
51.882078886032104,GLOBAL_POSITION_INT,33,40,other
51.88215208053589,POSITION_TARGET_GLOBAL_INT,87,63,other
51.882176876068115,GLOBAL_POSITION_INT,33,40,other
51.88224792480469,SERVO_OUTPUT_RAW,36,24,other
51.88613700866699,ATTITUDE,30,40,other
51.886236906051636,ATTITUDE,30,40,other
51.88631200790405,ATTITUDE_QUATERNION,31,44,other
51.89424204826355,TIMESYNC,111,25,other
51.89430809020996,HIGHRES_IMU,105,73,other
51.894317865371704,LOCAL_POSITION_NED,32,40,other
51.89433002471924,ATTITUDE,30,40,other
51.894339084625244,ALTITUDE,141,44,other
51.894351959228516,ODOMETRY,331,244,other
51.894360065460205,ATTITUDE_TARGET,83,48,other
51.894387006759644,LOCAL_POSITION_NED,32,40,other
51.89439797401428,POSITION_TARGET_LOCAL_NED,85,63,other
51.89441990852356,ATTITUDE_QUATERNION,31,44,other
51.894437074661255,ATTITUDE_TARGET,83,48,other
51.89444899559021,GPS_RAW_INT,24,56,other
51.89445900917053,POSITION_TARGET_LOCAL_NED,85,63,other
51.89446806907654,SERVO_OUTPUT_RAW,36,24,other
51.89447903633118,SYS_STATUS,1,52,other
51.8944890499115,VFR_HUD,74,31,other
51.90208101272583,GLOBAL_POSITION_INT,33,40,other
51.902113914489746,GLOBAL_POSITION_INT,33,40,other
51.9021360874176,SERVO_OUTPUT_RAW,36,24,other
51.902299880981445,PING,4,16,other
51.90244197845459,PING,4,26,other
51.90597486495972,ATTITUDE,30,40,other
51.90607690811157,ATTITUDE,30,40,other
51.90614604949951,ATTITUDE_QUATERNION,31,44,other
51.90616989135742,PING,4,16,other
51.914077043533325,HIGHRES_IMU,105,74,other
51.914143085479736,ATTITUDE,30,40,other
51.914159059524536,ATTITUDE_QUATERNION,31,44,other
51.91417694091797,ATTITUDE_TARGET,83,48,other
51.914201974868774,LOCAL_POSITION_NED,32,40,other
51.91421389579773,POSITION_TARGET_LOCAL_NED,85,63,other
51.92198300361633,GLOBAL_POSITION_INT,33,40,other
51.92208290100098,GLOBAL_POSITION_INT,33,40,other
51.922110080718994,SERVO_OUTPUT_RAW,36,24,other
51.92615985870361,ATTITUDE,30,40,other
51.9262318611145,GPS_RAW_INT,24,56,other
51.926259994506836,ATTITUDE,30,40,other
51.9262809753418,ATTITUDE_QUATERNION,31,44,other
51.930052042007446,LOCAL_POSITION_NED,32,40,other
51.930078983306885,ODOMETRY,331,244,other
51.93401789665222,HIGHRES_IMU,105,73,other
51.93407702445984,ATTITUDE,30,40,other
51.934093952178955,ATTITUDE_QUATERNION,31,44,other
51.934098958969116,ATTITUDE_TARGET,83,48,other
51.934125900268555,LOCAL_POSITION_NED,32,40,other
51.93413805961609,POSITION_TARGET_LOCAL_NED,85,63,other
51.94224500656128,GLOBAL_POSITION_INT,33,40,other
51.942370891571045,GLOBAL_POSITION_INT,33,40,other
51.942508935928345,SERVO_OUTPUT_RAW,36,24,other
51.94612693786621,ATTITUDE,30,40,other
51.94620704650879,UNKNOWN_380,-2,32,other
51.946208000183105,ATTITUDE,30,40,other
51.94626808166504,ATTITUDE_QUATERNION,31,44,other
51.946287870407104,UNKNOWN_380,-2,32,other
51.95404005050659,HIGHRES_IMU,105,73,other
51.954106092453,ATTITUDE,30,40,other
51.95412087440491,ATTITUDE_QUATERNION,31,44,other
51.95414590835571,ATTITUDE_TARGET,83,48,other
51.954227924346924,LOCAL_POSITION_NED,32,40,other
51.95423698425293,POSITION_TARGET_LOCAL_NED,85,63,other
51.96214199066162,LOCAL_POSITION_NED,32,40,other
51.96222186088562,ODOMETRY,331,244,other
51.9622368812561,GLOBAL_POSITION_INT,33,40,other
51.962238073349,GLOBAL_POSITION_INT,33,40,other
51.96224808692932,GPS_RAW_INT,24,56,other
51.96230697631836,SERVO_OUTPUT_RAW,36,24,other
51.96610999107361,ATTITUDE,30,40,other
51.96633505821228,ATTITUDE,30,40,other
51.96635389328003,ATTITUDE_QUATERNION,31,44,other
51.97452402114868,HIGHRES_IMU,105,74,other
51.97465491294861,ATTITUDE,30,40,other
51.97465491294861,ATTITUDE_TARGET,83,48,other
51.974677085876465,ATTITUDE_QUATERNION,31,44,other
51.9746880531311,LOCAL_POSITION_NED,32,40,other
51.97469902038574,POSITION_TARGET_LOCAL_NED,85,63,other
51.982105016708374,GLOBAL_POSITION_INT,33,40,other
51.982131004333496,POSITION_TARGET_GLOBAL_INT,87,63,other
51.98214888572693,GLOBAL_POSITION_INT,33,40,other
51.982215881347656,SERVO_OUTPUT_RAW,36,24,other
51.98599100112915,ATTITUDE,30,40,other
51.986109018325806,ATTITUDE,30,40,other
51.986172914505005,ATTITUDE_QUATERNION,31,44,other
51.99402403831482,TIMESYNC,111,25,other
51.994086027145386,HIGHRES_IMU,105,74,other
51.99409794807434,LOCAL_POSITION_NED,32,40,other
51.99410796165466,ATTITUDE,30,40,other
51.994117975234985,ALTITUDE,141,44,other
51.99412298202515,ATTITUDE_TARGET,83,48,other
51.99413204193115,ODOMETRY,331,244,other
51.99414300918579,ATTITUDE_QUATERNION,31,44,other
51.99414801597595,GPS_RAW_INT,24,56,other
51.9941520690918,ATTITUDE_TARGET,83,48,other
51.99415898323059,LOCAL_POSITION_NED,32,40,other
51.99416399002075,GPS_RAW_INT,24,56,other
51.994174003601074,POSITION_TARGET_LOCAL_NED,85,63,other
51.99417495727539,POSITION_TARGET_LOCAL_NED,85,63,other
51.99418497085571,SERVO_OUTPUT_RAW,36,24,other
51.994194984436035,VFR_HUD,74,31,other
52.00208592414856,GLOBAL_POSITION_INT,33,40,other
52.002426862716675,GLOBAL_POSITION_INT,33,40,other
52.00245189666748,SERVO_OUTPUT_RAW,36,24,other
52.00625491142273,ATTITUDE,30,40,other
52.00635504722595,ATTITUDE,30,40,other
52.00641989707947,ATTITUDE_QUATERNION,31,44,other
52.01401495933533,HIGHRES_IMU,105,74,other
52.01407289505005,ATTITUDE,30,40,other
52.014090061187744,ATTITUDE_QUATERNION,31,44,other
52.01412391662598,ATTITUDE_TARGET,83,48,other
52.01418900489807,LOCAL_POSITION_NED,32,40,other
52.01420187950134,POSITION_TARGET_LOCAL_NED,85,63,other
52.02219200134277,GLOBAL_POSITION_INT,33,40,other
52.02229404449463,GLOBAL_POSITION_INT,33,40,other
52.022367000579834,SERVO_OUTPUT_RAW,36,24,other
52.02604293823242,ATTITUDE,30,40,other
52.02611303329468,GPS_RAW_INT,24,56,other
52.026150941848755,ATTITUDE,30,40,other
52.0262188911438,ATTITUDE_QUATERNION,31,44,other
52.0300018787384,LOCAL_POSITION_NED,32,40,other
52.03006196022034,ODOMETRY,331,244,other
52.03420686721802,HIGHRES_IMU,105,74,other
52.03424000740051,ATTITUDE_TARGET,83,48,other
52.03428602218628,LOCAL_POSITION_NED,32,40,other
52.034290075302124,ATTITUDE,30,40,other
52.03429889678955,POSITION_TARGET_LOCAL_NED,85,63,other
52.03430485725403,ATTITUDE_QUATERNION,31,44,other
52.042120933532715,GLOBAL_POSITION_INT,33,40,other
52.042267084121704,GLOBAL_POSITION_INT,33,40,other
52.04229187965393,SERVO_OUTPUT_RAW,36,24,other
52.045981884002686,ATTITUDE,30,40,other
52.046079874038696,ATTITUDE,30,40,other
52.04610204696655,ATTITUDE_QUATERNION,31,44,other
52.0461220741272,VFR_HUD,74,31,other
52.054593086242676,HIGHRES_IMU,105,73,other
52.054672956466675,ATTITUDE,30,40,other
52.05468988418579,ATTITUDE_QUATERNION,31,44,other
52.054728984832764,ATTITUDE_TARGET,83,48,other
52.05476188659668,LOCAL_POSITION_NED,32,40,other
52.05477786064148,POSITION_TARGET_LOCAL_NED,85,63,other
52.05802297592163,GPS_RAW_INT,24,56,other
52.06199908256531,LOCAL_POSITION_NED,32,40,other
52.06206202507019,ODOMETRY,331,244,other
52.062077045440674,GLOBAL_POSITION_INT,33,40,other
52.0621280670166,GLOBAL_POSITION_INT,33,40,other
52.062155961990356,SERVO_OUTPUT_RAW,36,24,other
52.06620693206787,ATTITUDE,30,40,other
52.06626105308533,ATTITUDE,30,40,other
52.06628394126892,ATTITUDE_QUATERNION,31,44,other
52.07411503791809,HIGHRES_IMU,105,73,other
52.07416605949402,ATTITUDE_TARGET,83,48,other
52.074177980422974,ATTITUDE,30,40,other
52.07419490814209,ATTITUDE_QUATERNION,31,44,other
52.074195861816406,LOCAL_POSITION_NED,32,40,other
52.07420802116394,POSITION_TARGET_LOCAL_NED,85,63,other
52.08221387863159,GLOBAL_POSITION_INT,33,40,other
52.08228087425232,POSITION_TARGET_GLOBAL_INT,87,63,other
52.08245396614075,GLOBAL_POSITION_INT,33,40,other
52.08245587348938,HEARTBEAT,0,21,other
52.08270001411438,SERVO_OUTPUT_RAW,36,24,other
52.082767963409424,HEARTBEAT,0,21,other
52.086066007614136,ATTITUDE,30,40,other
52.086195945739746,ATTITUDE,30,40,other
52.08627390861511,ATTITUDE_QUATERNION,31,44,other
52.09402108192444,HEARTBEAT,0,21,other
52.09408402442932,TIMESYNC,111,25,other
52.094099044799805,ATTITUDE_TARGET,83,48,other
52.09409999847412,HIGHRES_IMU,105,74,other
52.09411001205444,LOCAL_POSITION_NED,32,40,other
52.094120025634766,ATTITUDE,30,40,other
52.09412908554077,ALTITUDE,141,44,other
52.09412908554077,LOCAL_POSITION_NED,32,40,other
52.09414196014404,ODOMETRY,331,244,other
52.09414196014404,POSITION_TARGET_LOCAL_NED,85,63,other
52.09415006637573,ATTITUDE_QUATERNION,31,44,other
52.09415793418884,ATTITUDE_TARGET,83,48,other
52.09416699409485,BATTERY_STATUS,147,53,other
52.094176054000854,UNKNOWN_436,-2,21,other
52.094183921813965,ESTIMATOR_STATUS,230,54,other
52.094192028045654,EXTENDED_SYS_STATE,245,14,other
52.09420204162598,GPS_RAW_INT,24,56,other
52.0942108631134,HOME_POSITION,242,67,other
52.094223976135254,OPEN_DRONE_ID_LOCATION,12901,70,other
52.09423303604126,OPEN_DRONE_ID_SYSTEM,12904,37,other
52.09424185752869,PING,4,21,other
52.09425091743469,POSITION_TARGET_LOCAL_NED,85,63,other
52.0942599773407,SCALED_PRESSURE,29,26,other
52.094269037246704,SERVO_OUTPUT_RAW,36,24,other
52.09428000450134,SYS_STATUS,1,52,other
52.09428691864014,SYSTEM_TIME,2,22,other
52.09429407119751,VFR_HUD,74,31,other
52.09429907798767,VIBRATION,241,32,other
52.09430503845215,UNKNOWN_8,-2,33,other
52.09572792053223,PING,4,26,other
52.10216188430786,GLOBAL_POSITION_INT,33,40,other
52.10219192504883,GLOBAL_POSITION_INT,33,40,other
52.102221965789795,SERVO_OUTPUT_RAW,36,24,other
52.10612106323242,ATTITUDE,30,40,other
52.10620093345642,ATTITUDE,30,40,other
52.106281042099,ATTITUDE_QUATERNION,31,44,other
52.114227056503296,HIGHRES_IMU,105,73,other
52.11430501937866,ATTITUDE,30,40,other
52.11432194709778,ATTITUDE_QUATERNION,31,44,other
52.114322900772095,ATTITUDE_TARGET,83,48,other
52.11435294151306,LOCAL_POSITION_NED,32,40,other
52.114362955093384,POSITION_TARGET_LOCAL_NED,85,63,other
52.115633964538574,MISSION_CURRENT,42,22,other
52.12138104438782,HEARTBEAT,0,21,other
52.1220269203186,GLOBAL_POSITION_INT,33,40,other
52.122092962265015,GLOBAL_POSITION_INT,33,40,other
52.12211203575134,HEARTBEAT,0,21,other
52.12211894989014,SERVO_OUTPUT_RAW,36,24,other
52.1262629032135,ATTITUDE,30,40,other
52.12626504898071,ATTITUDE,30,40,other
52.12628889083862,ATTITUDE_QUATERNION,31,44,other
52.12635898590088,GPS_RAW_INT,24,56,other
52.13026785850525,LOCAL_POSITION_NED,32,40,other
52.13038492202759,ODOMETRY,331,244,other
52.13402199745178,HIGHRES_IMU,105,74,other
52.134082078933716,ATTITUDE,30,40,other
52.13409900665283,ATTITUDE_QUATERNION,31,44,other
52.13411593437195,ATTITUDE_TARGET,83,48,other
52.13414001464844,LOCAL_POSITION_NED,32,40,other
52.13415193557739,POSITION_TARGET_LOCAL_NED,85,63,other
52.142056941986084,GLOBAL_POSITION_INT,33,40,other
52.14222002029419,GLOBAL_POSITION_INT,33,40,other
52.142245054244995,SERVO_OUTPUT_RAW,36,24,other
52.146321058273315,ATTITUDE,30,40,other
52.14656186103821,ATTITUDE,30,40,other
52.14665198326111,ATTITUDE_QUATERNION,31,44,other
52.15402102470398,HIGHRES_IMU,105,74,other
52.15408897399902,ATTITUDE,30,40,other
52.15410804748535,ATTITUDE_QUATERNION,31,44,other
52.15413188934326,ATTITUDE_TARGET,83,48,other
52.15419793128967,LOCAL_POSITION_NED,32,40,other
52.15421104431152,POSITION_TARGET_LOCAL_NED,85,63,other
52.15801286697388,GPS_RAW_INT,24,56,other
52.162193059921265,LOCAL_POSITION_NED,32,40,other
52.16228795051575,ODOMETRY,331,244,other
52.16230607032776,GLOBAL_POSITION_INT,33,40,other
52.16233205795288,GLOBAL_POSITION_INT,33,40,other
52.16243004798889,SERVO_OUTPUT_RAW,36,24,other
52.166179895401,ATTITUDE,30,40,other
52.16628694534302,ATTITUDE,30,40,other
52.166313886642456,ATTITUDE_QUATERNION,31,44,other
52.17413091659546,HIGHRES_IMU,105,73,other
52.1742000579834,ATTITUDE,30,40,other
52.174216985702515,ATTITUDE_QUATERNION,31,44,other
52.174285888671875,ATTITUDE_TARGET,83,48,other
52.174396991729736,LOCAL_POSITION_NED,32,40,other
52.1744179725647,POSITION_TARGET_LOCAL_NED,85,63,other
52.18201208114624,GLOBAL_POSITION_INT,33,40,other
52.18207788467407,POSITION_TARGET_GLOBAL_INT,87,63,other
52.18217492103577,GLOBAL_POSITION_INT,33,40,other
52.18228602409363,POSITION_TARGET_GLOBAL_INT,87,63,other
52.18229603767395,SERVO_OUTPUT_RAW,36,24,other
52.18599200248718,ATTITUDE,30,40,other
52.18607687950134,ATTITUDE,30,40,other
52.18613600730896,ATTITUDE_QUATERNION,31,44,other
52.18693494796753,MISSION_CURRENT,42,22,other
52.19028902053833,GPS_RAW_INT,24,56,other
52.194129943847656,TIMESYNC,111,25,other
52.19417905807495,ATTITUDE_TARGET,83,48,other
52.194196939468384,HIGHRES_IMU,105,73,other
52.19420886039734,GPS_RAW_INT,24,56,other
52.194210052490234,LOCAL_POSITION_NED,32,40,other
52.19422006607056,LOCAL_POSITION_NED,32,40,other
52.19422101974487,ATTITUDE,30,40,other
52.19423007965088,POSITION_TARGET_LOCAL_NED,85,63,other
52.19423198699951,ALTITUDE,141,44,other
52.19424486160278,ODOMETRY,331,244,other
52.19425392150879,ATTITUDE_QUATERNION,31,44,other
52.194262981414795,ATTITUDE_TARGET,83,48,other
52.194275856018066,POSITION_TARGET_LOCAL_NED,85,63,other
52.19428586959839,SERVO_OUTPUT_RAW,36,24,other
52.194297075271606,VFR_HUD,74,31,other
52.20205807685852,GLOBAL_POSITION_INT,33,40,other
52.202154874801636,GLOBAL_POSITION_INT,33,40,other
52.20223307609558,SERVO_OUTPUT_RAW,36,24,other
52.206307888031006,ATTITUDE,30,40,other
52.20641493797302,ATTITUDE,30,40,other
52.2064790725708,ATTITUDE_QUATERNION,31,44,other
52.214123010635376,HIGHRES_IMU,105,74,other
52.21419405937195,ATTITUDE,30,40,other
52.21421003341675,ATTITUDE_QUATERNION,31,44,other
52.21421194076538,ATTITUDE_TARGET,83,48,other
52.21423697471619,LOCAL_POSITION_NED,32,40,other
52.21424698829651,POSITION_TARGET_LOCAL_NED,85,63,other
52.22225594520569,GLOBAL_POSITION_INT,33,40,other
52.22231698036194,GLOBAL_POSITION_INT,33,40,other
52.222392082214355,SERVO_OUTPUT_RAW,36,24,other
52.226166009902954,ATTITUDE,30,40,other
52.22623586654663,GPS_RAW_INT,24,56,other
52.2262659072876,ATTITUDE,30,40,other
52.226330041885376,ATTITUDE_QUATERNION,31,44,other
52.23008608818054,LOCAL_POSITION_NED,32,40,other
52.2301549911499,ODOMETRY,331,244,other
52.23399496078491,HIGHRES_IMU,105,73,other
52.23405194282532,ATTITUDE,30,40,other
52.23406386375427,ATTITUDE_QUATERNION,31,44,other
52.23410487174988,ATTITUDE_TARGET,83,48,other
52.234129905700684,LOCAL_POSITION_NED,32,40,other
52.23414087295532,POSITION_TARGET_LOCAL_NED,85,63,other
52.24224305152893,GLOBAL_POSITION_INT,33,40,other
52.24234390258789,GLOBAL_POSITION_INT,33,40,other
52.24241805076599,SERVO_OUTPUT_RAW,36,24,other
52.24614500999451,ATTITUDE,30,40,other
52.246262073516846,ATTITUDE,30,40,other
52.24632906913757,ATTITUDE_QUATERNION,31,44,other
52.254387855529785,HIGHRES_IMU,105,73,other
52.25441598892212,ATTITUDE,30,40,other
52.254432916641235,ATTITUDE_QUATERNION,31,44,other
52.254723072052,ATTITUDE_TARGET,83,48,other
52.254791021347046,LOCAL_POSITION_NED,32,40,other
52.25480389595032,POSITION_TARGET_LOCAL_NED,85,63,other
52.25822401046753,GPS_RAW_INT,24,56,other
52.2620689868927,LOCAL_POSITION_NED,32,40,other
52.262136936187744,ODOMETRY,331,244,other
52.262152910232544,GLOBAL_POSITION_INT,33,40,other
52.262187004089355,GLOBAL_POSITION_INT,33,40,other
52.262216091156006,SERVO_OUTPUT_RAW,36,24,other
52.266079902648926,ATTITUDE,30,40,other
52.266193866729736,ATTITUDE,30,40,other
52.26625990867615,ATTITUDE_QUATERNION,31,44,other
52.274046897888184,HIGHRES_IMU,105,74,other
52.274112939834595,ATTITUDE,30,40,other
52.27412986755371,ATTITUDE_QUATERNION,31,44,other
52.27414393424988,ATTITUDE_TARGET,83,48,other
52.27420997619629,LOCAL_POSITION_NED,32,40,other
52.27421998977661,POSITION_TARGET_LOCAL_NED,85,63,other
52.28204703330994,GLOBAL_POSITION_INT,33,40,other
52.28213095664978,POSITION_TARGET_GLOBAL_INT,87,63,other
52.28214192390442,GLOBAL_POSITION_INT,33,40,other
52.282207012176514,SERVO_OUTPUT_RAW,36,24,other
52.28617000579834,ATTITUDE,30,40,other
52.286256074905396,ATTITUDE,30,40,other
52.28636407852173,ATTITUDE_QUATERNION,31,44,other
52.29001808166504,GPS_RAW_INT,24,56,other
52.294013023376465,TIMESYNC,111,25,other
52.294074058532715,HIGHRES_IMU,105,74,other
52.29408502578735,LOCAL_POSITION_NED,32,40,other
52.294095039367676,ATTITUDE,30,40,other
52.2941038608551,ALTITUDE,141,44,other
52.29411697387695,ODOMETRY,331,244,other
52.29412293434143,ATTITUDE_TARGET,83,48,other
52.29412603378296,ATTITUDE_QUATERNION,31,44,other
52.294134855270386,ATTITUDE_TARGET,83,48,other
52.294147968292236,POSITION_TARGET_LOCAL_NED,85,63,other
52.29415202140808,LOCAL_POSITION_NED,32,40,other
52.29415798187256,SERVO_OUTPUT_RAW,36,24,other
52.29416489601135,POSITION_TARGET_LOCAL_NED,85,63,other
52.2941689491272,SYS_STATUS,1,52,other
52.2941780090332,VFR_HUD,74,31,other
52.2941780090332,VFR_HUD,74,31,other
52.30208706855774,GLOBAL_POSITION_INT,33,40,other
52.30221891403198,GLOBAL_POSITION_INT,33,40,other
52.302253007888794,SERVO_OUTPUT_RAW,36,24,other
52.30604004859924,ATTITUDE,30,40,other
52.306143045425415,ATTITUDE,30,40,other
52.306204080581665,ATTITUDE_QUATERNION,31,44,other
52.314148902893066,HIGHRES_IMU,105,73,other
52.31421399116516,ATTITUDE_TARGET,83,48,other
52.314236879348755,ATTITUDE,30,40,other
52.31424689292908,LOCAL_POSITION_NED,32,40,other
52.31425404548645,ATTITUDE_QUATERNION,31,44,other
52.31425905227661,POSITION_TARGET_LOCAL_NED,85,63,other
52.32214689254761,GLOBAL_POSITION_INT,33,40,other
52.32222104072571,GPS_RAW_INT,24,56,other
52.322229862213135,GLOBAL_POSITION_INT,33,40,other
52.32225298881531,SERVO_OUTPUT_RAW,36,24,other
52.3262140750885,ATTITUDE,30,40,other
52.3262779712677,ATTITUDE,30,40,other
52.326348066329956,ATTITUDE_QUATERNION,31,44,other
52.33014988899231,LOCAL_POSITION_NED,32,40,other
52.330223083496094,ODOMETRY,331,244,other
52.3344988822937,HIGHRES_IMU,105,74,other
52.33456206321716,ATTITUDE,30,40,other
52.33457398414612,ATTITUDE_QUATERNION,31,44,other
52.33469796180725,ATTITUDE_TARGET,83,48,other
52.334765911102295,LOCAL_POSITION_NED,32,40,other
52.33477997779846,POSITION_TARGET_LOCAL_NED,85,63,other
52.342105865478516,GLOBAL_POSITION_INT,33,40,other
52.34218788146973,GLOBAL_POSITION_INT,33,40,other
52.3422589302063,SERVO_OUTPUT_RAW,36,24,other
52.3460738658905,ATTITUDE,30,40,other
52.346193075180054,ATTITUDE,30,40,other
52.34626293182373,ATTITUDE_QUATERNION,31,44,other
52.354076862335205,HIGHRES_IMU,105,73,other
52.354098081588745,ATTITUDE,30,40,other
52.35411286354065,ATTITUDE_QUATERNION,31,44,other
52.354135036468506,ATTITUDE_TARGET,83,48,other
52.354203939437866,LOCAL_POSITION_NED,32,40,other
52.35421800613403,POSITION_TARGET_LOCAL_NED,85,63,other
52.35811805725098,GPS_RAW_INT,24,56,other
52.36239290237427,LOCAL_POSITION_NED,32,40,other
52.362488985061646,ODOMETRY,331,244,other
52.36250185966492,GLOBAL_POSITION_INT,33,40,other
52.36251497268677,GLOBAL_POSITION_INT,33,40,other
52.36254000663757,SERVO_OUTPUT_RAW,36,24,other
52.36641502380371,ATTITUDE,30,40,other
52.36655306816101,ATTITUDE,30,40,other
52.366644859313965,ATTITUDE_QUATERNION,31,44,other
52.37406587600708,HIGHRES_IMU,105,73,other
52.37412905693054,ATTITUDE,30,40,other
52.37414598464966,ATTITUDE_QUATERNION,31,44,other
52.37415599822998,ATTITUDE_TARGET,83,48,other
52.37422704696655,LOCAL_POSITION_NED,32,40,other
52.374239921569824,POSITION_TARGET_LOCAL_NED,85,63,other
52.38205003738403,GLOBAL_POSITION_INT,33,40,other
52.38211798667908,POSITION_TARGET_GLOBAL_INT,87,63,other
52.382148027420044,GLOBAL_POSITION_INT,33,40,other
52.38222098350525,SERVO_OUTPUT_RAW,36,24,other
52.386133909225464,ATTITUDE,30,40,other
52.38630700111389,ATTITUDE,30,40,other
52.38632893562317,ATTITUDE_QUATERNION,31,44,other
52.39006304740906,GPS_RAW_INT,24,56,other
52.39417886734009,TIMESYNC,111,25,other
52.39425706863403,HIGHRES_IMU,105,74,other
52.39426803588867,LOCAL_POSITION_NED,32,40,other
52.39427900314331,ATTITUDE,30,40,other
52.39428687095642,ALTITUDE,141,44,other
52.39429998397827,ODOMETRY,331,244,other
52.39430809020996,ATTITUDE_QUATERNION,31,44,other
52.39431691169739,ATTITUDE_TARGET,83,48,other
52.39433193206787,POSITION_TARGET_LOCAL_NED,85,63,other
52.39434099197388,SERVO_OUTPUT_RAW,36,24,other
52.3943510055542,VFR_HUD,74,31,other
52.39451599121094,ATTITUDE_TARGET,83,48,other
52.394593954086304,GPS_RAW_INT,24,56,other
52.39460492134094,LOCAL_POSITION_NED,32,40,other
52.39461398124695,POSITION_TARGET_LOCAL_NED,85,63,other
52.4019980430603,GLOBAL_POSITION_INT,33,40,other
52.402101039886475,GLOBAL_POSITION_INT,33,40,other
52.40211892127991,SERVO_OUTPUT_RAW,36,24,other
52.40601706504822,ATTITUDE,30,40,other
52.4061279296875,ATTITUDE,30,40,other
52.40619087219238,ATTITUDE_QUATERNION,31,44,other
52.41413688659668,HIGHRES_IMU,105,74,other
52.41420388221741,ATTITUDE,30,40,other
52.41421985626221,ATTITUDE_QUATERNION,31,44,other
52.414278984069824,ATTITUDE_TARGET,83,48,other
52.41435098648071,LOCAL_POSITION_NED,32,40,other
52.41436696052551,POSITION_TARGET_LOCAL_NED,85,63,other
52.422008991241455,GLOBAL_POSITION_INT,33,40,other
52.42206907272339,GPS_RAW_INT,24,56,other
52.42209506034851,GLOBAL_POSITION_INT,33,40,other
52.422158002853394,SERVO_OUTPUT_RAW,36,24,other
52.42621088027954,ATTITUDE,30,40,other
52.42633891105652,ATTITUDE,30,40,other
52.426411867141724,ATTITUDE_QUATERNION,31,44,other
52.4300320148468,LOCAL_POSITION_NED,32,40,other
52.43005585670471,ODOMETRY,331,244,other
52.434146881103516,HIGHRES_IMU,105,74,other
52.434234857559204,ATTITUDE,30,40,other
52.43424987792969,ATTITUDE_QUATERNION,31,44,other
52.43426704406738,ATTITUDE_TARGET,83,48,other
52.43429493904114,LOCAL_POSITION_NED,32,40,other
52.43430685997009,POSITION_TARGET_LOCAL_NED,85,63,other
52.442256927490234,GLOBAL_POSITION_INT,33,40,other
52.44232892990112,GLOBAL_POSITION_INT,33,40,other
52.44239902496338,SERVO_OUTPUT_RAW,36,24,other
52.446038007736206,ATTITUDE,30,40,other
52.44612002372742,ATTITUDE,30,40,other
52.44613695144653,ATTITUDE_QUATERNION,31,44,other
52.45407009124756,HIGHRES_IMU,105,74,other
52.45413899421692,ATTITUDE,30,40,other
52.45416593551636,ATTITUDE_TARGET,83,48,other
52.45416593551636,ATTITUDE_QUATERNION,31,44,other
52.45418095588684,GPS_RAW_INT,24,56,other
52.45419502258301,LOCAL_POSITION_NED,32,40,other
52.45420598983765,POSITION_TARGET_LOCAL_NED,85,63,other
52.46204996109009,LOCAL_POSITION_NED,32,40,other
52.462116956710815,ODOMETRY,331,244,other
52.462132930755615,GLOBAL_POSITION_INT,33,40,other
52.46217489242554,GLOBAL_POSITION_INT,33,40,other
52.46224498748779,SERVO_OUTPUT_RAW,36,24,other
52.46607995033264,ATTITUDE,30,40,other
52.466147899627686,ATTITUDE,30,40,other
52.46621298789978,ATTITUDE_QUATERNION,31,44,other
52.474128007888794,HIGHRES_IMU,105,73,other
52.47419095039368,ATTITUDE,30,40,other
52.474210023880005,ATTITUDE_QUATERNION,31,44,other
52.47422695159912,UNKNOWN_411,-2,13,other
52.47423696517944,ATTITUDE_TARGET,83,48,other
52.474310874938965,LOCAL_POSITION_NED,32,40,other
52.474323987960815,POSITION_TARGET_LOCAL_NED,85,63,other
52.48208403587341,GLOBAL_POSITION_INT,33,40,other
52.48215389251709,POSITION_TARGET_GLOBAL_INT,87,63,other
52.482210874557495,GLOBAL_POSITION_INT,33,40,other
52.48229193687439,SERVO_OUTPUT_RAW,36,24,other
52.48597192764282,ATTITUDE,30,40,other
52.48607897758484,ATTITUDE,30,40,other
52.48610305786133,ATTITUDE_QUATERNION,31,44,other
52.490357875823975,GPS_RAW_INT,24,56,other
52.4941680431366,TIMESYNC,111,25,other
52.49423789978027,HIGHRES_IMU,105,73,other
52.49425005912781,LOCAL_POSITION_NED,32,40,other
52.49426007270813,ATTITUDE,30,40,other
52.49426794052124,ALTITUDE,141,44,other
52.494279861450195,ODOMETRY,331,244,other
52.494284868240356,ATTITUDE_TARGET,83,48,other
52.49428987503052,ATTITUDE_QUATERNION,31,44,other
52.49429893493652,ATTITUDE_TARGET,83,48,other
52.49431085586548,POSITION_TARGET_LOCAL_NED,85,63,other
52.49431395530701,LOCAL_POSITION_NED,32,40,other
52.4943208694458,SERVO_OUTPUT_RAW,36,24,other
52.49432587623596,POSITION_TARGET_LOCAL_NED,85,63,other
52.49433088302612,SYS_STATUS,1,52,other
52.49433994293213,VFR_HUD,74,31,other
52.50200700759888,GLOBAL_POSITION_INT,33,40,other
52.502124071121216,GLOBAL_POSITION_INT,33,40,other
52.50215196609497,SERVO_OUTPUT_RAW,36,24,other
52.50653886795044,ATTITUDE,30,40,other
52.50666809082031,ATTITUDE,30,40,other
52.50673294067383,ATTITUDE_QUATERNION,31,44,other
52.51418590545654,HIGHRES_IMU,105,74,other
52.51427507400513,ATTITUDE,30,40,other
52.5142879486084,ATTITUDE_TARGET,83,48,other
52.51429104804993,ATTITUDE_QUATERNION,31,44,other
52.514321088790894,LOCAL_POSITION_NED,32,40,other
52.51433300971985,POSITION_TARGET_LOCAL_NED,85,63,other
52.52242088317871,GLOBAL_POSITION_INT,33,40,other
52.52256488800049,GPS_RAW_INT,24,56,other
52.522589921951294,GLOBAL_POSITION_INT,33,40,other
52.52276086807251,SERVO_OUTPUT_RAW,36,24,other
52.5262188911438,ATTITUDE,30,40,other
52.52632188796997,ATTITUDE,30,40,other
52.526378870010376,ATTITUDE_QUATERNION,31,44,other
52.530121088027954,LOCAL_POSITION_NED,32,40,other
52.53019595146179,ODOMETRY,331,244,other
52.53410005569458,HIGHRES_IMU,105,73,other
52.53417706489563,ATTITUDE,30,40,other
52.53419208526611,ATTITUDE_TARGET,83,48,other
52.534193992614746,ATTITUDE_QUATERNION,31,44,other
52.53427004814148,LOCAL_POSITION_NED,32,40,other
52.53428292274475,POSITION_TARGET_LOCAL_NED,85,63,other
52.54216408729553,GLOBAL_POSITION_INT,33,40,other
52.54227304458618,GLOBAL_POSITION_INT,33,40,other
52.54234194755554,SERVO_OUTPUT_RAW,36,24,other
52.54608201980591,ATTITUDE,30,40,other
52.54612708091736,ATTITUDE,30,40,other
52.54619097709656,ATTITUDE_QUATERNION,31,44,other
52.54620695114136,VFR_HUD,74,31,other
52.55401086807251,HIGHRES_IMU,105,74,other
52.55407404899597,ATTITUDE,30,40,other
52.55409097671509,ATTITUDE_QUATERNION,31,44,other
52.55410194396973,GPS_RAW_INT,24,56,other
52.55410885810852,ATTITUDE_TARGET,83,48,other
52.55413293838501,LOCAL_POSITION_NED,32,40,other
52.55414390563965,POSITION_TARGET_LOCAL_NED,85,63,other
52.562121868133545,LOCAL_POSITION_NED,32,40,other
52.56218886375427,ODOMETRY,331,244,other
52.56220507621765,GLOBAL_POSITION_INT,33,40,other
52.562236070632935,GLOBAL_POSITION_INT,33,40,other
52.56226396560669,SERVO_OUTPUT_RAW,36,24,other
52.56613302230835,ATTITUDE,30,40,other
52.5661940574646,ATTITUDE,30,40,other
52.56625699996948,ATTITUDE_QUATERNION,31,44,other
52.57408595085144,HIGHRES_IMU,105,74,other
52.57415294647217,ATTITUDE,30,40,other
52.57416892051697,ATTITUDE_QUATERNION,31,44,other
52.574179887771606,ATTITUDE_TARGET,83,48,other
52.574212074279785,LOCAL_POSITION_NED,32,40,other
52.57422399520874,POSITION_TARGET_LOCAL_NED,85,63,other
52.582112073898315,GLOBAL_POSITION_INT,33,40,other
52.5821750164032,GLOBAL_POSITION_INT,33,40,other
52.58225607872009,SERVO_OUTPUT_RAW,36,24,other
52.58240795135498,POSITION_TARGET_GLOBAL_INT,87,63,other
52.586162090301514,ATTITUDE,30,40,other
52.58623695373535,GPS_RAW_INT,24,56,other
52.58624196052551,ATTITUDE,30,40,other
52.586265087127686,ATTITUDE_QUATERNION,31,44,other
52.594008922576904,TIMESYNC,111,25,other
52.594029903411865,HIGHRES_IMU,105,73,other
52.59403586387634,LOCAL_POSITION_NED,32,40,other
52.5940420627594,ATTITUDE,30,40,other
52.59404802322388,ALTITUDE,141,44,other
52.59405589103699,ODOMETRY,331,244,other
52.59406304359436,ATTITUDE_QUATERNION,31,44,other
52.594066858291626,ATTITUDE_TARGET,83,48,other
52.594078063964844,POSITION_TARGET_LOCAL_NED,85,63,other
52.594088077545166,SERVO_OUTPUT_RAW,36,24,other
52.59409689903259,VFR_HUD,74,31,other
52.59410500526428,ATTITUDE_TARGET,83,48,other
52.59413290023804,GPS_RAW_INT,24,56,other
52.594143867492676,LOCAL_POSITION_NED,32,40,other
52.59415292739868,POSITION_TARGET_LOCAL_NED,85,63,other
52.60229301452637,GLOBAL_POSITION_INT,33,40,other
52.60239291191101,GLOBAL_POSITION_INT,33,40,other
52.60242199897766,SERVO_OUTPUT_RAW,36,24,other
52.60607290267944,ATTITUDE,30,40,other
52.60615396499634,ATTITUDE,30,40,other
52.60622191429138,ATTITUDE_QUATERNION,31,44,other
52.614343881607056,ATTITUDE_TARGET,83,48,other
52.614343881607056,HIGHRES_IMU,105,73,other
52.61441087722778,ATTITUDE,30,40,other
52.61441206932068,LOCAL_POSITION_NED,32,40,other
52.61442494392395,POSITION_TARGET_LOCAL_NED,85,63,other
52.61442589759827,ATTITUDE_QUATERNION,31,44,other
52.622061014175415,GLOBAL_POSITION_INT,33,40,other
52.62208104133606,GPS_RAW_INT,24,56,other
52.62216091156006,GLOBAL_POSITION_INT,33,40,other
52.62227702140808,SERVO_OUTPUT_RAW,36,24,other
52.62600588798523,ATTITUDE,30,40,other
52.62610197067261,ATTITUDE,30,40,other
52.62619996070862,ATTITUDE_QUATERNION,31,44,other
52.63020586967468,LOCAL_POSITION_NED,32,40,other
52.6302969455719,ODOMETRY,331,244,other
52.63457894325256,HIGHRES_IMU,105,74,other
52.6346480846405,ATTITUDE,30,40,other
52.634649991989136,ATTITUDE_TARGET,83,48,other
52.63466501235962,ATTITUDE_QUATERNION,31,44,other
52.63475704193115,LOCAL_POSITION_NED,32,40,other
52.6347758769989,POSITION_TARGET_LOCAL_NED,85,63,other
52.642061948776245,GLOBAL_POSITION_INT,33,40,other
52.642117977142334,GLOBAL_POSITION_INT,33,40,other
52.64218306541443,SERVO_OUTPUT_RAW,36,24,other
52.646214962005615,ATTITUDE,30,40,other
52.64630198478699,ATTITUDE,30,40,other
52.64636588096619,ATTITUDE_QUATERNION,31,44,other
52.65415406227112,HIGHRES_IMU,105,73,other
52.65421986579895,ATTITUDE,30,40,other
52.654237031936646,ATTITUDE_QUATERNION,31,44,other
52.65424990653992,GPS_RAW_INT,24,56,other
52.65425395965576,ATTITUDE_TARGET,83,48,other
52.65428590774536,LOCAL_POSITION_NED,32,40,other
52.654298067092896,POSITION_TARGET_LOCAL_NED,85,63,other
52.66217088699341,LOCAL_POSITION_NED,32,40,other
52.66224694252014,ODOMETRY,331,244,other
52.66226291656494,GLOBAL_POSITION_INT,33,40,other
52.6623420715332,GLOBAL_POSITION_INT,33,40,other
52.662368059158325,SERVO_OUTPUT_RAW,36,24,other
52.66615700721741,ATTITUDE,30,40,other
52.666255950927734,ATTITUDE,30,40,other
52.666321992874146,ATTITUDE_QUATERNION,31,44,other
52.6739718914032,HIGHRES_IMU,105,73,other
52.674067974090576,ATTITUDE,30,40,other
52.674076080322266,ATTITUDE_TARGET,83,48,other
52.67408585548401,ATTITUDE_QUATERNION,31,44,other
52.67410087585449,LOCAL_POSITION_NED,32,40,other
52.674113035202026,POSITION_TARGET_LOCAL_NED,85,63,other
52.68205904960632,GLOBAL_POSITION_INT,33,40,other
52.68208694458008,POSITION_TARGET_GLOBAL_INT,87,63,other
52.68213486671448,GLOBAL_POSITION_INT,33,40,other
52.682162046432495,SERVO_OUTPUT_RAW,36,24,other
52.68600797653198,ATTITUDE,30,40,other
52.68603801727295,GPS_RAW_INT,24,56,other
52.686107873916626,ATTITUDE,30,40,other
52.68617391586304,ATTITUDE_QUATERNION,31,44,other
52.694133043289185,TIMESYNC,111,25,other
52.69420409202576,HIGHRES_IMU,105,74,other
52.694222927093506,LOCAL_POSITION_NED,32,40,other
52.69422507286072,ATTITUDE_TARGET,83,48,other
52.69424390792847,ATTITUDE,30,40,other
52.694256067276,ALTITUDE,141,44,other
52.69427490234375,ODOMETRY,331,244,other
52.6942880153656,ATTITUDE_QUATERNION,31,44,other
52.69429898262024,ATTITUDE_TARGET,83,48,other
52.694319009780884,POSITION_TARGET_LOCAL_NED,85,63,other
52.694331884384155,LOCAL_POSITION_NED,32,40,other
52.69433307647705,SERVO_OUTPUT_RAW,36,24,other
52.69435095787048,SYS_STATUS,1,52,other
52.6943519115448,POSITION_TARGET_LOCAL_NED,85,63,other
52.69436287879944,VFR_HUD,74,31,other
52.70206093788147,GLOBAL_POSITION_INT,33,40,other
52.70216202735901,GLOBAL_POSITION_INT,33,40,other
52.70222806930542,SERVO_OUTPUT_RAW,36,24,other
52.70599603652954,ATTITUDE,30,40,other
52.70610594749451,ATTITUDE,30,40,other
52.70613408088684,ATTITUDE_QUATERNION,31,44,other
52.71403908729553,HIGHRES_IMU,105,74,other
52.71410393714905,ATTITUDE,30,40,other
52.71411991119385,ATTITUDE_QUATERNION,31,44,other
52.71414089202881,ATTITUDE_TARGET,83,48,other
52.714170932769775,LOCAL_POSITION_NED,32,40,other
52.714181900024414,POSITION_TARGET_LOCAL_NED,85,63,other
52.71802592277527,GPS_RAW_INT,24,56,other
52.72201704978943,GLOBAL_POSITION_INT,33,40,other
52.72210192680359,GLOBAL_POSITION_INT,33,40,other
52.72213006019592,SERVO_OUTPUT_RAW,36,24,other
52.72656202316284,ATTITUDE,30,40,other
52.72662091255188,ATTITUDE,30,40,other
52.72668385505676,ATTITUDE_QUATERNION,31,44,other
52.72998785972595,LOCAL_POSITION_NED,32,40,other
52.730051040649414,ODOMETRY,331,244,other
52.73397207260132,HIGHRES_IMU,105,73,other
52.73403000831604,ATTITUDE,30,40,other
52.734046936035156,ATTITUDE_QUATERNION,31,44,other
52.73405408859253,ATTITUDE_TARGET,83,48,other
52.73408794403076,LOCAL_POSITION_NED,32,40,other
52.7340989112854,POSITION_TARGET_LOCAL_NED,85,63,other
52.74244809150696,GLOBAL_POSITION_INT,33,40,other
52.742565870285034,GLOBAL_POSITION_INT,33,40,other
52.74259305000305,SERVO_OUTPUT_RAW,36,24,other
52.746119022369385,ATTITUDE,30,40,other
52.746198892593384,ATTITUDE,30,40,other
52.74626088142395,ATTITUDE_QUATERNION,31,44,other
52.75433087348938,HIGHRES_IMU,105,74,other
52.75440001487732,ATTITUDE,30,40,other
52.75441002845764,ATTITUDE_TARGET,83,48,other
52.75441598892212,ATTITUDE_QUATERNION,31,44,other
52.754427909851074,GPS_RAW_INT,24,56,other
52.75448703765869,LOCAL_POSITION_NED,32,40,other
52.75449991226196,POSITION_TARGET_LOCAL_NED,85,63,other
52.762012004852295,LOCAL_POSITION_NED,32,40,other
52.76207709312439,ODOMETRY,331,244,other
52.762094020843506,GLOBAL_POSITION_INT,33,40,other
52.76229000091553,GLOBAL_POSITION_INT,33,40,other
52.762327909469604,SERVO_OUTPUT_RAW,36,24,other
52.766263008117676,ATTITUDE,30,40,other
52.766342878341675,ATTITUDE,30,40,other
52.766408920288086,ATTITUDE_QUATERNION,31,44,other
52.774128913879395,HIGHRES_IMU,105,73,other
52.77419400215149,ATTITUDE,30,40,other
52.774210929870605,ATTITUDE_QUATERNION,31,44,other
52.77422308921814,ATTITUDE_TARGET,83,48,other
52.77425003051758,LOCAL_POSITION_NED,32,40,other
52.774389028549194,POSITION_TARGET_LOCAL_NED,85,63,other
52.7820839881897,GLOBAL_POSITION_INT,33,40,other
52.78216886520386,POSITION_TARGET_GLOBAL_INT,87,63,other
52.782203912734985,GLOBAL_POSITION_INT,33,40,other
52.7822699546814,SERVO_OUTPUT_RAW,36,24,other
52.786263942718506,ATTITUDE,30,40,other
52.786338090896606,GPS_RAW_INT,24,56,other
52.78635096549988,ATTITUDE,30,40,other
52.78641390800476,ATTITUDE_QUATERNION,31,44,other
52.79405498504639,TIMESYNC,111,25,other
52.794118881225586,HIGHRES_IMU,105,73,other
52.79413199424744,LOCAL_POSITION_NED,32,40,other
52.79414200782776,ATTITUDE,30,40,other
52.794151067733765,ALTITUDE,141,44,other
52.79416489601135,ODOMETRY,331,244,other
52.794174909591675,ATTITUDE_QUATERNION,31,44,other
52.79418396949768,ATTITUDE_TARGET,83,48,other
52.794198989868164,POSITION_TARGET_LOCAL_NED,85,63,other
52.794209003448486,HEARTBEAT,0,21,other
52.7942099571228,SERVO_OUTPUT_RAW,36,24,other
52.794219970703125,VFR_HUD,74,31,other
52.794305086135864,ALTITUDE,141,44,other
52.79431986808777,ATTITUDE_TARGET,83,48,other
52.79433488845825,EXTENDED_SYS_STATE,245,14,other
52.79434585571289,GPS_RAW_INT,24,56,other
52.79435396194458,LOCAL_POSITION_NED,32,40,other
52.794370889663696,OPEN_DRONE_ID_LOCATION,12901,70,other
52.794381856918335,OPEN_DRONE_ID_SYSTEM,12904,37,other
52.79439091682434,POSITION_TARGET_LOCAL_NED,85,63,other
52.79439902305603,SCALED_PRESSURE,29,26,other
52.79440903663635,SYS_STATUS,1,52,other
52.79441785812378,VFR_HUD,74,31,other
52.79442596435547,UNKNOWN_8,-2,33,other
52.802345991134644,GLOBAL_POSITION_INT,33,40,other
52.8024320602417,GLOBAL_POSITION_INT,33,40,other
52.80250597000122,SERVO_OUTPUT_RAW,36,24,other
52.806299924850464,ATTITUDE,30,40,other
52.8063280582428,ATTITUDE,30,40,other
52.80639886856079,ATTITUDE_QUATERNION,31,44,other
52.8140070438385,HIGHRES_IMU,105,74,other
52.81406903266907,ATTITUDE,30,40,other
52.814085960388184,ATTITUDE_QUATERNION,31,44,other
52.81411600112915,ATTITUDE_TARGET,83,48,other
52.81428909301758,LOCAL_POSITION_NED,32,40,other
52.81430792808533,POSITION_TARGET_LOCAL_NED,85,63,other
52.81823992729187,GPS_RAW_INT,24,56,other
52.822054862976074,GLOBAL_POSITION_INT,33,40,other
52.822136878967285,GLOBAL_POSITION_INT,33,40,other
52.82220387458801,SERVO_OUTPUT_RAW,36,24,other
52.82606792449951,ATTITUDE,30,40,other
52.826194047927856,ATTITUDE,30,40,other
52.82621908187866,ATTITUDE_QUATERNION,31,44,other
52.83004307746887,LOCAL_POSITION_NED,32,40,other
52.830111026763916,ODOMETRY,331,244,other
52.834234952926636,HIGHRES_IMU,105,74,other
52.83430600166321,ATTITUDE_TARGET,83,48,other
52.83430790901184,ATTITUDE,30,40,other
52.83432388305664,ATTITUDE_QUATERNION,31,44,other
52.83433508872986,LOCAL_POSITION_NED,32,40,other
52.8343460559845,POSITION_TARGET_LOCAL_NED,85,63,other
52.84207892417908,GLOBAL_POSITION_INT,33,40,other
52.84217691421509,GLOBAL_POSITION_INT,33,40,other
52.84224987030029,SERVO_OUTPUT_RAW,36,24,other
52.84599685668945,ATTITUDE,30,40,other
52.846083879470825,ATTITUDE,30,40,other
52.84614706039429,ATTITUDE_QUATERNION,31,44,other
52.8503680229187,GPS_RAW_INT,24,56,other
52.85406494140625,HIGHRES_IMU,105,74,other
52.85408592224121,ATTITUDE,30,40,other
52.854103088378906,ATTITUDE_QUATERNION,31,44,other
52.85415005683899,ATTITUDE_TARGET,83,48,other
52.85421895980835,LOCAL_POSITION_NED,32,40,other
52.854228019714355,POSITION_TARGET_LOCAL_NED,85,63,other
52.86203598976135,LOCAL_POSITION_NED,32,40,other
52.86209988594055,ODOMETRY,331,244,other
52.86211109161377,GLOBAL_POSITION_INT,33,40,other
52.86213207244873,GLOBAL_POSITION_INT,33,40,other
52.86219787597656,SERVO_OUTPUT_RAW,36,24,other
52.866183042526245,ATTITUDE,30,40,other
52.866255044937134,ATTITUDE,30,40,other
52.86636185646057,ATTITUDE_QUATERNION,31,44,other
52.874037981033325,HIGHRES_IMU,105,74,other
52.87414598464966,ATTITUDE,30,40,other
52.874146938323975,ATTITUDE_TARGET,83,48,other
52.874165058135986,ATTITUDE_QUATERNION,31,44,other
52.87417697906494,LOCAL_POSITION_NED,32,40,other
52.874186992645264,POSITION_TARGET_LOCAL_NED,85,63,other
52.88232398033142,GLOBAL_POSITION_INT,33,40,other
52.882325887680054,GLOBAL_POSITION_INT,33,40,other
52.882363080978394,POSITION_TARGET_GLOBAL_INT,87,63,other
52.882447957992554,SERVO_OUTPUT_RAW,36,24,other
52.88603496551514,ATTITUDE,30,40,other
52.8861038684845,GPS_RAW_INT,24,56,other
52.88611388206482,ATTITUDE,30,40,other
52.88613486289978,ATTITUDE_QUATERNION,31,44,other
52.89404606819153,TIMESYNC,111,25,other
52.89411497116089,HIGHRES_IMU,105,73,other
52.89412808418274,LOCAL_POSITION_NED,32,40,other
52.894140005111694,ATTITUDE,30,40,other
52.8941650390625,ATTITUDE_TARGET,83,48,other
52.894187927246094,ALTITUDE,141,44,other
52.89419388771057,LOCAL_POSITION_NED,32,40,other
52.89420485496521,POSITION_TARGET_LOCAL_NED,85,63,other
52.89421105384827,ODOMETRY,331,244,other
52.894222021102905,ATTITUDE_QUATERNION,31,44,other
52.8942289352417,ATTITUDE_TARGET,83,48,other
52.894243001937866,POSITION_TARGET_LOCAL_NED,85,63,other
52.89425206184387,SERVO_OUTPUT_RAW,36,24,other
52.894264936447144,SYS_STATUS,1,52,other
52.8942768573761,VFR_HUD,74,31,other
52.90208101272583,GLOBAL_POSITION_INT,33,40,other
52.90224003791809,GLOBAL_POSITION_INT,33,40,other
52.902263879776,SERVO_OUTPUT_RAW,36,24,other
52.906288862228394,ATTITUDE,30,40,other
52.90636897087097,ATTITUDE,30,40,other
52.90645790100098,ATTITUDE_QUATERNION,31,44,other
52.9144229888916,HIGHRES_IMU,105,73,other
52.9144868850708,ATTITUDE_TARGET,83,48,other
52.91449689865112,ATTITUDE,30,40,other
52.91450786590576,ATTITUDE_QUATERNION,31,44,other
52.9145610332489,LOCAL_POSITION_NED,32,40,other
52.91457009315491,POSITION_TARGET_LOCAL_NED,85,63,other
52.91816592216492,GPS_RAW_INT,24,56,other
52.92215299606323,GLOBAL_POSITION_INT,33,40,other
52.922242879867554,GLOBAL_POSITION_INT,33,40,other
52.92231106758118,SERVO_OUTPUT_RAW,36,24,other
52.92613387107849,ATTITUDE,30,40,other
52.92622995376587,ATTITUDE,30,40,other
52.926249980926514,ATTITUDE_QUATERNION,31,44,other
52.9301860332489,LOCAL_POSITION_NED,32,40,other
52.93027091026306,ODOMETRY,331,244,other
52.93406891822815,HIGHRES_IMU,105,74,other
52.93413186073303,ATTITUDE,30,40,other
52.93414807319641,ATTITUDE_QUATERNION,31,44,other
52.93421697616577,ATTITUDE_TARGET,83,48,other
52.93428897857666,LOCAL_POSITION_NED,32,40,other
52.93430209159851,POSITION_TARGET_LOCAL_NED,85,63,other
52.94226598739624,GLOBAL_POSITION_INT,33,40,other
52.94233703613281,GLOBAL_POSITION_INT,33,40,other
52.94236493110657,SERVO_OUTPUT_RAW,36,24,other
52.94606399536133,ATTITUDE,30,40,other
52.946157932281494,ATTITUDE,30,40,other
52.94622802734375,ATTITUDE_QUATERNION,31,44,other
52.95008897781372,GPS_RAW_INT,24,56,other
52.95409297943115,HIGHRES_IMU,105,73,other
52.95415496826172,ATTITUDE,30,40,other
52.95417094230652,ATTITUDE_QUATERNION,31,44,other
52.954204082489014,ATTITUDE_TARGET,83,48,other
52.95427203178406,LOCAL_POSITION_NED,32,40,other
52.954285860061646,POSITION_TARGET_LOCAL_NED,85,63,other
52.962080001831055,LOCAL_POSITION_NED,32,40,other
52.96211004257202,GLOBAL_POSITION_INT,33,40,other
52.9621319770813,SERVO_OUTPUT_RAW,36,24,other
52.96214699745178,ODOMETRY,331,244,other
52.96216797828674,GLOBAL_POSITION_INT,33,40,other
52.966017961502075,ATTITUDE,30,40,other
52.966140031814575,ATTITUDE,30,40,other
52.96616005897522,ATTITUDE_QUATERNION,31,44,other
52.97420692443848,HIGHRES_IMU,105,74,other
52.974278926849365,ATTITUDE,30,40,other
52.97429704666138,ATTITUDE_QUATERNION,31,44,other
52.97434902191162,ATTITUDE_TARGET,83,48,other
52.97437787055969,LOCAL_POSITION_NED,32,40,other
52.97438907623291,POSITION_TARGET_LOCAL_NED,85,63,other
52.98205590248108,GLOBAL_POSITION_INT,33,40,other
52.98213005065918,GPS_RAW_INT,24,56,other
52.98214793205261,POSITION_TARGET_GLOBAL_INT,87,63,other
52.982150077819824,GLOBAL_POSITION_INT,33,40,other
52.98221492767334,SERVO_OUTPUT_RAW,36,24,other
52.98601198196411,ATTITUDE,30,40,other
52.98610806465149,ATTITUDE,30,40,other
52.986172914505005,ATTITUDE_QUATERNION,31,44,other
52.99409008026123,TIMESYNC,111,25,other
52.99415898323059,HIGHRES_IMU,105,74,other
52.994170904159546,LOCAL_POSITION_NED,32,40,other
52.99418091773987,ATTITUDE,30,40,other
52.994189977645874,ALTITUDE,141,44,other
52.99419403076172,ATTITUDE_TARGET,83,48,other
52.99420189857483,ODOMETRY,331,244,other
52.994210958480835,ATTITUDE_QUATERNION,31,44,other
52.99422001838684,ATTITUDE_TARGET,83,48,other
52.994221925735474,GPS_RAW_INT,24,56,other
52.994231939315796,LOCAL_POSITION_NED,32,40,other
52.99423408508301,POSITION_TARGET_LOCAL_NED,85,63,other
52.9942409992218,POSITION_TARGET_LOCAL_NED,85,63,other
52.99424695968628,SERVO_OUTPUT_RAW,36,24,other
52.994258880615234,VFR_HUD,74,31,other
53.00201392173767,GLOBAL_POSITION_INT,33,40,other
53.00208806991577,GLOBAL_POSITION_INT,33,40,other
53.0021550655365,SERVO_OUTPUT_RAW,36,24,other
53.00615906715393,ATTITUDE,30,40,other
53.00637102127075,ATTITUDE,30,40,other
53.00643587112427,ATTITUDE_QUATERNION,31,44,other
53.01410889625549,HIGHRES_IMU,105,73,other
53.01417803764343,ATTITUDE,30,40,other
53.01419401168823,ATTITUDE_QUATERNION,31,44,other
53.01421594619751,ATTITUDE_TARGET,83,48,other
53.01428294181824,LOCAL_POSITION_NED,32,40,other
53.01429605484009,POSITION_TARGET_LOCAL_NED,85,63,other
53.0180230140686,GPS_RAW_INT,24,56,other
53.02218699455261,GLOBAL_POSITION_INT,33,40,other
53.02235007286072,GLOBAL_POSITION_INT,33,40,other
53.02239489555359,SERVO_OUTPUT_RAW,36,24,other
53.026033878326416,ATTITUDE,30,40,other
53.02613592147827,ATTITUDE,30,40,other
53.026201009750366,ATTITUDE_QUATERNION,31,44,other
53.030086040496826,LOCAL_POSITION_NED,32,40,other
53.03015208244324,ODOMETRY,331,244,other
53.03403306007385,HIGHRES_IMU,105,73,other
53.03408193588257,ATTITUDE_TARGET,83,48,other
53.03409194946289,ATTITUDE,30,40,other
53.03410887718201,ATTITUDE_QUATERNION,31,44,other
53.034148931503296,LOCAL_POSITION_NED,32,40,other
53.03416109085083,POSITION_TARGET_LOCAL_NED,85,63,other
53.04206705093384,GLOBAL_POSITION_INT,33,40,other
53.042165994644165,GLOBAL_POSITION_INT,33,40,other
53.04219102859497,SERVO_OUTPUT_RAW,36,24,other
53.046168088912964,ATTITUDE,30,40,other
53.04617500305176,ATTITUDE,30,40,other
53.046244859695435,ATTITUDE_QUATERNION,31,44,other
53.04626989364624,VFR_HUD,74,31,other
53.050013065338135,GPS_RAW_INT,24,56,other
53.054128885269165,HIGHRES_IMU,105,74,other
53.05421686172485,ATTITUDE_TARGET,83,48,other
53.054234981536865,ATTITUDE,30,40,other
53.05424690246582,LOCAL_POSITION_NED,32,40,other
53.05425000190735,ATTITUDE_QUATERNION,31,44,other
53.05426096916199,POSITION_TARGET_LOCAL_NED,85,63,other
53.06210803985596,LOCAL_POSITION_NED,32,40,other
53.06217408180237,ODOMETRY,331,244,other
53.062191009521484,GLOBAL_POSITION_INT,33,40,other
53.062304973602295,GLOBAL_POSITION_INT,33,40,other
53.06237506866455,SERVO_OUTPUT_RAW,36,24,other
53.066078901290894,ATTITUDE,30,40,other
53.06618094444275,ATTITUDE,30,40,other
53.06625008583069,ATTITUDE_QUATERNION,31,44,other
53.074137926101685,HIGHRES_IMU,105,73,other
53.074203968048096,ATTITUDE,30,40,other
53.07421898841858,ATTITUDE_QUATERNION,31,44,other
53.07422995567322,ATTITUDE_TARGET,83,48,other
53.07425808906555,LOCAL_POSITION_NED,32,40,other
53.07426905632019,POSITION_TARGET_LOCAL_NED,85,63,other
53.082273960113525,GLOBAL_POSITION_INT,33,40,other
53.0822970867157,GLOBAL_POSITION_INT,33,40,other
53.08232402801514,SERVO_OUTPUT_RAW,36,24,other
53.082342863082886,GPS_RAW_INT,24,56,other
53.08235788345337,POSITION_TARGET_GLOBAL_INT,87,63,other
53.08253788948059,HEARTBEAT,0,21,other
53.0861279964447,ATTITUDE,30,40,other
53.08623790740967,ATTITUDE,30,40,other
53.08630585670471,ATTITUDE_QUATERNION,31,44,other
53.08632802963257,HEARTBEAT,0,21,other
53.09402394294739,HEARTBEAT,0,21,other
53.094090938568115,TIMESYNC,111,25,other
53.0941059589386,HIGHRES_IMU,105,73,other
53.09411406517029,LOCAL_POSITION_NED,32,40,other
53.094120025634766,ATTITUDE_TARGET,83,48,other
53.09412407875061,ATTITUDE,30,40,other
53.09413290023804,ALTITUDE,141,44,other
53.094146966934204,ODOMETRY,331,244,other
53.09414887428284,LOCAL_POSITION_NED,32,40,other
53.094156980514526,ATTITUDE_QUATERNION,31,44,other
53.094160079956055,POSITION_TARGET_LOCAL_NED,85,63,other
53.09416604042053,ATTITUDE_TARGET,83,48,other
53.09417390823364,ESTIMATOR_STATUS,230,54,other
53.09418296813965,EXTENDED_SYS_STATE,245,14,other
53.0941960811615,OPEN_DRONE_ID_LOCATION,12901,70,other
53.09420394897461,OPEN_DRONE_ID_SYSTEM,12904,37,other
53.0942120552063,PING,4,21,other
53.09421992301941,POSITION_TARGET_LOCAL_NED,85,63,other
53.094228982925415,SCALED_PRESSURE,29,26,other
53.09423804283142,SERVO_OUTPUT_RAW,36,24,other
53.094249963760376,SYS_STATUS,1,52,other
53.0942599773407,SYSTEM_TIME,2,22,other
53.094269037246704,VFR_HUD,74,31,other
53.094276905059814,UNKNOWN_8,-2,33,other
53.095141887664795,PING,4,26,other
53.102051973342896,GLOBAL_POSITION_INT,33,40,other
53.10216498374939,GLOBAL_POSITION_INT,33,40,other
53.10219097137451,SERVO_OUTPUT_RAW,36,24,other
53.10602903366089,ATTITUDE,30,40,other
53.10615301132202,ATTITUDE,30,40,other
53.1062228679657,ATTITUDE_QUATERNION,31,44,other
53.11416697502136,HIGHRES_IMU,105,74,other
53.11423707008362,ATTITUDE,30,40,other
53.114253997802734,ATTITUDE_QUATERNION,31,44,other
53.11425590515137,ATTITUDE_TARGET,83,48,other
53.1142680644989,GPS_RAW_INT,24,56,other
53.1143319606781,LOCAL_POSITION_NED,32,40,other
53.11434602737427,POSITION_TARGET_LOCAL_NED,85,63,other
53.11746287345886,HEARTBEAT,0,21,other
53.11758899688721,MISSION_CURRENT,42,22,other
53.1180739402771,HEARTBEAT,0,21,other
53.12208604812622,GLOBAL_POSITION_INT,33,40,other
53.12218189239502,GLOBAL_POSITION_INT,33,40,other
53.12221598625183,SERVO_OUTPUT_RAW,36,24,other
53.1260769367218,ATTITUDE,30,40,other
53.12621188163757,ATTITUDE,30,40,other
53.126232862472534,ATTITUDE_QUATERNION,31,44,other
53.1300048828125,LOCAL_POSITION_NED,32,40,other
53.130069971084595,ODOMETRY,331,244,other
53.134130001068115,HIGHRES_IMU,105,74,other
53.13419699668884,ATTITUDE,30,40,other
53.13419795036316,ATTITUDE_TARGET,83,48,other
53.1342248916626,LOCAL_POSITION_NED,32,40,other
53.13423705101013,POSITION_TARGET_LOCAL_NED,85,63,other
53.13426089286804,ATTITUDE_QUATERNION,31,44,other
53.14220595359802,GLOBAL_POSITION_INT,33,40,other
53.14231300354004,GLOBAL_POSITION_INT,33,40,other
53.142338037490845,SERVO_OUTPUT_RAW,36,24,other
53.14607501029968,ATTITUDE,30,40,other
53.14617705345154,ATTITUDE,30,40,other
53.146244049072266,ATTITUDE_QUATERNION,31,44,other
53.15006494522095,GPS_RAW_INT,24,56,other
53.154106855392456,HIGHRES_IMU,105,73,other
53.15417504310608,ATTITUDE,30,40,other
53.15419101715088,ATTITUDE_QUATERNION,31,44,other
53.15421009063721,ATTITUDE_TARGET,83,48,other
53.15428686141968,LOCAL_POSITION_NED,32,40,other
53.15430188179016,POSITION_TARGET_LOCAL_NED,85,63,other
53.16205096244812,LOCAL_POSITION_NED,32,40,other
53.16207695007324,ODOMETRY,331,244,other
53.16209006309509,GLOBAL_POSITION_INT,33,40,other
53.162184953689575,GLOBAL_POSITION_INT,33,40,other
53.16226291656494,SERVO_OUTPUT_RAW,36,24,other
53.16614103317261,ATTITUDE,30,40,other
53.16625189781189,ATTITUDE,30,40,other
53.16631889343262,ATTITUDE_QUATERNION,31,44,other
53.17423987388611,HIGHRES_IMU,105,74,other
53.1742639541626,ATTITUDE,30,40,other
53.17427897453308,ATTITUDE_QUATERNION,31,44,other
53.17435002326965,ATTITUDE_TARGET,83,48,other
53.17443895339966,LOCAL_POSITION_NED,32,40,other
53.17445492744446,POSITION_TARGET_LOCAL_NED,85,63,other
53.182251930236816,GLOBAL_POSITION_INT,33,40,other
53.182318925857544,GPS_RAW_INT,24,56,other
53.18233394622803,POSITION_TARGET_GLOBAL_INT,87,63,other
53.182339906692505,GLOBAL_POSITION_INT,33,40,other
53.182437896728516,POSITION_TARGET_GLOBAL_INT,87,63,other
53.18245601654053,SERVO_OUTPUT_RAW,36,24,other
53.186058044433594,ATTITUDE,30,40,other
53.186100006103516,ATTITUDE,30,40,other
53.18617296218872,ATTITUDE_QUATERNION,31,44,other
53.186256885528564,MISSION_CURRENT,42,22,other
53.194029092788696,TIMESYNC,111,25,other
53.19409203529358,HIGHRES_IMU,105,73,other
53.194103956222534,LOCAL_POSITION_NED,32,40,other
53.19411301612854,ATTITUDE,30,40,other
53.19412088394165,ALTITUDE,141,44,other
53.19412899017334,ATTITUDE_TARGET,83,48,other
53.1941339969635,ODOMETRY,331,244,other
53.19414305686951,ATTITUDE_QUATERNION,31,44,other
53.19415092468262,ATTITUDE_TARGET,83,48,other
53.19416403770447,POSITION_TARGET_LOCAL_NED,85,63,other
53.19417405128479,SERVO_OUTPUT_RAW,36,24,other
53.19418406486511,VFR_HUD,74,31,other
53.1941978931427,GPS_RAW_INT,24,56,other
53.194210052490234,LOCAL_POSITION_NED,32,40,other
53.19422197341919,POSITION_TARGET_LOCAL_NED,85,63,other
53.20205593109131,GLOBAL_POSITION_INT,33,40,other
53.20210886001587,GLOBAL_POSITION_INT,33,40,other
53.202133893966675,SERVO_OUTPUT_RAW,36,24,other
53.2065749168396,ATTITUDE,30,40,other
53.20667600631714,ATTITUDE,30,40,other
53.20673489570618,ATTITUDE_QUATERNION,31,44,other
53.21405506134033,HIGHRES_IMU,105,73,other
53.214112997055054,ATTITUDE,30,40,other
53.214130878448486,ATTITUDE_QUATERNION,31,44,other
53.21414399147034,GPS_RAW_INT,24,56,other
53.21416902542114,ATTITUDE_TARGET,83,48,other
53.21419906616211,LOCAL_POSITION_NED,32,40,other
53.214210987091064,POSITION_TARGET_LOCAL_NED,85,63,other
53.22235298156738,GLOBAL_POSITION_INT,33,40,other
53.22259998321533,GLOBAL_POSITION_INT,33,40,other
53.222667932510376,SERVO_OUTPUT_RAW,36,24,other
53.22610592842102,ATTITUDE,30,40,other
53.22614908218384,ATTITUDE,30,40,other
53.226171016693115,ATTITUDE_QUATERNION,31,44,other
53.22997498512268,LOCAL_POSITION_NED,32,40,other
53.23004198074341,ODOMETRY,331,244,other
53.23403286933899,HIGHRES_IMU,105,74,other
53.2340989112854,ATTITUDE,30,40,other
53.234113931655884,ATTITUDE_QUATERNION,31,44,other
53.23420190811157,ATTITUDE_TARGET,83,48,other
53.23422908782959,LOCAL_POSITION_NED,32,40,other
53.23424196243286,POSITION_TARGET_LOCAL_NED,85,63,other
53.24229598045349,GLOBAL_POSITION_INT,33,40,other
53.24238896369934,GLOBAL_POSITION_INT,33,40,other
53.24241590499878,SERVO_OUTPUT_RAW,36,24,other
53.24600291252136,ATTITUDE,30,40,other
53.24606800079346,GPS_RAW_INT,24,56,other
53.246103048324585,ATTITUDE,30,40,other
53.246121883392334,ATTITUDE_QUATERNION,31,44,other
53.25418305397034,HIGHRES_IMU,105,74,other
53.25424885749817,ATTITUDE,30,40,other
53.25426506996155,ATTITUDE_QUATERNION,31,44,other
53.25427603721619,ATTITUDE_TARGET,83,48,other
53.254297971725464,LOCAL_POSITION_NED,32,40,other
53.25430703163147,POSITION_TARGET_LOCAL_NED,85,63,other
53.26199507713318,LOCAL_POSITION_NED,32,40,other
53.26206088066101,ODOMETRY,331,244,other
53.262075901031494,GLOBAL_POSITION_INT,33,40,other
53.26210403442383,GLOBAL_POSITION_INT,33,40,other
53.26217293739319,SERVO_OUTPUT_RAW,36,24,other
53.266133069992065,ATTITUDE,30,40,other
53.2662558555603,ATTITUDE,30,40,other
53.266282081604004,ATTITUDE_QUATERNION,31,44,other
53.27412796020508,HIGHRES_IMU,105,74,other
53.274203062057495,ATTITUDE,30,40,other
53.27421188354492,ATTITUDE_TARGET,83,48,other
53.27421998977661,ATTITUDE_QUATERNION,31,44,other
53.274280071258545,LOCAL_POSITION_NED,32,40,other
53.2742919921875,POSITION_TARGET_LOCAL_NED,85,63,other
53.28222894668579,GLOBAL_POSITION_INT,33,40,other
53.282252073287964,GPS_RAW_INT,24,56,other
53.282259941101074,GLOBAL_POSITION_INT,33,40,other
53.282264947891235,POSITION_TARGET_GLOBAL_INT,87,63,other
53.28228497505188,SERVO_OUTPUT_RAW,36,24,other
53.28616499900818,ATTITUDE,30,40,other
53.286237955093384,ATTITUDE,30,40,other
53.28626203536987,ATTITUDE_QUATERNION,31,44,other
53.29403305053711,TIMESYNC,111,25,other
53.29410004615784,HIGHRES_IMU,105,74,other
53.29411292076111,LOCAL_POSITION_NED,32,40,other
53.29412508010864,ATTITUDE,30,40,other
53.29413199424744,ATTITUDE_TARGET,83,48,other
53.29413294792175,ALTITUDE,141,44,other
53.2941460609436,ODOMETRY,331,244,other
53.29415488243103,ATTITUDE_QUATERNION,31,44,other
53.29415798187256,LOCAL_POSITION_NED,32,40,other
53.29416298866272,ATTITUDE_TARGET,83,48,other
53.2941689491272,POSITION_TARGET_LOCAL_NED,85,63,other
53.29417586326599,POSITION_TARGET_LOCAL_NED,85,63,other
53.29418206214905,VFR_HUD,74,31,other
53.29418587684631,SERVO_OUTPUT_RAW,36,24,other
53.29419803619385,SYS_STATUS,1,52,other
53.294206857681274,VFR_HUD,74,31,other
53.302265882492065,GLOBAL_POSITION_INT,33,40,other
53.30229306221008,GLOBAL_POSITION_INT,33,40,other
53.30236291885376,SERVO_OUTPUT_RAW,36,24,other
53.30606293678284,ATTITUDE,30,40,other
53.30616307258606,ATTITUDE,30,40,other
53.30623507499695,ATTITUDE_QUATERNION,31,44,other
53.31415104866028,HIGHRES_IMU,105,73,other
53.31422805786133,ATTITUDE,30,40,other
53.31424307823181,ATTITUDE_QUATERNION,31,44,other
53.31424903869629,ATTITUDE_TARGET,83,48,other
53.31425499916077,GPS_RAW_INT,24,56,other
53.31427788734436,LOCAL_POSITION_NED,32,40,other
53.314290046691895,POSITION_TARGET_LOCAL_NED,85,63,other
53.322031021118164,GLOBAL_POSITION_INT,33,40,other
53.322229862213135,GLOBAL_POSITION_INT,33,40,other
53.3222930431366,SERVO_OUTPUT_RAW,36,24,other
53.3260018825531,ATTITUDE,30,40,other
53.3261079788208,ATTITUDE,30,40,other
53.32616686820984,ATTITUDE_QUATERNION,31,44,other
53.33020091056824,LOCAL_POSITION_NED,32,40,other
53.33032298088074,ODOMETRY,331,244,other
53.33415198326111,HIGHRES_IMU,105,73,other
53.33422803878784,ATTITUDE,30,40,other
53.334233045578,ATTITUDE_TARGET,83,48,other
53.33424687385559,ATTITUDE_QUATERNION,31,44,other
53.33430600166321,LOCAL_POSITION_NED,32,40,other
53.33431887626648,POSITION_TARGET_LOCAL_NED,85,63,other
53.34198999404907,GLOBAL_POSITION_INT,33,40,other
53.34208703041077,GLOBAL_POSITION_INT,33,40,other
53.34214806556702,SERVO_OUTPUT_RAW,36,24,other
53.34621787071228,ATTITUDE,30,40,other
53.346296072006226,ATTITUDE,30,40,other
53.34631896018982,GPS_RAW_INT,24,56,other
53.34632086753845,ATTITUDE_QUATERNION,31,44,other
53.354191064834595,HIGHRES_IMU,105,74,other
53.35421395301819,ATTITUDE_TARGET,83,48,other
53.35427689552307,LOCAL_POSITION_NED,32,40,other
53.35427808761597,ATTITUDE,30,40,other
53.35429096221924,ATTITUDE_QUATERNION,31,44,other
53.354291915893555,POSITION_TARGET_LOCAL_NED,85,63,other
53.362422943115234,LOCAL_POSITION_NED,32,40,other
53.36254000663757,ODOMETRY,331,244,other
53.36253905296326,GLOBAL_POSITION_INT,33,40,other
53.36256408691406,GLOBAL_POSITION_INT,33,40,other
53.362658977508545,SERVO_OUTPUT_RAW,36,24,other
53.366074085235596,ATTITUDE,30,40,other
53.366158962249756,ATTITUDE,30,40,other
53.36622595787048,ATTITUDE_QUATERNION,31,44,other
53.37399697303772,HIGHRES_IMU,105,73,other
53.37406086921692,ATTITUDE,30,40,other
53.374078035354614,ATTITUDE_QUATERNION,31,44,other
53.37410807609558,ATTITUDE_TARGET,83,48,other
53.37413692474365,LOCAL_POSITION_NED,32,40,other
53.37414908409119,POSITION_TARGET_LOCAL_NED,85,63,other
53.37843108177185,GPS_RAW_INT,24,56,other
53.38208603858948,GLOBAL_POSITION_INT,33,40,other
53.38215494155884,POSITION_TARGET_GLOBAL_INT,87,63,other
53.382205963134766,GLOBAL_POSITION_INT,33,40,other
53.38222908973694,SERVO_OUTPUT_RAW,36,24,other
53.38612103462219,ATTITUDE,30,40,other
53.38623094558716,ATTITUDE,30,40,other
53.386290073394775,ATTITUDE_QUATERNION,31,44,other
53.3943510055542,TIMESYNC,111,25,other
53.394442081451416,HIGHRES_IMU,105,74,other
53.39445400238037,LOCAL_POSITION_NED,32,40,other
53.39446187019348,ATTITUDE,30,40,other
53.394469022750854,ALTITUDE,141,44,other
53.39447903633118,ODOMETRY,331,244,other
53.39448690414429,ATTITUDE_QUATERNION,31,44,other
53.39449405670166,ATTITUDE_TARGET,83,48,other
53.394505977630615,POSITION_TARGET_LOCAL_NED,85,63,other
53.39451599121094,SERVO_OUTPUT_RAW,36,24,other
53.39452600479126,VFR_HUD,74,31,other
53.39464592933655,ATTITUDE_TARGET,83,48,other
53.394761085510254,GPS_RAW_INT,24,56,other
53.39477300643921,LOCAL_POSITION_NED,32,40,other
53.39478302001953,POSITION_TARGET_LOCAL_NED,85,63,other
53.402008056640625,GLOBAL_POSITION_INT,33,40,other
53.402101039886475,GLOBAL_POSITION_INT,33,40,other
53.40215992927551,SERVO_OUTPUT_RAW,36,24,other
53.40607404708862,ATTITUDE,30,40,other
53.40616488456726,ATTITUDE,30,40,other
53.406229972839355,ATTITUDE_QUATERNION,31,44,other
53.41406607627869,HIGHRES_IMU,105,74,other
53.41412687301636,ATTITUDE_TARGET,83,48,other
53.41415095329285,ATTITUDE,30,40,other
53.41415500640869,LOCAL_POSITION_NED,32,40,other
53.41416692733765,POSITION_TARGET_LOCAL_NED,85,63,other
53.41416788101196,ATTITUDE_QUATERNION,31,44,other
53.41417908668518,GPS_RAW_INT,24,56,other
53.42217707633972,GLOBAL_POSITION_INT,33,40,other
53.42222499847412,GLOBAL_POSITION_INT,33,40,other
53.42229390144348,SERVO_OUTPUT_RAW,36,24,other
53.42614698410034,ATTITUDE,30,40,other
53.426270961761475,ATTITUDE,30,40,other
53.42632508277893,ATTITUDE_QUATERNION,31,44,other
53.430012941360474,LOCAL_POSITION_NED,32,40,other
53.430087089538574,ODOMETRY,331,244,other
53.43400692939758,HIGHRES_IMU,105,73,other
53.4340660572052,ATTITUDE,30,40,other
53.43408203125,ATTITUDE_QUATERNION,31,44,other
53.434107065200806,ATTITUDE_TARGET,83,48,other
53.434134006500244,LOCAL_POSITION_NED,32,40,other
53.4341459274292,POSITION_TARGET_LOCAL_NED,85,63,other

59.80603885650635,ATTITUDE,30,40,other
59.8061408996582,ATTITUDE,30,40,other
59.806211948394775,ATTITUDE_QUATERNION,31,44,other
59.81403207778931,HIGHRES_IMU,105,73,other
59.81409692764282,ATTITUDE,30,40,other
59.814111948013306,ATTITUDE_QUATERNION,31,44,other
59.81412386894226,GPS_RAW_INT,24,56,other
59.81415104866028,ATTITUDE_TARGET,83,48,other
59.81417989730835,LOCAL_POSITION_NED,32,40,other
59.81418991088867,POSITION_TARGET_LOCAL_NED,85,63,other
59.82207894325256,GLOBAL_POSITION_INT,33,40,other
59.822208881378174,GLOBAL_POSITION_INT,33,40,other
59.822272062301636,SERVO_OUTPUT_RAW,36,24,other
59.826016902923584,ATTITUDE,30,40,other
59.826114892959595,ATTITUDE,30,40,other
59.82613492012024,ATTITUDE_QUATERNION,31,44,other
59.83008909225464,LOCAL_POSITION_NED,32,40,other
59.830169916152954,ODOMETRY,331,244,other
59.83449101448059,HIGHRES_IMU,105,74,other
59.83452892303467,ATTITUDE_TARGET,83,48,other
59.834558963775635,ATTITUDE,30,40,other
59.834574937820435,ATTITUDE_QUATERNION,31,44,other
59.83460307121277,LOCAL_POSITION_NED,32,40,other
59.834616899490356,POSITION_TARGET_LOCAL_NED,85,63,other
59.84203100204468,GLOBAL_POSITION_INT,33,40,other
59.84214687347412,GLOBAL_POSITION_INT,33,40,other
59.84217286109924,SERVO_OUTPUT_RAW,36,24,other
59.84613490104675,ATTITUDE,30,40,other
59.846155881881714,ATTITUDE,30,40,other
59.84620690345764,GPS_RAW_INT,24,56,other
59.846216917037964,ATTITUDE_QUATERNION,31,44,other
59.85409998893738,HIGHRES_IMU,105,74,other
59.8541419506073,ATTITUDE_TARGET,83,48,other
59.854170083999634,LOCAL_POSITION_NED,32,40,other
59.85418200492859,POSITION_TARGET_LOCAL_NED,85,63,other
59.854203939437866,ATTITUDE,30,40,other
59.854228019714355,ATTITUDE_QUATERNION,31,44,other
59.86224389076233,LOCAL_POSITION_NED,32,40,other
59.86232399940491,ODOMETRY,331,244,other
59.86233997344971,GLOBAL_POSITION_INT,33,40,other
59.862443923950195,GLOBAL_POSITION_INT,33,40,other
59.86246991157532,SERVO_OUTPUT_RAW,36,24,other
59.86615490913391,ATTITUDE,30,40,other
59.8662428855896,ATTITUDE,30,40,other
59.86630892753601,ATTITUDE_QUATERNION,31,44,other
59.874053955078125,HIGHRES_IMU,105,73,other
59.87411093711853,ATTITUDE,30,40,other
59.87412405014038,ATTITUDE_QUATERNION,31,44,other
59.87459588050842,ATTITUDE_TARGET,83,48,other
59.87466502189636,LOCAL_POSITION_NED,32,40,other
59.874677896499634,POSITION_TARGET_LOCAL_NED,85,63,other
59.88236999511719,GLOBAL_POSITION_INT,33,40,other
59.88243293762207,GPS_RAW_INT,24,56,other
59.882444858551025,POSITION_TARGET_GLOBAL_INT,87,63,other
59.88247299194336,GLOBAL_POSITION_INT,33,40,other
59.88271903991699,SERVO_OUTPUT_RAW,36,24,other
59.88613796234131,ATTITUDE,30,40,other
59.88628888130188,ATTITUDE,30,40,other
59.88635492324829,ATTITUDE_QUATERNION,31,44,other
59.894299030303955,TIMESYNC,111,25,other
59.894399881362915,ATTITUDE_TARGET,83,48,other
59.8944308757782,LOCAL_POSITION_NED,32,40,other
59.89444398880005,POSITION_TARGET_LOCAL_NED,85,63,other
59.89482498168945,HIGHRES_IMU,105,74,other
59.89523696899414,LOCAL_POSITION_NED,32,40,other
59.89526700973511,ATTITUDE,30,40,other
59.895277976989746,ALTITUDE,141,44,other
59.89529299736023,ODOMETRY,331,244,other
59.89530301094055,ATTITUDE_QUATERNION,31,44,other
59.89531087875366,ATTITUDE_TARGET,83,48,other
59.895325899124146,POSITION_TARGET_LOCAL_NED,85,63,other
59.89533591270447,SERVO_OUTPUT_RAW,36,24,other
59.8954439163208,SYS_STATUS,1,52,other
59.89546203613281,VFR_HUD,74,31,other
59.90208387374878,GLOBAL_POSITION_INT,33,40,other
59.90218186378479,GLOBAL_POSITION_INT,33,40,other
59.90225291252136,SERVO_OUTPUT_RAW,36,24,other
59.90614604949951,ATTITUDE,30,40,other
59.906272888183594,ATTITUDE,30,40,other
59.90633296966553,ATTITUDE_QUATERNION,31,44,other
59.9140739440918,HIGHRES_IMU,105,73,other
59.91413903236389,ATTITUDE,30,40,other
59.91415596008301,ATTITUDE_QUATERNION,31,44,other
59.91416692733765,ATTITUDE_TARGET,83,48,other
59.91416692733765,GPS_RAW_INT,24,56,other
59.9141960144043,LOCAL_POSITION_NED,32,40,other
59.914206981658936,POSITION_TARGET_LOCAL_NED,85,63,other
59.92208194732666,GLOBAL_POSITION_INT,33,40,other
59.922213077545166,GLOBAL_POSITION_INT,33,40,other
59.922240018844604,SERVO_OUTPUT_RAW,36,24,other
59.92611002922058,ATTITUDE,30,40,other
59.92626404762268,ATTITUDE,30,40,other
59.926316022872925,ATTITUDE_QUATERNION,31,44,other
59.93002700805664,LOCAL_POSITION_NED,32,40,other
59.930052042007446,ODOMETRY,331,244,other
59.93403196334839,HIGHRES_IMU,105,73,other
59.93410897254944,ATTITUDE,30,40,other
59.93412494659424,ATTITUDE_QUATERNION,31,44,other
59.934161901474,ATTITUDE_TARGET,83,48,other
59.93424606323242,LOCAL_POSITION_NED,32,40,other
59.93425893783569,POSITION_TARGET_LOCAL_NED,85,63,other
59.9421010017395,GLOBAL_POSITION_INT,33,40,other
59.94223594665527,GLOBAL_POSITION_INT,33,40,other
59.942265033721924,SERVO_OUTPUT_RAW,36,24,other
59.94614100456238,ATTITUDE,30,40,other
59.94621396064758,GPS_RAW_INT,24,56,other
59.94624185562134,ATTITUDE,30,40,other
59.9463050365448,ATTITUDE_QUATERNION,31,44,other
59.95406794548035,HIGHRES_IMU,105,74,other
59.95413303375244,ATTITUDE,30,40,other
59.95414900779724,ATTITUDE_QUATERNION,31,44,other
59.95414996147156,ATTITUDE_TARGET,83,48,other
59.95417785644531,LOCAL_POSITION_NED,32,40,other
59.95419001579285,POSITION_TARGET_LOCAL_NED,85,63,other
59.962085008621216,LOCAL_POSITION_NED,32,40,other
59.9621479511261,ODOMETRY,331,244,other
59.9621639251709,GLOBAL_POSITION_INT,33,40,other
59.96221303939819,GLOBAL_POSITION_INT,33,40,other
59.96223998069763,SERVO_OUTPUT_RAW,36,24,other
59.96613001823425,ATTITUDE,30,40,other
59.966238021850586,ATTITUDE,30,40,other
59.96630787849426,ATTITUDE_QUATERNION,31,44,other
59.97411894798279,HIGHRES_IMU,105,74,other
59.974183082580566,ATTITUDE,30,40,other
59.97420001029968,ATTITUDE_QUATERNION,31,44,other
59.974205017089844,ATTITUDE_TARGET,83,48,other
59.974233865737915,LOCAL_POSITION_NED,32,40,other
59.97424602508545,POSITION_TARGET_LOCAL_NED,85,63,other
59.97805309295654,GPS_RAW_INT,24,56,other
59.98216485977173,GLOBAL_POSITION_INT,33,40,other
59.98225688934326,POSITION_TARGET_GLOBAL_INT,87,63,other
59.982292890548706,GLOBAL_POSITION_INT,33,40,other
59.982321977615356,SERVO_OUTPUT_RAW,36,24,other
59.986016035079956,ATTITUDE,30,40,other
59.98609685897827,ATTITUDE,30,40,other
59.98616409301758,ATTITUDE_QUATERNION,31,44,other
59.99405288696289,TIMESYNC,111,25,other
59.9941189289093,HIGHRES_IMU,105,74,other
59.994131088256836,LOCAL_POSITION_NED,32,40,other
59.99413299560547,ATTITUDE_TARGET,83,48,other
59.994142055511475,ATTITUDE,30,40,other
59.9941508769989,ALTITUDE,141,44,other
59.994154930114746,GPS_RAW_INT,24,56,other
59.99416399002075,LOCAL_POSITION_NED,32,40,other
59.99416494369507,ODOMETRY,331,244,other
59.99417495727539,ATTITUDE_QUATERNION,31,44,other
59.99417495727539,POSITION_TARGET_LOCAL_NED,85,63,other
59.9941840171814,ATTITUDE_TARGET,83,48,other
59.99419808387756,POSITION_TARGET_LOCAL_NED,85,63,other
59.9942090511322,SERVO_OUTPUT_RAW,36,24,other
59.994219064712524,VFR_HUD,74,31,other
60.002065896987915,GLOBAL_POSITION_INT,33,40,other
60.0022919178009,GLOBAL_POSITION_INT,33,40,other
60.00238108634949,SERVO_OUTPUT_RAW,36,24,other
60.00607490539551,ATTITUDE,30,40,other
60.00616002082825,ATTITUDE,30,40,other
60.00622606277466,ATTITUDE_QUATERNION,31,44,other
60.01005697250366,UNKNOWN_380,-2,32,other
60.010411977767944,UNKNOWN_380,-2,32,other
60.01440095901489,HIGHRES_IMU,105,74,other
60.01446604728699,ATTITUDE,30,40,other
60.01448106765747,ATTITUDE_QUATERNION,31,44,other
60.014492988586426,GPS_RAW_INT,24,56,other
60.014500856399536,ATTITUDE_TARGET,83,48,other
60.014528036117554,LOCAL_POSITION_NED,32,40,other
60.01453995704651,POSITION_TARGET_LOCAL_NED,85,63,other
60.02208995819092,GLOBAL_POSITION_INT,33,40,other
60.02216196060181,GLOBAL_POSITION_INT,33,40,other
60.02222800254822,SERVO_OUTPUT_RAW,36,24,other
60.026050090789795,ATTITUDE,30,40,other
60.026278018951416,ATTITUDE,30,40,other
60.02638602256775,ATTITUDE_QUATERNION,31,44,other
60.030097007751465,LOCAL_POSITION_NED,32,40,other
60.03016686439514,ODOMETRY,331,244,other
60.03413701057434,HIGHRES_IMU,105,73,other
60.03420805931091,ATTITUDE,30,40,other
60.03422498703003,ATTITUDE_QUATERNION,31,44,other
60.03423500061035,ATTITUDE_TARGET,83,48,other
60.034262895584106,LOCAL_POSITION_NED,32,40,other
60.03427505493164,POSITION_TARGET_LOCAL_NED,85,63,other
60.04208588600159,GLOBAL_POSITION_INT,33,40,other
60.04217004776001,GLOBAL_POSITION_INT,33,40,other
60.04223990440369,SERVO_OUTPUT_RAW,36,24,other
60.04609704017639,ATTITUDE,30,40,other
60.04616189002991,GPS_RAW_INT,24,56,other
60.046189069747925,ATTITUDE,30,40,other
60.04627704620361,ATTITUDE_QUATERNION,31,44,other
60.046319007873535,VFR_HUD,74,31,other
60.05402088165283,HIGHRES_IMU,105,73,other
60.0540828704834,ATTITUDE,30,40,other
60.05409908294678,ATTITUDE_QUATERNION,31,44,other
60.05411386489868,ATTITUDE_TARGET,83,48,other
60.054184913635254,LOCAL_POSITION_NED,32,40,other
60.05419588088989,POSITION_TARGET_LOCAL_NED,85,63,other
60.06215691566467,LOCAL_POSITION_NED,32,40,other
60.06223487854004,ODOMETRY,331,244,other
60.06223797798157,GLOBAL_POSITION_INT,33,40,other
60.06224989891052,GLOBAL_POSITION_INT,33,40,other
60.06230592727661,SERVO_OUTPUT_RAW,36,24,other
60.06621599197388,ATTITUDE,30,40,other
60.06639504432678,ATTITUDE,30,40,other
60.06645488739014,ATTITUDE_QUATERNION,31,44,other
60.074162006378174,HIGHRES_IMU,105,74,other
60.074230909347534,ATTITUDE,30,40,other
60.07424807548523,ATTITUDE_QUATERNION,31,44,other
60.07426691055298,ATTITUDE_TARGET,83,48,other
60.074362993240356,LOCAL_POSITION_NED,32,40,other
60.07438898086548,POSITION_TARGET_LOCAL_NED,85,63,other
60.07798504829407,GPS_RAW_INT,24,56,other
60.07819104194641,HEARTBEAT,0,21,other
60.08221197128296,GLOBAL_POSITION_INT,33,40,other
60.08227300643921,POSITION_TARGET_GLOBAL_INT,87,63,other
60.08231592178345,GLOBAL_POSITION_INT,33,40,other
60.082391023635864,SERVO_OUTPUT_RAW,36,24,other
60.08245491981506,HEARTBEAT,0,21,other
60.08601999282837,ATTITUDE,30,40,other
60.086162090301514,ATTITUDE,30,40,other
60.086243867874146,ATTITUDE_QUATERNION,31,44,other
60.09399890899658,HEARTBEAT,0,21,other
60.09406089782715,TIMESYNC,111,25,other
60.09407591819763,HIGHRES_IMU,105,73,other
60.094085931777954,LOCAL_POSITION_NED,32,40,other
60.09408903121948,ATTITUDE_TARGET,83,48,other
60.09409689903259,ATTITUDE,30,40,other
60.094106912612915,ALTITUDE,141,44,other
60.094117879867554,LOCAL_POSITION_NED,32,40,other
60.094120025634766,ODOMETRY,331,244,other
60.094130992889404,ATTITUDE_QUATERNION,31,44,other
60.094130992889404,POSITION_TARGET_LOCAL_NED,85,63,other
60.09414005279541,ATTITUDE_TARGET,83,48,other
60.09415006637573,BATTERY_STATUS,147,53,other
60.094156980514526,UNKNOWN_436,-2,21,other
60.09416198730469,ESTIMATOR_STATUS,230,54,other
60.0941698551178,EXTENDED_SYS_STATE,245,14,other
60.09417986869812,HOME_POSITION,242,67,other
60.09419107437134,OPEN_DRONE_ID_LOCATION,12901,70,other
60.09420108795166,OPEN_DRONE_ID_SYSTEM,12904,37,other
60.09420990943909,PING,4,21,other
60.09421896934509,POSITION_TARGET_LOCAL_NED,85,63,other
60.09422993659973,SCALED_PRESSURE,29,26,other
60.09423804283142,SERVO_OUTPUT_RAW,36,24,other
60.09424805641174,SYS_STATUS,1,52,other
60.09425687789917,SYSTEM_TIME,2,22,other
60.094265937805176,VFR_HUD,74,31,other
60.09427499771118,VIBRATION,241,32,other
60.09428405761719,UNKNOWN_8,-2,33,other
60.0954110622406,PING,4,26,other
60.10210204124451,GLOBAL_POSITION_INT,33,40,other
60.10221004486084,GLOBAL_POSITION_INT,33,40,other
60.102295875549316,SERVO_OUTPUT_RAW,36,24,other
60.10664701461792,ATTITUDE,30,40,other
60.10678291320801,ATTITUDE,30,40,other
60.10685205459595,ATTITUDE_QUATERNION,31,44,other
60.11012101173401,GPS_RAW_INT,24,56,other
60.11417198181152,HIGHRES_IMU,105,74,other
60.11426591873169,ATTITUDE,30,40,other
60.114317893981934,ATTITUDE_TARGET,83,48,other
60.11434507369995,LOCAL_POSITION_NED,32,40,other
60.11435508728027,POSITION_TARGET_LOCAL_NED,85,63,other
60.11440300941467,ATTITUDE_QUATERNION,31,44,other
60.12210392951965,GLOBAL_POSITION_INT,33,40,other
60.122185945510864,GLOBAL_POSITION_INT,33,40,other
60.122255086898804,SERVO_OUTPUT_RAW,36,24,other
60.12602496147156,ATTITUDE,30,40,other
60.12612199783325,HEARTBEAT,0,21,other
60.12617206573486,ATTITUDE,30,40,other
60.12618899345398,ATTITUDE_QUATERNION,31,44,other
60.13014006614685,LOCAL_POSITION_NED,32,40,other
60.13016986846924,ODOMETRY,331,244,other
60.130187034606934,HEARTBEAT,0,21,other
60.1341609954834,HIGHRES_IMU,105,74,other
60.134227991104126,ATTITUDE,30,40,other
60.13424491882324,ATTITUDE_QUATERNION,31,44,other
60.13460087776184,ATTITUDE_TARGET,83,48,other
60.13580799102783,LOCAL_POSITION_NED,32,40,other
60.13582706451416,POSITION_TARGET_LOCAL_NED,85,63,other
60.14214897155762,GLOBAL_POSITION_INT,33,40,other
60.14220309257507,GLOBAL_POSITION_INT,33,40,other
60.142224073410034,SERVO_OUTPUT_RAW,36,24,other
60.14607000350952,ATTITUDE,30,40,other
60.14614701271057,GPS_RAW_INT,24,56,other
60.14616107940674,ATTITUDE,30,40,other
60.14618706703186,ATTITUDE_QUATERNION,31,44,other
60.15403604507446,HIGHRES_IMU,105,73,other
60.154102087020874,ATTITUDE,30,40,other
60.15411901473999,ATTITUDE_QUATERNION,31,44,other
60.154144048690796,ATTITUDE_TARGET,83,48,other
60.15421199798584,LOCAL_POSITION_NED,32,40,other
60.15421986579895,POSITION_TARGET_LOCAL_NED,85,63,other
60.16211700439453,LOCAL_POSITION_NED,32,40,other
60.162179946899414,ODOMETRY,331,244,other
60.16219091415405,GLOBAL_POSITION_INT,33,40,other
60.16220808029175,GLOBAL_POSITION_INT,33,40,other
60.16228199005127,SERVO_OUTPUT_RAW,36,24,other
60.1661958694458,ATTITUDE,30,40,other
60.16633105278015,ATTITUDE,30,40,other
60.16637992858887,ATTITUDE_QUATERNION,31,44,other
60.1669340133667,MISSION_CURRENT,42,22,other
60.17399191856384,HIGHRES_IMU,105,73,other
60.174052000045776,ATTITUDE,30,40,other
60.17406892776489,ATTITUDE_QUATERNION,31,44,other
60.17407989501953,ATTITUDE_TARGET,83,48,other
60.17410206794739,LOCAL_POSITION_NED,32,40,other
60.174110889434814,POSITION_TARGET_LOCAL_NED,85,63,other
60.178061962127686,GPS_RAW_INT,24,56,other
60.18260192871094,GLOBAL_POSITION_INT,33,40,other
60.18263292312622,POSITION_TARGET_GLOBAL_INT,87,63,other
60.182645082473755,SERVO_OUTPUT_RAW,36,24,other
60.182700872421265,GLOBAL_POSITION_INT,33,40,other
60.18278503417969,POSITION_TARGET_GLOBAL_INT,87,63,other
60.186068058013916,ATTITUDE,30,40,other
60.18616795539856,ATTITUDE,30,40,other
60.18623495101929,ATTITUDE_QUATERNION,31,44,other
60.18680000305176,MISSION_CURRENT,42,22,other
60.19402003288269,TIMESYNC,111,25,other
60.19408202171326,HIGHRES_IMU,105,74,other
60.19409394264221,LOCAL_POSITION_NED,32,40,other
60.194103956222534,ATTITUDE,30,40,other
60.19411301612854,ALTITUDE,141,44,other
60.194119930267334,ATTITUDE_TARGET,83,48,other
60.19412589073181,ODOMETRY,331,244,other
60.194135904312134,ATTITUDE_QUATERNION,31,44,other
60.19414401054382,ATTITUDE_TARGET,83,48,other
60.19414401054382,GPS_RAW_INT,24,56,other
60.19415593147278,LOCAL_POSITION_NED,32,40,other
60.194156885147095,POSITION_TARGET_LOCAL_NED,85,63,other
60.19416689872742,SERVO_OUTPUT_RAW,36,24,other
60.19416689872742,POSITION_TARGET_LOCAL_NED,85,63,other
60.194177865982056,VFR_HUD,74,31,other
60.20203995704651,GLOBAL_POSITION_INT,33,40,other
60.202143907547,GLOBAL_POSITION_INT,33,40,other
60.20221400260925,SERVO_OUTPUT_RAW,36,24,other
60.20616602897644,ATTITUDE,30,40,other
60.20618295669556,ATTITUDE,30,40,other
60.206247091293335,ATTITUDE_QUATERNION,31,44,other
60.210147857666016,GPS_RAW_INT,24,56,other
60.21408987045288,HIGHRES_IMU,105,73,other
60.214154958724976,ATTITUDE,30,40,other
60.21417498588562,ATTITUDE_QUATERNION,31,44,other
60.214210987091064,ATTITUDE_TARGET,83,48,other
60.21428608894348,LOCAL_POSITION_NED,32,40,other
60.21429896354675,POSITION_TARGET_LOCAL_NED,85,63,other
60.22224187850952,GLOBAL_POSITION_INT,33,40,other
60.22235298156738,GLOBAL_POSITION_INT,33,40,other
60.22238206863403,SERVO_OUTPUT_RAW,36,24,other
60.2260320186615,ATTITUDE,30,40,other
60.22614502906799,ATTITUDE,30,40,other
60.22621202468872,ATTITUDE_QUATERNION,31,44,other
60.23002600669861,LOCAL_POSITION_NED,32,40,other
60.23009490966797,ODOMETRY,331,244,other
60.23402500152588,HIGHRES_IMU,105,73,other
60.23408603668213,ATTITUDE,30,40,other
60.23410105705261,ATTITUDE_QUATERNION,31,44,other
60.234127044677734,ATTITUDE_TARGET,83,48,other
60.23419904708862,LOCAL_POSITION_NED,32,40,other
60.23421287536621,POSITION_TARGET_LOCAL_NED,85,63,other
60.242361068725586,GLOBAL_POSITION_INT,33,40,other
60.2425000667572,GPS_RAW_INT,24,56,other
60.24250507354736,GLOBAL_POSITION_INT,33,40,other
60.24263596534729,SERVO_OUTPUT_RAW,36,24,other
60.24603605270386,ATTITUDE,30,40,other
60.24614596366882,ATTITUDE,30,40,other
60.24619698524475,ATTITUDE_QUATERNION,31,44,other
60.25424599647522,HIGHRES_IMU,105,74,other
60.254313945770264,ATTITUDE,30,40,other
60.25433301925659,ATTITUDE_QUATERNION,31,44,other
60.2543580532074,ATTITUDE_TARGET,83,48,other
60.25442600250244,LOCAL_POSITION_NED,32,40,other
60.25443887710571,POSITION_TARGET_LOCAL_NED,85,63,other
60.26202392578125,LOCAL_POSITION_NED,32,40,other
60.26208996772766,ODOMETRY,331,244,other
60.26210403442383,GLOBAL_POSITION_INT,33,40,other
60.26213097572327,GLOBAL_POSITION_INT,33,40,other
60.262155055999756,SERVO_OUTPUT_RAW,36,24,other
60.2659969329834,ATTITUDE,30,40,other
60.26611590385437,ATTITUDE,30,40,other
60.26617407798767,ATTITUDE_QUATERNION,31,44,other
60.27434206008911,HIGHRES_IMU,105,74,other
60.274391889572144,ATTITUDE_TARGET,83,48,other
60.27442789077759,LOCAL_POSITION_NED,32,40,other
60.27444005012512,POSITION_TARGET_LOCAL_NED,85,63,other
60.27444100379944,ATTITUDE,30,40,other
60.27446389198303,ATTITUDE_QUATERNION,31,44,other
60.278055906295776,GPS_RAW_INT,24,56,other
60.2820029258728,GLOBAL_POSITION_INT,33,40,other
60.28206396102905,POSITION_TARGET_GLOBAL_INT,87,63,other
60.28212785720825,GLOBAL_POSITION_INT,33,40,other
60.28222298622131,SERVO_OUTPUT_RAW,36,24,other
60.286081075668335,ATTITUDE,30,40,other
60.28618502616882,ATTITUDE,30,40,other
60.286274909973145,ATTITUDE_QUATERNION,31,44,other
60.2940239906311,TIMESYNC,111,25,other
60.2940878868103,HIGHRES_IMU,105,73,other
60.29409909248352,LOCAL_POSITION_NED,32,40,other
60.294111013412476,ATTITUDE,30,40,other
60.29412007331848,ALTITUDE,141,44,other
60.29413199424744,ODOMETRY,331,244,other
60.2941370010376,ATTITUDE_TARGET,83,48,other
60.29414105415344,ATTITUDE_QUATERNION,31,44,other
60.29414987564087,ATTITUDE_TARGET,83,48,other
60.294163942337036,POSITION_TARGET_LOCAL_NED,85,63,other
60.29416608810425,LOCAL_POSITION_NED,32,40,other
60.29417300224304,SERVO_OUTPUT_RAW,36,24,other
60.2941780090332,POSITION_TARGET_LOCAL_NED,85,63,other
60.294183015823364,SYS_STATUS,1,52,other
60.29418897628784,VFR_HUD,74,31,other
60.29419302940369,VFR_HUD,74,31,other
60.30218505859375,GLOBAL_POSITION_INT,33,40,other
60.30234098434448,GLOBAL_POSITION_INT,33,40,other
60.3024480342865,SERVO_OUTPUT_RAW,36,24,other
60.30615496635437,ATTITUDE,30,40,other
60.30623197555542,ATTITUDE,30,40,other
60.30629801750183,ATTITUDE_QUATERNION,31,44,other
60.309995889663696,GPS_RAW_INT,24,56,other
60.31397485733032,HIGHRES_IMU,105,74,other
60.31403589248657,ATTITUDE,30,40,other
60.31405305862427,ATTITUDE_QUATERNION,31,44,other
60.31407403945923,ATTITUDE_TARGET,83,48,other
60.31414294242859,LOCAL_POSITION_NED,32,40,other
60.31415605545044,POSITION_TARGET_LOCAL_NED,85,63,other
60.32203006744385,GLOBAL_POSITION_INT,33,40,other
60.32213306427002,GLOBAL_POSITION_INT,33,40,other
60.32216000556946,SERVO_OUTPUT_RAW,36,24,other
60.326138973236084,ATTITUDE,30,40,other
60.32622790336609,ATTITUDE,30,40,other
60.326250076293945,ATTITUDE_QUATERNION,31,44,other
60.33000087738037,LOCAL_POSITION_NED,32,40,other
60.330124855041504,ODOMETRY,331,244,other
60.33433198928833,HIGHRES_IMU,105,73,other
60.33440709114075,ATTITUDE,30,40,other
60.33442187309265,ATTITUDE_TARGET,83,48,other
60.33442401885986,ATTITUDE_QUATERNION,31,44,other
60.3345000743866,LOCAL_POSITION_NED,32,40,other
60.334513902664185,POSITION_TARGET_LOCAL_NED,85,63,other
60.342159032821655,GLOBAL_POSITION_INT,33,40,other
60.34218692779541,GPS_RAW_INT,24,56,other
60.342222929000854,GLOBAL_POSITION_INT,33,40,other
60.34229493141174,SERVO_OUTPUT_RAW,36,24,other
60.346014976501465,ATTITUDE,30,40,other
60.34610891342163,ATTITUDE,30,40,other
60.3461799621582,ATTITUDE_QUATERNION,31,44,other
60.35403490066528,HIGHRES_IMU,105,73,other
60.354100942611694,ATTITUDE,30,40,other
60.35411787033081,ATTITUDE_QUATERNION,31,44,other
60.354151010513306,ATTITUDE_TARGET,83,48,other
60.35422396659851,LOCAL_POSITION_NED,32,40,other
60.354238986968994,POSITION_TARGET_LOCAL_NED,85,63,other
60.36203908920288,LOCAL_POSITION_NED,32,40,other
60.362070083618164,ODOMETRY,331,244,other
60.36208391189575,GLOBAL_POSITION_INT,33,40,other
60.3621928691864,GLOBAL_POSITION_INT,33,40,other
60.362263917922974,SERVO_OUTPUT_RAW,36,24,other
60.36652493476868,ATTITUDE,30,40,other
60.36658692359924,ATTITUDE,30,40,other
60.36667990684509,ATTITUDE_QUATERNION,31,44,other
60.37398099899292,HIGHRES_IMU,105,74,other
60.374042987823486,ATTITUDE,30,40,other
60.37405705451965,ATTITUDE_QUATERNION,31,44,other
60.37406897544861,GPS_RAW_INT,24,56,other
60.37408685684204,ATTITUDE_TARGET,83,48,other
60.3741180896759,LOCAL_POSITION_NED,32,40,other
60.374160051345825,POSITION_TARGET_LOCAL_NED,85,63,other
60.38214707374573,GLOBAL_POSITION_INT,33,40,other
60.38221597671509,POSITION_TARGET_GLOBAL_INT,87,63,other
60.382241010665894,GLOBAL_POSITION_INT,33,40,other
60.3823299407959,SERVO_OUTPUT_RAW,36,24,other
60.38602089881897,ATTITUDE,30,40,other
60.386131048202515,ATTITUDE,30,40,other
60.386154890060425,ATTITUDE_QUATERNION,31,44,other
60.39436602592468,TIMESYNC,111,25,other
60.394394874572754,HIGHRES_IMU,105,74,other
60.394404888153076,LOCAL_POSITION_NED,32,40,other
60.3944149017334,ATTITUDE,30,40,other
60.394423961639404,ALTITUDE,141,44,other
60.394437074661255,ODOMETRY,331,244,other
60.39444589614868,ATTITUDE_QUATERNION,31,44,other
60.39445400238037,ATTITUDE_TARGET,83,48,other
60.39446687698364,POSITION_TARGET_LOCAL_NED,85,63,other
60.39447593688965,SERVO_OUTPUT_RAW,36,24,other
60.39448595046997,VFR_HUD,74,31,other
60.39497399330139,ATTITUDE_TARGET,83,48,other
60.39500904083252,GPS_RAW_INT,24,56,other
60.39502000808716,LOCAL_POSITION_NED,32,40,other
60.395039081573486,POSITION_TARGET_LOCAL_NED,85,63,other
60.40204095840454,GLOBAL_POSITION_INT,33,40,other
60.40214991569519,GLOBAL_POSITION_INT,33,40,other
60.40217685699463,SERVO_OUTPUT_RAW,36,24,other
60.406044006347656,ATTITUDE,30,40,other
60.40612602233887,ATTITUDE,30,40,other
60.406179904937744,ATTITUDE_QUATERNION,31,44,other
60.41025996208191,GPS_RAW_INT,24,56,other
60.41402888298035,HIGHRES_IMU,105,74,other
60.41409707069397,ATTITUDE,30,40,other
60.41411590576172,ATTITUDE_QUATERNION,31,44,other
60.414191007614136,ATTITUDE_TARGET,83,48,other
60.41421890258789,LOCAL_POSITION_NED,32,40,other
60.41422891616821,POSITION_TARGET_LOCAL_NED,85,63,other
60.42201495170593,GLOBAL_POSITION_INT,33,40,other
60.4221088886261,GLOBAL_POSITION_INT,33,40,other
60.42213296890259,SERVO_OUTPUT_RAW,36,24,other
60.42620396614075,ATTITUDE,30,40,other
60.42626905441284,ATTITUDE,30,40,other
60.42635703086853,ATTITUDE_QUATERNION,31,44,other
60.43005990982056,LOCAL_POSITION_NED,32,40,other
60.43013000488281,ODOMETRY,331,244,other
60.43412709236145,HIGHRES_IMU,105,74,other
60.43418788909912,ATTITUDE,30,40,other
60.434200048446655,ATTITUDE_QUATERNION,31,44,other
60.434242963790894,ATTITUDE_TARGET,83,48,other
60.43431091308594,LOCAL_POSITION_NED,32,40,other
60.43432402610779,POSITION_TARGET_LOCAL_NED,85,63,other
60.44221496582031,GLOBAL_POSITION_INT,33,40,other
60.442277908325195,GPS_RAW_INT,24,56,other
60.44232392311096,GLOBAL_POSITION_INT,33,40,other
60.44234895706177,SERVO_OUTPUT_RAW,36,24,other
60.446080923080444,ATTITUDE,30,40,other
60.44631099700928,ATTITUDE,30,40,other
60.44633197784424,ATTITUDE_QUATERNION,31,44,other
60.45397686958313,HIGHRES_IMU,105,73,other
60.45404601097107,ATTITUDE,30,40,other
60.454062938690186,ATTITUDE_QUATERNION,31,44,other
60.45407795906067,ATTITUDE_TARGET,83,48,other
60.45410990715027,LOCAL_POSITION_NED,32,40,other
60.4541220664978,POSITION_TARGET_LOCAL_NED,85,63,other
60.462137937545776,LOCAL_POSITION_NED,32,40,other
60.46223306655884,ODOMETRY,331,244,other
60.46224904060364,GLOBAL_POSITION_INT,33,40,other
60.462257862091064,GLOBAL_POSITION_INT,33,40,other
60.46232795715332,SERVO_OUTPUT_RAW,36,24,other
60.46604299545288,ATTITUDE,30,40,other
60.4661340713501,ATTITUDE,30,40,other
60.46615791320801,ATTITUDE_QUATERNION,31,44,other
60.474169969558716,HIGHRES_IMU,105,73,other
60.47423696517944,ATTITUDE,30,40,other
60.47431802749634,ATTITUDE_TARGET,83,48,other
60.47439002990723,LOCAL_POSITION_NED,32,40,other
60.47440505027771,POSITION_TARGET_LOCAL_NED,85,63,other
60.47441101074219,ATTITUDE_QUATERNION,31,44,other
60.474453926086426,GPS_RAW_INT,24,56,other
60.48206901550293,GLOBAL_POSITION_INT,33,40,other
60.482162952423096,POSITION_TARGET_GLOBAL_INT,87,63,other
60.48220705986023,GLOBAL_POSITION_INT,33,40,other
60.48222899436951,SERVO_OUTPUT_RAW,36,24,other
60.48603391647339,ATTITUDE,30,40,other
60.48613786697388,ATTITUDE,30,40,other
60.48620295524597,ATTITUDE_QUATERNION,31,44,other
60.4940230846405,TIMESYNC,111,25,other
60.4940869808197,HIGHRES_IMU,105,74,other
60.494099855422974,LOCAL_POSITION_NED,32,40,other
60.494109869003296,ATTITUDE,30,40,other
60.494117975234985,ALTITUDE,141,44,other
60.49412703514099,ATTITUDE_TARGET,83,48,other
60.49413204193115,ODOMETRY,331,244,other
60.49413990974426,ATTITUDE_QUATERNION,31,44,other
60.49414801597595,ATTITUDE_TARGET,83,48,other
60.49416208267212,POSITION_TARGET_LOCAL_NED,85,63,other
60.494170904159546,SERVO_OUTPUT_RAW,36,24,other
60.494181871414185,SYS_STATUS,1,52,other
60.49419093132019,VFR_HUD,74,31,other
60.49419808387756,LOCAL_POSITION_NED,32,40,other
60.49421191215515,POSITION_TARGET_LOCAL_NED,85,63,other
60.50204801559448,GLOBAL_POSITION_INT,33,40,other
60.50213694572449,GLOBAL_POSITION_INT,33,40,other
60.502163887023926,SERVO_OUTPUT_RAW,36,24,other
60.50702905654907,ATTITUDE,30,40,other
60.50712704658508,GPS_RAW_INT,24,56,other
60.507181882858276,ATTITUDE,30,40,other
60.50725603103638,ATTITUDE_QUATERNION,31,44,other
60.51407599449158,HIGHRES_IMU,105,73,other
60.51413702964783,ATTITUDE_TARGET,83,48,other
60.514167070388794,LOCAL_POSITION_NED,32,40,other
60.51417899131775,POSITION_TARGET_LOCAL_NED,85,63,other
60.51421809196472,ATTITUDE,30,40,other
60.51423406600952,ATTITUDE_QUATERNION,31,44,other
60.52232098579407,GLOBAL_POSITION_INT,33,40,other
60.52243494987488,GLOBAL_POSITION_INT,33,40,other
60.52258801460266,SERVO_OUTPUT_RAW,36,24,other
60.526012897491455,ATTITUDE,30,40,other
60.52607989311218,ATTITUDE,30,40,other
60.5261390209198,ATTITUDE_QUATERNION,31,44,other
60.529988050460815,LOCAL_POSITION_NED,32,40,other
60.53005290031433,ODOMETRY,331,244,other
60.534236907958984,HIGHRES_IMU,105,74,other
60.534264087677,ATTITUDE,30,40,other
60.534278869628906,ATTITUDE_QUATERNION,31,44,other
60.53431487083435,ATTITUDE_TARGET,83,48,other
60.53438687324524,LOCAL_POSITION_NED,32,40,other
60.53439998626709,POSITION_TARGET_LOCAL_NED,85,63,other
60.54214406013489,GLOBAL_POSITION_INT,33,40,other
60.54223608970642,GLOBAL_POSITION_INT,33,40,other
60.54225993156433,SERVO_OUTPUT_RAW,36,24,other
60.54228091239929,GPS_RAW_INT,24,56,other
60.546196937561035,ATTITUDE,30,40,other
60.546319007873535,ATTITUDE,30,40,other
60.546343088150024,ATTITUDE_QUATERNION,31,44,other
60.54636287689209,VFR_HUD,74,31,other
60.55414605140686,HIGHRES_IMU,105,74,other
60.55420994758606,ATTITUDE,30,40,other
60.55422496795654,ATTITUDE_QUATERNION,31,44,other
60.554229974746704,ATTITUDE_TARGET,83,48,other
60.55429792404175,LOCAL_POSITION_NED,32,40,other
60.5543110370636,POSITION_TARGET_LOCAL_NED,85,63,other
60.5620698928833,LOCAL_POSITION_NED,32,40,other
60.56214499473572,ODOMETRY,331,244,other
60.56216096878052,GLOBAL_POSITION_INT,33,40,other
60.5621919631958,GLOBAL_POSITION_INT,33,40,other
60.56222987174988,SERVO_OUTPUT_RAW,36,24,other
60.566237926483154,ATTITUDE,30,40,other
60.566324949264526,ATTITUDE,30,40,other
60.56639289855957,ATTITUDE_QUATERNION,31,44,other
60.5740110874176,HIGHRES_IMU,105,73,other
60.574074029922485,ATTITUDE,30,40,other
60.5740909576416,ATTITUDE_QUATERNION,31,44,other
60.57410287857056,GPS_RAW_INT,24,56,other
60.574130058288574,ATTITUDE_TARGET,83,48,other
60.57415986061096,LOCAL_POSITION_NED,32,40,other
60.574172019958496,POSITION_TARGET_LOCAL_NED,85,63,other
60.5823130607605,GLOBAL_POSITION_INT,33,40,other
60.582375049591064,GLOBAL_POSITION_INT,33,40,other
60.582380056381226,POSITION_TARGET_GLOBAL_INT,87,63,other
60.582441091537476,SERVO_OUTPUT_RAW,36,24,other
60.58608603477478,ATTITUDE,30,40,other
60.58618402481079,ATTITUDE,30,40,other
60.58624291419983,ATTITUDE_QUATERNION,31,44,other
60.59409308433533,TIMESYNC,111,25,other
60.59416103363037,HIGHRES_IMU,105,73,other
60.59417200088501,LOCAL_POSITION_NED,32,40,other
60.59417390823364,ATTITUDE_TARGET,83,48,other
60.59418296813965,ATTITUDE,30,40,other
60.59419298171997,ALTITUDE,141,44,other
60.59419798851013,GPS_RAW_INT,24,56,other
60.59420704841614,ODOMETRY,331,244,other
60.594208002090454,LOCAL_POSITION_NED,32,40,other
60.59421706199646,ATTITUDE_QUATERNION,31,44,other
60.59421896934509,POSITION_TARGET_LOCAL_NED,85,63,other
60.59422588348389,ATTITUDE_TARGET,83,48,other
60.59424090385437,POSITION_TARGET_LOCAL_NED,85,63,other
60.594253063201904,SERVO_OUTPUT_RAW,36,24,other
60.59426689147949,VFR_HUD,74,31,other
60.60225987434387,GLOBAL_POSITION_INT,33,40,other
60.60239100456238,GLOBAL_POSITION_INT,33,40,other
60.60241508483887,SERVO_OUTPUT_RAW,36,24,other
60.60624599456787,ATTITUDE,30,40,other
60.60632300376892,GPS_RAW_INT,24,56,other
60.60634803771973,ATTITUDE,30,40,other
60.6064178943634,ATTITUDE_QUATERNION,31,44,other
60.614256858825684,HIGHRES_IMU,105,74,other
60.61432600021362,ATTITUDE,30,40,other
60.614341020584106,ATTITUDE_QUATERNION,31,44,other
60.61435008049011,ATTITUDE_TARGET,83,48,other
60.61437702178955,LOCAL_POSITION_NED,32,40,other
60.61438798904419,POSITION_TARGET_LOCAL_NED,85,63,other
60.62221097946167,GLOBAL_POSITION_INT,33,40,other
60.62232995033264,GLOBAL_POSITION_INT,33,40,other
60.6224000453949,SERVO_OUTPUT_RAW,36,24,other
60.62606906890869,ATTITUDE,30,40,other
60.62618708610535,ATTITUDE,30,40,other
60.62625598907471,ATTITUDE_QUATERNION,31,44,other
60.63022303581238,LOCAL_POSITION_NED,32,40,other
60.6302969455719,ODOMETRY,331,244,other
60.634105920791626,HIGHRES_IMU,105,73,other
60.63417196273804,ATTITUDE,30,40,other
60.63419008255005,ATTITUDE_QUATERNION,31,44,other
60.63420295715332,ATTITUDE_TARGET,83,48,other
60.634268045425415,LOCAL_POSITION_NED,32,40,other
60.63428092002869,POSITION_TARGET_LOCAL_NED,85,63,other
60.63811206817627,GPS_RAW_INT,24,56,other
60.6419939994812,GLOBAL_POSITION_INT,33,40,other
60.64209294319153,GLOBAL_POSITION_INT,33,40,other
60.64215588569641,SERVO_OUTPUT_RAW,36,24,other
60.6462459564209,ATTITUDE,30,40,other
60.646339893341064,ATTITUDE,30,40,other
60.646405935287476,ATTITUDE_QUATERNION,31,44,other
60.65421795845032,HIGHRES_IMU,105,73,other
60.65428590774536,ATTITUDE,30,40,other
60.65430188179016,ATTITUDE_QUATERNION,31,44,other
60.654314041137695,ATTITUDE_TARGET,83,48,other
60.654386043548584,LOCAL_POSITION_NED,32,40,other
60.654396057128906,POSITION_TARGET_LOCAL_NED,85,63,other
60.662153005599976,LOCAL_POSITION_NED,32,40,other
60.662250995635986,ODOMETRY,331,244,other
60.662270069122314,GLOBAL_POSITION_INT,33,40,other
60.66229605674744,GLOBAL_POSITION_INT,33,40,other
60.66237998008728,SERVO_OUTPUT_RAW,36,24,other
60.666056871414185,ATTITUDE,30,40,other
60.666141986846924,ATTITUDE,30,40,other
60.66621494293213,ATTITUDE_QUATERNION,31,44,other
60.67396402359009,HIGHRES_IMU,105,74,other
60.674022912979126,ATTITUDE,30,40,other
60.674038887023926,ATTITUDE_QUATERNION,31,44,other
60.67405104637146,GPS_RAW_INT,24,56,other
60.67406892776489,ATTITUDE_TARGET,83,48,other
60.67416191101074,LOCAL_POSITION_NED,32,40,other
60.674174070358276,POSITION_TARGET_LOCAL_NED,85,63,other
60.68201208114624,GLOBAL_POSITION_INT,33,40,other
60.68207788467407,POSITION_TARGET_GLOBAL_INT,87,63,other
60.68212389945984,GLOBAL_POSITION_INT,33,40,other
60.682151079177856,SERVO_OUTPUT_RAW,36,24,other
60.68606686592102,ATTITUDE,30,40,other
60.68617105484009,ATTITUDE,30,40,other
60.686238050460815,ATTITUDE_QUATERNION,31,44,other
60.694457054138184,TIMESYNC,111,25,other
60.69453191757202,HIGHRES_IMU,105,74,other
60.694544076919556,LOCAL_POSITION_NED,32,40,other
60.69455599784851,ATTITUDE,30,40,other
60.69456601142883,ALTITUDE,141,44,other
60.694580078125,ODOMETRY,331,244,other
60.69459009170532,ATTITUDE_QUATERNION,31,44,other
60.69459891319275,ATTITUDE_TARGET,83,48,other
60.69461393356323,POSITION_TARGET_LOCAL_NED,85,63,other
60.694623947143555,SERVO_OUTPUT_RAW,36,24,other
60.69463396072388,SYS_STATUS,1,52,other
60.6946439743042,VFR_HUD,74,31,other
60.694664001464844,ATTITUDE_TARGET,83,48,other
60.69473195075989,LOCAL_POSITION_NED,32,40,other
60.69474387168884,POSITION_TARGET_LOCAL_NED,85,63,other
60.70202088356018,GLOBAL_POSITION_INT,33,40,other
60.702133893966675,GLOBAL_POSITION_INT,33,40,other
60.70220398902893,SERVO_OUTPUT_RAW,36,24,other
60.706068992614746,ATTITUDE,30,40,other
60.70614290237427,GPS_RAW_INT,24,56,other
60.70625305175781,ATTITUDE,30,40,other
60.70632791519165,ATTITUDE_QUATERNION,31,44,other
60.7141010761261,HIGHRES_IMU,105,73,other
60.71419596672058,ATTITUDE,30,40,other
60.71420407295227,ATTITUDE_TARGET,83,48,other
60.71421790122986,ATTITUDE_QUATERNION,31,44,other
60.714231967926025,LOCAL_POSITION_NED,32,40,other
60.714245080947876,POSITION_TARGET_LOCAL_NED,85,63,other
60.722240924835205,GLOBAL_POSITION_INT,33,40,other
60.722301959991455,GLOBAL_POSITION_INT,33,40,other
60.72237586975098,SERVO_OUTPUT_RAW,36,24,other
60.72601890563965,ATTITUDE,30,40,other
60.72612190246582,ATTITUDE,30,40,other
60.726146936416626,ATTITUDE_QUATERNION,31,44,other
60.73020005226135,LOCAL_POSITION_NED,32,40,other
60.73023200035095,ODOMETRY,331,244,other
60.73405885696411,HIGHRES_IMU,105,74,other
60.734123945236206,ATTITUDE,30,40,other
60.73413896560669,ATTITUDE_QUATERNION,31,44,other
60.734171867370605,ATTITUDE_TARGET,83,48,other
60.73419904708862,LOCAL_POSITION_NED,32,40,other
60.73421001434326,POSITION_TARGET_LOCAL_NED,85,63,other
60.73835802078247,GPS_RAW_INT,24,56,other
60.74202299118042,GLOBAL_POSITION_INT,33,40,other
60.74212408065796,GLOBAL_POSITION_INT,33,40,other
60.74214792251587,SERVO_OUTPUT_RAW,36,24,other
60.74608302116394,ATTITUDE,30,40,other
60.74619197845459,ATTITUDE,30,40,other
60.74621105194092,ATTITUDE_QUATERNION,31,44,other
60.75416088104248,HIGHRES_IMU,105,73,other
60.754225969314575,ATTITUDE,30,40,other
60.754241943359375,ATTITUDE_QUATERNION,31,44,other
60.75431799888611,ATTITUDE_TARGET,83,48,other
60.75438690185547,LOCAL_POSITION_NED,32,40,other
60.754400968551636,POSITION_TARGET_LOCAL_NED,85,63,other
60.76206707954407,LOCAL_POSITION_NED,32,40,other
60.762139081954956,ODOMETRY,331,244,other
60.76215887069702,GLOBAL_POSITION_INT,33,40,other
60.76218008995056,GLOBAL_POSITION_INT,33,40,other
60.76227307319641,SERVO_OUTPUT_RAW,36,24,other
60.766013860702515,ATTITUDE,30,40,other
60.76611089706421,ATTITUDE,30,40,other
60.76617503166199,ATTITUDE_QUATERNION,31,44,other
60.770232915878296,GPS_RAW_INT,24,56,other
60.774137020111084,HIGHRES_IMU,105,73,other
60.774231910705566,ATTITUDE_TARGET,83,48,other
60.774242877960205,ATTITUDE,30,40,other
60.77427887916565,ATTITUDE_QUATERNION,31,44,other
60.77430295944214,LOCAL_POSITION_NED,32,40,other
60.774317026138306,POSITION_TARGET_LOCAL_NED,85,63,other
60.78199887275696,GLOBAL_POSITION_INT,33,40,other
60.78205895423889,POSITION_TARGET_GLOBAL_INT,87,63,other
60.782087087631226,GLOBAL_POSITION_INT,33,40,other
60.78211307525635,SERVO_OUTPUT_RAW,36,24,other
60.78620386123657,ATTITUDE,30,40,other
60.78630805015564,ATTITUDE,30,40,other
60.78637099266052,ATTITUDE_QUATERNION,31,44,other
60.79411196708679,TIMESYNC,111,25,other
60.79417085647583,HIGHRES_IMU,105,74,other
60.79418206214905,LOCAL_POSITION_NED,32,40,other
60.79419708251953,ATTITUDE,30,40,other
60.794206857681274,ALTITUDE,141,44,other
60.79422092437744,ODOMETRY,331,244,other
60.79422998428345,ATTITUDE_QUATERNION,31,44,other
60.79423904418945,ATTITUDE_TARGET,83,48,other
60.79425406455994,POSITION_TARGET_LOCAL_NED,85,63,other
60.79430794715881,SERVO_OUTPUT_RAW,36,24,other
60.7943229675293,VFR_HUD,74,31,other
60.79446005821228,HEARTBEAT,0,21,other
60.794528007507324,ALTITUDE,141,44,other
60.79453706741333,ATTITUDE_TARGET,83,48,other
60.79454588890076,EXTENDED_SYS_STATE,245,14,other
60.79467701911926,GPS_RAW_INT,24,56,other
60.794689893722534,LOCAL_POSITION_NED,32,40,other
60.7947039604187,OPEN_DRONE_ID_LOCATION,12901,70,other
60.79471206665039,OPEN_DRONE_ID_SYSTEM,12904,37,other
60.79472208023071,POSITION_TARGET_LOCAL_NED,85,63,other
60.79473090171814,SCALED_PRESSURE,29,26,other
60.794743061065674,SYS_STATUS,1,52,other
60.7947518825531,VFR_HUD,74,31,other
60.79475688934326,UNKNOWN_8,-2,33,other
60.80219101905823,GLOBAL_POSITION_INT,33,40,other
60.802314043045044,GLOBAL_POSITION_INT,33,40,other
60.80239796638489,SERVO_OUTPUT_RAW,36,24,other
60.806073904037476,ATTITUDE,30,40,other
60.8061408996582,GPS_RAW_INT,24,56,other
60.80617809295654,ATTITUDE,30,40,other
60.80624294281006,ATTITUDE_QUATERNION,31,44,other
60.81397986412048,HIGHRES_IMU,105,74,other
60.814069986343384,ATTITUDE_TARGET,83,48,other
60.81407403945923,ATTITUDE,30,40,other
60.814090967178345,ATTITUDE_QUATERNION,31,44,other
60.81414198875427,LOCAL_POSITION_NED,32,40,other
60.814154863357544,POSITION_TARGET_LOCAL_NED,85,63,other
60.822092056274414,GLOBAL_POSITION_INT,33,40,other
60.82221293449402,GLOBAL_POSITION_INT,33,40,other
60.82223987579346,SERVO_OUTPUT_RAW,36,24,other
60.82608389854431,ATTITUDE,30,40,other
60.82617402076721,ATTITUDE,30,40,other
60.82624006271362,ATTITUDE_QUATERNION,31,44,other
60.829997062683105,LOCAL_POSITION_NED,32,40,other
60.8300678730011,ODOMETRY,331,244,other
60.83451986312866,HIGHRES_IMU,105,74,other
60.83461308479309,ATTITUDE,30,40,other
60.83462905883789,ATTITUDE_QUATERNION,31,44,other
60.83469200134277,ATTITUDE_TARGET,83,48,other
60.83477997779846,LOCAL_POSITION_NED,32,40,other
60.83479309082031,POSITION_TARGET_LOCAL_NED,85,63,other
60.83805799484253,GPS_RAW_INT,24,56,other
60.84203791618347,GLOBAL_POSITION_INT,33,40,other
60.84213089942932,GLOBAL_POSITION_INT,33,40,other
60.84215688705444,SERVO_OUTPUT_RAW,36,24,other
60.846104860305786,ATTITUDE,30,40,other
60.84620904922485,ATTITUDE,30,40,other
60.84623599052429,ATTITUDE_QUATERNION,31,44,other
60.85407996177673,HIGHRES_IMU,105,74,other
60.8541419506073,ATTITUDE,30,40,other
60.85416007041931,ATTITUDE_QUATERNION,31,44,other
60.854219913482666,ATTITUDE_TARGET,83,48,other
60.854247093200684,LOCAL_POSITION_NED,32,40,other
60.854259967803955,POSITION_TARGET_LOCAL_NED,85,63,other
60.86204290390015,LOCAL_POSITION_NED,32,40,other
60.86207985877991,ODOMETRY,331,244,other
60.86209487915039,GLOBAL_POSITION_INT,33,40,other
60.86218190193176,GLOBAL_POSITION_INT,33,40,other
60.86224889755249,SERVO_OUTPUT_RAW,36,24,other
60.8660249710083,ATTITUDE,30,40,other
60.866142988204956,ATTITUDE,30,40,other
60.866158962249756,ATTITUDE_QUATERNION,31,44,other
60.870028018951416,GPS_RAW_INT,24,56,other
60.87398386001587,HIGHRES_IMU,105,73,other
60.87403893470764,ATTITUDE,30,40,other
60.8740508556366,ATTITUDE_QUATERNION,31,44,other
60.874094009399414,ATTITUDE_TARGET,83,48,other
60.87412190437317,LOCAL_POSITION_NED,32,40,other
60.8741340637207,POSITION_TARGET_LOCAL_NED,85,63,other
60.87414598464966,UNKNOWN_411,-2,13,other
60.88216304779053,GLOBAL_POSITION_INT,33,40,other
60.88223385810852,POSITION_TARGET_GLOBAL_INT,87,63,other
60.88232493400574,GLOBAL_POSITION_INT,33,40,other
60.88246703147888,SERVO_OUTPUT_RAW,36,24,other
60.886106967926025,ATTITUDE,30,40,other
60.88622307777405,ATTITUDE,30,40,other
60.88629102706909,ATTITUDE_QUATERNION,31,44,other
60.89420485496521,TIMESYNC,111,25,other
60.894274950027466,ATTITUDE_TARGET,83,48,other
60.894283056259155,HIGHRES_IMU,105,73,other
60.89429497718811,LOCAL_POSITION_NED,32,40,other
60.894304037094116,ATTITUDE,30,40,other
60.89431285858154,ALTITUDE,141,44,other
60.89432501792908,ODOMETRY,331,244,other
60.89433288574219,ATTITUDE_QUATERNION,31,44,other
60.89434099197388,ATTITUDE_TARGET,83,48,other
60.89434599876404,LOCAL_POSITION_NED,32,40,other
60.89435291290283,POSITION_TARGET_LOCAL_NED,85,63,other
60.89435887336731,POSITION_TARGET_LOCAL_NED,85,63,other
60.894362926483154,SERVO_OUTPUT_RAW,36,24,other
60.89437198638916,SYS_STATUS,1,52,other
60.89438199996948,VFR_HUD,74,31,other
60.90205502510071,GLOBAL_POSITION_INT,33,40,other
60.90212106704712,GPS_RAW_INT,24,56,other
60.90215802192688,GLOBAL_POSITION_INT,33,40,other
60.902222871780396,SERVO_OUTPUT_RAW,36,24,other
60.90603995323181,ATTITUDE,30,40,other
60.90620398521423,ATTITUDE,30,40,other
60.906229972839355,ATTITUDE_QUATERNION,31,44,other
60.914846897125244,HIGHRES_IMU,105,74,other
60.91485404968262,ATTITUDE_TARGET,83,48,other
60.914884090423584,LOCAL_POSITION_NED,32,40,other
60.91489601135254,POSITION_TARGET_LOCAL_NED,85,63,other
60.91492199897766,ATTITUDE,30,40,other
60.91493892669678,ATTITUDE_QUATERNION,31,44,other
60.922056913375854,GLOBAL_POSITION_INT,33,40,other
60.922149896621704,GLOBAL_POSITION_INT,33,40,other
60.92217707633972,SERVO_OUTPUT_RAW,36,24,other
60.92617702484131,ATTITUDE,30,40,other
60.92626905441284,ATTITUDE,30,40,other
60.926334857940674,ATTITUDE_QUATERNION,31,44,other
60.930696964263916,LOCAL_POSITION_NED,32,40,other
60.93076705932617,ODOMETRY,331,244,other
60.93410086631775,HIGHRES_IMU,105,73,other
60.93416500091553,ATTITUDE_TARGET,83,48,other
60.9341778755188,ATTITUDE,30,40,other
60.93419408798218,ATTITUDE_QUATERNION,31,44,other
60.934195041656494,LOCAL_POSITION_NED,32,40,other
60.93420696258545,POSITION_TARGET_LOCAL_NED,85,63,other
60.938050985336304,GPS_RAW_INT,24,56,other
60.94211792945862,GLOBAL_POSITION_INT,33,40,other
60.942214012145996,GLOBAL_POSITION_INT,33,40,other
60.94223999977112,SERVO_OUTPUT_RAW,36,24,other
60.946255922317505,ATTITUDE,30,40,other
60.94636607170105,ATTITUDE,30,40,other
60.946430921554565,ATTITUDE_QUATERNION,31,44,other
60.95400404930115,HIGHRES_IMU,105,74,other
60.95406794548035,ATTITUDE,30,40,other
60.95408487319946,ATTITUDE_QUATERNION,31,44,other
60.954106092453,ATTITUDE_TARGET,83,48,other
60.954134941101074,LOCAL_POSITION_NED,32,40,other
60.95414590835571,POSITION_TARGET_LOCAL_NED,85,63,other
60.96210503578186,LOCAL_POSITION_NED,32,40,other
60.96212697029114,ODOMETRY,331,244,other
60.96214008331299,GLOBAL_POSITION_INT,33,40,other
60.96219801902771,GLOBAL_POSITION_INT,33,40,other
60.96221899986267,SERVO_OUTPUT_RAW,36,24,other
60.966065883636475,ATTITUDE,30,40,other
60.96618700027466,ATTITUDE,30,40,other
60.96620988845825,ATTITUDE_QUATERNION,31,44,other
60.97001600265503,GPS_RAW_INT,24,56,other
60.97416687011719,HIGHRES_IMU,105,74,other
60.97424292564392,ATTITUDE,30,40,other
60.974260091781616,ATTITUDE_QUATERNION,31,44,other
60.97429609298706,ATTITUDE_TARGET,83,48,other
60.974387884140015,LOCAL_POSITION_NED,32,40,other
60.974403858184814,POSITION_TARGET_LOCAL_NED,85,63,other
60.98202991485596,GLOBAL_POSITION_INT,33,40,other
60.98209095001221,POSITION_TARGET_GLOBAL_INT,87,63,other
60.98216795921326,GLOBAL_POSITION_INT,33,40,other
60.98223686218262,SERVO_OUTPUT_RAW,36,24,other
60.98598098754883,ATTITUDE,30,40,other
60.98611903190613,ATTITUDE,30,40,other
60.98618507385254,ATTITUDE_QUATERNION,31,44,other
60.99401593208313,TIMESYNC,111,25,other
60.99408292770386,HIGHRES_IMU,105,73,other
60.99409508705139,LOCAL_POSITION_NED,32,40,other
60.99411201477051,ATTITUDE,30,40,other
60.99412202835083,ALTITUDE,141,44,other
60.99414086341858,ODOMETRY,331,244,other
60.99414801597595,ATTITUDE_QUATERNION,31,44,other
60.99415302276611,ATTITUDE_TARGET,83,48,other
60.99415707588196,ATTITUDE_TARGET,83,48,other
60.99416995048523,POSITION_TARGET_LOCAL_NED,85,63,other
60.99417686462402,GPS_RAW_INT,24,56,other
60.99417996406555,SERVO_OUTPUT_RAW,36,24,other
60.994186878204346,LOCAL_POSITION_NED,32,40,other
60.994189977645874,VFR_HUD,74,31,other
60.99419689178467,POSITION_TARGET_LOCAL_NED,85,63,other
61.002047061920166,GLOBAL_POSITION_INT,33,40,other
61.002103090286255,GLOBAL_POSITION_INT,33,40,other
61.002119064331055,GPS_RAW_INT,24,56,other
61.002124071121216,SERVO_OUTPUT_RAW,36,24,other
61.006242990493774,ATTITUDE,30,40,other
61.00644397735596,ATTITUDE,30,40,other
61.0065438747406,ATTITUDE_QUATERNION,31,44,other
61.014018058776855,HIGHRES_IMU,105,73,other
61.01408004760742,ATTITUDE,30,40,other
61.01409697532654,ATTITUDE_QUATERNION,31,44,other
61.014147996902466,ATTITUDE_TARGET,83,48,other
61.01421809196472,LOCAL_POSITION_NED,32,40,other
61.01423192024231,POSITION_TARGET_LOCAL_NED,85,63,other
61.02223086357117,GLOBAL_POSITION_INT,33,40,other
61.0223388671875,GLOBAL_POSITION_INT,33,40,other
61.022496938705444,SERVO_OUTPUT_RAW,36,24,other
61.02602505683899,ATTITUDE,30,40,other
61.02608895301819,ATTITUDE,30,40,other
61.02615308761597,ATTITUDE_QUATERNION,31,44,other
61.03000807762146,LOCAL_POSITION_NED,32,40,other
61.03007793426514,ODOMETRY,331,244,other
61.034045934677124,HIGHRES_IMU,105,74,other
61.0340690612793,ATTITUDE,30,40,other
61.03408408164978,ATTITUDE_QUATERNION,31,44,other
61.034087896347046,ATTITUDE_TARGET,83,48,other
61.03409695625305,GPS_RAW_INT,24,56,other
61.03416299819946,LOCAL_POSITION_NED,32,40,other
61.03417491912842,POSITION_TARGET_LOCAL_NED,85,63,other
61.04206395149231,GLOBAL_POSITION_INT,33,40,other
61.042118072509766,GLOBAL_POSITION_INT,33,40,other
61.042202949523926,SERVO_OUTPUT_RAW,36,24,other
61.04610991477966,ATTITUDE,30,40,other
61.04613399505615,ATTITUDE,30,40,other
61.04619598388672,ATTITUDE_QUATERNION,31,44,other
61.04622006416321,VFR_HUD,74,31,other
61.05426597595215,HIGHRES_IMU,105,73,other
61.05432987213135,ATTITUDE,30,40,other
61.05434703826904,ATTITUDE_QUATERNION,31,44,other
61.05437088012695,ATTITUDE_TARGET,83,48,other
61.0544638633728,LOCAL_POSITION_NED,32,40,other
61.05447602272034,POSITION_TARGET_LOCAL_NED,85,63,other
61.062021017074585,LOCAL_POSITION_NED,32,40,other
61.062084913253784,ODOMETRY,331,244,other
61.06210207939148,GLOBAL_POSITION_INT,33,40,other
61.062110900878906,GLOBAL_POSITION_INT,33,40,other
61.062138080596924,SERVO_OUTPUT_RAW,36,24,other
61.066346883773804,ATTITUDE,30,40,other
61.066426038742065,ATTITUDE,30,40,other
61.06645107269287,ATTITUDE_QUATERNION,31,44,other
61.0700409412384,GPS_RAW_INT,24,56,other
61.074294090270996,HIGHRES_IMU,105,73,other
61.07436800003052,ATTITUDE,30,40,other
61.07437705993652,ATTITUDE_TARGET,83,48,other
61.07438397407532,ATTITUDE_QUATERNION,31,44,other
61.074405908584595,LOCAL_POSITION_NED,32,40,other
61.07441592216492,POSITION_TARGET_LOCAL_NED,85,63,other
61.0824179649353,GLOBAL_POSITION_INT,33,40,other
61.08244800567627,POSITION_TARGET_GLOBAL_INT,87,63,other
61.082594871520996,GLOBAL_POSITION_INT,33,40,other
61.08268094062805,SERVO_OUTPUT_RAW,36,24,other
61.08274602890015,HEARTBEAT,0,21,other
61.08603501319885,ATTITUDE,30,40,other
61.086153984069824,ATTITUDE,30,40,other
61.086222887039185,ATTITUDE_QUATERNION,31,44,other
61.086243867874146,HEARTBEAT,0,21,other
61.094099044799805,HEARTBEAT,0,21,other
61.09414601325989,ATTITUDE_TARGET,83,48,other
61.09416198730469,TIMESYNC,111,25,other
61.09417796134949,HIGHRES_IMU,105,74,other
61.09421396255493,LOCAL_POSITION_NED,32,40,other
61.09421396255493,LOCAL_POSITION_NED,32,40,other
61.0942280292511,POSITION_TARGET_LOCAL_NED,85,63,other
61.09422993659973,ATTITUDE,30,40,other
61.094239950180054,ALTITUDE,141,44,other
61.094253063201904,ODOMETRY,331,244,other
61.09426307678223,ATTITUDE_QUATERNION,31,44,other
61.09427189826965,ATTITUDE_TARGET,83,48,other
61.09428000450134,ESTIMATOR_STATUS,230,54,other
61.09428691864014,EXTENDED_SYS_STATE,245,14,other
61.09429597854614,OPEN_DRONE_ID_LOCATION,12901,70,other
61.094300985336304,OPEN_DRONE_ID_SYSTEM,12904,37,other
61.09430694580078,PING,4,21,other
61.09431195259094,POSITION_TARGET_LOCAL_NED,85,63,other
61.09431791305542,SCALED_PRESSURE,29,26,other
61.09432291984558,SERVO_OUTPUT_RAW,36,24,other
61.094330072402954,SYS_STATUS,1,52,other
61.09433603286743,SYSTEM_TIME,2,22,other
61.09434199333191,VFR_HUD,74,31,other
61.09434795379639,UNKNOWN_8,-2,33,other
61.095388889312744,PING,4,26,other
61.10220789909363,GLOBAL_POSITION_INT,33,40,other
61.10224103927612,GPS_RAW_INT,24,56,other
61.10226392745972,GLOBAL_POSITION_INT,33,40,other
61.10235905647278,SERVO_OUTPUT_RAW,36,24,other
61.10598397254944,ATTITUDE,30,40,other
61.106096029281616,ATTITUDE,30,40,other
61.106163024902344,ATTITUDE_QUATERNION,31,44,other
61.11414885520935,HIGHRES_IMU,105,74,other
61.11421489715576,ATTITUDE,30,40,other
61.11423087120056,ATTITUDE_QUATERNION,31,44,other
61.114274978637695,ATTITUDE_TARGET,83,48,other
61.11430287361145,LOCAL_POSITION_NED,32,40,other
61.11431288719177,POSITION_TARGET_LOCAL_NED,85,63,other
61.116936922073364,HEARTBEAT,0,21,other
61.118141889572144,HEARTBEAT,0,21,other
61.12202000617981,GLOBAL_POSITION_INT,33,40,other
61.12221908569336,GLOBAL_POSITION_INT,33,40,other
61.1223258972168,SERVO_OUTPUT_RAW,36,24,other
61.12611508369446,ATTITUDE,30,40,other
61.12622690200806,ATTITUDE,30,40,other
61.126296043395996,ATTITUDE_QUATERNION,31,44,other
61.130194902420044,LOCAL_POSITION_NED,32,40,other
61.130265951156616,ODOMETRY,331,244,other
61.13410496711731,HIGHRES_IMU,105,73,other
61.13417387008667,ATTITUDE_TARGET,83,48,other
61.13417601585388,ATTITUDE,30,40,other
61.13419198989868,ATTITUDE_QUATERNION,31,44,other
61.13420295715332,GPS_RAW_INT,24,56,other
61.13424301147461,LOCAL_POSITION_NED,32,40,other
61.13425588607788,POSITION_TARGET_LOCAL_NED,85,63,other
61.14219403266907,GLOBAL_POSITION_INT,33,40,other
61.14229106903076,GLOBAL_POSITION_INT,33,40,other
61.14231991767883,SERVO_OUTPUT_RAW,36,24,other
61.14615607261658,ATTITUDE,30,40,other
61.14631390571594,ATTITUDE,30,40,other
61.146337032318115,ATTITUDE_QUATERNION,31,44,other
61.15400195121765,HIGHRES_IMU,105,74,other
61.15406894683838,ATTITUDE,30,40,other
61.15406894683838,ATTITUDE_TARGET,83,48,other
61.15408492088318,ATTITUDE_QUATERNION,31,44,other
61.15409588813782,LOCAL_POSITION_NED,32,40,other
61.15410804748535,POSITION_TARGET_LOCAL_NED,85,63,other
61.16205191612244,LOCAL_POSITION_NED,32,40,other
61.16211700439453,ODOMETRY,331,244,other
61.1621310710907,GLOBAL_POSITION_INT,33,40,other
61.16214609146118,GLOBAL_POSITION_INT,33,40,other
61.16217494010925,SERVO_OUTPUT_RAW,36,24,other
61.16610908508301,ATTITUDE,30,40,other
61.166171073913574,GPS_RAW_INT,24,56,other
61.16619896888733,ATTITUDE,30,40,other
61.16622185707092,ATTITUDE_QUATERNION,31,44,other
61.16747498512268,MISSION_CURRENT,42,22,other
61.17459297180176,ATTITUDE_TARGET,83,48,other
61.17464900016785,HIGHRES_IMU,105,73,other
61.17466497421265,LOCAL_POSITION_NED,32,40,other
61.17467999458313,POSITION_TARGET_LOCAL_NED,85,63,other
61.174715995788574,ATTITUDE,30,40,other
61.174731969833374,ATTITUDE_QUATERNION,31,44,other
61.182039976119995,GLOBAL_POSITION_INT,33,40,other
61.18210697174072,POSITION_TARGET_GLOBAL_INT,87,63,other
61.18212103843689,GLOBAL_POSITION_INT,33,40,other
61.182188987731934,POSITION_TARGET_GLOBAL_INT,87,63,other
61.18220400810242,SERVO_OUTPUT_RAW,36,24,other
61.18603491783142,ATTITUDE,30,40,other
61.18610596656799,ATTITUDE,30,40,other
61.18617296218872,ATTITUDE_QUATERNION,31,44,other
61.18670105934143,MISSION_CURRENT,42,22,other
61.19402503967285,TIMESYNC,111,25,other
61.19414687156677,HIGHRES_IMU,105,73,other
61.19415903091431,ATTITUDE_TARGET,83,48,other
61.19416904449463,LOCAL_POSITION_NED,32,40,other
61.19418787956238,GPS_RAW_INT,24,56,other
61.19419503211975,ATTITUDE,30,40,other
61.19420003890991,LOCAL_POSITION_NED,32,40,other
61.19420504570007,ALTITUDE,141,44,other
61.19421100616455,POSITION_TARGET_LOCAL_NED,85,63,other
61.194217920303345,ODOMETRY,331,244,other
61.19422698020935,ATTITUDE_QUATERNION,31,44,other
61.19423508644104,ATTITUDE_TARGET,83,48,other
61.19424796104431,POSITION_TARGET_LOCAL_NED,85,63,other
61.19425702095032,SERVO_OUTPUT_RAW,36,24,other
61.19426703453064,VFR_HUD,74,31,other
61.202080965042114,GLOBAL_POSITION_INT,33,40,other
61.20210289955139,GPS_RAW_INT,24,56,other
61.202147006988525,GLOBAL_POSITION_INT,33,40,other
61.20217299461365,SERVO_OUTPUT_RAW,36,24,other
61.20603799819946,ATTITUDE,30,40,other
61.206230878829956,ATTITUDE,30,40,other
61.20638298988342,ATTITUDE_QUATERNION,31,44,other
61.21409201622009,HIGHRES_IMU,105,74,other
61.21415400505066,ATTITUDE,30,40,other
61.21416997909546,ATTITUDE_QUATERNION,31,44,other
61.21418499946594,ATTITUDE_TARGET,83,48,other
61.21421408653259,LOCAL_POSITION_NED,32,40,other
61.21422505378723,POSITION_TARGET_LOCAL_NED,85,63,other
61.22208905220032,GLOBAL_POSITION_INT,33,40,other
61.22219395637512,GLOBAL_POSITION_INT,33,40,other
61.22225999832153,SERVO_OUTPUT_RAW,36,24,other
61.226032972335815,ATTITUDE,30,40,other
61.22614288330078,ATTITUDE,30,40,other
61.22620892524719,ATTITUDE_QUATERNION,31,44,other
61.23003602027893,LOCAL_POSITION_NED,32,40,other
61.2300980091095,ODOMETRY,331,244,other
61.23429608345032,HIGHRES_IMU,105,74,other
61.234368085861206,ATTITUDE,30,40,other
61.234381914138794,ATTITUDE_QUATERNION,31,44,other
61.23438787460327,ATTITUDE_TARGET,83,48,other
61.23439598083496,GPS_RAW_INT,24,56,other
61.234461069107056,LOCAL_POSITION_NED,32,40,other
61.234474897384644,POSITION_TARGET_LOCAL_NED,85,63,other
61.24199390411377,GLOBAL_POSITION_INT,33,40,other
61.242074966430664,GLOBAL_POSITION_INT,33,40,other
61.242148876190186,SERVO_OUTPUT_RAW,36,24,other
61.246021032333374,ATTITUDE,30,40,other
61.246126890182495,ATTITUDE,30,40,other
61.24619388580322,ATTITUDE_QUATERNION,31,44,other
61.25400400161743,HIGHRES_IMU,105,74,other
61.254080057144165,ATTITUDE,30,40,other
61.25409507751465,ATTITUDE_QUATERNION,31,44,other
61.25409698486328,ATTITUDE_TARGET,83,48,other
61.25416803359985,LOCAL_POSITION_NED,32,40,other
61.25418186187744,POSITION_TARGET_LOCAL_NED,85,63,other
61.26198387145996,LOCAL_POSITION_NED,32,40,other
61.26204800605774,ODOMETRY,331,244,other
61.262062072753906,GLOBAL_POSITION_INT,33,40,other
61.262094020843506,GLOBAL_POSITION_INT,33,40,other
61.26211905479431,SERVO_OUTPUT_RAW,36,24,other
61.266151905059814,ATTITUDE,30,40,other
61.266175985336304,ATTITUDE,30,40,other
61.26618504524231,GPS_RAW_INT,24,56,other
61.2662398815155,ATTITUDE_QUATERNION,31,44,other
61.27403998374939,HIGHRES_IMU,105,74,other
61.274091958999634,ATTITUDE_TARGET,83,48,other
61.274105072021484,ATTITUDE,30,40,other
61.274121046066284,ATTITUDE_QUATERNION,31,44,other
61.27415585517883,LOCAL_POSITION_NED,32,40,other
61.274173974990845,POSITION_TARGET_LOCAL_NED,85,63,other
61.28228187561035,GLOBAL_POSITION_INT,33,40,other
61.28235101699829,POSITION_TARGET_GLOBAL_INT,87,63,other
61.282389879226685,GLOBAL_POSITION_INT,33,40,other
61.28242301940918,SERVO_OUTPUT_RAW,36,24,other
61.28612804412842,ATTITUDE,30,40,other
61.286218881607056,ATTITUDE,30,40,other
61.286242961883545,ATTITUDE_QUATERNION,31,44,other
61.29404807090759,TIMESYNC,111,25,other
61.294063091278076,HIGHRES_IMU,105,73,other
61.294069051742554,LOCAL_POSITION_NED,32,40,other
61.29407787322998,ATTITUDE,30,40,other
61.2940878868103,ALTITUDE,141,44,other
61.29410099983215,ODOMETRY,331,244,other
61.29411005973816,ATTITUDE_QUATERNION,31,44,other
61.294118881225586,ATTITUDE_TARGET,83,48,other
61.29413104057312,POSITION_TARGET_LOCAL_NED,85,63,other
61.29414105415344,SERVO_OUTPUT_RAW,36,24,other
61.294142961502075,ATTITUDE_TARGET,83,48,other
61.29415202140808,SYS_STATUS,1,52,other
61.29416298866272,VFR_HUD,74,31,other
61.29421305656433,LOCAL_POSITION_NED,32,40,other
61.294265031814575,POSITION_TARGET_LOCAL_NED,85,63,other
61.29428791999817,VFR_HUD,74,31,other
61.29817295074463,GPS_RAW_INT,24,56,other
61.30229306221008,GLOBAL_POSITION_INT,33,40,other
61.30242896080017,GLOBAL_POSITION_INT,33,40,other
61.30245399475098,SERVO_OUTPUT_RAW,36,24,other
61.30602192878723,ATTITUDE,30,40,other
61.306127071380615,ATTITUDE,30,40,other
61.30618596076965,ATTITUDE_QUATERNION,31,44,other
61.31414604187012,HIGHRES_IMU,105,73,other
61.314218044281006,ATTITUDE,30,40,other
61.31423497200012,ATTITUDE_QUATERNION,31,44,other
61.31423592567444,ATTITUDE_TARGET,83,48,other
61.31425905227661,LOCAL_POSITION_NED,32,40,other
61.31426787376404,POSITION_TARGET_LOCAL_NED,85,63,other
61.322036027908325,GLOBAL_POSITION_INT,33,40,other
61.32223200798035,GLOBAL_POSITION_INT,33,40,other
61.32230305671692,SERVO_OUTPUT_RAW,36,24,other
61.3260760307312,ATTITUDE,30,40,other
61.32619905471802,ATTITUDE,30,40,other
61.326225996017456,ATTITUDE_QUATERNION,31,44,other
61.33022403717041,LOCAL_POSITION_NED,32,40,other
61.33024287223816,ODOMETRY,331,244,other
61.3341178894043,HIGHRES_IMU,105,74,other
61.33418893814087,ATTITUDE,30,40,other
61.33420491218567,ATTITUDE_QUATERNION,31,44,other
61.3342170715332,GPS_RAW_INT,24,56,other
61.33422803878784,ATTITUDE_TARGET,83,48,other
61.33430194854736,LOCAL_POSITION_NED,32,40,other
61.33431696891785,POSITION_TARGET_LOCAL_NED,85,63,other
61.34207201004028,GLOBAL_POSITION_INT,33,40,other
61.342177867889404,GLOBAL_POSITION_INT,33,40,other
61.34220600128174,SERVO_OUTPUT_RAW,36,24,other
61.346287965774536,ATTITUDE,30,40,other
61.34641408920288,ATTITUDE,30,40,other
61.34644794464111,ATTITUDE_QUATERNION,31,44,other
61.354012966156006,HIGHRES_IMU,105,73,other
61.35407304763794,ATTITUDE,30,40,other
61.35408592224121,ATTITUDE_QUATERNION,31,44,other
61.35412287712097,ATTITUDE_TARGET,83,48,other
61.35419797897339,LOCAL_POSITION_NED,32,40,other
61.354212045669556,POSITION_TARGET_LOCAL_NED,85,63,other
61.362431049346924,LOCAL_POSITION_NED,32,40,other
61.362499952316284,ODOMETRY,331,244,other
61.362515926361084,GLOBAL_POSITION_INT,33,40,other
61.36253309249878,GLOBAL_POSITION_INT,33,40,other
61.362613916397095,SERVO_OUTPUT_RAW,36,24,other
61.3660249710083,ATTITUDE,30,40,other
61.366090059280396,GPS_RAW_INT,24,56,other
61.366132974624634,ATTITUDE,30,40,other
61.366199016571045,ATTITUDE_QUATERNION,31,44,other
61.3740599155426,HIGHRES_IMU,105,74,other
61.37414503097534,ATTITUDE,30,40,other
61.37422204017639,ATTITUDE_TARGET,83,48,other
61.37423396110535,ATTITUDE_QUATERNION,31,44,other
61.37425398826599,LOCAL_POSITION_NED,32,40,other
61.37426495552063,POSITION_TARGET_LOCAL_NED,85,63,other
61.38202786445618,GLOBAL_POSITION_INT,33,40,other
61.38209390640259,POSITION_TARGET_GLOBAL_INT,87,63,other
61.38215708732605,GLOBAL_POSITION_INT,33,40,other
61.38222908973694,SERVO_OUTPUT_RAW,36,24,other
61.386098861694336,ATTITUDE,30,40,other
61.386178970336914,ATTITUDE,30,40,other
61.386247873306274,ATTITUDE_QUATERNION,31,44,other
61.39403700828552,TIMESYNC,111,25,other
61.394099950790405,HIGHRES_IMU,105,74,other
61.394110918045044,LOCAL_POSITION_NED,32,40,other
61.39411997795105,ATTITUDE,30,40,other
61.394129037857056,ALTITUDE,141,44,other
61.39414095878601,ODOMETRY,331,244,other
61.39415192604065,ATTITUDE_QUATERNION,31,44,other
61.394152879714966,ATTITUDE_TARGET,83,48,other
61.39416193962097,ATTITUDE_TARGET,83,48,other
61.39417505264282,POSITION_TARGET_LOCAL_NED,85,63,other
61.39418005943298,GPS_RAW_INT,24,56,other
61.39418387413025,SERVO_OUTPUT_RAW,36,24,other
61.39419198036194,LOCAL_POSITION_NED,32,40,other
61.394192934036255,VFR_HUD,74,31,other
61.39420199394226,POSITION_TARGET_LOCAL_NED,85,63,other
61.398053884506226,GPS_RAW_INT,24,56,other
61.40212392807007,GLOBAL_POSITION_INT,33,40,other
61.40223002433777,GLOBAL_POSITION_INT,33,40,other
61.40225696563721,SERVO_OUTPUT_RAW,36,24,other
61.406163930892944,ATTITUDE,30,40,other
61.40627408027649,ATTITUDE,30,40,other
61.40633988380432,ATTITUDE_QUATERNION,31,44,other
61.41401290893555,HIGHRES_IMU,105,73,other
61.4141149520874,ATTITUDE,30,40,other
61.4141149520874,ATTITUDE_TARGET,83,48,other
61.414133071899414,ATTITUDE_QUATERNION,31,44,other
61.414140939712524,LOCAL_POSITION_NED,32,40,other
61.41415095329285,POSITION_TARGET_LOCAL_NED,85,63,other
61.422138929367065,GLOBAL_POSITION_INT,33,40,other
61.42235589027405,GLOBAL_POSITION_INT,33,40,other
61.422406911849976,SERVO_OUTPUT_RAW,36,24,other
61.42602896690369,ATTITUDE,30,40,other
61.426105976104736,ATTITUDE,30,40,other
61.42617201805115,ATTITUDE_QUATERNION,31,44,other
61.43010687828064,LOCAL_POSITION_NED,32,40,other
61.430224895477295,ODOMETRY,331,244,other
61.430240869522095,GPS_RAW_INT,24,56,other
61.43400192260742,HIGHRES_IMU,105,73,other
61.434064865112305,ATTITUDE,30,40,other
61.43408203125,ATTITUDE_QUATERNION,31,44,other
61.434109926223755,ATTITUDE_TARGET,83,48,other
61.434139013290405,LOCAL_POSITION_NED,32,40,other
61.434149980545044,POSITION_TARGET_LOCAL_NED,85,63,other
61.44209289550781,GLOBAL_POSITION_INT,33,40,other
61.442131996154785,GLOBAL_POSITION_INT,33,40,other
61.44219899177551,SERVO_OUTPUT_RAW,36,24,other
61.446189880371094,ATTITUDE,30,40,other
61.44622087478638,ATTITUDE,30,40,other
61.446248054504395,ATTITUDE_QUATERNION,31,44,other
61.454237937927246,HIGHRES_IMU,105,74,other
61.45427989959717,ATTITUDE,30,40,other
61.45430397987366,ATTITUDE_QUATERNION,31,44,other
61.454339027404785,ATTITUDE_TARGET,83,48,other
61.454405069351196,LOCAL_POSITION_NED,32,40,other
61.454418897628784,POSITION_TARGET_LOCAL_NED,85,63,other
61.46220803260803,LOCAL_POSITION_NED,32,40,other
61.46228003501892,ODOMETRY,331,244,other
61.46229600906372,GLOBAL_POSITION_INT,33,40,other
61.46234607696533,GLOBAL_POSITION_INT,33,40,other
61.46242094039917,SERVO_OUTPUT_RAW,36,24,other
61.46605587005615,ATTITUDE,30,40,other
61.46612501144409,GPS_RAW_INT,24,56,other
61.46617007255554,ATTITUDE,30,40,other
61.466192960739136,ATTITUDE_QUATERNION,31,44,other
61.47415900230408,HIGHRES_IMU,105,73,other
61.47418189048767,ATTITUDE,30,40,other
61.474196910858154,ATTITUDE_QUATERNION,31,44,other
61.47427296638489,ATTITUDE_TARGET,83,48,other
61.47434687614441,LOCAL_POSITION_NED,32,40,other
61.474360942840576,POSITION_TARGET_LOCAL_NED,85,63,other
61.48198199272156,GLOBAL_POSITION_INT,33,40,other
61.482040882110596,POSITION_TARGET_GLOBAL_INT,87,63,other
61.48206686973572,GLOBAL_POSITION_INT,33,40,other
61.482133865356445,SERVO_OUTPUT_RAW,36,24,other
61.48648405075073,ATTITUDE,30,40,other
61.48658585548401,UNKNOWN_411,-2,13,other
61.486592054367065,ATTITUDE,30,40,other
61.48665904998779,ATTITUDE_QUATERNION,31,44,other
61.49403786659241,TIMESYNC,111,25,other
61.49410390853882,HIGHRES_IMU,105,73,other
61.49411606788635,LOCAL_POSITION_NED,32,40,other
61.49412393569946,ATTITUDE_TARGET,83,48,other
61.49412703514099,ATTITUDE,30,40,other
61.49413585662842,ALTITUDE,141,44,other
61.494144916534424,LOCAL_POSITION_NED,32,40,other
61.494149923324585,ODOMETRY,331,244,other
61.49415588378906,POSITION_TARGET_LOCAL_NED,85,63,other
61.49415993690491,ATTITUDE_QUATERNION,31,44,other
61.49416899681091,ATTITUDE_TARGET,83,48,other
61.494181871414185,POSITION_TARGET_LOCAL_NED,85,63,other
61.49419188499451,SERVO_OUTPUT_RAW,36,24,other
61.494203090667725,SYS_STATUS,1,52,other
61.49421191215515,VFR_HUD,74,31,other
61.49801993370056,GPS_RAW_INT,24,56,other
61.5023729801178,GLOBAL_POSITION_INT,33,40,other
61.50248908996582,GLOBAL_POSITION_INT,33,40,other
61.50260400772095,SERVO_OUTPUT_RAW,36,24,other
61.506020069122314,ATTITUDE,30,40,other
61.50612998008728,ATTITUDE,30,40,other
61.50619888305664,ATTITUDE_QUATERNION,31,44,other
61.514050006866455,HIGHRES_IMU,105,74,other
61.514118909835815,ATTITUDE,30,40,other
61.5141339302063,ATTITUDE_QUATERNION,31,44,other
61.51415991783142,ATTITUDE_TARGET,83,48,other
61.51423096656799,LOCAL_POSITION_NED,32,40,other
61.514244079589844,POSITION_TARGET_LOCAL_NED,85,63,other
61.52203702926636,GLOBAL_POSITION_INT,33,40,other
61.52216386795044,GLOBAL_POSITION_INT,33,40,other
61.52223587036133,SERVO_OUTPUT_RAW,36,24,other
61.52615785598755,ATTITUDE,30,40,other
61.52623796463013,ATTITUDE,30,40,other
61.526259899139404,ATTITUDE_QUATERNION,31,44,other
61.5302300453186,LOCAL_POSITION_NED,32,40,other
61.53026103973389,ODOMETRY,331,244,other
61.530277967453,GPS_RAW_INT,24,56,other
61.53428602218628,HIGHRES_IMU,105,74,other
61.534348011016846,ATTITUDE,30,40,other
61.534358978271484,ATTITUDE_QUATERNION,31,44,other
61.53440809249878,ATTITUDE_TARGET,83,48,other
61.53443789482117,LOCAL_POSITION_NED,32,40,other
61.5344500541687,POSITION_TARGET_LOCAL_NED,85,63,other
61.542032957077026,GLOBAL_POSITION_INT,33,40,other
61.542213916778564,GLOBAL_POSITION_INT,33,40,other
61.54227900505066,SERVO_OUTPUT_RAW,36,24,other
61.54623889923096,ATTITUDE,30,40,other
61.54645895957947,ATTITUDE,30,40,other
61.54652500152588,ATTITUDE_QUATERNION,31,44,other
61.546546936035156,VFR_HUD,74,31,other
61.554056882858276,HIGHRES_IMU,105,73,other
61.55414009094238,ATTITUDE,30,40,other
61.55415606498718,ATTITUDE_QUATERNION,31,44,other
61.55417203903198,ATTITUDE_TARGET,83,48,other
61.554198026657104,LOCAL_POSITION_NED,32,40,other
61.55420804023743,POSITION_TARGET_LOCAL_NED,85,63,other
61.56223106384277,LOCAL_POSITION_NED,32,40,other
61.56225800514221,ODOMETRY,331,244,other
61.56227087974548,GLOBAL_POSITION_INT,33,40,other
61.562280893325806,GPS_RAW_INT,24,56,other
61.56232190132141,GLOBAL_POSITION_INT,33,40,other
61.56238389015198,SERVO_OUTPUT_RAW,36,24,other
61.56611108779907,ATTITUDE,30,40,other
61.566200971603394,ATTITUDE,30,40,other
61.56626605987549,ATTITUDE_QUATERNION,31,44,other
61.574100971221924,HIGHRES_IMU,105,74,other
61.57417297363281,ATTITUDE,30,40,other
61.57418990135193,ATTITUDE_QUATERNION,31,44,other
61.574212074279785,ATTITUDE_TARGET,83,48,other
61.574310064315796,LOCAL_POSITION_NED,32,40,other
61.574326038360596,POSITION_TARGET_LOCAL_NED,85,63,other
61.582103967666626,GLOBAL_POSITION_INT,33,40,other
61.58217406272888,POSITION_TARGET_GLOBAL_INT,87,63,other
61.5822639465332,GLOBAL_POSITION_INT,33,40,other
61.58233690261841,SERVO_OUTPUT_RAW,36,24,other
61.586047887802124,ATTITUDE,30,40,other
61.58613300323486,ATTITUDE,30,40,other
61.586201906204224,ATTITUDE_QUATERNION,31,44,other
61.59419393539429,TIMESYNC,111,25,other
61.59427499771118,ATTITUDE_TARGET,83,48,other
61.59427785873413,HIGHRES_IMU,105,73,other
61.59429097175598,LOCAL_POSITION_NED,32,40,other
61.59430503845215,GPS_RAW_INT,24,56,other
61.59430503845215,ATTITUDE,30,40,other
61.59431505203247,LOCAL_POSITION_NED,32,40,other
61.59431600570679,ALTITUDE,141,44,other
61.59432506561279,POSITION_TARGET_LOCAL_NED,85,63,other
61.594330072402954,ODOMETRY,331,244,other
61.594337940216064,ATTITUDE_QUATERNION,31,44,other
61.59434700012207,ATTITUDE_TARGET,83,48,other
61.59435987472534,POSITION_TARGET_LOCAL_NED,85,63,other
61.594369888305664,SERVO_OUTPUT_RAW,36,24,other
61.594379901885986,VFR_HUD,74,31,other
61.598129987716675,GPS_RAW_INT,24,56,other
61.60207390785217,GLOBAL_POSITION_INT,33,40,other
61.60219597816467,GLOBAL_POSITION_INT,33,40,other
61.60222506523132,SERVO_OUTPUT_RAW,36,24,other
61.60598397254944,ATTITUDE,30,40,other
61.606093883514404,ATTITUDE,30,40,other
61.60611391067505,ATTITUDE_QUATERNION,31,44,other
61.614120960235596,HIGHRES_IMU,105,73,other
61.61418700218201,ATTITUDE,30,40,other
61.61419701576233,ATTITUDE_TARGET,83,48,other
61.61420392990112,ATTITUDE_QUATERNION,31,44,other
61.61422395706177,LOCAL_POSITION_NED,32,40,other
61.61423397064209,POSITION_TARGET_LOCAL_NED,85,63,other
61.62198805809021,GLOBAL_POSITION_INT,33,40,other
61.622185945510864,GLOBAL_POSITION_INT,33,40,other
61.62225294113159,SERVO_OUTPUT_RAW,36,24,other
61.626198053359985,ATTITUDE,30,40,other
61.6263530254364,ATTITUDE,30,40,other
61.626391887664795,ATTITUDE_QUATERNION,31,44,other
61.63008403778076,LOCAL_POSITION_NED,32,40,other
61.63015794754028,ODOMETRY,331,244,other
61.63017392158508,GPS_RAW_INT,24,56,other
61.63404393196106,HIGHRES_IMU,105,74,other
61.63410401344299,ATTITUDE,30,40,other
61.63412094116211,ATTITUDE_QUATERNION,31,44,other
61.63422107696533,ATTITUDE_TARGET,83,48,other
61.63424801826477,LOCAL_POSITION_NED,32,40,other
61.634259939193726,POSITION_TARGET_LOCAL_NED,85,63,other
61.64224100112915,GLOBAL_POSITION_INT,33,40,other
61.642390966415405,GLOBAL_POSITION_INT,33,40,other
61.642520904541016,SERVO_OUTPUT_RAW,36,24,other
61.646148920059204,ATTITUDE,30,40,other
61.646275997161865,ATTITUDE,30,40,other
61.64629888534546,ATTITUDE_QUATERNION,31,44,other
61.653990030288696,HIGHRES_IMU,105,74,other
61.65405607223511,ATTITUDE,30,40,other
61.654072999954224,ATTITUDE_QUATERNION,31,44,other
61.65412998199463,ATTITUDE_TARGET,83,48,other
61.65423607826233,LOCAL_POSITION_NED,32,40,other
61.65425205230713,POSITION_TARGET_LOCAL_NED,85,63,other
61.66201901435852,LOCAL_POSITION_NED,32,40,other
61.66208600997925,ODOMETRY,331,244,other
61.66210198402405,GLOBAL_POSITION_INT,33,40,other
61.66211199760437,GPS_RAW_INT,24,56,other
61.66212701797485,GLOBAL_POSITION_INT,33,40,other
61.66219687461853,SERVO_OUTPUT_RAW,36,24,other
61.666038036346436,ATTITUDE,30,40,other
61.666224002838135,ATTITUDE,30,40,other
61.66628408432007,ATTITUDE_QUATERNION,31,44,other
61.67433190345764,HIGHRES_IMU,105,74,other
61.67443108558655,ATTITUDE,30,40,other
61.67443299293518,ATTITUDE_TARGET,83,48,other
61.67444705963135,ATTITUDE_QUATERNION,31,44,other
61.674505949020386,LOCAL_POSITION_NED,32,40,other
61.67452001571655,POSITION_TARGET_LOCAL_NED,85,63,other
61.68201494216919,GLOBAL_POSITION_INT,33,40,other
61.68203902244568,POSITION_TARGET_GLOBAL_INT,87,63,other
61.6821129322052,GLOBAL_POSITION_INT,33,40,other
61.68217992782593,SERVO_OUTPUT_RAW,36,24,other
61.686102867126465,ATTITUDE,30,40,other
61.68619704246521,ATTITUDE,30,40,other
61.68628907203674,ATTITUDE_QUATERNION,31,44,other
61.694052934646606,TIMESYNC,111,25,other
61.69407606124878,HIGHRES_IMU,105,74,other
61.694084882736206,LOCAL_POSITION_NED,32,40,other
61.69409394264221,ATTITUDE,30,40,other
61.6941020488739,ALTITUDE,141,44,other
61.69411492347717,ODOMETRY,331,244,other
61.69412302970886,ATTITUDE_QUATERNION,31,44,other
61.69413208961487,ATTITUDE_TARGET,83,48,other
61.69414401054382,GPS_RAW_INT,24,56,other
61.69414496421814,ATTITUDE_TARGET,83,48,other
61.69415497779846,POSITION_TARGET_LOCAL_NED,85,63,other
61.69416403770447,SERVO_OUTPUT_RAW,36,24,other
61.69417190551758,LOCAL_POSITION_NED,32,40,other
61.694175004959106,SYS_STATUS,1,52,other
61.69418501853943,VFR_HUD,74,31,other
61.69422888755798,POSITION_TARGET_LOCAL_NED,85,63,other
61.70231890678406,GLOBAL_POSITION_INT,33,40,other
61.70235800743103,GLOBAL_POSITION_INT,33,40,other
61.70238494873047,SERVO_OUTPUT_RAW,36,24,other
61.706223011016846,ATTITUDE,30,40,other
61.70632600784302,ATTITUDE,30,40,other
61.70639705657959,ATTITUDE_QUATERNION,31,44,other
61.71410799026489,HIGHRES_IMU,105,73,other
61.71417593955994,ATTITUDE,30,40,other
61.71419286727905,ATTITUDE_QUATERNION,31,44,other
61.71420097351074,ATTITUDE_TARGET,83,48,other
61.71423387527466,LOCAL_POSITION_NED,32,40,other
61.714245080947876,POSITION_TARGET_LOCAL_NED,85,63,other
61.72248196601868,GLOBAL_POSITION_INT,33,40,other
61.72252702713013,GLOBAL_POSITION_INT,33,40,other
61.72255992889404,SERVO_OUTPUT_RAW,36,24,other
61.72603797912598,ATTITUDE,30,40,other
61.726120948791504,ATTITUDE,30,40,other
61.72618794441223,ATTITUDE_QUATERNION,31,44,other
61.73019599914551,LOCAL_POSITION_NED,32,40,other
61.73026990890503,ODOMETRY,331,244,other
61.73028492927551,GPS_RAW_INT,24,56,other
61.73412609100342,HIGHRES_IMU,105,73,other
61.734143018722534,ATTITUDE_TARGET,83,48,other
61.73420691490173,ATTITUDE,30,40,other
61.73421287536621,LOCAL_POSITION_NED,32,40,other
61.73422193527222,ATTITUDE_QUATERNION,31,44,other
61.73422598838806,POSITION_TARGET_LOCAL_NED,85,63,other
61.74213194847107,GLOBAL_POSITION_INT,33,40,other
61.74223709106445,GLOBAL_POSITION_INT,33,40,other
61.7423050403595,SERVO_OUTPUT_RAW,36,24,other
61.746201038360596,ATTITUDE,30,40,other
61.74632406234741,ATTITUDE,30,40,other
61.74634885787964,ATTITUDE_QUATERNION,31,44,other
61.754318952560425,HIGHRES_IMU,105,74,other
61.75438690185547,ATTITUDE,30,40,other
61.7544059753418,ATTITUDE_QUATERNION,31,44,other
61.754416942596436,ATTITUDE_TARGET,83,48,other
61.75448989868164,LOCAL_POSITION_NED,32,40,other
61.75450396537781,POSITION_TARGET_LOCAL_NED,85,63,other
61.76201391220093,LOCAL_POSITION_NED,32,40,other
61.76207399368286,ODOMETRY,331,244,other
61.76208996772766,GLOBAL_POSITION_INT,33,40,other
61.7621009349823,GPS_RAW_INT,24,56,other
61.762125968933105,GLOBAL_POSITION_INT,33,40,other
61.762197971343994,SERVO_OUTPUT_RAW,36,24,other
61.76621699333191,ATTITUDE,30,40,other
61.76631188392639,ATTITUDE,30,40,other
61.766335010528564,ATTITUDE_QUATERNION,31,44,other
61.774142026901245,HIGHRES_IMU,105,73,other
61.77420401573181,ATTITUDE,30,40,other
61.774221897125244,ATTITUDE_QUATERNION,31,44,other
61.77425289154053,ATTITUDE_TARGET,83,48,other
61.77432894706726,LOCAL_POSITION_NED,32,40,other
61.77434301376343,POSITION_TARGET_LOCAL_NED,85,63,other
61.782155990600586,GLOBAL_POSITION_INT,33,40,other
61.78222107887268,POSITION_TARGET_GLOBAL_INT,87,63,other
61.782248973846436,GLOBAL_POSITION_INT,33,40,other
61.78227496147156,SERVO_OUTPUT_RAW,36,24,other
61.786109924316406,ATTITUDE,30,40,other
61.78621196746826,ATTITUDE,30,40,other
61.78629803657532,ATTITUDE_QUATERNION,31,44,other
61.793999910354614,TIMESYNC,111,25,other
61.79406189918518,HIGHRES_IMU,105,74,other
61.79407501220703,LOCAL_POSITION_NED,32,40,other
61.79408502578735,ATTITUDE,30,40,other
61.794092893600464,ALTITUDE,141,44,other
61.794092893600464,HEARTBEAT,0,21,other
61.794105052948,ODOMETRY,331,244,other
61.794113874435425,ATTITUDE_QUATERNION,31,44,other
61.79412007331848,ALTITUDE,141,44,other
61.794121980667114,ATTITUDE_TARGET,83,48,other
61.79413104057312,ATTITUDE_TARGET,83,48,other
61.79413294792175,GPS_RAW_INT,24,56,other
61.79414105415344,BATTERY_STATUS,147,53,other
61.79414391517639,POSITION_TARGET_LOCAL_NED,85,63,other
61.794151067733765,UNKNOWN_436,-2,21,other
61.7941529750824,SERVO_OUTPUT_RAW,36,24,other
61.79416298866272,VFR_HUD,74,31,other
61.794163942337036,ESTIMATOR_STATUS,230,54,other
61.794174909591675,EXTENDED_SYS_STATE,245,14,other
61.794184923172,GPS_RAW_INT,24,56,other
61.794193983078,HOME_POSITION,242,67,other
61.79420304298401,LOCAL_POSITION_NED,32,40,other
61.79421591758728,OPEN_DRONE_ID_LOCATION,12901,70,other
61.7942259311676,OPEN_DRONE_ID_SYSTEM,12904,37,other
61.79423499107361,POSITION_TARGET_LOCAL_NED,85,63,other
61.79424500465393,SCALED_PRESSURE,29,26,other
61.79425597190857,SYS_STATUS,1,52,other
61.79426407814026,VFR_HUD,74,31,other
61.794272899627686,UNKNOWN_8,-2,33,other
61.802144050598145,GLOBAL_POSITION_INT,33,40,other
61.802247047424316,GLOBAL_POSITION_INT,33,40,other
61.802347898483276,SERVO_OUTPUT_RAW,36,24,other

63.99413990974426,TIMESYNC,111,25,other
63.99420785903931,ATTITUDE_TARGET,83,48,other
63.994225025177,HIGHRES_IMU,105,73,other
63.99423694610596,GPS_RAW_INT,24,56,other
63.99423789978027,LOCAL_POSITION_NED,32,40,other
63.994247913360596,LOCAL_POSITION_NED,32,40,other
63.99425005912781,ATTITUDE,30,40,other
63.994258880615234,POSITION_TARGET_LOCAL_NED,85,63,other
63.994261026382446,ALTITUDE,141,44,other
63.99427390098572,ODOMETRY,331,244,other
63.994282960891724,ATTITUDE_QUATERNION,31,44,other
63.994340896606445,ATTITUDE_TARGET,83,48,other
63.99436593055725,POSITION_TARGET_LOCAL_NED,85,63,other
63.99437594413757,SERVO_OUTPUT_RAW,36,24,other
63.99438691139221,VFR_HUD,74,31,other
64.0020580291748,GLOBAL_POSITION_INT,33,40,other
64.0021870136261,GLOBAL_POSITION_INT,33,40,other
64.00221705436707,SERVO_OUTPUT_RAW,36,24,other
64.00602698326111,ATTITUDE,30,40,other
64.00609707832336,GPS_RAW_INT,24,56,other
64.00612807273865,ATTITUDE,30,40,other
64.00618290901184,ATTITUDE_QUATERNION,31,44,other
64.01434898376465,HIGHRES_IMU,105,73,other
64.01445698738098,ATTITUDE_TARGET,83,48,other
64.0145058631897,ATTITUDE,30,40,other
64.01451301574707,LOCAL_POSITION_NED,32,40,other
64.0145308971405,POSITION_TARGET_LOCAL_NED,85,63,other
64.0145320892334,ATTITUDE_QUATERNION,31,44,other
64.02210807800293,GLOBAL_POSITION_INT,33,40,other
64.02218198776245,GLOBAL_POSITION_INT,33,40,other
64.0222589969635,SERVO_OUTPUT_RAW,36,24,other
64.02608394622803,ATTITUDE,30,40,other
64.02623891830444,ATTITUDE,30,40,other
64.02630686759949,ATTITUDE_QUATERNION,31,44,other
64.03027486801147,LOCAL_POSITION_NED,32,40,other
64.03047800064087,ODOMETRY,331,244,other
64.03407406806946,HIGHRES_IMU,105,74,other
64.03413605690002,ATTITUDE,30,40,other
64.03415298461914,ATTITUDE_QUATERNION,31,44,other
64.03425097465515,ATTITUDE_TARGET,83,48,other
64.0342788696289,LOCAL_POSITION_NED,32,40,other
64.03429102897644,POSITION_TARGET_LOCAL_NED,85,63,other
64.03801894187927,GPS_RAW_INT,24,56,other
64.04221105575562,GLOBAL_POSITION_INT,33,40,other
64.04225993156433,GLOBAL_POSITION_INT,33,40,other
64.04227995872498,UNKNOWN_380,-2,32,other
64.04228401184082,SERVO_OUTPUT_RAW,36,24,other
64.04229307174683,UNKNOWN_380,-2,32,other
64.04626297950745,ATTITUDE,30,40,other
64.04635787010193,ATTITUDE,30,40,other
64.04641795158386,ATTITUDE_QUATERNION,31,44,other
64.04643893241882,VFR_HUD,74,31,other
64.054025888443,HIGHRES_IMU,105,74,other
64.05404806137085,ATTITUDE,30,40,other
64.05406308174133,ATTITUDE_QUATERNION,31,44,other
64.05409502983093,ATTITUDE_TARGET,83,48,other
64.05416488647461,LOCAL_POSITION_NED,32,40,other
64.05417895317078,POSITION_TARGET_LOCAL_NED,85,63,other
64.06205487251282,LOCAL_POSITION_NED,32,40,other
64.06211590766907,ODOMETRY,331,244,other
64.06213188171387,GLOBAL_POSITION_INT,33,40,other
64.0621690750122,GLOBAL_POSITION_INT,33,40,other
64.06219100952148,SERVO_OUTPUT_RAW,36,24,other
64.06606101989746,ATTITUDE,30,40,other
64.06612300872803,ATTITUDE,30,40,other
64.06614303588867,ATTITUDE_QUATERNION,31,44,other
64.07001805305481,GPS_RAW_INT,24,56,other
64.07424306869507,HIGHRES_IMU,105,73,other
64.07427096366882,ATTITUDE,30,40,other
64.07428407669067,ATTITUDE_QUATERNION,31,44,other
64.07433891296387,ATTITUDE_TARGET,83,48,other
64.07440996170044,LOCAL_POSITION_NED,32,40,other
64.0744240283966,POSITION_TARGET_LOCAL_NED,85,63,other
64.08213186264038,GLOBAL_POSITION_INT,33,40,other
64.08220291137695,GLOBAL_POSITION_INT,33,40,other
64.08220386505127,POSITION_TARGET_GLOBAL_INT,87,63,other
64.08222794532776,SERVO_OUTPUT_RAW,36,24,other
64.08243203163147,HEARTBEAT,0,21,other
64.08601689338684,ATTITUDE,30,40,other
64.08609294891357,ATTITUDE,30,40,other
64.08615589141846,ATTITUDE_QUATERNION,31,44,other
64.08617806434631,HEARTBEAT,0,21,other
64.09414100646973,HEARTBEAT,0,21,other
64.09416508674622,TIMESYNC,111,25,other
64.09417796134949,HIGHRES_IMU,105,74,other
64.0941870212555,LOCAL_POSITION_NED,32,40,other
64.09419703483582,ATTITUDE,30,40,other
64.09420800209045,ALTITUDE,141,44,other
64.09422087669373,ODOMETRY,331,244,other
64.09423089027405,ATTITUDE_QUATERNION,31,44,other
64.09423995018005,ATTITUDE_TARGET,83,48,other
64.09425091743469,BATTERY_STATUS,147,53,other
64.09425902366638,UNKNOWN_436,-2,21,other
64.09426689147949,ESTIMATOR_STATUS,230,54,other
64.09427499771118,EXTENDED_SYS_STATE,245,14,other
64.0942850112915,HOME_POSITION,242,67,other
64.09429001808167,ATTITUDE_TARGET,83,48,other
64.09429693222046,OPEN_DRONE_ID_LOCATION,12901,70,other
64.09430503845215,OPEN_DRONE_ID_SYSTEM,12904,37,other
64.09431290626526,PING,4,21,other
64.09432005882263,POSITION_TARGET_LOCAL_NED,85,63,other
64.09432792663574,SCALED_PRESSURE,29,26,other
64.09433507919312,SERVO_OUTPUT_RAW,36,24,other
64.09434986114502,SYS_STATUS,1,52,other
64.09435987472534,SYSTEM_TIME,2,22,other
64.09436202049255,LOCAL_POSITION_NED,32,40,other
64.09436893463135,VFR_HUD,74,31,other
64.09437489509583,POSITION_TARGET_LOCAL_NED,85,63,other
64.09437704086304,VIBRATION,241,32,other
64.09438395500183,UNKNOWN_8,-2,33,other
64.0957510471344,PING,4,26,other
64.1019880771637,GLOBAL_POSITION_INT,33,40,other
64.10210394859314,GLOBAL_POSITION_INT,33,40,other
64.10217094421387,SERVO_OUTPUT_RAW,36,24,other
64.10626006126404,ATTITUDE,30,40,other
64.10628890991211,ATTITUDE,30,40,other
64.10630989074707,ATTITUDE_QUATERNION,31,44,other
64.10633587837219,GPS_RAW_INT,24,56,other
64.11412286758423,HIGHRES_IMU,105,73,other
64.11419606208801,ATTITUDE,30,40,other
64.11421203613281,ATTITUDE_QUATERNION,31,44,other
64.11421990394592,ATTITUDE_TARGET,83,48,other
64.11429595947266,LOCAL_POSITION_NED,32,40,other
64.11431002616882,POSITION_TARGET_LOCAL_NED,85,63,other
64.1208860874176,HEARTBEAT,0,21,other
64.12229108810425,GLOBAL_POSITION_INT,33,40,other
64.12236404418945,HEARTBEAT,0,21,other
64.12238502502441,GLOBAL_POSITION_INT,33,40,other
64.12241387367249,SERVO_OUTPUT_RAW,36,24,other
64.12607908248901,ATTITUDE,30,40,other
64.12617802619934,ATTITUDE,30,40,other
64.12624502182007,ATTITUDE_QUATERNION,31,44,other
64.13001203536987,LOCAL_POSITION_NED,32,40,other
64.13007593154907,ODOMETRY,331,244,other
64.13417196273804,HIGHRES_IMU,105,73,other
64.13423895835876,ATTITUDE,30,40,other
64.13425493240356,ATTITUDE_QUATERNION,31,44,other
64.13426995277405,ATTITUDE_TARGET,83,48,other
64.13429689407349,LOCAL_POSITION_NED,32,40,other
64.13432097434998,POSITION_TARGET_LOCAL_NED,85,63,other
64.13827586174011,GPS_RAW_INT,24,56,other
64.142009973526,GLOBAL_POSITION_INT,33,40,other
64.1421160697937,GLOBAL_POSITION_INT,33,40,other
64.14214301109314,SERVO_OUTPUT_RAW,36,24,other
64.1461009979248,ATTITUDE,30,40,other
64.14622902870178,ATTITUDE,30,40,other
64.1462950706482,ATTITUDE_QUATERNION,31,44,other
64.15416288375854,HIGHRES_IMU,105,74,other
64.15427303314209,ATTITUDE_TARGET,83,48,other
64.15430188179016,ATTITUDE,30,40,other
64.15431499481201,ATTITUDE_QUATERNION,31,44,other
64.15431690216064,LOCAL_POSITION_NED,32,40,other
64.15432906150818,POSITION_TARGET_LOCAL_NED,85,63,other
64.16206908226013,LOCAL_POSITION_NED,32,40,other
64.16212892532349,ODOMETRY,331,244,other
64.16213893890381,GLOBAL_POSITION_INT,33,40,other
64.16213989257812,GLOBAL_POSITION_INT,33,40,other
64.16220903396606,SERVO_OUTPUT_RAW,36,24,other
64.16605806350708,ATTITUDE,30,40,other
64.16615295410156,ATTITUDE,30,40,other
64.16621994972229,ATTITUDE_QUATERNION,31,44,other
64.17022490501404,GPS_RAW_INT,24,56,other
64.1740210056305,HIGHRES_IMU,105,74,other
64.17409205436707,ATTITUDE,30,40,other
64.17410898208618,ATTITUDE_QUATERNION,31,44,other
64.17412400245667,ATTITUDE_TARGET,83,48,other
64.17415308952332,LOCAL_POSITION_NED,32,40,other
64.17416405677795,POSITION_TARGET_LOCAL_NED,85,63,other
64.18207693099976,GLOBAL_POSITION_INT,33,40,other
64.1821448802948,POSITION_TARGET_GLOBAL_INT,87,63,other
64.1821620464325,GLOBAL_POSITION_INT,33,40,other
64.18223094940186,POSITION_TARGET_GLOBAL_INT,87,63,other
64.18224596977234,SERVO_OUTPUT_RAW,36,24,other
64.18643593788147,ATTITUDE,30,40,other
64.18648386001587,ATTITUDE,30,40,other
64.1865029335022,ATTITUDE_QUATERNION,31,44,other
64.18720889091492,MISSION_CURRENT,42,22,other
64.19168591499329,MISSION_CURRENT,42,22,other
64.19408106803894,TIMESYNC,111,25,other
64.19414901733398,HIGHRES_IMU,105,74,other
64.19416093826294,LOCAL_POSITION_NED,32,40,other
64.19417190551758,ATTITUDE,30,40,other
64.19417405128479,ATTITUDE_TARGET,83,48,other
64.19418096542358,ALTITUDE,141,44,other
64.19419193267822,ODOMETRY,331,244,other
64.19420003890991,ATTITUDE_QUATERNION,31,44,other
64.19420790672302,ATTITUDE_TARGET,83,48,other
64.19422197341919,POSITION_TARGET_LOCAL_NED,85,63,other
64.1942310333252,SERVO_OUTPUT_RAW,36,24,other
64.19424104690552,VFR_HUD,74,31,other
64.19424390792847,GPS_RAW_INT,24,56,other
64.1942548751831,LOCAL_POSITION_NED,32,40,other
64.19426488876343,POSITION_TARGET_LOCAL_NED,85,63,other
64.20219802856445,GLOBAL_POSITION_INT,33,40,other
64.20226097106934,GPS_RAW_INT,24,56,other
64.20230603218079,GLOBAL_POSITION_INT,33,40,other
64.20234894752502,SERVO_OUTPUT_RAW,36,24,other
64.20616793632507,ATTITUDE,30,40,other
64.20624589920044,ATTITUDE,30,40,other
64.20630502700806,ATTITUDE_QUATERNION,31,44,other
64.21434998512268,HIGHRES_IMU,105,74,other
64.21438407897949,ATTITUDE,30,40,other
64.21438908576965,ATTITUDE_TARGET,83,48,other
64.21439599990845,ATTITUDE_QUATERNION,31,44,other
64.21442294120789,LOCAL_POSITION_NED,32,40,other
64.21443605422974,POSITION_TARGET_LOCAL_NED,85,63,other
64.22207403182983,GLOBAL_POSITION_INT,33,40,other
64.22219204902649,GLOBAL_POSITION_INT,33,40,other
64.22225308418274,SERVO_OUTPUT_RAW,36,24,other
64.22609090805054,ATTITUDE,30,40,other
64.2261860370636,ATTITUDE,30,40,other
64.22625398635864,ATTITUDE_QUATERNION,31,44,other
64.23023986816406,LOCAL_POSITION_NED,32,40,other
64.23027205467224,ODOMETRY,331,244,other
64.23408603668213,HIGHRES_IMU,105,73,other
64.2341570854187,ATTITUDE,30,40,other
64.23417401313782,ATTITUDE_QUATERNION,31,44,other
64.23421001434326,ATTITUDE_TARGET,83,48,other
64.23425006866455,LOCAL_POSITION_NED,32,40,other
64.23426699638367,POSITION_TARGET_LOCAL_NED,85,63,other
64.23804903030396,GPS_RAW_INT,24,56,other
64.24208188056946,GLOBAL_POSITION_INT,33,40,other
64.24214005470276,GLOBAL_POSITION_INT,33,40,other
64.24216794967651,SERVO_OUTPUT_RAW,36,24,other
64.24625897407532,ATTITUDE,30,40,other
64.24634003639221,ATTITUDE,30,40,other
64.24640202522278,ATTITUDE_QUATERNION,31,44,other
64.25404286384583,HIGHRES_IMU,105,73,other
64.25410985946655,ATTITUDE,30,40,other
64.25412797927856,ATTITUDE_QUATERNION,31,44,other
64.25413703918457,ATTITUDE_TARGET,83,48,other
64.25416588783264,LOCAL_POSITION_NED,32,40,other
64.25417900085449,POSITION_TARGET_LOCAL_NED,85,63,other
64.26219296455383,LOCAL_POSITION_NED,32,40,other
64.26226496696472,ODOMETRY,331,244,other
64.2622799873352,GLOBAL_POSITION_INT,33,40,other
64.26229405403137,GLOBAL_POSITION_INT,33,40,other
64.26231694221497,SERVO_OUTPUT_RAW,36,24,other
64.26610589027405,ATTITUDE,30,40,other
64.26623106002808,ATTITUDE,30,40,other
64.26629400253296,ATTITUDE_QUATERNION,31,44,other
64.27010202407837,GPS_RAW_INT,24,56,other
64.27398991584778,HIGHRES_IMU,105,74,other
64.27405500411987,ATTITUDE,30,40,other
64.27407097816467,ATTITUDE_QUATERNION,31,44,other
64.27409291267395,ATTITUDE_TARGET,83,48,other
64.27416896820068,LOCAL_POSITION_NED,32,40,other
64.27418303489685,POSITION_TARGET_LOCAL_NED,85,63,other
64.28202986717224,GLOBAL_POSITION_INT,33,40,other
64.28209805488586,POSITION_TARGET_GLOBAL_INT,87,63,other
64.28213286399841,GLOBAL_POSITION_INT,33,40,other
64.28215408325195,SERVO_OUTPUT_RAW,36,24,other
64.28614497184753,ATTITUDE,30,40,other
64.28625893592834,ATTITUDE,30,40,other
64.28629493713379,ATTITUDE_QUATERNION,31,44,other
64.29414701461792,TIMESYNC,111,25,other
64.29421186447144,HIGHRES_IMU,105,73,other
64.29422402381897,LOCAL_POSITION_NED,32,40,other
64.29423499107361,ATTITUDE,30,40,other
64.29424285888672,ALTITUDE,141,44,other
64.29425597190857,ODOMETRY,331,244,other
64.29425692558289,ATTITUDE_TARGET,83,48,other
64.29426693916321,ATTITUDE_QUATERNION,31,44,other
64.29427599906921,ATTITUDE_TARGET,83,48,other
64.29428505897522,LOCAL_POSITION_NED,32,40,other
64.29429006576538,POSITION_TARGET_LOCAL_NED,85,63,other
64.29429602622986,POSITION_TARGET_LOCAL_NED,85,63,other
64.2943000793457,SERVO_OUTPUT_RAW,36,24,other
64.29430794715881,VFR_HUD,74,31,other
64.29431104660034,SYS_STATUS,1,52,other
64.29431986808777,VFR_HUD,74,31,other
64.3021788597107,GLOBAL_POSITION_INT,33,40,other
64.30227589607239,GLOBAL_POSITION_INT,33,40,other
64.30228805541992,GPS_RAW_INT,24,56,other
64.30230188369751,SERVO_OUTPUT_RAW,36,24,other
64.30601191520691,ATTITUDE,30,40,other
64.30611896514893,ATTITUDE,30,40,other
64.30619096755981,ATTITUDE_QUATERNION,31,44,other
64.31402492523193,HIGHRES_IMU,105,74,other
64.31408286094666,ATTITUDE,30,40,other
64.31409502029419,ATTITUDE_QUATERNION,31,44,other
64.31413507461548,ATTITUDE_TARGET,83,48,other
64.31416392326355,LOCAL_POSITION_NED,32,40,other
64.31417608261108,POSITION_TARGET_LOCAL_NED,85,63,other
64.32209491729736,GLOBAL_POSITION_INT,33,40,other
64.32222390174866,GLOBAL_POSITION_INT,33,40,other
64.32246494293213,SERVO_OUTPUT_RAW,36,24,other
64.3263509273529,ATTITUDE,30,40,other
64.32655501365662,ATTITUDE,30,40,other
64.32668089866638,ATTITUDE_QUATERNION,31,44,other
64.33010196685791,LOCAL_POSITION_NED,32,40,other
64.33017492294312,ODOMETRY,331,244,other
64.33415389060974,ATTITUDE_TARGET,83,48,other
64.33421897888184,HIGHRES_IMU,105,74,other
64.33421993255615,LOCAL_POSITION_NED,32,40,other
64.33423399925232,POSITION_TARGET_LOCAL_NED,85,63,other
64.33428907394409,ATTITUDE,30,40,other
64.33430099487305,ATTITUDE_QUATERNION,31,44,other
64.33430886268616,GPS_RAW_INT,24,56,other
64.34246802330017,GLOBAL_POSITION_INT,33,40,other
64.34255504608154,GLOBAL_POSITION_INT,33,40,other
64.34262490272522,SERVO_OUTPUT_RAW,36,24,other
64.34607005119324,ATTITUDE,30,40,other
64.34658193588257,ATTITUDE,30,40,other
64.34672904014587,ATTITUDE_QUATERNION,31,44,other
64.3540608882904,HIGHRES_IMU,105,73,other
64.35412502288818,ATTITUDE,30,40,other
64.35414004325867,ATTITUDE_QUATERNION,31,44,other
64.35416007041931,ATTITUDE_TARGET,83,48,other
64.35424208641052,LOCAL_POSITION_NED,32,40,other
64.35425090789795,POSITION_TARGET_LOCAL_NED,85,63,other
64.36210703849792,LOCAL_POSITION_NED,32,40,other
64.36218094825745,ODOMETRY,331,244,other
64.3621928691864,GLOBAL_POSITION_INT,33,40,other
64.36219596862793,GLOBAL_POSITION_INT,33,40,other
64.36222100257874,SERVO_OUTPUT_RAW,36,24,other
64.36606693267822,ATTITUDE,30,40,other
64.36610293388367,ATTITUDE,30,40,other
64.36616706848145,ATTITUDE_QUATERNION,31,44,other
64.37019395828247,GPS_RAW_INT,24,56,other
64.37405705451965,HIGHRES_IMU,105,73,other
64.37411499023438,ATTITUDE,30,40,other
64.37412691116333,ATTITUDE_QUATERNION,31,44,other
64.37413096427917,ATTITUDE_TARGET,83,48,other
64.37420105934143,LOCAL_POSITION_NED,32,40,other
64.37421298027039,POSITION_TARGET_LOCAL_NED,85,63,other
64.38205194473267,GLOBAL_POSITION_INT,33,40,other
64.38211989402771,POSITION_TARGET_GLOBAL_INT,87,63,other
64.38213896751404,GLOBAL_POSITION_INT,33,40,other
64.38220286369324,SERVO_OUTPUT_RAW,36,24,other
64.38627290725708,ATTITUDE,30,40,other
64.38627290725708,ATTITUDE,30,40,other
64.38633990287781,ATTITUDE_QUATERNION,31,44,other
64.39421105384827,TIMESYNC,111,25,other
64.39428091049194,HIGHRES_IMU,105,74,other
64.39429306983948,LOCAL_POSITION_NED,32,40,other
64.39429593086243,ATTITUDE_TARGET,83,48,other
64.3943018913269,ATTITUDE,30,40,other
64.39431095123291,ALTITUDE,141,44,other
64.39432406425476,ODOMETRY,331,244,other
64.39433407783508,ATTITUDE_QUATERNION,31,44,other
64.39434289932251,ATTITUDE_TARGET,83,48,other
64.39436197280884,POSITION_TARGET_LOCAL_NED,85,63,other
64.39436602592468,GPS_RAW_INT,24,56,other
64.39437103271484,SERVO_OUTPUT_RAW,36,24,other
64.3943738937378,LOCAL_POSITION_NED,32,40,other
64.39438009262085,POSITION_TARGET_LOCAL_NED,85,63,other
64.39438104629517,VFR_HUD,74,31,other
64.40230393409729,GLOBAL_POSITION_INT,33,40,other
64.40239405632019,GLOBAL_POSITION_INT,33,40,other
64.40239405632019,GPS_RAW_INT,24,56,other
64.402419090271,SERVO_OUTPUT_RAW,36,24,other
64.40601706504822,ATTITUDE,30,40,other
64.40612196922302,ATTITUDE,30,40,other
64.40618896484375,ATTITUDE_QUATERNION,31,44,other
64.41401505470276,HIGHRES_IMU,105,73,other
64.41408705711365,ATTITUDE_TARGET,83,48,other
64.41409087181091,ATTITUDE,30,40,other
64.41410708427429,ATTITUDE_QUATERNION,31,44,other
64.41415500640869,LOCAL_POSITION_NED,32,40,other
64.41416907310486,POSITION_TARGET_LOCAL_NED,85,63,other
64.4221248626709,GLOBAL_POSITION_INT,33,40,other
64.42217898368835,GLOBAL_POSITION_INT,33,40,other
64.42220902442932,SERVO_OUTPUT_RAW,36,24,other
64.42609000205994,ATTITUDE,30,40,other
64.42619800567627,ATTITUDE,30,40,other
64.4262580871582,ATTITUDE_QUATERNION,31,44,other
64.43001389503479,LOCAL_POSITION_NED,32,40,other
64.43007707595825,ODOMETRY,331,244,other
64.43413805961609,HIGHRES_IMU,105,73,other
64.43420505523682,ATTITUDE,30,40,other
64.43422102928162,ATTITUDE_QUATERNION,31,44,other
64.43423295021057,GPS_RAW_INT,24,56,other
64.43423390388489,ATTITUDE_TARGET,83,48,other
64.43426489830017,LOCAL_POSITION_NED,32,40,other
64.43427586555481,POSITION_TARGET_LOCAL_NED,85,63,other
64.442067861557,GLOBAL_POSITION_INT,33,40,other
64.44211888313293,GLOBAL_POSITION_INT,33,40,other
64.44218897819519,SERVO_OUTPUT_RAW,36,24,other
64.4459879398346,ATTITUDE,30,40,other
64.44609689712524,ATTITUDE,30,40,other
64.44616103172302,ATTITUDE_QUATERNION,31,44,other
64.45410990715027,HIGHRES_IMU,105,74,other
64.45417499542236,ATTITUDE,30,40,other
64.45419502258301,ATTITUDE_QUATERNION,31,44,other
64.4542589187622,ATTITUDE_TARGET,83,48,other
64.45428395271301,LOCAL_POSITION_NED,32,40,other
64.45429587364197,POSITION_TARGET_LOCAL_NED,85,63,other
64.46197199821472,LOCAL_POSITION_NED,32,40,other
64.46203088760376,ODOMETRY,331,244,other
64.46204590797424,GLOBAL_POSITION_INT,33,40,other
64.46206402778625,GLOBAL_POSITION_INT,33,40,other
64.46213293075562,SERVO_OUTPUT_RAW,36,24,other
64.46617007255554,ATTITUDE,30,40,other
64.46626806259155,GPS_RAW_INT,24,56,other
64.46630191802979,ATTITUDE,30,40,other
64.46637892723083,ATTITUDE_QUATERNION,31,44,other
64.47417402267456,HIGHRES_IMU,105,74,other
64.474289894104,ATTITUDE,30,40,other
64.4743058681488,ATTITUDE_QUATERNION,31,44,other
64.47439289093018,ATTITUDE_TARGET,83,48,other
64.4744188785553,LOCAL_POSITION_NED,32,40,other
64.47443008422852,POSITION_TARGET_LOCAL_NED,85,63,other
64.48228406906128,GLOBAL_POSITION_INT,33,40,other
64.48236298561096,POSITION_TARGET_GLOBAL_INT,87,63,other
64.48242402076721,GLOBAL_POSITION_INT,33,40,other
64.4824869632721,SERVO_OUTPUT_RAW,36,24,other
64.4860908985138,ATTITUDE,30,40,other
64.48618507385254,ATTITUDE,30,40,other
64.48625302314758,ATTITUDE_QUATERNION,31,44,other
64.49015092849731,UNKNOWN_411,-2,13,other
64.4940619468689,TIMESYNC,111,25,other
64.49414706230164,HIGHRES_IMU,105,73,other
64.49415802955627,LOCAL_POSITION_NED,32,40,other
64.49416995048523,ATTITUDE,30,40,other
64.49417996406555,ALTITUDE,141,44,other
64.49419403076172,ODOMETRY,331,244,other
64.49420499801636,ATTITUDE_QUATERNION,31,44,other
64.49421095848083,ATTITUDE_TARGET,83,48,other
64.49421405792236,ATTITUDE_TARGET,83,48,other
64.49422693252563,POSITION_TARGET_LOCAL_NED,85,63,other
64.49423599243164,SERVO_OUTPUT_RAW,36,24,other
64.49424695968628,SYS_STATUS,1,52,other
64.49424886703491,LOCAL_POSITION_NED,32,40,other
64.4942569732666,VFR_HUD,74,31,other
64.49426603317261,POSITION_TARGET_LOCAL_NED,85,63,other
64.502357006073,GLOBAL_POSITION_INT,33,40,other
64.50242495536804,GPS_RAW_INT,24,56,other
64.50247001647949,GLOBAL_POSITION_INT,33,40,other
64.50254487991333,SERVO_OUTPUT_RAW,36,24,other
64.50612807273865,ATTITUDE,30,40,other
64.50621700286865,ATTITUDE,30,40,other
64.5062370300293,ATTITUDE_QUATERNION,31,44,other
64.5141499042511,HIGHRES_IMU,105,74,other
64.5142228603363,ATTITUDE,30,40,other
64.51424098014832,ATTITUDE_QUATERNION,31,44,other
64.51424908638,ATTITUDE_TARGET,83,48,other
64.5143210887909,LOCAL_POSITION_NED,32,40,other
64.5143358707428,POSITION_TARGET_LOCAL_NED,85,63,other
64.52204394340515,GLOBAL_POSITION_INT,33,40,other
64.52216792106628,GLOBAL_POSITION_INT,33,40,other
64.52219295501709,SERVO_OUTPUT_RAW,36,24,other
64.5261390209198,ATTITUDE,30,40,other
64.52635502815247,ATTITUDE,30,40,other
64.52642703056335,ATTITUDE_QUATERNION,31,44,other
64.53010296821594,LOCAL_POSITION_NED,32,40,other
64.53016996383667,ODOMETRY,331,244,other
64.53408598899841,HIGHRES_IMU,105,73,other
64.5341579914093,ATTITUDE,30,40,other
64.53417491912842,ATTITUDE_QUATERNION,31,44,other
64.53417587280273,ATTITUDE_TARGET,83,48,other
64.53418898582458,GPS_RAW_INT,24,56,other
64.53424000740051,LOCAL_POSITION_NED,32,40,other
64.53425288200378,POSITION_TARGET_LOCAL_NED,85,63,other
64.54212999343872,GLOBAL_POSITION_INT,33,40,other
64.54228901863098,GLOBAL_POSITION_INT,33,40,other
64.54231405258179,SERVO_OUTPUT_RAW,36,24,other
64.54615807533264,ATTITUDE,30,40,other
64.54629802703857,ATTITUDE,30,40,other
64.54639387130737,ATTITUDE_QUATERNION,31,44,other
64.54641008377075,VFR_HUD,74,31,other
64.55401396751404,HIGHRES_IMU,105,73,other
64.55406999588013,ATTITUDE,30,40,other
64.5540828704834,ATTITUDE_QUATERNION,31,44,other
64.55411505699158,ATTITUDE_TARGET,83,48,other
64.55419301986694,LOCAL_POSITION_NED,32,40,other
64.55420589447021,POSITION_TARGET_LOCAL_NED,85,63,other
64.56264185905457,LOCAL_POSITION_NED,32,40,other
64.56272387504578,ODOMETRY,331,244,other
64.56274008750916,GLOBAL_POSITION_INT,33,40,other
64.5628650188446,GLOBAL_POSITION_INT,33,40,other
64.56292796134949,SERVO_OUTPUT_RAW,36,24,other
64.56603693962097,ATTITUDE,30,40,other
64.5661039352417,GPS_RAW_INT,24,56,other
64.56612396240234,ATTITUDE,30,40,other
64.56614208221436,ATTITUDE_QUATERNION,31,44,other
64.57414507865906,HIGHRES_IMU,105,74,other
64.57414603233337,ATTITUDE_TARGET,83,48,other
64.5741720199585,LOCAL_POSITION_NED,32,40,other
64.57418608665466,POSITION_TARGET_LOCAL_NED,85,63,other
64.57421398162842,ATTITUDE,30,40,other
64.57423090934753,ATTITUDE_QUATERNION,31,44,other
64.58205103874207,GLOBAL_POSITION_INT,33,40,other
64.58209300041199,POSITION_TARGET_GLOBAL_INT,87,63,other
64.58216786384583,GLOBAL_POSITION_INT,33,40,other
64.58223295211792,SERVO_OUTPUT_RAW,36,24,other
64.58601808547974,ATTITUDE,30,40,other
64.58610701560974,ATTITUDE,30,40,other
64.5861759185791,ATTITUDE_QUATERNION,31,44,other
64.59424495697021,TIMESYNC,111,25,other
64.59427499771118,HIGHRES_IMU,105,74,other
64.59427905082703,ATTITUDE_TARGET,83,48,other
64.5942850112915,LOCAL_POSITION_NED,32,40,other
64.59429693222046,ATTITUDE,30,40,other
64.59430694580078,ALTITUDE,141,44,other
64.59430694580078,GPS_RAW_INT,24,56,other
64.5943169593811,LOCAL_POSITION_NED,32,40,other
64.59432196617126,ODOMETRY,331,244,other
64.59432697296143,POSITION_TARGET_LOCAL_NED,85,63,other
64.5943329334259,ATTITUDE_QUATERNION,31,44,other
64.59434103965759,ATTITUDE_TARGET,83,48,other
64.59435391426086,POSITION_TARGET_LOCAL_NED,85,63,other
64.59436297416687,SERVO_OUTPUT_RAW,36,24,other
64.59437298774719,VFR_HUD,74,31,other
64.59804701805115,GPS_RAW_INT,24,56,other
64.60199809074402,GLOBAL_POSITION_INT,33,40,other
64.6020839214325,GLOBAL_POSITION_INT,33,40,other
64.6021499633789,SERVO_OUTPUT_RAW,36,24,other
64.60626792907715,ATTITUDE,30,40,other
64.60637092590332,ATTITUDE,30,40,other
64.60643887519836,ATTITUDE_QUATERNION,31,44,other
64.6140730381012,HIGHRES_IMU,105,74,other
64.61411905288696,ATTITUDE_TARGET,83,48,other
64.6141369342804,ATTITUDE,30,40,other
64.6141459941864,LOCAL_POSITION_NED,32,40,other
64.61415195465088,ATTITUDE_QUATERNION,31,44,other
64.61415791511536,POSITION_TARGET_LOCAL_NED,85,63,other
64.62233686447144,GLOBAL_POSITION_INT,33,40,other
64.62248301506042,GLOBAL_POSITION_INT,33,40,other
64.62250685691833,SERVO_OUTPUT_RAW,36,24,other
64.62602496147156,ATTITUDE,30,40,other
64.62614893913269,ATTITUDE,30,40,other
64.62620806694031,ATTITUDE_QUATERNION,31,44,other
64.63010597229004,LOCAL_POSITION_NED,32,40,other
64.63016986846924,ODOMETRY,331,244,other
64.6340548992157,HIGHRES_IMU,105,74,other
64.63411498069763,ATTITUDE,30,40,other
64.63413286209106,ATTITUDE_QUATERNION,31,44,other
64.6341450214386,GPS_RAW_INT,24,56,other
64.63416385650635,ATTITUDE_TARGET,83,48,other
64.634192943573,LOCAL_POSITION_NED,32,40,other
64.63420391082764,POSITION_TARGET_LOCAL_NED,85,63,other
64.64206004142761,GLOBAL_POSITION_INT,33,40,other
64.64218401908875,GLOBAL_POSITION_INT,33,40,other
64.64226007461548,SERVO_OUTPUT_RAW,36,24,other
64.64599990844727,ATTITUDE,30,40,other
64.64610600471497,ATTITUDE,30,40,other
64.64617204666138,ATTITUDE_QUATERNION,31,44,other
64.65427207946777,HIGHRES_IMU,105,73,other
64.65432405471802,ATTITUDE,30,40,other
64.65435004234314,ATTITUDE_QUATERNION,31,44,other
64.6544120311737,ATTITUDE_TARGET,83,48,other
64.65452194213867,LOCAL_POSITION_NED,32,40,other
64.65454506874084,POSITION_TARGET_LOCAL_NED,85,63,other
64.66205406188965,LOCAL_POSITION_NED,32,40,other
64.66211605072021,ODOMETRY,331,244,other
64.66213202476501,GLOBAL_POSITION_INT,33,40,other
64.6621720790863,GLOBAL_POSITION_INT,33,40,other
64.66223406791687,SERVO_OUTPUT_RAW,36,24,other
64.666090965271,ATTITUDE,30,40,other
64.66616201400757,GPS_RAW_INT,24,56,other
64.66623091697693,ATTITUDE,30,40,other
64.66625499725342,ATTITUDE_QUATERNION,31,44,other
64.6740128993988,HIGHRES_IMU,105,73,other
64.6740288734436,ATTITUDE,30,40,other
64.67403888702393,ATTITUDE_QUATERNION,31,44,other
64.67411708831787,ATTITUDE_TARGET,83,48,other
64.67418599128723,LOCAL_POSITION_NED,32,40,other
64.6742000579834,POSITION_TARGET_LOCAL_NED,85,63,other
64.68229103088379,GLOBAL_POSITION_INT,33,40,other
64.68235993385315,POSITION_TARGET_GLOBAL_INT,87,63,other
64.68244504928589,GLOBAL_POSITION_INT,33,40,other
64.68247294425964,SERVO_OUTPUT_RAW,36,24,other
64.6862518787384,ATTITUDE,30,40,other
64.68639588356018,ATTITUDE,30,40,other
64.68651103973389,ATTITUDE_QUATERNION,31,44,other
64.694002866745,TIMESYNC,111,25,other
64.69406485557556,HIGHRES_IMU,105,74,other
64.69407796859741,LOCAL_POSITION_NED,32,40,other
64.69408893585205,ATTITUDE,30,40,other
64.69409894943237,ALTITUDE,141,44,other
64.69411206245422,ODOMETRY,331,244,other
64.69412207603455,ATTITUDE_QUATERNION,31,44,other
64.69412398338318,ATTITUDE_TARGET,83,48,other
64.69412994384766,ATTITUDE_TARGET,83,48,other
64.69414401054382,POSITION_TARGET_LOCAL_NED,85,63,other
64.69415092468262,LOCAL_POSITION_NED,32,40,other
64.69415402412415,SERVO_OUTPUT_RAW,36,24,other
64.69416403770447,POSITION_TARGET_LOCAL_NED,85,63,other
64.69416499137878,SYS_STATUS,1,52,other
64.69417405128479,VFR_HUD,74,31,other
64.69856691360474,GPS_RAW_INT,24,56,other
64.70242285728455,GLOBAL_POSITION_INT,33,40,other
64.7025249004364,GLOBAL_POSITION_INT,33,40,other
64.70255303382874,SERVO_OUTPUT_RAW,36,24,other
64.70607995986938,ATTITUDE,30,40,other
64.70619988441467,ATTITUDE,30,40,other
64.70625495910645,ATTITUDE_QUATERNION,31,44,other
64.7141010761261,HIGHRES_IMU,105,73,other
64.71416592597961,ATTITUDE,30,40,other
64.71418309211731,ATTITUDE_QUATERNION,31,44,other
64.71419501304626,ATTITUDE_TARGET,83,48,other
64.7142219543457,LOCAL_POSITION_NED,32,40,other
64.71423387527466,POSITION_TARGET_LOCAL_NED,85,63,other
64.7220630645752,GLOBAL_POSITION_INT,33,40,other
64.72215986251831,GLOBAL_POSITION_INT,33,40,other
64.7221930027008,SERVO_OUTPUT_RAW,36,24,other
64.72623300552368,ATTITUDE,30,40,other
64.7263400554657,ATTITUDE,30,40,other
64.72645592689514,ATTITUDE_QUATERNION,31,44,other
64.73006391525269,LOCAL_POSITION_NED,32,40,other
64.73008894920349,ODOMETRY,331,244,other
64.73010396957397,GPS_RAW_INT,24,56,other
64.73400592803955,HIGHRES_IMU,105,74,other
64.73406791687012,ATTITUDE,30,40,other
64.73408508300781,ATTITUDE_QUATERNION,31,44,other
64.73409485816956,ATTITUDE_TARGET,83,48,other
64.73412299156189,LOCAL_POSITION_NED,32,40,other
64.73413491249084,POSITION_TARGET_LOCAL_NED,85,63,other
64.74229192733765,GLOBAL_POSITION_INT,33,40,other
64.74240493774414,GLOBAL_POSITION_INT,33,40,other
64.74242186546326,SERVO_OUTPUT_RAW,36,24,other
64.74606394767761,ATTITUDE,30,40,other
64.74615788459778,ATTITUDE,30,40,other
64.74617886543274,ATTITUDE_QUATERNION,31,44,other
64.75421404838562,HIGHRES_IMU,105,74,other
64.75424098968506,ATTITUDE,30,40,other
64.75425601005554,ATTITUDE_QUATERNION,31,44,other
64.7543089389801,ATTITUDE_TARGET,83,48,other
64.75433397293091,LOCAL_POSITION_NED,32,40,other
64.75434398651123,POSITION_TARGET_LOCAL_NED,85,63,other
64.76205086708069,LOCAL_POSITION_NED,32,40,other
64.76211595535278,ODOMETRY,331,244,other
64.76213097572327,GLOBAL_POSITION_INT,33,40,other
64.76218295097351,GLOBAL_POSITION_INT,33,40,other
64.76219987869263,SERVO_OUTPUT_RAW,36,24,other
64.76599407196045,ATTITUDE,30,40,other
64.76606392860413,GPS_RAW_INT,24,56,other
64.7660858631134,ATTITUDE,30,40,other
64.76614689826965,ATTITUDE_QUATERNION,31,44,other
64.77412390708923,HIGHRES_IMU,105,73,other
64.77424597740173,ATTITUDE,30,40,other
64.77426600456238,ATTITUDE_QUATERNION,31,44,other
64.77429103851318,ATTITUDE_TARGET,83,48,other
64.7743649482727,LOCAL_POSITION_NED,32,40,other
64.77437901496887,POSITION_TARGET_LOCAL_NED,85,63,other
64.78204989433289,GLOBAL_POSITION_INT,33,40,other
64.78207993507385,GLOBAL_POSITION_INT,33,40,other
64.78211688995361,POSITION_TARGET_GLOBAL_INT,87,63,other
64.78219294548035,SERVO_OUTPUT_RAW,36,24,other
64.78620791435242,ATTITUDE,30,40,other
64.78632187843323,ATTITUDE,30,40,other
64.78638887405396,ATTITUDE_QUATERNION,31,44,other
64.79410696029663,TIMESYNC,111,25,other
64.79417395591736,HIGHRES_IMU,105,73,other
64.79418587684631,LOCAL_POSITION_NED,32,40,other
64.79419708251953,ATTITUDE,30,40,other
64.79420590400696,ALTITUDE,141,44,other
64.79421806335449,ODOMETRY,331,244,other
64.79422688484192,ATTITUDE_QUATERNION,31,44,other
64.79422903060913,HEARTBEAT,0,21,other
64.79423594474792,ATTITUDE_TARGET,83,48,other
64.79424905776978,POSITION_TARGET_LOCAL_NED,85,63,other
64.7942590713501,SERVO_OUTPUT_RAW,36,24,other
64.79427003860474,VFR_HUD,74,31,other
64.7943160533905,ALTITUDE,141,44,other
64.79432988166809,ATTITUDE_TARGET,83,48,other
64.79434299468994,EXTENDED_SYS_STATE,245,14,other
64.79435205459595,GPS_RAW_INT,24,56,other
64.79436087608337,LOCAL_POSITION_NED,32,40,other
64.79437208175659,OPEN_DRONE_ID_LOCATION,12901,70,other
64.79438090324402,OPEN_DRONE_ID_SYSTEM,12904,37,other
64.79439091682434,POSITION_TARGET_LOCAL_NED,85,63,other
64.79439997673035,SCALED_PRESSURE,29,26,other
64.79440999031067,SYS_STATUS,1,52,other
64.79441905021667,VFR_HUD,74,31,other
64.79442691802979,UNKNOWN_8,-2,33,other
64.79800605773926,GPS_RAW_INT,24,56,other
64.80220293998718,GLOBAL_POSITION_INT,33,40,other
64.80223488807678,GLOBAL_POSITION_INT,33,40,other
64.80230498313904,SERVO_OUTPUT_RAW,36,24,other
64.80678987503052,ATTITUDE,30,40,other
64.80683898925781,ATTITUDE,30,40,other
64.80688190460205,ATTITUDE_QUATERNION,31,44,other
64.81409192085266,HIGHRES_IMU,105,74,other
64.81411790847778,ATTITUDE_TARGET,83,48,other
64.8141450881958,LOCAL_POSITION_NED,32,40,other
64.81415486335754,POSITION_TARGET_LOCAL_NED,85,63,other
64.81415605545044,ATTITUDE,30,40,other
64.81416988372803,ATTITUDE_QUATERNION,31,44,other
64.82281303405762,GLOBAL_POSITION_INT,33,40,other
64.82288908958435,GLOBAL_POSITION_INT,33,40,other
64.82291388511658,SERVO_OUTPUT_RAW,36,24,other
64.82607698440552,ATTITUDE,30,40,other
64.82616591453552,ATTITUDE,30,40,other
64.82622790336609,ATTITUDE_QUATERNION,31,44,other
64.82998490333557,LOCAL_POSITION_NED,32,40,other
64.83004808425903,ODOMETRY,331,244,other
64.8300609588623,GPS_RAW_INT,24,56,other
64.83408403396606,HIGHRES_IMU,105,73,other
64.83414888381958,ATTITUDE,30,40,other
64.83416604995728,ATTITUDE_QUATERNION,31,44,other
64.83418607711792,ATTITUDE_TARGET,83,48,other
64.83421492576599,LOCAL_POSITION_NED,32,40,other
64.83422708511353,POSITION_TARGET_LOCAL_NED,85,63,other
64.84207606315613,GLOBAL_POSITION_INT,33,40,other
64.84218788146973,GLOBAL_POSITION_INT,33,40,other
64.84225487709045,SERVO_OUTPUT_RAW,36,24,other
64.84608101844788,ATTITUDE,30,40,other
64.84616303443909,ATTITUDE,30,40,other
64.84622287750244,ATTITUDE_QUATERNION,31,44,other
64.85412788391113,HIGHRES_IMU,105,73,other
64.85419702529907,ATTITUDE,30,40,other
64.85421109199524,ATTITUDE_QUATERNION,31,44,other
64.8542230129242,ATTITUDE_TARGET,83,48,other
64.85429191589355,LOCAL_POSITION_NED,32,40,other
64.85430598258972,POSITION_TARGET_LOCAL_NED,85,63,other
64.86198902130127,LOCAL_POSITION_NED,32,40,other
64.86205387115479,ODOMETRY,331,244,other
64.86206698417664,GLOBAL_POSITION_INT,33,40,other
64.86207699775696,GPS_RAW_INT,24,56,other
64.8620879650116,GLOBAL_POSITION_INT,33,40,other
64.86211204528809,SERVO_OUTPUT_RAW,36,24,other
64.86617588996887,ATTITUDE,30,40,other
64.8662760257721,ATTITUDE,30,40,other
64.86637687683105,ATTITUDE_QUATERNION,31,44,other
64.87409687042236,HIGHRES_IMU,105,74,other
64.8741250038147,ATTITUDE_TARGET,83,48,other
64.87415099143982,LOCAL_POSITION_NED,32,40,other
64.87416100502014,POSITION_TARGET_LOCAL_NED,85,63,other
64.87416291236877,ATTITUDE,30,40,other
64.87417602539062,ATTITUDE_QUATERNION,31,44,other
64.88211297988892,GLOBAL_POSITION_INT,33,40,other
64.88222789764404,POSITION_TARGET_GLOBAL_INT,87,63,other
64.88226699829102,GLOBAL_POSITION_INT,33,40,other
64.88237690925598,SERVO_OUTPUT_RAW,36,24,other
64.8860399723053,ATTITUDE,30,40,other
64.88615298271179,ATTITUDE,30,40,other
64.88617587089539,ATTITUDE_QUATERNION,31,44,other
64.8940360546112,TIMESYNC,111,25,other
64.89410185813904,HIGHRES_IMU,105,74,other
64.89411497116089,LOCAL_POSITION_NED,32,40,other
64.89412498474121,ATTITUDE,30,40,other
64.8941330909729,ALTITUDE,141,44,other
64.89415287971497,ATTITUDE_TARGET,83,48,other
64.89415407180786,ODOMETRY,331,244,other
64.89416408538818,ATTITUDE_QUATERNION,31,44,other
64.8941719532013,ATTITUDE_TARGET,83,48,other
64.89417886734009,LOCAL_POSITION_NED,32,40,other
64.89418601989746,POSITION_TARGET_LOCAL_NED,85,63,other
64.8941900730133,POSITION_TARGET_LOCAL_NED,85,63,other
64.89419603347778,SERVO_OUTPUT_RAW,36,24,other
64.89420700073242,SYS_STATUS,1,52,other
64.89421606063843,VFR_HUD,74,31,other
64.89823603630066,GPS_RAW_INT,24,56,other
64.90208101272583,GLOBAL_POSITION_INT,33,40,other
64.90221905708313,GLOBAL_POSITION_INT,33,40,other
64.9022479057312,SERVO_OUTPUT_RAW,36,24,other
64.90616607666016,ATTITUDE,30,40,other
64.90623188018799,ATTITUDE,30,40,other
64.90629887580872,ATTITUDE_QUATERNION,31,44,other
64.91428995132446,HIGHRES_IMU,105,73,other
64.9143180847168,ATTITUDE,30,40,other
64.9143328666687,ATTITUDE_QUATERNION,31,44,other
64.91441893577576,ATTITUDE_TARGET,83,48,other
64.91444897651672,LOCAL_POSITION_NED,32,40,other
64.91446089744568,POSITION_TARGET_LOCAL_NED,85,63,other
64.92208003997803,GLOBAL_POSITION_INT,33,40,other
64.92214488983154,GLOBAL_POSITION_INT,33,40,other
64.92217087745667,SERVO_OUTPUT_RAW,36,24,other
64.92618608474731,ATTITUDE,30,40,other
64.92629289627075,ATTITUDE,30,40,other
64.92631888389587,ATTITUDE_QUATERNION,31,44,other
64.93009996414185,LOCAL_POSITION_NED,32,40,other
64.9301609992981,ODOMETRY,331,244,other
64.93017292022705,GPS_RAW_INT,24,56,other
64.9340569972992,HIGHRES_IMU,105,74,other
64.93411707878113,ATTITUDE,30,40,other
64.93413400650024,ATTITUDE_QUATERNION,31,44,other
64.93416500091553,ATTITUDE_TARGET,83,48,other
64.93419885635376,LOCAL_POSITION_NED,32,40,other
64.9342110157013,POSITION_TARGET_LOCAL_NED,85,63,other
64.94221901893616,GLOBAL_POSITION_INT,33,40,other
64.94223999977112,GLOBAL_POSITION_INT,33,40,other
64.94226503372192,SERVO_OUTPUT_RAW,36,24,other
64.94603395462036,ATTITUDE,30,40,other
64.94614696502686,ATTITUDE,30,40,other
64.94617199897766,ATTITUDE_QUATERNION,31,44,other
64.95406794548035,HIGHRES_IMU,105,73,other
64.95412492752075,ATTITUDE,30,40,other
64.95414185523987,ATTITUDE_QUATERNION,31,44,other
64.95419788360596,ATTITUDE_TARGET,83,48,other
64.95426607131958,LOCAL_POSITION_NED,32,40,other
64.95427894592285,POSITION_TARGET_LOCAL_NED,85,63,other
64.96212100982666,LOCAL_POSITION_NED,32,40,other
64.96222686767578,GLOBAL_POSITION_INT,33,40,other
64.96230506896973,SERVO_OUTPUT_RAW,36,24,other
64.96232891082764,ODOMETRY,331,244,other
64.96247887611389,GLOBAL_POSITION_INT,33,40,other
64.96249294281006,GPS_RAW_INT,24,56,other
64.966059923172,ATTITUDE,30,40,other
64.96616101264954,ATTITUDE,30,40,other
64.96618390083313,ATTITUDE_QUATERNION,31,44,other
64.97423100471497,HIGHRES_IMU,105,73,other
64.97430205345154,ATTITUDE,30,40,other
64.97431802749634,ATTITUDE_QUATERNION,31,44,other
64.9743299484253,ATTITUDE_TARGET,83,48,other
64.97441005706787,LOCAL_POSITION_NED,32,40,other
64.97450494766235,POSITION_TARGET_LOCAL_NED,85,63,other
64.98199701309204,GLOBAL_POSITION_INT,33,40,other
64.98206090927124,POSITION_TARGET_GLOBAL_INT,87,63,other
64.982097864151,GLOBAL_POSITION_INT,33,40,other
64.9821228981018,SERVO_OUTPUT_RAW,36,24,other
64.986074924469,ATTITUDE,30,40,other
64.98617506027222,ATTITUDE,30,40,other
64.98623991012573,ATTITUDE_QUATERNION,31,44,other
64.99429702758789,TIMESYNC,111,25,other
64.99432396888733,HIGHRES_IMU,105,74,other
64.99433398246765,LOCAL_POSITION_NED,32,40,other
64.9943459033966,ATTITUDE,30,40,other
64.99435496330261,ALTITUDE,141,44,other
64.99436902999878,ODOMETRY,331,244,other
64.99437189102173,ATTITUDE_TARGET,83,48,other
64.99437689781189,ATTITUDE_QUATERNION,31,44,other
64.9943859577179,ATTITUDE_TARGET,83,48,other
64.99439787864685,GPS_RAW_INT,24,56,other
64.99439907073975,GPS_RAW_INT,24,56,other
64.99440789222717,POSITION_TARGET_LOCAL_NED,85,63,other
64.99441003799438,LOCAL_POSITION_NED,32,40,other
64.9944179058075,SERVO_OUTPUT_RAW,36,24,other
64.9944200515747,POSITION_TARGET_LOCAL_NED,85,63,other
64.99442791938782,VFR_HUD,74,31,other
65.00453686714172,GLOBAL_POSITION_INT,33,40,other
65.0049979686737,GLOBAL_POSITION_INT,33,40,other
65.00507402420044,SERVO_OUTPUT_RAW,36,24,other
65.00626492500305,ATTITUDE,30,40,other
65.00633692741394,ATTITUDE,30,40,other
65.00640988349915,ATTITUDE_QUATERNION,31,44,other
65.0142068862915,HIGHRES_IMU,105,74,other
65.01432800292969,ATTITUDE,30,40,other
65.0143370628357,ATTITUDE_TARGET,83,48,other
65.01435708999634,ATTITUDE_QUATERNION,31,44,other
65.01441287994385,LOCAL_POSITION_NED,32,40,other
65.01442694664001,POSITION_TARGET_LOCAL_NED,85,63,other
65.0220239162445,GLOBAL_POSITION_INT,33,40,other
65.02213501930237,GLOBAL_POSITION_INT,33,40,other
65.02215886116028,SERVO_OUTPUT_RAW,36,24,other
65.02607202529907,ATTITUDE,30,40,other
65.02624988555908,ATTITUDE,30,40,other
65.02627205848694,ATTITUDE_QUATERNION,31,44,other
65.03001403808594,LOCAL_POSITION_NED,32,40,other
65.03008103370667,ODOMETRY,331,244,other
65.03009605407715,GPS_RAW_INT,24,56,other
65.03414392471313,HIGHRES_IMU,105,74,other
65.03422808647156,ATTITUDE,30,40,other
65.03424406051636,ATTITUDE_QUATERNION,31,44,other
65.03425288200378,ATTITUDE_TARGET,83,48,other
65.03428101539612,LOCAL_POSITION_NED,32,40,other
65.03429293632507,POSITION_TARGET_LOCAL_NED,85,63,other
65.04206991195679,GLOBAL_POSITION_INT,33,40,other
65.04217195510864,GLOBAL_POSITION_INT,33,40,other
65.04219603538513,SERVO_OUTPUT_RAW,36,24,other
65.04607796669006,ATTITUDE,30,40,other
65.04629898071289,ATTITUDE,30,40,other
65.04645299911499,ATTITUDE_QUATERNION,31,44,other
65.04647493362427,VFR_HUD,74,31,other
65.05405402183533,HIGHRES_IMU,105,74,other
65.05410408973694,ATTITUDE,30,40,other
65.05412197113037,ATTITUDE_QUATERNION,31,44,other
65.05413603782654,ATTITUDE_TARGET,83,48,other
65.05416107177734,LOCAL_POSITION_NED,32,40,other
65.05417203903198,POSITION_TARGET_LOCAL_NED,85,63,other
65.06223392486572,LOCAL_POSITION_NED,32,40,other
65.06226706504822,ODOMETRY,331,244,other
65.0622820854187,GLOBAL_POSITION_INT,33,40,other
65.06229090690613,GPS_RAW_INT,24,56,other
65.0623140335083,GLOBAL_POSITION_INT,33,40,other
65.06239485740662,SERVO_OUTPUT_RAW,36,24,other
65.06637692451477,ATTITUDE,30,40,other
65.06675100326538,ATTITUDE,30,40,other
65.06681108474731,ATTITUDE_QUATERNION,31,44,other
65.07400298118591,HIGHRES_IMU,105,73,other
65.07406401634216,ATTITUDE,30,40,other
65.07408094406128,ATTITUDE_QUATERNION,31,44,other
65.07411789894104,ATTITUDE_TARGET,83,48,other
65.07418608665466,LOCAL_POSITION_NED,32,40,other
65.07419991493225,POSITION_TARGET_LOCAL_NED,85,63,other
65.08208894729614,GLOBAL_POSITION_INT,33,40,other
65.08216404914856,POSITION_TARGET_GLOBAL_INT,87,63,other
65.08219194412231,GLOBAL_POSITION_INT,33,40,other
65.08221888542175,SERVO_OUTPUT_RAW,36,24,other
65.08243298530579,HEARTBEAT,0,21,other
65.0860869884491,ATTITUDE,30,40,other
65.08618688583374,ATTITUDE,30,40,other
65.08624696731567,ATTITUDE_QUATERNION,31,44,other
65.08626890182495,HEARTBEAT,0,21,other
65.09423589706421,HEARTBEAT,0,21,other
65.09430289268494,TIMESYNC,111,25,other
65.09431791305542,HIGHRES_IMU,105,73,other
65.0943250656128,ATTITUDE_TARGET,83,48,other
65.09432697296143,LOCAL_POSITION_NED,32,40,other
65.09433794021606,ATTITUDE,30,40,other
65.09434795379639,ALTITUDE,141,44,other
65.0943489074707,LOCAL_POSITION_NED,32,40,other
65.09436106681824,ODOMETRY,331,244,other
65.09436106681824,POSITION_TARGET_LOCAL_NED,85,63,other
65.09437108039856,ATTITUDE_QUATERNION,31,44,other
65.09437990188599,ATTITUDE_TARGET,83,48,other
65.09438896179199,ESTIMATOR_STATUS,230,54,other
65.094398021698,EXTENDED_SYS_STATE,245,14,other
65.094407081604,GPS_RAW_INT,24,56,other
65.09441900253296,OPEN_DRONE_ID_LOCATION,12901,70,other
65.09442687034607,OPEN_DRONE_ID_SYSTEM,12904,37,other
65.09443497657776,PING,4,21,other
65.09444403648376,POSITION_TARGET_LOCAL_NED,85,63,other
65.09445405006409,SCALED_PRESSURE,29,26,other
65.0944619178772,SERVO_OUTPUT_RAW,36,24,other
65.09447288513184,SYS_STATUS,1,52,other
65.09448194503784,SYSTEM_TIME,2,23,other
65.09449291229248,VFR_HUD,74,31,other
65.09450197219849,UNKNOWN_8,-2,33,other
65.09585404396057,PING,4,26,other
65.10221791267395,GLOBAL_POSITION_INT,33,40,other
65.10234808921814,GLOBAL_POSITION_INT,33,40,other
65.10245490074158,SERVO_OUTPUT_RAW,36,24,other
65.10620307922363,ATTITUDE,30,40,other
65.10650205612183,ATTITUDE,30,40,other
65.10656690597534,ATTITUDE_QUATERNION,31,44,other
65.11413908004761,HIGHRES_IMU,105,74,other
65.11420798301697,ATTITUDE,30,40,other
65.11422300338745,ATTITUDE_QUATERNION,31,44,other
65.11428189277649,ATTITUDE_TARGET,83,48,other
65.1143729686737,LOCAL_POSITION_NED,32,40,other
65.11438703536987,POSITION_TARGET_LOCAL_NED,85,63,other
65.12200999259949,GLOBAL_POSITION_INT,33,40,other
65.12210607528687,HEARTBEAT,0,21,other
65.12215495109558,GLOBAL_POSITION_INT,33,40,other
65.12216997146606,SERVO_OUTPUT_RAW,36,24,other
65.12627291679382,ATTITUDE,30,40,other
65.1263530254364,GPS_RAW_INT,24,56,other
65.12636494636536,ATTITUDE,30,40,other
65.12637186050415,HEARTBEAT,0,21,other
65.12638807296753,ATTITUDE_QUATERNION,31,44,other
65.13005208969116,LOCAL_POSITION_NED,32,40,other
65.1301109790802,ODOMETRY,331,244,other
65.13402700424194,HIGHRES_IMU,105,73,other
65.13408589363098,ATTITUDE,30,40,other
65.13409900665283,ATTITUDE_QUATERNION,31,44,other
65.1341278553009,ATTITUDE_TARGET,83,48,other
65.1341609954834,LOCAL_POSITION_NED,32,40,other
65.13417196273804,POSITION_TARGET_LOCAL_NED,85,63,other
65.14221787452698,GLOBAL_POSITION_INT,33,40,other
65.14229798316956,GLOBAL_POSITION_INT,33,40,other
65.14232802391052,SERVO_OUTPUT_RAW,36,24,other
65.14604592323303,ATTITUDE,30,40,other
65.14615797996521,ATTITUDE,30,40,other
65.14622092247009,ATTITUDE_QUATERNION,31,44,other
65.15402793884277,HIGHRES_IMU,105,74,other
65.15408492088318,ATTITUDE_TARGET,83,48,other
65.1540949344635,ATTITUDE,30,40,other
65.15410804748535,ATTITUDE_QUATERNION,31,44,other
65.15415287017822,LOCAL_POSITION_NED,32,40,other
65.15416693687439,POSITION_TARGET_LOCAL_NED,85,63,other
65.16201901435852,LOCAL_POSITION_NED,32,40,other
65.1620888710022,ODOMETRY,331,244,other
65.16210508346558,GLOBAL_POSITION_INT,33,40,other
65.16211104393005,GLOBAL_POSITION_INT,33,40,other
65.16211485862732,GPS_RAW_INT,24,56,other
65.16213703155518,SERVO_OUTPUT_RAW,36,24,other
65.16603994369507,ATTITUDE,30,40,other
65.16619896888733,ATTITUDE,30,40,other
65.16622304916382,ATTITUDE_QUATERNION,31,44,other
65.17413902282715,HIGHRES_IMU,105,74,other
65.17421388626099,ATTITUDE,30,40,other
65.17422699928284,ATTITUDE_QUATERNION,31,44,other
65.1742479801178,ATTITUDE_TARGET,83,48,other
65.17436599731445,LOCAL_POSITION_NED,32,40,other
65.17439103126526,POSITION_TARGET_LOCAL_NED,85,63,other
65.18206691741943,GLOBAL_POSITION_INT,33,40,other
65.18213391304016,POSITION_TARGET_GLOBAL_INT,87,63,other
65.18215799331665,GLOBAL_POSITION_INT,33,40,other
65.18219900131226,POSITION_TARGET_GLOBAL_INT,87,63,other
65.1822099685669,SERVO_OUTPUT_RAW,36,24,other
65.18615698814392,ATTITUDE,30,40,other
65.18633794784546,ATTITUDE,30,40,other
65.1864070892334,ATTITUDE_QUATERNION,31,44,other
65.18698692321777,MISSION_CURRENT,42,22,other
65.19405603408813,TIMESYNC,111,25,other
65.19412398338318,HIGHRES_IMU,105,73,other
65.19413495063782,LOCAL_POSITION_NED,32,40,other
65.1941430568695,ATTITUDE_TARGET,83,48,other
65.19414591789246,ATTITUDE,30,40,other
65.19415497779846,ALTITUDE,141,44,other
65.19416809082031,ODOMETRY,331,244,other
65.19416809082031,GPS_RAW_INT,24,56,other
65.19417786598206,ATTITUDE_QUATERNION,31,44,other
65.19417786598206,LOCAL_POSITION_NED,32,40,other
65.19418787956238,POSITION_TARGET_LOCAL_NED,85,63,other
65.19418787956238,ATTITUDE_TARGET,83,48,other
65.19420003890991,GPS_RAW_INT,24,56,other
65.19421005249023,POSITION_TARGET_LOCAL_NED,85,63,other
65.19422006607056,SERVO_OUTPUT_RAW,36,24,other
65.19423007965088,VFR_HUD,74,31,other
65.20210599899292,GLOBAL_POSITION_INT,33,40,other
65.20219802856445,GLOBAL_POSITION_INT,33,40,other
65.20222306251526,SERVO_OUTPUT_RAW,36,24,other
65.2031819820404,MISSION_CURRENT,42,22,other
65.20657396316528,ATTITUDE,30,40,other
65.20658302307129,ATTITUDE,30,40,other
65.20664095878601,ATTITUDE_QUATERNION,31,44,other
65.21408796310425,HIGHRES_IMU,105,73,other
65.21414494514465,ATTITUDE,30,40,other
65.21416306495667,ATTITUDE_QUATERNION,31,44,other
65.21418499946594,ATTITUDE_TARGET,83,48,other
65.2142539024353,LOCAL_POSITION_NED,32,40,other
65.21426606178284,POSITION_TARGET_LOCAL_NED,85,63,other
65.22223091125488,GLOBAL_POSITION_INT,33,40,other
65.22234201431274,GLOBAL_POSITION_INT,33,40,other
65.22236704826355,SERVO_OUTPUT_RAW,36,24,other
65.22602891921997,ATTITUDE,30,40,other
65.2261049747467,GPS_RAW_INT,24,56,other
65.22614693641663,ATTITUDE,30,40,other
65.22620987892151,ATTITUDE_QUATERNION,31,44,other
65.22999501228333,LOCAL_POSITION_NED,32,40,other
65.23005795478821,ODOMETRY,331,244,other
65.23436307907104,HIGHRES_IMU,105,74,other
65.23439502716064,ATTITUDE,30,40,other
65.23441100120544,ATTITUDE_QUATERNION,31,44,other
65.23444390296936,ATTITUDE_TARGET,83,48,other
65.23447108268738,LOCAL_POSITION_NED,32,40,other
65.23448395729065,POSITION_TARGET_LOCAL_NED,85,63,other
65.24204802513123,GLOBAL_POSITION_INT,33,40,other
65.24214887619019,GLOBAL_POSITION_INT,33,40,other
65.24221205711365,SERVO_OUTPUT_RAW,36,24,other
65.24597191810608,ATTITUDE,30,40,other
65.24607491493225,ATTITUDE,30,40,other
65.24609708786011,ATTITUDE_QUATERNION,31,44,other
65.25406503677368,HIGHRES_IMU,105,73,other
65.25412487983704,ATTITUDE,30,40,other
65.25414299964905,ATTITUDE_QUATERNION,31,44,other
65.25422191619873,ATTITUDE_TARGET,83,48,other
65.25428104400635,LOCAL_POSITION_NED,32,40,other
65.25429105758667,POSITION_TARGET_LOCAL_NED,85,63,other
65.25803804397583,GPS_RAW_INT,24,56,other
65.2620210647583,LOCAL_POSITION_NED,32,40,other
65.26209092140198,ODOMETRY,331,244,other
65.26210808753967,GLOBAL_POSITION_INT,33,40,other
65.26214408874512,GLOBAL_POSITION_INT,33,40,other
65.26221203804016,SERVO_OUTPUT_RAW,36,24,other
65.26619005203247,ATTITUDE,30,40,other
65.26632189750671,ATTITUDE,30,40,other
65.266352891922,ATTITUDE_QUATERNION,31,44,other
65.27407002449036,HIGHRES_IMU,105,73,other
65.27412986755371,ATTITUDE,30,40,other
65.2741470336914,ATTITUDE_QUATERNION,31,44,other
65.2742030620575,ATTITUDE_TARGET,83,48,other
65.27427291870117,LOCAL_POSITION_NED,32,40,other
65.27428698539734,POSITION_TARGET_LOCAL_NED,85,63,other
65.28231000900269,GLOBAL_POSITION_INT,33,40,other
65.28233599662781,POSITION_TARGET_GLOBAL_INT,87,63,other
65.28238606452942,GLOBAL_POSITION_INT,33,40,other
65.2824170589447,SERVO_OUTPUT_RAW,36,24,other
65.28605008125305,ATTITUDE,30,40,other
65.28608703613281,ATTITUDE,30,40,other
65.28610897064209,ATTITUDE_QUATERNION,31,44,other
65.29420495033264,TIMESYNC,111,25,other
65.29427790641785,HIGHRES_IMU,105,74,other
65.29428696632385,ATTITUDE_TARGET,83,48,other
65.29429006576538,LOCAL_POSITION_NED,32,40,other
65.29430294036865,ATTITUDE,30,40,other
65.29431295394897,ALTITUDE,141,44,other
65.29431486129761,LOCAL_POSITION_NED,32,40,other
65.29432606697083,ODOMETRY,331,244,other
65.29432702064514,POSITION_TARGET_LOCAL_NED,85,63,other
65.29433608055115,ATTITUDE_QUATERNION,31,44,other
65.2943389415741,VFR_HUD,74,31,other
65.29434490203857,ATTITUDE_TARGET,83,48,other
65.29435706138611,GPS_RAW_INT,24,56,other
65.29436802864075,POSITION_TARGET_LOCAL_NED,85,63,other
65.29437804222107,SERVO_OUTPUT_RAW,36,24,other
65.29438805580139,SYS_STATUS,1,52,other
65.29439806938171,VFR_HUD,74,31,other
65.30211591720581,GLOBAL_POSITION_INT,33,40,other
65.30221891403198,GLOBAL_POSITION_INT,33,40,other
65.30224585533142,SERVO_OUTPUT_RAW,36,24,other
65.30606007575989,ATTITUDE,30,40,other
65.30615091323853,ATTITUDE,30,40,other
65.30621600151062,ATTITUDE_QUATERNION,31,44,other
65.31416988372803,HIGHRES_IMU,105,74,other
65.31420302391052,ATTITUDE_TARGET,83,48,other
65.31426000595093,ATTITUDE,30,40,other
65.31426095962524,LOCAL_POSITION_NED,32,40,other
65.3142740726471,POSITION_TARGET_LOCAL_NED,85,63,other
65.31427597999573,ATTITUDE_QUATERNION,31,44,other
65.32210493087769,GLOBAL_POSITION_INT,33,40,other
65.32218909263611,GLOBAL_POSITION_INT,33,40,other
65.32225799560547,SERVO_OUTPUT_RAW,36,24,other
65.32599186897278,ATTITUDE,30,40,other
65.3260588645935,GPS_RAW_INT,24,56,other
65.32606506347656,ATTITUDE,30,40,other
65.32608699798584,ATTITUDE_QUATERNION,31,44,other
65.33017992973328,LOCAL_POSITION_NED,32,40,other
65.33030605316162,ODOMETRY,331,244,other
65.33403897285461,HIGHRES_IMU,105,73,other
65.3341178894043,ATTITUDE,30,40,other
65.33412885665894,ATTITUDE_TARGET,83,48,other
65.33413505554199,ATTITUDE_QUATERNION,31,44,other
65.33415794372559,LOCAL_POSITION_NED,32,40,other
65.33416891098022,POSITION_TARGET_LOCAL_NED,85,63,other
65.34196186065674,GLOBAL_POSITION_INT,33,40,other
65.34211802482605,GLOBAL_POSITION_INT,33,40,other
65.34214091300964,SERVO_OUTPUT_RAW,36,24,other
65.3464469909668,ATTITUDE,30,40,other
65.34669804573059,ATTITUDE,30,40,other
65.346755027771,ATTITUDE_QUATERNION,31,44,other
65.35409998893738,HIGHRES_IMU,105,74,other
65.35417294502258,ATTITUDE,30,40,other
65.3541910648346,ATTITUDE_QUATERNION,31,44,other
65.35419487953186,ATTITUDE_TARGET,83,48,other
65.35426902770996,LOCAL_POSITION_NED,32,40,other
65.35428404808044,POSITION_TARGET_LOCAL_NED,85,63,other
65.35802698135376,GPS_RAW_INT,24,56,other
65.3624370098114,LOCAL_POSITION_NED,32,40,other
65.36250901222229,ODOMETRY,331,244,other
65.36252498626709,GLOBAL_POSITION_INT,33,40,other
65.36254692077637,GLOBAL_POSITION_INT,33,40,other
65.36257004737854,SERVO_OUTPUT_RAW,36,24,other
65.36605405807495,ATTITUDE,30,40,other
65.36619186401367,ATTITUDE,30,40,other
65.36621499061584,ATTITUDE_QUATERNION,31,44,other
65.37408995628357,HIGHRES_IMU,105,73,other
65.37413787841797,ATTITUDE_TARGET,83,48,other
65.37417006492615,ATTITUDE,30,40,other
65.37418699264526,ATTITUDE_QUATERNION,31,44,other
65.37421488761902,LOCAL_POSITION_NED,32,40,other
65.3742299079895,POSITION_TARGET_LOCAL_NED,85,63,other
65.38204503059387,GLOBAL_POSITION_INT,33,40,other
65.38212990760803,POSITION_TARGET_GLOBAL_INT,87,63,other
65.38215208053589,GLOBAL_POSITION_INT,33,40,other
65.38217806816101,SERVO_OUTPUT_RAW,36,24,other
65.386146068573,ATTITUDE,30,40,other
65.38624286651611,ATTITUDE,30,40,other
65.38630485534668,ATTITUDE_QUATERNION,31,44,other
65.39032697677612,GPS_RAW_INT,24,56,other
65.39412498474121,TIMESYNC,111,25,other
65.39418888092041,HIGHRES_IMU,105,73,other
65.39420199394226,LOCAL_POSITION_NED,32,40,other
65.39421200752258,ATTITUDE,30,40,other
65.3942198753357,ALTITUDE,141,44,other
65.39423298835754,ATTITUDE_TARGET,83,48,other
65.39423394203186,ODOMETRY,331,244,other
65.39424395561218,ATTITUDE_QUATERNION,31,44,other
65.39425301551819,ATTITUDE_TARGET,83,48,other
65.39426302909851,GPS_RAW_INT,24,56,other
65.39426708221436,POSITION_TARGET_LOCAL_NED,85,63,other
65.39427399635315,LOCAL_POSITION_NED,32,40,other
65.3942768573761,SERVO_OUTPUT_RAW,36,24,other
65.39428400993347,POSITION_TARGET_LOCAL_NED,85,63,other
65.3942859172821,VFR_HUD,74,31,other
65.40218091011047,GLOBAL_POSITION_INT,33,40,other
65.40240597724915,GLOBAL_POSITION_INT,33,40,other
65.40247392654419,SERVO_OUTPUT_RAW,36,24,other
65.40622091293335,ATTITUDE,30,40,other
65.40634202957153,ATTITUDE,30,40,other
65.40636992454529,ATTITUDE_QUATERNION,31,44,other
65.41417098045349,HIGHRES_IMU,105,74,other
65.41423106193542,ATTITUDE_TARGET,83,48,other
65.41424798965454,ATTITUDE,30,40,other
65.41426396369934,ATTITUDE_QUATERNION,31,44,other
65.41433191299438,LOCAL_POSITION_NED,32,40,other
65.41437697410583,POSITION_TARGET_LOCAL_NED,85,63,other
65.42228198051453,GLOBAL_POSITION_INT,33,40,other
65.42254495620728,GLOBAL_POSITION_INT,33,40,other
65.42257308959961,SERVO_OUTPUT_RAW,36,24,other
65.42593502998352,ATTITUDE,30,40,other
65.42599606513977,GPS_RAW_INT,24,56,other
65.42614603042603,ATTITUDE,30,40,other
65.42616891860962,ATTITUDE_QUATERNION,31,44,other
65.4302499294281,LOCAL_POSITION_NED,32,40,other
65.43038892745972,ODOMETRY,331,244,other
65.43403387069702,HIGHRES_IMU,105,74,other
65.43409204483032,ATTITUDE,30,40,other
65.43410301208496,ATTITUDE_QUATERNION,31,44,other
65.43413305282593,ATTITUDE_TARGET,83,48,other
65.4342029094696,LOCAL_POSITION_NED,32,40,other
65.43421792984009,POSITION_TARGET_LOCAL_NED,85,63,other
65.44213104248047,GLOBAL_POSITION_INT,33,40,other
65.44217300415039,GLOBAL_POSITION_INT,33,40,other
65.4421980381012,SERVO_OUTPUT_RAW,36,24,other
65.44620108604431,ATTITUDE,30,40,other
65.44638800621033,ATTITUDE,30,40,other
65.4464659690857,ATTITUDE_QUATERNION,31,44,other
65.45428490638733,HIGHRES_IMU,105,74,other
65.45431208610535,ATTITUDE,30,40,other
65.45432686805725,ATTITUDE_QUATERNION,31,44,other
65.45440697669983,ATTITUDE_TARGET,83,48,other
65.45447993278503,LOCAL_POSITION_NED,32,40,other
65.4544939994812,POSITION_TARGET_LOCAL_NED,85,63,other
65.4580659866333,GPS_RAW_INT,24,56,other
65.46237087249756,LOCAL_POSITION_NED,32,40,other
65.46247887611389,ODOMETRY,331,244,other
65.46247887611389,GLOBAL_POSITION_INT,33,40,other
65.46250605583191,GLOBAL_POSITION_INT,33,40,other
65.46253395080566,SERVO_OUTPUT_RAW,36,24,other
65.46601700782776,ATTITUDE,30,40,other
65.4661328792572,ATTITUDE,30,40,other
65.46619892120361,ATTITUDE_QUATERNION,31,44,other
65.4739990234375,HIGHRES_IMU,105,74,other
65.47406101226807,ATTITUDE,30,40,other
65.47407507896423,ATTITUDE_QUATERNION,31,44,other
65.47410488128662,ATTITUDE_TARGET,83,48,other
65.47413396835327,LOCAL_POSITION_NED,32,40,other
65.47414493560791,POSITION_TARGET_LOCAL_NED,85,63,other
65.48199701309204,GLOBAL_POSITION_INT,33,40,other
65.48206090927124,POSITION_TARGET_GLOBAL_INT,87,63,other
65.48209500312805,GLOBAL_POSITION_INT,33,40,other
65.48216485977173,SERVO_OUTPUT_RAW,36,24,other
65.48607993125916,ATTITUDE,30,40,other
65.4862539768219,ATTITUDE,30,40,other
65.48631501197815,ATTITUDE_QUATERNION,31,44,other
65.4900119304657,GPS_RAW_INT,24,56,other
65.49438905715942,TIMESYNC,111,25,other
65.49445486068726,HIGHRES_IMU,105,73,other
65.49446702003479,LOCAL_POSITION_NED,32,40,other
65.49447798728943,ATTITUDE_TARGET,83,48,other
65.49447894096375,ATTITUDE,30,40,other
65.49448704719543,ALTITUDE,141,44,other
65.4944999217987,ODOMETRY,331,244,other
65.49450898170471,ATTITUDE_QUATERNION,31,44,other
65.4945158958435,ATTITUDE_TARGET,83,48,other
65.49452996253967,POSITION_TARGET_LOCAL_NED,85,63,other
65.49453997612,SERVO_OUTPUT_RAW,36,24,other
65.49454998970032,SYS_STATUS,1,52,other
65.4945559501648,LOCAL_POSITION_NED,32,40,other
65.49456000328064,VFR_HUD,74,31,other
65.49457001686096,POSITION_TARGET_LOCAL_NED,85,63,other
65.50218200683594,GLOBAL_POSITION_INT,33,40,other
65.50223708152771,GLOBAL_POSITION_INT,33,40,other
65.50226497650146,SERVO_OUTPUT_RAW,36,24,other
65.50614190101624,ATTITUDE,30,40,other
65.50622892379761,ATTITUDE,30,40,other
65.50629305839539,ATTITUDE_QUATERNION,31,44,other
65.5141019821167,HIGHRES_IMU,105,73,other
65.51412892341614,ATTITUDE_TARGET,83,48,other
65.51417589187622,ATTITUDE,30,40,other
65.51418089866638,LOCAL_POSITION_NED,32,40,other
65.51419496536255,ATTITUDE_QUATERNION,31,44,other
65.51419806480408,POSITION_TARGET_LOCAL_NED,85,63,other
65.52215504646301,GLOBAL_POSITION_INT,33,40,other
65.522225856781,GPS_RAW_INT,24,56,other
65.52224493026733,GLOBAL_POSITION_INT,33,40,other
65.52232909202576,SERVO_OUTPUT_RAW,36,24,other
65.5261070728302,ATTITUDE,30,40,other
65.52621698379517,ATTITUDE,30,40,other
65.52623891830444,ATTITUDE_QUATERNION,31,44,other
65.53003001213074,LOCAL_POSITION_NED,32,40,other
65.53009796142578,ODOMETRY,331,244,other
65.53402495384216,HIGHRES_IMU,105,74,other
65.5340850353241,ATTITUDE,30,40,other
65.53409600257874,ATTITUDE_TARGET,83,48,other
65.5341010093689,ATTITUDE_QUATERNION,31,44,other
65.53412389755249,LOCAL_POSITION_NED,32,40,other
65.53413701057434,POSITION_TARGET_LOCAL_NED,85,63,other
65.54206204414368,GLOBAL_POSITION_INT,33,40,other
65.54214906692505,GLOBAL_POSITION_INT,33,40,other
65.54221487045288,SERVO_OUTPUT_RAW,36,24,other
65.54603385925293,ATTITUDE,30,40,other
65.54614305496216,ATTITUDE,30,40,other
65.54616689682007,ATTITUDE_QUATERNION,31,44,other
65.54618787765503,VFR_HUD,74,31,other
65.55453085899353,HIGHRES_IMU,105,73,other
65.55460095405579,ATTITUDE,30,40,other
65.55462002754211,ATTITUDE_QUATERNION,31,44,other
65.55467295646667,ATTITUDE_TARGET,83,48,other
65.55474400520325,LOCAL_POSITION_NED,32,40,other
65.5547559261322,POSITION_TARGET_LOCAL_NED,85,63,other
65.55798292160034,GPS_RAW_INT,24,56,other
65.56230592727661,LOCAL_POSITION_NED,32,40,other
65.56232285499573,GLOBAL_POSITION_INT,33,40,other
65.56238389015198,ODOMETRY,331,244,other
65.56239008903503,SERVO_OUTPUT_RAW,36,24,other
65.56239891052246,GLOBAL_POSITION_INT,33,40,other
65.5660629272461,ATTITUDE,30,40,other
65.56614589691162,ATTITUDE,30,40,other
65.56617188453674,ATTITUDE_QUATERNION,31,44,other
65.57402491569519,HIGHRES_IMU,105,74,other
65.57408308982849,ATTITUDE,30,40,other
65.57409691810608,ATTITUDE_QUATERNION,31,44,other
65.57410407066345,ATTITUDE_TARGET,83,48,other
65.57416605949402,LOCAL_POSITION_NED,32,40,other
65.5741798877716,POSITION_TARGET_LOCAL_NED,85,63,other
65.58201289176941,GLOBAL_POSITION_INT,33,40,other
65.58207702636719,GLOBAL_POSITION_INT,33,40,other
65.58208298683167,POSITION_TARGET_GLOBAL_INT,87,63,other
65.5821008682251,SERVO_OUTPUT_RAW,36,24,other
65.58610892295837,ATTITUDE,30,40,other
65.58622288703918,ATTITUDE,30,40,other
65.58624792098999,ATTITUDE_QUATERNION,31,44,other
65.59002900123596,GPS_RAW_INT,24,56,other
65.59417295455933,TIMESYNC,111,25,other
65.59419989585876,HIGHRES_IMU,105,74,other
65.59420990943909,LOCAL_POSITION_NED,32,40,other
65.59422087669373,ATTITUDE,30,40,other
65.59422898292542,ALTITUDE,141,44,other
65.59424304962158,ODOMETRY,331,244,other
65.59425401687622,ATTITUDE_QUATERNION,31,44,other
65.59426808357239,ATTITUDE_TARGET,83,48,other
65.5942919254303,POSITION_TARGET_LOCAL_NED,85,63,other
65.59430289268494,SERVO_OUTPUT_RAW,36,24,other
65.59430599212646,ATTITUDE_TARGET,83,48,other
65.59431505203247,VFR_HUD,74,31,other
65.59433603286743,GPS_RAW_INT,24,56,other
65.59434700012207,LOCAL_POSITION_NED,32,40,other
65.59435701370239,POSITION_TARGET_LOCAL_NED,85,63,other
65.60210299491882,GLOBAL_POSITION_INT,33,40,other
65.60217595100403,GLOBAL_POSITION_INT,33,40,other
65.60220098495483,SERVO_OUTPUT_RAW,36,24,other
65.6060049533844,ATTITUDE,30,40,other
65.60611701011658,ATTITUDE,30,40,other
65.60614109039307,ATTITUDE_QUATERNION,31,44,other
65.61410403251648,HIGHRES_IMU,105,73,other
65.6142029762268,ATTITUDE,30,40,other
65.61421990394592,ATTITUDE_QUATERNION,31,44,other
65.61431407928467,ATTITUDE_TARGET,83,48,other
65.61434197425842,LOCAL_POSITION_NED,32,40,other
65.61435389518738,POSITION_TARGET_LOCAL_NED,85,63,other
65.6220190525055,GLOBAL_POSITION_INT,33,40,other
65.62208199501038,GPS_RAW_INT,24,56,other
65.62209892272949,GLOBAL_POSITION_INT,33,40,other
65.62212800979614,SERVO_OUTPUT_RAW,36,24,other
65.6260290145874,ATTITUDE,30,40,other
65.62613487243652,ATTITUDE,30,40,other
65.62619805335999,ATTITUDE_QUATERNION,31,44,other
65.630126953125,LOCAL_POSITION_NED,32,40,other
65.63020086288452,ODOMETRY,331,244,other
65.63416290283203,HIGHRES_IMU,105,73,other
65.63424301147461,ATTITUDE,30,40,other
65.63425898551941,ATTITUDE_QUATERNION,31,44,other
65.63427090644836,ATTITUDE_TARGET,83,48,other
65.6342990398407,LOCAL_POSITION_NED,32,40,other
65.63431096076965,POSITION_TARGET_LOCAL_NED,85,63,other
65.64204788208008,GLOBAL_POSITION_INT,33,40,other
65.64215207099915,GLOBAL_POSITION_INT,33,40,other
65.64222002029419,SERVO_OUTPUT_RAW,36,24,other
65.64652800559998,ATTITUDE,30,40,other
65.64663290977478,ATTITUDE,30,40,other
65.64665102958679,ATTITUDE_QUATERNION,31,44,other
65.65396904945374,HIGHRES_IMU,105,74,other
65.65402793884277,ATTITUDE,30,40,other
65.65404486656189,ATTITUDE_QUATERNION,31,44,other
65.65405797958374,GPS_RAW_INT,24,56,other
65.65407299995422,ATTITUDE_TARGET,83,48,other
65.65409803390503,LOCAL_POSITION_NED,32,40,other
65.65410995483398,POSITION_TARGET_LOCAL_NED,85,63,other
65.66240906715393,LOCAL_POSITION_NED,32,40,other
65.66256999969482,GLOBAL_POSITION_INT,33,40,other
65.66259694099426,SERVO_OUTPUT_RAW,36,24,other
65.66260886192322,ODOMETRY,331,244,other
65.66268587112427,GLOBAL_POSITION_INT,33,40,other
65.66603207588196,ATTITUDE,30,40,other
65.66613006591797,ATTITUDE,30,40,other
65.66615200042725,ATTITUDE_QUATERNION,31,44,other
65.67400598526001,HIGHRES_IMU,105,73,other
65.67407393455505,ATTITUDE,30,40,other
65.67409086227417,ATTITUDE_QUATERNION,31,44,other
65.67411494255066,ATTITUDE_TARGET,83,48,other
65.6741418838501,LOCAL_POSITION_NED,32,40,other
65.67415404319763,POSITION_TARGET_LOCAL_NED,85,63,other
65.68209385871887,GLOBAL_POSITION_INT,33,40,other
65.68217206001282,POSITION_TARGET_GLOBAL_INT,87,63,other
65.68218994140625,GLOBAL_POSITION_INT,33,40,other
65.68221688270569,SERVO_OUTPUT_RAW,36,24,other
65.68605899810791,ATTITUDE,30,40,other
65.68616604804993,ATTITUDE,30,40,other
65.68622493743896,ATTITUDE_QUATERNION,31,44,other
65.69023108482361,GPS_RAW_INT,24,56,other
65.694100856781,TIMESYNC,111,25,other
65.69417405128479,HIGHRES_IMU,105,73,other
65.69418096542358,ATTITUDE_TARGET,83,48,other
65.69418597221375,LOCAL_POSITION_NED,32,40,other
65.6941978931427,ATTITUDE,30,40,other
65.69420790672302,ALTITUDE,141,44,other
65.69421005249023,LOCAL_POSITION_NED,32,40,other
65.69422197341919,ODOMETRY,331,244,other
65.6942229270935,POSITION_TARGET_LOCAL_NED,85,63,other
65.6942310333252,ATTITUDE_QUATERNION,31,44,other
65.6942400932312,ATTITUDE_TARGET,83,48,other
65.69425392150879,POSITION_TARGET_LOCAL_NED,85,63,other
65.6942629814148,SERVO_OUTPUT_RAW,36,24,other
65.69427990913391,SYS_STATUS,1,52,other
65.6942949295044,VFR_HUD,74,31,other
65.70204305648804,GLOBAL_POSITION_INT,33,40,other
65.70216298103333,GLOBAL_POSITION_INT,33,40,other
65.70223093032837,SERVO_OUTPUT_RAW,36,24,other
65.70612788200378,ATTITUDE,30,40,other
65.70630097389221,ATTITUDE,30,40,other
65.70638990402222,ATTITUDE_QUATERNION,31,44,other
65.71401786804199,HIGHRES_IMU,105,74,other
65.71408605575562,ATTITUDE,30,40,other
65.71410202980042,ATTITUDE_QUATERNION,31,44,other
65.71415901184082,ATTITUDE_TARGET,83,48,other
65.71418786048889,LOCAL_POSITION_NED,32,40,other
65.71419906616211,POSITION_TARGET_LOCAL_NED,85,63,other
65.72243785858154,GLOBAL_POSITION_INT,33,40,other
65.72256302833557,GLOBAL_POSITION_INT,33,40,other
65.72262287139893,GPS_RAW_INT,24,56,other
65.72267508506775,SERVO_OUTPUT_RAW,36,24,other
65.72601509094238,ATTITUDE,30,40,other
65.72610092163086,ATTITUDE,30,40,other
65.72616004943848,ATTITUDE_QUATERNION,31,44,other
65.73001503944397,LOCAL_POSITION_NED,32,40,other
65.73007392883301,ODOMETRY,331,244,other
65.73416090011597,HIGHRES_IMU,105,74,other
65.73423600196838,ATTITUDE,30,40,other
65.73425197601318,ATTITUDE_QUATERNION,31,44,other
65.73442602157593,ATTITUDE_TARGET,83,48,other
65.73449397087097,LOCAL_POSITION_NED,32,40,other
65.73450803756714,POSITION_TARGET_LOCAL_NED,85,63,other
65.74201393127441,GLOBAL_POSITION_INT,33,40,other
65.74211692810059,GLOBAL_POSITION_INT,33,40,other
65.74214291572571,SERVO_OUTPUT_RAW,36,24,other
65.7460310459137,ATTITUDE,30,40,other
65.74615001678467,ATTITUDE,30,40,other
65.74621796607971,ATTITUDE_QUATERNION,31,44,other
65.75417900085449,HIGHRES_IMU,105,73,other
65.75425004959106,ATTITUDE,30,40,other
65.75427103042603,ATTITUDE_TARGET,83,48,other
65.75431990623474,ATTITUDE_QUATERNION,31,44,other
65.754390001297,LOCAL_POSITION_NED,32,40,other
65.75440001487732,POSITION_TARGET_LOCAL_NED,85,63,other
65.75449109077454,GPS_RAW_INT,24,56,other
65.76200699806213,LOCAL_POSITION_NED,32,40,other
65.76207089424133,ODOMETRY,331,244,other
65.76208686828613,GLOBAL_POSITION_INT,33,40,other
65.76210808753967,GLOBAL_POSITION_INT,33,40,other
65.76218485832214,SERVO_OUTPUT_RAW,36,24,other
65.76626300811768,ATTITUDE,30,40,other
65.76642489433289,ATTITUDE,30,40,other
65.76644802093506,ATTITUDE_QUATERNION,31,44,other
65.77407097816467,HIGHRES_IMU,105,74,other
65.77413487434387,ATTITUDE,30,40,other
65.77415108680725,ATTITUDE_QUATERNION,31,44,other
65.77416706085205,ATTITUDE_TARGET,83,48,other
65.77423691749573,LOCAL_POSITION_NED,32,40,other
65.77425289154053,POSITION_TARGET_LOCAL_NED,85,63,other
65.78228187561035,GLOBAL_POSITION_INT,33,40,other
65.78235101699829,POSITION_TARGET_GLOBAL_INT,87,63,other
65.78237795829773,GLOBAL_POSITION_INT,33,40,other
65.78244686126709,SERVO_OUTPUT_RAW,36,24,other
65.78603601455688,ATTITUDE,30,40,other
65.78609585762024,ATTITUDE,30,40,other
65.78610587120056,GPS_RAW_INT,24,56,other
65.78616404533386,ATTITUDE_QUATERNION,31,44,other
65.7941460609436,TIMESYNC,111,25,other
65.79421901702881,HIGHRES_IMU,105,73,other
65.79423093795776,LOCAL_POSITION_NED,32,40,other
65.7942419052124,ATTITUDE,30,40,other
65.79425096511841,ALTITUDE,141,44,other
65.7942578792572,HEARTBEAT,0,21,other
65.79426503181458,ODOMETRY,331,244,other
65.79427409172058,ATTITUDE_QUATERNION,31,44,other
65.79428195953369,ALTITUDE,141,44,other
65.79428291320801,ATTITUDE_TARGET,83,48,other
65.7942910194397,ATTITUDE_TARGET,83,48,other
65.79429888725281,POSITION_TARGET_LOCAL_NED,85,63,other
65.79430294036865,BATTERY_STATUS,147,53,other
65.79430890083313,SERVO_OUTPUT_RAW,36,24,other
65.79435896873474,VFR_HUD,74,31,other
65.79436087608337,UNKNOWN_436,-2,21,other
65.79438304901123,ESTIMATOR_STATUS,230,54,other
65.79439496994019,EXTENDED_SYS_STATE,245,14,other
65.79440593719482,GPS_RAW_INT,24,56,other
65.79441595077515,HOME_POSITION,242,67,other
65.79442286491394,LOCAL_POSITION_NED,32,40,other
65.79443097114563,OPEN_DRONE_ID_LOCATION,12901,70,other
65.79443693161011,OPEN_DRONE_ID_SYSTEM,12904,37,other
65.79444694519043,POSITION_TARGET_LOCAL_NED,85,63,other
65.79445600509644,SCALED_PRESSURE,29,26,other
65.79446697235107,SYS_STATUS,1,52,other
65.79447603225708,VFR_HUD,74,31,other
65.79448509216309,UNKNOWN_8,-2,33,other
65.80211997032166,GLOBAL_POSITION_INT,33,40,other
65.802237033844,GLOBAL_POSITION_INT,33,40,other
65.80230593681335,SERVO_OUTPUT_RAW,36,24,other
65.80607295036316,ATTITUDE,30,40,other
65.80615901947021,ATTITUDE,30,40,other
65.80622386932373,ATTITUDE_QUATERNION,31,44,other
65.81424498558044,HIGHRES_IMU,105,73,other
65.81429386138916,ATTITUDE_TARGET,83,48,other
65.81431603431702,ATTITUDE,30,40,other
65.81432604789734,LOCAL_POSITION_NED,32,40,other
65.8143310546875,ATTITUDE_QUATERNION,31,44,other
65.81433701515198,POSITION_TARGET_LOCAL_NED,85,63,other
65.82205104827881,GLOBAL_POSITION_INT,33,40,other
65.82206988334656,GPS_RAW_INT,24,56,other
65.82218408584595,GLOBAL_POSITION_INT,33,40,other
65.82221007347107,SERVO_OUTPUT_RAW,36,24,other
65.82599091529846,ATTITUDE,30,40,other
65.82608389854431,ATTITUDE,30,40,other
65.82614207267761,ATTITUDE_QUATERNION,31,44,other
65.83020091056824,LOCAL_POSITION_NED,32,40,other
65.83026885986328,ODOMETRY,331,244,other
65.8340790271759,HIGHRES_IMU,105,74,other
65.83414196968079,ATTITUDE,30,40,other
65.8341588973999,ATTITUDE_QUATERNION,31,44,other
65.83418107032776,ATTITUDE_TARGET,83,48,other
65.83420896530151,LOCAL_POSITION_NED,32,40,other
65.83422088623047,POSITION_TARGET_LOCAL_NED,85,63,other
65.84225797653198,GLOBAL_POSITION_INT,33,40,other
65.84238386154175,GLOBAL_POSITION_INT,33,40,other
65.84241104125977,SERVO_OUTPUT_RAW,36,24,other
65.84621500968933,ATTITUDE,30,40,other
65.8463020324707,ATTITUDE,30,40,other
65.84636187553406,ATTITUDE_QUATERNION,31,44,other
65.8540530204773,HIGHRES_IMU,105,74,other
65.85411500930786,ATTITUDE,30,40,other
65.85413098335266,ATTITUDE_QUATERNION,31,44,other
65.85414290428162,GPS_RAW_INT,24,56,other
65.85417294502258,ATTITUDE_TARGET,83,48,other
65.85424089431763,LOCAL_POSITION_NED,32,40,other
65.85425591468811,POSITION_TARGET_LOCAL_NED,85,63,other
65.86226391792297,LOCAL_POSITION_NED,32,40,other
65.8623628616333,ODOMETRY,331,244,other
65.86236906051636,GLOBAL_POSITION_INT,33,40,other
65.86239004135132,GLOBAL_POSITION_INT,33,40,other
65.86249494552612,SERVO_OUTPUT_RAW,36,24,other
65.86609697341919,ATTITUDE,30,40,other
65.86621904373169,ATTITUDE,30,40,other
65.8662428855896,ATTITUDE_QUATERNION,31,44,other
65.87412905693054,HIGHRES_IMU,105,74,other
65.87420606613159,ATTITUDE,30,40,other
65.87421989440918,ATTITUDE_QUATERNION,31,44,other
65.87423586845398,ATTITUDE_TARGET,83,48,other
65.87430787086487,LOCAL_POSITION_NED,32,40,other
65.87432289123535,POSITION_TARGET_LOCAL_NED,85,63,other
65.88205003738403,GLOBAL_POSITION_INT,33,40,other
65.88211393356323,POSITION_TARGET_GLOBAL_INT,87,63,other
65.882150888443,GLOBAL_POSITION_INT,33,40,other
65.88217902183533,SERVO_OUTPUT_RAW,36,24,other
65.88599801063538,ATTITUDE,30,40,other
65.88605809211731,GPS_RAW_INT,24,56,other
65.88610100746155,ATTITUDE,30,40,other
65.88616299629211,ATTITUDE_QUATERNION,31,44,other
65.89447093009949,TIMESYNC,111,25,other
65.8945860862732,HIGHRES_IMU,105,74,other
65.89459586143494,ATTITUDE_TARGET,83,48,other
65.8946008682251,LOCAL_POSITION_NED,32,40,other
65.89461708068848,ATTITUDE,30,40,other
65.89462995529175,ALTITUDE,141,44,other
65.89463186264038,LOCAL_POSITION_NED,32,40,other
65.8946430683136,POSITION_TARGET_LOCAL_NED,85,63,other
65.89464497566223,ODOMETRY,331,244,other
65.89465498924255,ATTITUDE_QUATERNION,31,44,other
65.89466404914856,ATTITUDE_TARGET,83,48,other
65.89467692375183,POSITION_TARGET_LOCAL_NED,85,63,other
65.89468693733215,SERVO_OUTPUT_RAW,36,24,other
65.89471101760864,SYS_STATUS,1,52,other
65.8947229385376,VFR_HUD,74,31,other
65.90211892127991,GLOBAL_POSITION_INT,33,40,other
65.90220403671265,GLOBAL_POSITION_INT,33,40,other
65.90222692489624,SERVO_OUTPUT_RAW,36,24,other
65.9061930179596,ATTITUDE,30,40,other
65.90625,ATTITUDE,30,40,other
65.90627193450928,ATTITUDE_QUATERNION,31,44,other
65.91407489776611,HIGHRES_IMU,105,73,other
65.91413497924805,ATTITUDE_TARGET,83,48,other
65.91414189338684,ATTITUDE,30,40,other
65.91415905952454,ATTITUDE_QUATERNION,31,44,other
65.91420197486877,LOCAL_POSITION_NED,32,40,other
65.91421604156494,POSITION_TARGET_LOCAL_NED,85,63,other
65.91813206672668,GPS_RAW_INT,24,56,other
65.92231893539429,GLOBAL_POSITION_INT,33,40,other
65.92241096496582,GLOBAL_POSITION_INT,33,40,other
65.92243695259094,SERVO_OUTPUT_RAW,36,24,other
65.92616391181946,ATTITUDE,30,40,other
65.92643690109253,ATTITUDE,30,40,other
65.92645907402039,ATTITUDE_QUATERNION,31,44,other
65.93020105361938,LOCAL_POSITION_NED,32,40,other
65.93027591705322,ODOMETRY,331,244,other
65.93418288230896,HIGHRES_IMU,105,73,other
65.93425107002258,ATTITUDE,30,40,other
65.9342679977417,ATTITUDE_QUATERNION,31,44,other
65.93429589271545,ATTITUDE_TARGET,83,48,other
65.93432307243347,LOCAL_POSITION_NED,32,40,other
65.93433499336243,POSITION_TARGET_LOCAL_NED,85,63,other
65.94204688072205,GLOBAL_POSITION_INT,33,40,other
65.94213485717773,GLOBAL_POSITION_INT,33,40,other
65.94220900535583,SERVO_OUTPUT_RAW,36,24,other
65.94600486755371,ATTITUDE,30,40,other
65.94613695144653,ATTITUDE,30,40,other
65.94620609283447,ATTITUDE_QUATERNION,31,44,other
65.95413303375244,HIGHRES_IMU,105,74,other
65.95421695709229,ATTITUDE,30,40,other
65.9542350769043,ATTITUDE_QUATERNION,31,44,other
65.95424890518188,GPS_RAW_INT,24,56,other
65.95431590080261,ATTITUDE_TARGET,83,48,other
65.9543879032135,LOCAL_POSITION_NED,32,40,other
65.95440101623535,POSITION_TARGET_LOCAL_NED,85,63,other
65.96207404136658,LOCAL_POSITION_NED,32,40,other
65.96216797828674,ODOMETRY,331,244,other
65.96217203140259,GLOBAL_POSITION_INT,33,40,other
65.96218299865723,GLOBAL_POSITION_INT,33,40,other
65.9621958732605,SERVO_OUTPUT_RAW,36,24,other
65.96603894233704,ATTITUDE,30,40,other
65.96613788604736,ATTITUDE,30,40,other
65.96619701385498,ATTITUDE_QUATERNION,31,44,other
65.97407507896423,HIGHRES_IMU,105,73,other
65.97414088249207,ATTITUDE,30,40,other
65.97415590286255,ATTITUDE_TARGET,83,48,other
65.97415804862976,ATTITUDE_QUATERNION,31,44,other
65.9741849899292,LOCAL_POSITION_NED,32,40,other
65.97419595718384,POSITION_TARGET_LOCAL_NED,85,63,other
65.98203897476196,GLOBAL_POSITION_INT,33,40,other
65.98210191726685,POSITION_TARGET_GLOBAL_INT,87,63,other
65.98212885856628,GLOBAL_POSITION_INT,33,40,other
65.98219799995422,SERVO_OUTPUT_RAW,36,24,other
65.98617792129517,ATTITUDE,30,40,other
65.9862470626831,GPS_RAW_INT,24,56,other
65.98626208305359,ATTITUDE,30,40,other
65.98628902435303,ATTITUDE_QUATERNION,31,44,other

68.17419099807739,HIGHRES_IMU,105,74,checkpoint
68.17426586151123,ATTITUDE,30,40,checkpoint
68.17427706718445,ATTITUDE_TARGET,83,48,checkpoint
68.17427897453308,ATTITUDE_QUATERNION,31,44,checkpoint
68.17435097694397,LOCAL_POSITION_NED,32,40,checkpoint
68.17436599731445,POSITION_TARGET_LOCAL_NED,85,63,checkpoint
68.18202495574951,GLOBAL_POSITION_INT,33,40,checkpoint
68.18209290504456,POSITION_TARGET_GLOBAL_INT,87,63,checkpoint
68.18215799331665,GLOBAL_POSITION_INT,33,40,checkpoint
68.18222308158875,POSITION_TARGET_GLOBAL_INT,87,63,checkpoint
68.18223786354065,SERVO_OUTPUT_RAW,36,24,checkpoint
68.18599104881287,ATTITUDE,30,40,checkpoint
68.18608808517456,ATTITUDE,30,40,checkpoint
68.18615198135376,ATTITUDE_QUATERNION,31,44,checkpoint
68.18698596954346,MISSION_CURRENT,42,22,checkpoint
68.19409704208374,TIMESYNC,111,25,checkpoint
68.19416403770447,HIGHRES_IMU,105,73,checkpoint
68.19417595863342,LOCAL_POSITION_NED,32,40,checkpoint
68.19418597221375,ATTITUDE,30,40,checkpoint
68.19419407844543,ALTITUDE,141,44,checkpoint
68.19419693946838,ATTITUDE_TARGET,83,48,checkpoint
68.1942069530487,ODOMETRY,331,244,checkpoint
68.19421696662903,ATTITUDE_QUATERNION,31,44,checkpoint
68.19422602653503,ATTITUDE_TARGET,83,48,checkpoint
68.1942400932312,POSITION_TARGET_LOCAL_NED,85,63,checkpoint
68.19424891471863,SERVO_OUTPUT_RAW,36,24,checkpoint
68.19425797462463,VFR_HUD,74,31,checkpoint
68.19426393508911,GPS_RAW_INT,24,56,checkpoint
68.19427585601807,LOCAL_POSITION_NED,32,40,checkpoint
68.19428491592407,POSITION_TARGET_LOCAL_NED,85,63,checkpoint
68.19802904129028,GPS_RAW_INT,24,56,checkpoint
68.2020149230957,GLOBAL_POSITION_INT,33,40,checkpoint
68.2021689414978,GLOBAL_POSITION_INT,33,40,checkpoint
68.20219707489014,SERVO_OUTPUT_RAW,36,24,checkpoint
68.20641708374023,ATTITUDE,30,40,checkpoint
68.20655393600464,ATTITUDE,30,40,checkpoint
68.20661902427673,ATTITUDE_QUATERNION,31,44,checkpoint
68.21404886245728,HIGHRES_IMU,105,73,checkpoint
68.21411299705505,ATTITUDE,30,40,checkpoint
68.21412992477417,ATTITUDE_QUATERNION,31,44,checkpoint
68.2142379283905,ATTITUDE_TARGET,83,48,checkpoint
68.21426200866699,LOCAL_POSITION_NED,32,40,checkpoint
68.21427297592163,POSITION_TARGET_LOCAL_NED,85,63,checkpoint
68.2151448726654,MISSION_CURRENT,42,22,checkpoint
68.2223448753357,GLOBAL_POSITION_INT,33,40,checkpoint
68.22241306304932,GLOBAL_POSITION_INT,33,40,checkpoint
68.22247099876404,SERVO_OUTPUT_RAW,36,24,checkpoint
68.22603988647461,ATTITUDE,30,40,checkpoint
68.22614097595215,ATTITUDE,30,40,checkpoint
68.22620987892151,ATTITUDE_QUATERNION,31,44,checkpoint
68.23002886772156,LOCAL_POSITION_NED,32,40,checkpoint
68.23009586334229,ODOMETRY,331,244,checkpoint
68.23011088371277,GPS_RAW_INT,24,56,checkpoint
68.23406600952148,HIGHRES_IMU,105,74,checkpoint
68.2341480255127,ATTITUDE,30,40,checkpoint
68.23415994644165,ATTITUDE_TARGET,83,48,checkpoint
68.2341718673706,ATTITUDE_QUATERNION,31,44,checkpoint
68.23423504829407,LOCAL_POSITION_NED,32,40,checkpoint
68.23424887657166,POSITION_TARGET_LOCAL_NED,85,63,checkpoint
68.24208092689514,GLOBAL_POSITION_INT,33,40,checkpoint
68.24217295646667,GLOBAL_POSITION_INT,33,40,checkpoint
68.24224185943604,SERVO_OUTPUT_RAW,36,24,checkpoint
68.24601101875305,ATTITUDE,30,40,checkpoint
68.24611186981201,ATTITUDE,30,40,checkpoint
68.24613404273987,ATTITUDE_QUATERNION,31,44,checkpoint
68.25408887863159,HIGHRES_IMU,105,74,checkpoint
68.25415396690369,ATTITUDE,30,40,checkpoint
68.2541708946228,ATTITUDE_QUATERNION,31,44,checkpoint
68.25418591499329,ATTITUDE_TARGET,83,48,checkpoint
68.25446605682373,LOCAL_POSITION_NED,32,40,checkpoint
68.2545518875122,POSITION_TARGET_LOCAL_NED,85,63,checkpoint
68.2620050907135,LOCAL_POSITION_NED,32,40,checkpoint
68.26208305358887,ODOMETRY,331,244,checkpoint
68.26209902763367,GLOBAL_POSITION_INT,33,40,checkpoint
68.26210808753967,GPS_RAW_INT,24,56,checkpoint
68.26217007637024,GLOBAL_POSITION_INT,33,40,checkpoint
68.26219606399536,SERVO_OUTPUT_RAW,36,24,checkpoint
68.26625895500183,ATTITUDE,30,40,checkpoint
68.26630592346191,ATTITUDE,30,40,checkpoint
68.26632690429688,ATTITUDE_QUATERNION,31,44,checkpoint
68.27419686317444,HIGHRES_IMU,105,73,checkpoint
68.2742669582367,ATTITUDE,30,40,checkpoint
68.27428197860718,ATTITUDE_QUATERNION,31,44,checkpoint
68.27430486679077,ATTITUDE_TARGET,83,48,checkpoint
68.27433705329895,LOCAL_POSITION_NED,32,40,checkpoint
68.27434802055359,POSITION_TARGET_LOCAL_NED,85,63,checkpoint
68.28226900100708,GLOBAL_POSITION_INT,33,40,checkpoint
68.28229689598083,GLOBAL_POSITION_INT,33,40,checkpoint
68.28229904174805,POSITION_TARGET_GLOBAL_INT,87,63,checkpoint
68.28232407569885,SERVO_OUTPUT_RAW,36,24,checkpoint
68.28688406944275,ATTITUDE,30,40,checkpoint
68.28693103790283,ATTITUDE,30,40,checkpoint
68.28699398040771,ATTITUDE_QUATERNION,31,44,checkpoint
68.29399299621582,TIMESYNC,111,25,checkpoint
68.2940559387207,HIGHRES_IMU,105,74,checkpoint
68.29406785964966,LOCAL_POSITION_NED,32,40,checkpoint
68.29407906532288,ATTITUDE,30,40,checkpoint
68.29408097267151,ATTITUDE_TARGET,83,48,checkpoint
68.2940878868103,ALTITUDE,141,44,checkpoint
68.29410099983215,ODOMETRY,331,244,checkpoint
68.29410600662231,LOCAL_POSITION_NED,32,40,checkpoint
68.29411005973816,ATTITUDE_QUATERNION,31,44,checkpoint
68.29411792755127,POSITION_TARGET_LOCAL_NED,85,63,checkpoint
68.29411888122559,ATTITUDE_TARGET,83,48,checkpoint
68.2941300868988,VFR_HUD,74,31,checkpoint
68.29413104057312,GPS_RAW_INT,24,56,checkpoint
68.29414200782776,POSITION_TARGET_LOCAL_NED,85,63,checkpoint
68.29415202140808,SERVO_OUTPUT_RAW,36,24,checkpoint
68.29415893554688,SYS_STATUS,1,52,checkpoint
68.29416704177856,VFR_HUD,74,31,checkpoint
68.30259299278259,GLOBAL_POSITION_INT,33,40,checkpoint
68.30276703834534,GLOBAL_POSITION_INT,33,40,checkpoint
68.30283999443054,SERVO_OUTPUT_RAW,36,24,checkpoint
68.30604600906372,ATTITUDE,30,40,checkpoint
68.30620002746582,ATTITUDE,30,40,checkpoint
68.30622506141663,ATTITUDE_QUATERNION,31,44,checkpoint
68.31417298316956,HIGHRES_IMU,105,73,checkpoint
68.31423592567444,ATTITUDE,30,40,checkpoint
68.31425404548645,ATTITUDE_QUATERNION,31,44,checkpoint
68.3142569065094,ATTITUDE_TARGET,83,48,checkpoint
68.31433606147766,LOCAL_POSITION_NED,32,40,checkpoint
68.31435203552246,POSITION_TARGET_LOCAL_NED,85,63,checkpoint
68.32204985618591,GLOBAL_POSITION_INT,33,40,checkpoint
68.32213807106018,GLOBAL_POSITION_INT,33,40,checkpoint
68.32224488258362,SERVO_OUTPUT_RAW,36,24,checkpoint
68.32599306106567,ATTITUDE,30,40,checkpoint
68.32609486579895,ATTITUDE,30,40,checkpoint
68.32615900039673,ATTITUDE_QUATERNION,31,44,checkpoint
68.33019089698792,LOCAL_POSITION_NED,32,40,checkpoint
68.33025789260864,ODOMETRY,331,244,checkpoint
68.33027386665344,GPS_RAW_INT,24,56,checkpoint
68.33403205871582,HIGHRES_IMU,105,73,checkpoint
68.33408999443054,ATTITUDE,30,40,checkpoint
68.33410692214966,ATTITUDE_QUATERNION,31,44,checkpoint
68.3341429233551,ATTITUDE_TARGET,83,48,checkpoint
68.33416986465454,LOCAL_POSITION_NED,32,40,checkpoint
68.33418202400208,POSITION_TARGET_LOCAL_NED,85,63,checkpoint
68.3420078754425,GLOBAL_POSITION_INT,33,40,checkpoint
68.34210586547852,GLOBAL_POSITION_INT,33,40,checkpoint
68.34217095375061,SERVO_OUTPUT_RAW,36,24,checkpoint
68.34629106521606,ATTITUDE,30,40,checkpoint
68.34636092185974,ATTITUDE,30,40,checkpoint
68.34642791748047,ATTITUDE_QUATERNION,31,44,checkpoint
68.35416007041931,HIGHRES_IMU,105,74,checkpoint
68.35422086715698,ATTITUDE,30,40,checkpoint
68.35423803329468,ATTITUDE_QUATERNION,31,44,checkpoint
68.35426807403564,ATTITUDE_TARGET,83,48,checkpoint
68.35433888435364,LOCAL_POSITION_NED,32,40,checkpoint
68.35439205169678,POSITION_TARGET_LOCAL_NED,85,63,checkpoint
68.36227107048035,LOCAL_POSITION_NED,32,40,checkpoint
68.36234188079834,ODOMETRY,331,244,checkpoint
68.36235094070435,GLOBAL_POSITION_INT,33,40,checkpoint
68.36235690116882,GLOBAL_POSITION_INT,33,40,checkpoint
68.36236691474915,GPS_RAW_INT,24,56,checkpoint
68.36238098144531,SERVO_OUTPUT_RAW,36,24,checkpoint
68.36608505249023,ATTITUDE,30,40,checkpoint
68.36615991592407,ATTITUDE,30,40,checkpoint
68.36622095108032,ATTITUDE_QUATERNION,31,44,checkpoint
68.37400794029236,HIGHRES_IMU,105,74,checkpoint
68.37407302856445,ATTITUDE,30,40,checkpoint
68.37408995628357,ATTITUDE_QUATERNION,31,44,checkpoint
68.37412095069885,ATTITUDE_TARGET,83,48,checkpoint
68.37419605255127,LOCAL_POSITION_NED,32,40,checkpoint
68.37421107292175,POSITION_TARGET_LOCAL_NED,85,63,checkpoint
68.38201999664307,GLOBAL_POSITION_INT,33,40,checkpoint
68.3821120262146,GLOBAL_POSITION_INT,33,40,checkpoint
68.38211393356323,POSITION_TARGET_GLOBAL_INT,87,63,checkpoint
68.38213586807251,SERVO_OUTPUT_RAW,36,24,checkpoint
68.3861129283905,ATTITUDE,30,40,checkpoint
68.38621592521667,ATTITUDE,30,40,checkpoint
68.38627195358276,ATTITUDE_QUATERNION,31,44,checkpoint
68.3944718837738,TIMESYNC,111,25,checkpoint
68.39454889297485,ATTITUDE_TARGET,83,48,checkpoint
68.39462208747864,GPS_RAW_INT,24,56,checkpoint
68.39463400840759,LOCAL_POSITION_NED,32,40,checkpoint
68.39464402198792,POSITION_TARGET_LOCAL_NED,85,63,checkpoint
68.39471101760864,HIGHRES_IMU,105,74,checkpoint
68.39472389221191,LOCAL_POSITION_NED,32,40,checkpoint
68.39473605155945,ATTITUDE,30,40,checkpoint
68.39474487304688,ALTITUDE,141,44,checkpoint
68.3947548866272,ODOMETRY,331,244,checkpoint
68.39476108551025,ATTITUDE_QUATERNION,31,44,checkpoint
68.39476704597473,ATTITUDE_TARGET,83,48,checkpoint
68.39477396011353,GPS_RAW_INT,24,56,checkpoint
68.39478087425232,POSITION_TARGET_LOCAL_NED,85,63,checkpoint
68.39478707313538,SERVO_OUTPUT_RAW,36,24,checkpoint
68.39479303359985,VFR_HUD,74,31,checkpoint
68.40202593803406,GLOBAL_POSITION_INT,33,40,checkpoint
68.40213394165039,GLOBAL_POSITION_INT,33,40,checkpoint
68.40215802192688,SERVO_OUTPUT_RAW,36,24,checkpoint
68.40608787536621,ATTITUDE,30,40,checkpoint
68.40619707107544,ATTITUDE,30,40,checkpoint
68.4062659740448,ATTITUDE_QUATERNION,31,44,checkpoint
68.41424107551575,HIGHRES_IMU,105,74,checkpoint
68.41430592536926,ATTITUDE,30,40,checkpoint
68.41432094573975,ATTITUDE_QUATERNION,31,44,checkpoint
68.41436004638672,ATTITUDE_TARGET,83,48,checkpoint
68.41438794136047,LOCAL_POSITION_NED,32,40,checkpoint
68.41439986228943,POSITION_TARGET_LOCAL_NED,85,63,checkpoint
68.42218804359436,GLOBAL_POSITION_INT,33,40,checkpoint
68.42228889465332,GLOBAL_POSITION_INT,33,40,checkpoint
68.42231607437134,SERVO_OUTPUT_RAW,36,24,checkpoint
68.42621302604675,ATTITUDE,30,40,checkpoint
68.42624688148499,ATTITUDE,30,40,checkpoint
68.42627286911011,ATTITUDE_QUATERNION,31,44,checkpoint
68.42628788948059,GPS_RAW_INT,24,56,checkpoint
68.43002605438232,LOCAL_POSITION_NED,32,40,checkpoint
68.43014407157898,ODOMETRY,331,244,checkpoint
68.43403196334839,HIGHRES_IMU,105,73,checkpoint
68.43409204483032,ATTITUDE,30,40,checkpoint
68.43411207199097,ATTITUDE_QUATERNION,31,44,checkpoint
68.43416595458984,ATTITUDE_TARGET,83,48,checkpoint
68.43419289588928,LOCAL_POSITION_NED,32,40,checkpoint
68.43420600891113,POSITION_TARGET_LOCAL_NED,85,63,checkpoint
68.44210290908813,GLOBAL_POSITION_INT,33,40,checkpoint
68.44215798377991,GLOBAL_POSITION_INT,33,40,checkpoint
68.44223093986511,SERVO_OUTPUT_RAW,36,24,checkpoint
68.44613099098206,ATTITUDE,30,40,checkpoint
68.44615888595581,ATTITUDE,30,40,checkpoint
68.4462640285492,ATTITUDE_QUATERNION,31,44,checkpoint
68.45431995391846,HIGHRES_IMU,105,73,checkpoint
68.45440292358398,ATTITUDE_TARGET,83,48,checkpoint
68.45441198348999,ATTITUDE,30,40,checkpoint
68.45442986488342,ATTITUDE_QUATERNION,31,44,checkpoint
68.45447587966919,LOCAL_POSITION_NED,32,40,checkpoint
68.45448899269104,POSITION_TARGET_LOCAL_NED,85,63,checkpoint
68.46205496788025,LOCAL_POSITION_NED,32,40,checkpoint
68.4621229171753,ODOMETRY,331,244,checkpoint
68.46213889122009,GLOBAL_POSITION_INT,33,40,checkpoint
68.4621479511261,GPS_RAW_INT,24,56,checkpoint
68.46217608451843,GLOBAL_POSITION_INT,33,40,checkpoint
68.46224808692932,SERVO_OUTPUT_RAW,36,24,checkpoint
68.46599507331848,ATTITUDE,30,40,checkpoint
68.46607899665833,ATTITUDE,30,40,checkpoint
68.46614098548889,ATTITUDE_QUATERNION,31,44,checkpoint
68.47430300712585,HIGHRES_IMU,105,74,checkpoint
68.47438192367554,ATTITUDE,30,40,checkpoint
68.47440099716187,ATTITUDE_QUATERNION,31,44,checkpoint
68.47441005706787,ATTITUDE_TARGET,83,48,checkpoint
68.47448492050171,LOCAL_POSITION_NED,32,40,checkpoint
68.47449898719788,POSITION_TARGET_LOCAL_NED,85,63,checkpoint
68.4820499420166,GLOBAL_POSITION_INT,33,40,checkpoint
68.48210191726685,GLOBAL_POSITION_INT,33,40,checkpoint
68.48211789131165,POSITION_TARGET_GLOBAL_INT,87,63,checkpoint
68.48212885856628,SERVO_OUTPUT_RAW,36,24,checkpoint
68.48620390892029,ATTITUDE,30,40,checkpoint
68.48629808425903,ATTITUDE,30,40,checkpoint
68.48632287979126,ATTITUDE_QUATERNION,31,44,checkpoint
68.49405193328857,TIMESYNC,111,25,checkpoint
68.49407696723938,HIGHRES_IMU,105,73,checkpoint
68.49408793449402,LOCAL_POSITION_NED,32,40,checkpoint
68.49410700798035,ATTITUDE,30,40,checkpoint
68.49411797523499,ALTITUDE,141,44,checkpoint
68.49413204193115,ODOMETRY,331,244,checkpoint
68.49413990974426,ATTITUDE_TARGET,83,48,checkpoint
68.49414086341858,ATTITUDE_QUATERNION,31,44,checkpoint
68.49414896965027,ATTITUDE_TARGET,83,48,checkpoint
68.49415993690491,GPS_RAW_INT,24,56,checkpoint
68.4941680431366,LOCAL_POSITION_NED,32,40,checkpoint
68.49417090415955,POSITION_TARGET_LOCAL_NED,85,63,checkpoint
68.49417901039124,POSITION_TARGET_LOCAL_NED,85,63,checkpoint
68.4941840171814,SERVO_OUTPUT_RAW,36,24,checkpoint
68.4941999912262,SYS_STATUS,1,52,checkpoint
68.49421501159668,VFR_HUD,74,31,checkpoint
68.50215792655945,GLOBAL_POSITION_INT,33,40,checkpoint
68.50226998329163,GLOBAL_POSITION_INT,33,40,checkpoint
68.50233602523804,SERVO_OUTPUT_RAW,36,24,checkpoint
68.5060920715332,ATTITUDE,30,40,checkpoint
68.50619006156921,ATTITUDE,30,40,checkpoint
68.50625205039978,ATTITUDE_QUATERNION,31,44,checkpoint
68.51415300369263,HIGHRES_IMU,105,74,checkpoint
68.5142228603363,ATTITUDE,30,40,checkpoint
68.51422500610352,ATTITUDE_TARGET,83,48,checkpoint
68.51423907279968,ATTITUDE_QUATERNION,31,44,checkpoint
68.51425790786743,LOCAL_POSITION_NED,32,40,checkpoint
68.51427006721497,POSITION_TARGET_LOCAL_NED,85,63,checkpoint
68.52205204963684,GLOBAL_POSITION_INT,33,40,checkpoint
68.52214193344116,GLOBAL_POSITION_INT,33,40,checkpoint
68.52216506004333,SERVO_OUTPUT_RAW,36,24,checkpoint
68.52609086036682,ATTITUDE,30,40,checkpoint
68.52615785598755,GPS_RAW_INT,24,56,checkpoint
68.5261640548706,ATTITUDE,30,40,checkpoint
68.52619099617004,ATTITUDE_QUATERNION,31,44,checkpoint
68.53016495704651,LOCAL_POSITION_NED,32,40,checkpoint
68.53023290634155,ODOMETRY,331,244,checkpoint
68.53412103652954,HIGHRES_IMU,105,74,checkpoint
68.53418898582458,ATTITUDE,30,40,checkpoint
68.53420400619507,ATTITUDE_QUATERNION,31,44,checkpoint
68.53421187400818,ATTITUDE_TARGET,83,48,checkpoint
68.53436589241028,LOCAL_POSITION_NED,32,40,checkpoint
68.53443598747253,POSITION_TARGET_LOCAL_NED,85,63,checkpoint
68.54200196266174,GLOBAL_POSITION_INT,33,40,checkpoint
68.54210901260376,GLOBAL_POSITION_INT,33,40,checkpoint
68.54213404655457,SERVO_OUTPUT_RAW,36,24,checkpoint
68.54603099822998,ATTITUDE,30,40,checkpoint
68.54615998268127,ATTITUDE,30,40,checkpoint
68.54618501663208,ATTITUDE_QUATERNION,31,44,checkpoint
68.54620409011841,VFR_HUD,74,31,checkpoint
68.55401992797852,HIGHRES_IMU,105,73,checkpoint
68.55404305458069,ATTITUDE,30,40,checkpoint
68.55405688285828,ATTITUDE_QUATERNION,31,44,checkpoint
68.55412888526917,ATTITUDE_TARGET,83,48,checkpoint
68.55415487289429,LOCAL_POSITION_NED,32,40,checkpoint
68.5541660785675,POSITION_TARGET_LOCAL_NED,85,63,checkpoint
68.55808591842651,GPS_RAW_INT,24,56,checkpoint
68.56201791763306,LOCAL_POSITION_NED,32,40,checkpoint
68.56208896636963,ODOMETRY,331,244,checkpoint
68.56210494041443,GLOBAL_POSITION_INT,33,40,checkpoint
68.56213808059692,GLOBAL_POSITION_INT,33,40,checkpoint
68.56217503547668,SERVO_OUTPUT_RAW,36,24,checkpoint
68.56634902954102,ATTITUDE,30,40,checkpoint
68.5664279460907,ATTITUDE,30,40,checkpoint
68.56648993492126,ATTITUDE_QUATERNION,31,44,checkpoint
68.57404494285583,HIGHRES_IMU,105,73,checkpoint
68.57411408424377,ATTITUDE,30,40,checkpoint
68.57413101196289,ATTITUDE_QUATERNION,31,44,checkpoint
68.57416105270386,ATTITUDE_TARGET,83,48,checkpoint
68.57423186302185,LOCAL_POSITION_NED,32,40,checkpoint
68.57424402236938,POSITION_TARGET_LOCAL_NED,85,63,checkpoint
68.58226990699768,GLOBAL_POSITION_INT,33,40,checkpoint
68.58233404159546,POSITION_TARGET_GLOBAL_INT,87,63,checkpoint
68.58240389823914,GLOBAL_POSITION_INT,33,40,checkpoint
68.58242988586426,SERVO_OUTPUT_RAW,36,24,checkpoint
68.58608603477478,ATTITUDE,30,40,checkpoint
68.58617997169495,ATTITUDE,30,40,checkpoint
68.5862078666687,ATTITUDE_QUATERNION,31,44,checkpoint
68.59412503242493,TIMESYNC,111,25,checkpoint
68.59420394897461,HIGHRES_IMU,105,74,checkpoint
68.59421896934509,LOCAL_POSITION_NED,32,40,checkpoint
68.59423208236694,ATTITUDE,30,40,checkpoint
68.59424090385437,ALTITUDE,141,44,checkpoint
68.59425401687622,ODOMETRY,331,244,checkpoint
68.59426307678223,ATTITUDE_QUATERNION,31,44,checkpoint
68.59426999092102,ATTITUDE_TARGET,83,48,checkpoint
68.59428095817566,GPS_RAW_INT,24,56,checkpoint
68.59431505203247,POSITION_TARGET_LOCAL_NED,85,63,checkpoint
68.59433197975159,SERVO_OUTPUT_RAW,36,24,checkpoint
68.59434509277344,VFR_HUD,74,31,checkpoint
68.59437203407288,ATTITUDE_TARGET,83,48,checkpoint
68.5944619178772,GPS_RAW_INT,24,56,checkpoint
68.59447503089905,LOCAL_POSITION_NED,32,40,checkpoint
68.59448504447937,POSITION_TARGET_LOCAL_NED,85,63,checkpoint
68.60203695297241,GLOBAL_POSITION_INT,33,40,checkpoint
68.60212898254395,GLOBAL_POSITION_INT,33,40,checkpoint
68.60215497016907,SERVO_OUTPUT_RAW,36,24,checkpoint
68.60606908798218,ATTITUDE,30,40,checkpoint
68.60618805885315,ATTITUDE,30,40,checkpoint
68.60620903968811,ATTITUDE_QUATERNION,31,44,checkpoint
68.61411309242249,HIGHRES_IMU,105,73,checkpoint
68.61418390274048,ATTITUDE,30,40,checkpoint
68.61419987678528,ATTITUDE_QUATERNION,31,44,checkpoint
68.6142098903656,ATTITUDE_TARGET,83,48,checkpoint
68.6142430305481,LOCAL_POSITION_NED,32,40,checkpoint
68.61425590515137,POSITION_TARGET_LOCAL_NED,85,63,checkpoint
68.62203907966614,GLOBAL_POSITION_INT,33,40,checkpoint
68.62213897705078,GLOBAL_POSITION_INT,33,40,checkpoint
68.62220692634583,SERVO_OUTPUT_RAW,36,24,checkpoint
68.62613487243652,ATTITUDE,30,40,checkpoint
68.62621307373047,GPS_RAW_INT,24,56,checkpoint
68.62624192237854,ATTITUDE,30,40,checkpoint
68.62631392478943,ATTITUDE_QUATERNION,31,44,checkpoint
68.6301429271698,LOCAL_POSITION_NED,32,40,checkpoint
68.63021302223206,ODOMETRY,331,244,checkpoint
68.63410091400146,HIGHRES_IMU,105,73,checkpoint
68.6341290473938,ATTITUDE,30,40,checkpoint
68.6341450214386,ATTITUDE_QUATERNION,31,44,checkpoint
68.63421106338501,ATTITUDE_TARGET,83,48,checkpoint
68.63427996635437,LOCAL_POSITION_NED,32,40,checkpoint
68.63429403305054,POSITION_TARGET_LOCAL_NED,85,63,checkpoint
68.64212703704834,GLOBAL_POSITION_INT,33,40,checkpoint
68.64223599433899,GLOBAL_POSITION_INT,33,40,checkpoint
68.6422688961029,SERVO_OUTPUT_RAW,36,24,checkpoint
68.64612293243408,ATTITUDE,30,40,checkpoint
68.64612603187561,ATTITUDE,30,40,checkpoint
68.64614701271057,ATTITUDE_QUATERNION,31,44,checkpoint
68.65400505065918,HIGHRES_IMU,105,74,checkpoint
68.65406894683838,ATTITUDE,30,40,checkpoint
68.6540858745575,ATTITUDE_QUATERNION,31,44,checkpoint
68.65410494804382,ATTITUDE_TARGET,83,48,checkpoint
68.65412902832031,LOCAL_POSITION_NED,32,40,checkpoint
68.65413999557495,POSITION_TARGET_LOCAL_NED,85,63,checkpoint
68.65823006629944,GPS_RAW_INT,24,56,checkpoint
68.66205596923828,LOCAL_POSITION_NED,32,40,checkpoint
68.66209602355957,ODOMETRY,331,244,checkpoint
68.662113904953,GLOBAL_POSITION_INT,33,40,checkpoint
68.66214799880981,GLOBAL_POSITION_INT,33,40,checkpoint
68.66221904754639,SERVO_OUTPUT_RAW,36,24,checkpoint
68.66615700721741,ATTITUDE,30,40,checkpoint
68.66626405715942,ATTITUDE,30,40,checkpoint
68.66635799407959,ATTITUDE_QUATERNION,31,44,checkpoint
68.67424488067627,HIGHRES_IMU,105,74,checkpoint
68.67434000968933,ATTITUDE,30,40,checkpoint
68.67435193061829,ATTITUDE_TARGET,83,48,checkpoint
68.67435693740845,ATTITUDE_QUATERNION,31,44,checkpoint
68.67442202568054,LOCAL_POSITION_NED,32,40,checkpoint
68.67443609237671,POSITION_TARGET_LOCAL_NED,85,63,checkpoint
68.68213891983032,GLOBAL_POSITION_INT,33,40,checkpoint
68.68220591545105,POSITION_TARGET_GLOBAL_INT,87,63,checkpoint
68.6822829246521,GLOBAL_POSITION_INT,33,40,checkpoint
68.68235397338867,SERVO_OUTPUT_RAW,36,24,checkpoint
68.68601107597351,ATTITUDE,30,40,checkpoint
68.68610787391663,ATTITUDE,30,40,checkpoint
68.68616700172424,ATTITUDE_QUATERNION,31,44,checkpoint
68.69009494781494,GPS_RAW_INT,24,56,checkpoint
68.69401407241821,TIMESYNC,111,25,checkpoint
68.69408106803894,HIGHRES_IMU,105,73,checkpoint
68.6940929889679,LOCAL_POSITION_NED,32,40,checkpoint
68.69410395622253,ATTITUDE,30,40,checkpoint
68.69411301612854,ALTITUDE,141,44,checkpoint
68.69412589073181,ATTITUDE_TARGET,83,48,checkpoint
68.69412803649902,ODOMETRY,331,244,checkpoint
68.69413685798645,ATTITUDE_QUATERNION,31,44,checkpoint
68.69414401054382,ATTITUDE_TARGET,83,48,checkpoint
68.6941568851471,POSITION_TARGET_LOCAL_NED,85,63,checkpoint
68.69420504570007,SERVO_OUTPUT_RAW,36,24,checkpoint
68.69421195983887,LOCAL_POSITION_NED,32,40,checkpoint
68.69422006607056,SYS_STATUS,1,52,checkpoint
68.69422602653503,POSITION_TARGET_LOCAL_NED,85,63,checkpoint
68.69423198699951,VFR_HUD,74,31,checkpoint
68.70200896263123,GLOBAL_POSITION_INT,33,40,checkpoint
68.70212507247925,GLOBAL_POSITION_INT,33,40,checkpoint
68.70219206809998,SERVO_OUTPUT_RAW,36,24,checkpoint
68.70632290840149,ATTITUDE,30,40,checkpoint
68.70649886131287,ATTITUDE,30,40,checkpoint
68.70660901069641,ATTITUDE_QUATERNION,31,44,checkpoint
68.71407103538513,HIGHRES_IMU,105,74,checkpoint
68.71413803100586,ATTITUDE,30,40,checkpoint
68.71415495872498,ATTITUDE_QUATERNION,31,44,checkpoint
68.71417093276978,ATTITUDE_TARGET,83,48,checkpoint
68.71424388885498,LOCAL_POSITION_NED,32,40,checkpoint
68.71425795555115,POSITION_TARGET_LOCAL_NED,85,63,checkpoint
68.72231698036194,GLOBAL_POSITION_INT,33,40,checkpoint
68.72246193885803,GLOBAL_POSITION_INT,33,40,checkpoint
68.72254586219788,SERVO_OUTPUT_RAW,36,24,checkpoint
68.72602701187134,ATTITUDE,30,40,checkpoint
68.72609496116638,GPS_RAW_INT,24,56,checkpoint
68.72612595558167,ATTITUDE,30,40,checkpoint
68.726145029068,ATTITUDE_QUATERNION,31,44,checkpoint
68.73011088371277,LOCAL_POSITION_NED,32,40,checkpoint
68.7301778793335,ODOMETRY,331,244,checkpoint
68.73402404785156,HIGHRES_IMU,105,73,checkpoint
68.73408699035645,ATTITUDE,30,40,checkpoint
68.73410487174988,ATTITUDE_QUATERNION,31,44,checkpoint
68.73420286178589,ATTITUDE_TARGET,83,48,checkpoint
68.7342529296875,LOCAL_POSITION_NED,32,40,checkpoint
68.73426294326782,POSITION_TARGET_LOCAL_NED,85,63,checkpoint
68.74207305908203,GLOBAL_POSITION_INT,33,40,checkpoint
68.74218988418579,GLOBAL_POSITION_INT,33,40,checkpoint
68.74221587181091,SERVO_OUTPUT_RAW,36,24,checkpoint
68.74602508544922,ATTITUDE,30,40,checkpoint
68.74613189697266,ATTITUDE,30,40,checkpoint
68.74619698524475,ATTITUDE_QUATERNION,31,44,checkpoint
68.75415587425232,HIGHRES_IMU,105,73,checkpoint
68.75422286987305,ATTITUDE,30,40,checkpoint
68.75424098968506,ATTITUDE_TARGET,83,48,checkpoint
68.7542679309845,LOCAL_POSITION_NED,32,40,checkpoint
68.75427889823914,POSITION_TARGET_LOCAL_NED,85,63,checkpoint
68.75440192222595,ATTITUDE_QUATERNION,31,44,checkpoint
68.75813603401184,GPS_RAW_INT,24,56,checkpoint
68.76200199127197,LOCAL_POSITION_NED,32,40,checkpoint
68.76206302642822,ODOMETRY,331,244,checkpoint
68.76207900047302,GLOBAL_POSITION_INT,33,40,checkpoint
68.76211905479431,GLOBAL_POSITION_INT,33,40,checkpoint
68.7621819972992,SERVO_OUTPUT_RAW,36,24,checkpoint
68.76626586914062,ATTITUDE,30,40,checkpoint
68.76638507843018,ATTITUDE,30,40,checkpoint
68.76640701293945,ATTITUDE_QUATERNION,31,44,checkpoint
68.77411794662476,HIGHRES_IMU,105,74,checkpoint
68.77418303489685,ATTITUDE,30,40,checkpoint
68.77419900894165,ATTITUDE_QUATERNION,31,44,checkpoint
68.77421998977661,ATTITUDE_TARGET,83,48,checkpoint
68.77429294586182,LOCAL_POSITION_NED,32,40,checkpoint
68.7743079662323,POSITION_TARGET_LOCAL_NED,85,63,checkpoint
68.7821409702301,GLOBAL_POSITION_INT,33,40,checkpoint
68.78220987319946,POSITION_TARGET_GLOBAL_INT,87,63,checkpoint
68.78226208686829,GLOBAL_POSITION_INT,33,40,checkpoint
68.78228497505188,SERVO_OUTPUT_RAW,36,24,checkpoint
68.78606700897217,ATTITUDE,30,40,checkpoint
68.78614807128906,ATTITUDE,30,40,checkpoint
68.78622102737427,ATTITUDE_QUATERNION,31,44,checkpoint
68.79010486602783,GPS_RAW_INT,24,56,checkpoint
68.79398488998413,TIMESYNC,111,25,checkpoint
68.79404306411743,HIGHRES_IMU,105,74,checkpoint
68.79405093193054,LOCAL_POSITION_NED,32,40,checkpoint
68.79405689239502,ATTITUDE,30,40,checkpoint
68.79406189918518,ALTITUDE,141,44,checkpoint
68.79407000541687,ODOMETRY,331,244,checkpoint
68.79407596588135,ATTITUDE_QUATERNION,31,44,checkpoint
68.79408097267151,ATTITUDE_TARGET,83,48,checkpoint
68.79409003257751,POSITION_TARGET_LOCAL_NED,85,63,checkpoint
68.79409193992615,HEARTBEAT,0,21,checkpoint
68.79409599304199,SERVO_OUTPUT_RAW,36,24,checkpoint
68.79410195350647,VFR_HUD,74,31,checkpoint
68.79411697387695,ALTITUDE,141,44,checkpoint
68.7941300868988,ATTITUDE_TARGET,83,48,checkpoint
68.79414796829224,EXTENDED_SYS_STATE,245,14,checkpoint
68.79415798187256,GPS_RAW_INT,24,56,checkpoint
68.7941689491272,LOCAL_POSITION_NED,32,40,checkpoint
68.79418087005615,OPEN_DRONE_ID_LOCATION,12901,70,checkpoint
68.79418706893921,OPEN_DRONE_ID_SYSTEM,12904,37,checkpoint
68.79419302940369,POSITION_TARGET_LOCAL_NED,85,63,checkpoint
68.79419898986816,SCALED_PRESSURE,29,26,checkpoint
68.79420590400696,SYS_STATUS,1,52,checkpoint
68.79421186447144,VFR_HUD,74,31,checkpoint
68.7942168712616,UNKNOWN_8,-2,33,checkpoint
68.80207300186157,GLOBAL_POSITION_INT,33,40,checkpoint
68.80219006538391,GLOBAL_POSITION_INT,33,40,checkpoint
68.80221390724182,SERVO_OUTPUT_RAW,36,24,checkpoint
68.80602788925171,ATTITUDE,30,40,checkpoint
68.8060998916626,ATTITUDE,30,40,checkpoint
68.80618596076965,ATTITUDE_QUATERNION,31,44,checkpoint
68.81425404548645,HIGHRES_IMU,105,74,checkpoint
68.81432294845581,ATTITUDE,30,40,checkpoint
68.81433987617493,ATTITUDE_QUATERNION,31,44,checkpoint
68.81434607505798,ATTITUDE_TARGET,83,48,checkpoint
68.81441903114319,LOCAL_POSITION_NED,32,40,checkpoint
68.81443285942078,POSITION_TARGET_LOCAL_NED,85,63,checkpoint
68.82222485542297,GLOBAL_POSITION_INT,33,40,checkpoint
68.82224607467651,GPS_RAW_INT,24,56,checkpoint
68.82240891456604,GLOBAL_POSITION_INT,33,40,checkpoint
68.82243704795837,SERVO_OUTPUT_RAW,36,24,checkpoint
68.82606196403503,ATTITUDE,30,40,checkpoint
68.8261330127716,ATTITUDE,30,40,checkpoint
68.82620000839233,ATTITUDE_QUATERNION,31,44,checkpoint
68.83023595809937,LOCAL_POSITION_NED,32,40,checkpoint
68.83030986785889,ODOMETRY,331,244,checkpoint
68.83418798446655,HIGHRES_IMU,105,74,checkpoint
68.83425307273865,ATTITUDE,30,40,checkpoint
68.83427000045776,ATTITUDE_QUATERNION,31,44,checkpoint
68.83428287506104,ATTITUDE_TARGET,83,48,checkpoint
68.83435201644897,LOCAL_POSITION_NED,32,40,checkpoint
68.83436703681946,POSITION_TARGET_LOCAL_NED,85,63,checkpoint
68.84209108352661,GLOBAL_POSITION_INT,33,40,checkpoint
68.84225606918335,GLOBAL_POSITION_INT,33,40,checkpoint
68.84228205680847,SERVO_OUTPUT_RAW,36,24,checkpoint
68.84620904922485,ATTITUDE,30,40,checkpoint
68.84632897377014,ATTITUDE,30,40,checkpoint
68.84645795822144,ATTITUDE_QUATERNION,31,44,checkpoint
68.85425806045532,HIGHRES_IMU,105,73,checkpoint
68.85427904129028,ATTITUDE,30,40,checkpoint
68.85429406166077,ATTITUDE_QUATERNION,31,44,checkpoint
68.85434603691101,ATTITUDE_TARGET,83,48,checkpoint
68.85437297821045,LOCAL_POSITION_NED,32,40,checkpoint
68.85438394546509,POSITION_TARGET_LOCAL_NED,85,63,checkpoint
68.85804295539856,GPS_RAW_INT,24,56,checkpoint
68.86242604255676,LOCAL_POSITION_NED,32,40,checkpoint
68.86250805854797,ODOMETRY,331,244,checkpoint
68.86252403259277,GLOBAL_POSITION_INT,33,40,checkpoint
68.86256790161133,GLOBAL_POSITION_INT,33,40,checkpoint
68.86263704299927,SERVO_OUTPUT_RAW,36,24,checkpoint
68.86616206169128,ATTITUDE,30,40,checkpoint
68.86639308929443,ATTITUDE,30,40,checkpoint
68.86656904220581,ATTITUDE_QUATERNION,31,44,checkpoint
68.87403106689453,HIGHRES_IMU,105,73,checkpoint
68.87409496307373,ATTITUDE,30,40,checkpoint
68.8741090297699,ATTITUDE_QUATERNION,31,44,checkpoint
68.87415194511414,ATTITUDE_TARGET,83,48,checkpoint
68.87421989440918,LOCAL_POSITION_NED,32,40,checkpoint
68.87423801422119,POSITION_TARGET_LOCAL_NED,85,63,checkpoint
68.88207387924194,GLOBAL_POSITION_INT,33,40,checkpoint
68.8821370601654,POSITION_TARGET_GLOBAL_INT,87,63,checkpoint
68.882169008255,GLOBAL_POSITION_INT,33,40,checkpoint
68.88223505020142,SERVO_OUTPUT_RAW,36,24,checkpoint
68.88607597351074,ATTITUDE,30,40,checkpoint
68.88617992401123,ATTITUDE,30,40,checkpoint
68.8862419128418,ATTITUDE_QUATERNION,31,44,checkpoint
68.89011597633362,GPS_RAW_INT,24,56,checkpoint
68.89457392692566,TIMESYNC,111,25,checkpoint
68.8946259021759,HIGHRES_IMU,105,74,checkpoint
68.89462685585022,ATTITUDE_TARGET,83,48,checkpoint
68.89463686943054,LOCAL_POSITION_NED,32,40,checkpoint
68.89464902877808,ATTITUDE,30,40,checkpoint
68.89464902877808,LOCAL_POSITION_NED,32,40,checkpoint
68.89465999603271,ALTITUDE,141,44,checkpoint
68.89465999603271,POSITION_TARGET_LOCAL_NED,85,63,checkpoint
68.89467287063599,ODOMETRY,331,244,checkpoint
68.89468288421631,ATTITUDE_QUATERNION,31,44,checkpoint
68.89469194412231,ATTITUDE_TARGET,83,48,checkpoint
68.89470505714417,POSITION_TARGET_LOCAL_NED,85,63,checkpoint
68.89471387863159,SERVO_OUTPUT_RAW,36,24,checkpoint
68.89472508430481,SYS_STATUS,1,52,checkpoint
68.89473390579224,VFR_HUD,74,31,checkpoint
68.90203094482422,GLOBAL_POSITION_INT,33,40,checkpoint
68.90212988853455,GLOBAL_POSITION_INT,33,40,checkpoint
68.90215587615967,SERVO_OUTPUT_RAW,36,24,checkpoint
68.90611696243286,ATTITUDE,30,40,checkpoint
68.90619897842407,ATTITUDE,30,40,checkpoint
68.90626788139343,ATTITUDE_QUATERNION,31,44,checkpoint
68.91408586502075,HIGHRES_IMU,105,73,checkpoint
68.91415190696716,ATTITUDE,30,40,checkpoint
68.91416692733765,ATTITUDE_QUATERNION,31,44,checkpoint
68.91419100761414,ATTITUDE_TARGET,83,48,checkpoint
68.91426205635071,LOCAL_POSITION_NED,32,40,checkpoint
68.91427397727966,POSITION_TARGET_LOCAL_NED,85,63,checkpoint
68.92217206954956,GLOBAL_POSITION_INT,33,40,checkpoint
68.92220187187195,GLOBAL_POSITION_INT,33,40,checkpoint
68.9222400188446,GPS_RAW_INT,24,56,checkpoint
68.92227101325989,SERVO_OUTPUT_RAW,36,24,checkpoint
68.92625999450684,ATTITUDE,30,40,checkpoint
68.92633891105652,ATTITUDE,30,40,checkpoint
68.92641496658325,ATTITUDE_QUATERNION,31,44,checkpoint
68.93003296852112,LOCAL_POSITION_NED,32,40,checkpoint
68.93009686470032,ODOMETRY,331,244,checkpoint
68.93406295776367,HIGHRES_IMU,105,74,checkpoint
68.93412709236145,ATTITUDE,30,40,checkpoint
68.93414306640625,ATTITUDE_QUATERNION,31,44,checkpoint
68.934161901474,ATTITUDE_TARGET,83,48,checkpoint
68.93423008918762,LOCAL_POSITION_NED,32,40,checkpoint
68.9342429637909,POSITION_TARGET_LOCAL_NED,85,63,checkpoint
68.94253587722778,GLOBAL_POSITION_INT,33,40,checkpoint
68.94263005256653,GLOBAL_POSITION_INT,33,40,checkpoint
68.94282102584839,SERVO_OUTPUT_RAW,36,24,checkpoint
68.94605803489685,ATTITUDE,30,40,checkpoint
68.94614601135254,ATTITUDE,30,40,checkpoint
68.9462080001831,ATTITUDE_QUATERNION,31,44,checkpoint
68.95422387123108,HIGHRES_IMU,105,74,checkpoint
68.95425200462341,ATTITUDE,30,40,checkpoint
68.95426607131958,ATTITUDE_QUATERNION,31,44,checkpoint
68.95427894592285,GPS_RAW_INT,24,56,checkpoint
68.95432496070862,ATTITUDE_TARGET,83,48,checkpoint
68.9543559551239,LOCAL_POSITION_NED,32,40,checkpoint
68.95436596870422,POSITION_TARGET_LOCAL_NED,85,63,checkpoint
68.96207308769226,LOCAL_POSITION_NED,32,40,checkpoint
68.96214008331299,ODOMETRY,331,244,checkpoint
68.96215486526489,GLOBAL_POSITION_INT,33,40,checkpoint
68.9621729850769,GLOBAL_POSITION_INT,33,40,checkpoint
68.96219801902771,SERVO_OUTPUT_RAW,36,24,checkpoint
68.96599698066711,ATTITUDE,30,40,checkpoint
68.96609687805176,ATTITUDE,30,40,checkpoint
68.96616387367249,ATTITUDE_QUATERNION,31,44,checkpoint
68.97418189048767,HIGHRES_IMU,105,73,checkpoint
68.9742820262909,ATTITUDE,30,40,checkpoint
68.97429704666138,ATTITUDE_QUATERNION,31,44,checkpoint
68.9742980003357,ATTITUDE_TARGET,83,48,checkpoint
68.9743709564209,LOCAL_POSITION_NED,32,40,checkpoint
68.97438502311707,POSITION_TARGET_LOCAL_NED,85,63,checkpoint
68.98201608657837,GLOBAL_POSITION_INT,33,40,checkpoint
68.98207902908325,POSITION_TARGET_GLOBAL_INT,87,63,checkpoint
68.98210906982422,GLOBAL_POSITION_INT,33,40,checkpoint
68.98217606544495,SERVO_OUTPUT_RAW,36,24,checkpoint
68.98618388175964,ATTITUDE,30,40,checkpoint
68.98629903793335,ATTITUDE,30,40,checkpoint
68.9863669872284,ATTITUDE_QUATERNION,31,44,checkpoint
68.99004292488098,GPS_RAW_INT,24,56,checkpoint
68.99410796165466,TIMESYNC,111,25,checkpoint
68.99417090415955,HIGHRES_IMU,105,73,checkpoint
68.9941840171814,LOCAL_POSITION_NED,32,40,checkpoint
68.99419403076172,ATTITUDE,30,40,checkpoint
68.99420309066772,ALTITUDE,141,44,checkpoint
68.99420499801636,ATTITUDE_TARGET,83,48,checkpoint
68.99421691894531,ODOMETRY,331,244,checkpoint
68.99422597885132,ATTITUDE_QUATERNION,31,44,checkpoint
68.99423503875732,ATTITUDE_TARGET,83,48,checkpoint
68.99423599243164,GPS_RAW_INT,24,56,checkpoint
68.9942479133606,LOCAL_POSITION_NED,32,40,checkpoint
68.99424886703491,POSITION_TARGET_LOCAL_NED,85,63,checkpoint
68.99425792694092,SERVO_OUTPUT_RAW,36,24,checkpoint
68.99425888061523,POSITION_TARGET_LOCAL_NED,85,63,checkpoint
68.99426698684692,VFR_HUD,74,31,checkpoint
69.0022349357605,GLOBAL_POSITION_INT,33,40,checkpoint
69.002366065979,GLOBAL_POSITION_INT,33,40,checkpoint
69.00239086151123,SERVO_OUTPUT_RAW,36,24,checkpoint
69.00609803199768,ATTITUDE,30,40,checkpoint
69.00619387626648,ATTITUDE,30,40,checkpoint
69.00626587867737,ATTITUDE_QUATERNION,31,44,checkpoint
69.01432204246521,HIGHRES_IMU,105,74,checkpoint
69.0143780708313,ATTITUDE,30,40,checkpoint
69.01438903808594,ATTITUDE_QUATERNION,31,44,checkpoint
69.01442503929138,ATTITUDE_TARGET,83,48,checkpoint
69.01445388793945,LOCAL_POSITION_NED,32,40,checkpoint
69.01446485519409,POSITION_TARGET_LOCAL_NED,85,63,checkpoint
69.02201390266418,GLOBAL_POSITION_INT,33,40,checkpoint
69.02203488349915,GPS_RAW_INT,24,56,checkpoint
69.02215886116028,GLOBAL_POSITION_INT,33,40,checkpoint
69.02217888832092,SERVO_OUTPUT_RAW,36,24,checkpoint
69.02604508399963,ATTITUDE,30,40,checkpoint
69.0261549949646,ATTITUDE,30,40,checkpoint
69.02618408203125,ATTITUDE_QUATERNION,31,44,checkpoint
69.03001403808594,LOCAL_POSITION_NED,32,40,checkpoint
69.03008699417114,ODOMETRY,331,244,checkpoint
69.03425192832947,HIGHRES_IMU,105,73,checkpoint
69.03430604934692,ATTITUDE,30,40,checkpoint
69.03432202339172,ATTITUDE_QUATERNION,31,44,checkpoint
69.03433799743652,ATTITUDE_TARGET,83,48,checkpoint
69.03442192077637,LOCAL_POSITION_NED,32,40,checkpoint
69.03444600105286,POSITION_TARGET_LOCAL_NED,85,63,checkpoint
69.04211688041687,GLOBAL_POSITION_INT,33,40,checkpoint
69.04217505455017,GLOBAL_POSITION_INT,33,40,checkpoint
69.04223990440369,SERVO_OUTPUT_RAW,36,24,checkpoint
69.04596996307373,ATTITUDE,30,40,checkpoint
69.04608702659607,ATTITUDE,30,40,checkpoint
69.0461540222168,ATTITUDE_QUATERNION,31,44,checkpoint
69.04617500305176,VFR_HUD,74,31,checkpoint
69.05409097671509,HIGHRES_IMU,105,73,checkpoint
69.05415606498718,ATTITUDE,30,40,checkpoint
69.05417108535767,ATTITUDE_QUATERNION,31,44,checkpoint
69.05418395996094,GPS_RAW_INT,24,56,checkpoint
69.05461192131042,ATTITUDE_TARGET,83,48,checkpoint
69.05469107627869,LOCAL_POSITION_NED,32,40,checkpoint
69.05470585823059,POSITION_TARGET_LOCAL_NED,85,63,checkpoint
69.06223106384277,LOCAL_POSITION_NED,32,40,checkpoint
69.06230401992798,ODOMETRY,331,244,checkpoint
69.06231999397278,GLOBAL_POSITION_INT,33,40,checkpoint
69.06239700317383,GLOBAL_POSITION_INT,33,40,checkpoint
69.06247091293335,SERVO_OUTPUT_RAW,36,24,checkpoint
69.06627202033997,ATTITUDE,30,40,checkpoint
69.06634998321533,ATTITUDE,30,40,checkpoint
69.06641387939453,ATTITUDE_QUATERNION,31,44,checkpoint
69.07412385940552,HIGHRES_IMU,105,74,checkpoint
69.07421803474426,ATTITUDE,30,40,checkpoint
69.07423186302185,ATTITUDE_QUATERNION,31,44,checkpoint
69.07425594329834,ATTITUDE_TARGET,83,48,checkpoint
69.07432007789612,LOCAL_POSITION_NED,32,40,checkpoint
69.0743510723114,POSITION_TARGET_LOCAL_NED,85,63,checkpoint
69.0825629234314,GLOBAL_POSITION_INT,33,40,checkpoint
69.08265209197998,POSITION_TARGET_GLOBAL_INT,87,63,checkpoint
69.08268690109253,GLOBAL_POSITION_INT,33,40,checkpoint
69.08272004127502,SERVO_OUTPUT_RAW,36,24,checkpoint
69.08290100097656,HEARTBEAT,0,21,checkpoint
69.08602499961853,ATTITUDE,30,40,checkpoint
69.08609199523926,GPS_RAW_INT,24,56,checkpoint
69.0861599445343,ATTITUDE,30,40,checkpoint
69.08617687225342,ATTITUDE_QUATERNION,31,44,checkpoint
69.08619594573975,HEARTBEAT,0,21,checkpoint
69.09422898292542,HEARTBEAT,0,21,checkpoint
69.09429502487183,TIMESYNC,111,25,checkpoint
69.09431385993958,HIGHRES_IMU,105,74,checkpoint
69.09432196617126,LOCAL_POSITION_NED,32,40,checkpoint
69.0943329334259,ATTITUDE,30,40,checkpoint
69.09434294700623,ALTITUDE,141,44,checkpoint
69.09435486793518,ODOMETRY,331,244,checkpoint
69.0943660736084,ATTITUDE_QUATERNION,31,44,checkpoint
69.09437489509583,ATTITUDE_TARGET,83,48,checkpoint
69.09438395500183,ATTITUDE_TARGET,83,48,checkpoint
69.09438490867615,ESTIMATOR_STATUS,230,54,checkpoint
69.09439396858215,EXTENDED_SYS_STATE,245,14,checkpoint
69.094407081604,OPEN_DRONE_ID_LOCATION,12901,70,checkpoint
69.09441494941711,OPEN_DRONE_ID_SYSTEM,12904,37,checkpoint
69.0944230556488,PING,4,21,checkpoint
69.09443092346191,POSITION_TARGET_LOCAL_NED,85,63,checkpoint
69.09444189071655,SCALED_PRESSURE,29,26,checkpoint
69.09445095062256,SERVO_OUTPUT_RAW,36,24,checkpoint
69.09446287155151,SYS_STATUS,1,52,checkpoint
69.09447503089905,SYSTEM_TIME,2,23,checkpoint
69.09448504447937,VFR_HUD,74,31,checkpoint
69.09449291229248,UNKNOWN_8,-2,33,checkpoint
69.09460091590881,LOCAL_POSITION_NED,32,40,checkpoint
69.09462690353394,POSITION_TARGET_LOCAL_NED,85,63,checkpoint
69.09552502632141,PING,4,26,checkpoint
69.10213804244995,GLOBAL_POSITION_INT,33,40,checkpoint
69.10219192504883,GLOBAL_POSITION_INT,33,40,checkpoint
69.10225987434387,SERVO_OUTPUT_RAW,36,24,checkpoint
69.10606908798218,ATTITUDE,30,40,checkpoint
69.10616898536682,ATTITUDE,30,40,checkpoint
69.10625004768372,ATTITUDE_QUATERNION,31,44,checkpoint
69.11400699615479,HIGHRES_IMU,105,73,checkpoint
69.11402988433838,ATTITUDE,30,40,checkpoint
69.11404585838318,ATTITUDE_QUATERNION,31,44,checkpoint
69.11410593986511,ATTITUDE_TARGET,83,48,checkpoint
69.11417603492737,LOCAL_POSITION_NED,32,40,checkpoint
69.11419105529785,POSITION_TARGET_LOCAL_NED,85,63,checkpoint
69.12198495864868,GLOBAL_POSITION_INT,33,40,checkpoint
69.12204694747925,GPS_RAW_INT,24,56,checkpoint
69.1221079826355,GLOBAL_POSITION_INT,33,40,checkpoint
69.12212896347046,SERVO_OUTPUT_RAW,36,24,checkpoint
69.12663388252258,ATTITUDE,30,40,checkpoint
69.12671208381653,ATTITUDE,30,40,checkpoint
69.12673997879028,ATTITUDE_QUATERNION,31,44,checkpoint
69.1278429031372,HEARTBEAT,0,21,checkpoint
69.13001704216003,LOCAL_POSITION_NED,32,40,checkpoint
69.13008403778076,ODOMETRY,331,244,checkpoint
69.13010287284851,HEARTBEAT,0,21,checkpoint
69.13401389122009,HIGHRES_IMU,105,74,checkpoint
69.13406300544739,ATTITUDE,30,40,checkpoint
69.13408088684082,ATTITUDE_QUATERNION,31,44,checkpoint
69.1341278553009,ATTITUDE_TARGET,83,48,checkpoint
69.13415503501892,LOCAL_POSITION_NED,32,40,checkpoint
69.13416695594788,POSITION_TARGET_LOCAL_NED,85,63,checkpoint
69.14219999313354,GLOBAL_POSITION_INT,33,40,checkpoint
69.14228391647339,GLOBAL_POSITION_INT,33,40,checkpoint
69.1423499584198,SERVO_OUTPUT_RAW,36,24,checkpoint
69.1460509300232,ATTITUDE,30,40,checkpoint
69.14615106582642,ATTITUDE,30,40,checkpoint
69.14617109298706,ATTITUDE_QUATERNION,31,44,checkpoint
69.15428304672241,HIGHRES_IMU,105,73,checkpoint
69.15434789657593,ATTITUDE,30,40,checkpoint
69.15436387062073,ATTITUDE_QUATERNION,31,44,checkpoint
69.15437507629395,GPS_RAW_INT,24,56,checkpoint
69.15438890457153,ATTITUDE_TARGET,83,48,checkpoint
69.15445804595947,LOCAL_POSITION_NED,32,40,checkpoint
69.15447187423706,POSITION_TARGET_LOCAL_NED,85,63,checkpoint
69.16211009025574,LOCAL_POSITION_NED,32,40,checkpoint
69.16218090057373,ODOMETRY,331,244,checkpoint
69.16219687461853,GLOBAL_POSITION_INT,33,40,checkpoint
69.16223287582397,GLOBAL_POSITION_INT,33,40,checkpoint
69.16230487823486,SERVO_OUTPUT_RAW,36,24,checkpoint
69.16598892211914,ATTITUDE,30,40,checkpoint
69.16607809066772,ATTITUDE,30,40,checkpoint
69.16613507270813,ATTITUDE_QUATERNION,31,44,checkpoint
69.17405009269714,HIGHRES_IMU,105,73,checkpoint
69.17411589622498,ATTITUDE,30,40,checkpoint
69.17413306236267,ATTITUDE_QUATERNION,31,44,checkpoint
69.17413592338562,ATTITUDE_TARGET,83,48,checkpoint
69.17421388626099,LOCAL_POSITION_NED,32,40,checkpoint
69.17422795295715,POSITION_TARGET_LOCAL_NED,85,63,checkpoint
69.18204808235168,GLOBAL_POSITION_INT,33,40,checkpoint
69.18211507797241,POSITION_TARGET_GLOBAL_INT,87,63,checkpoint
69.18228197097778,GLOBAL_POSITION_INT,33,40,checkpoint
69.18235206604004,POSITION_TARGET_GLOBAL_INT,87,63,checkpoint
69.182363986969,SERVO_OUTPUT_RAW,36,24,checkpoint
69.18624186515808,ATTITUDE,30,40,checkpoint
69.18628287315369,GPS_RAW_INT,24,56,checkpoint
69.18634390830994,ATTITUDE,30,40,checkpoint
69.18650007247925,ATTITUDE_QUATERNION,31,44,checkpoint
69.18675303459167,MISSION_CURRENT,42,22,checkpoint
69.19405603408813,TIMESYNC,111,25,checkpoint
69.19411587715149,ATTITUDE_TARGET,83,48,checkpoint
69.19412088394165,HIGHRES_IMU,105,74,checkpoint
69.19413208961487,LOCAL_POSITION_NED,32,40,checkpoint
69.1941430568695,ATTITUDE,30,40,checkpoint
69.19415187835693,ALTITUDE,141,44,checkpoint
69.1941659450531,ODOMETRY,331,244,checkpoint
69.1941750049591,ATTITUDE_QUATERNION,31,44,checkpoint
69.19417786598206,GPS_RAW_INT,24,56,checkpoint
69.19418406486511,ATTITUDE_TARGET,83,48,checkpoint
69.19419002532959,LOCAL_POSITION_NED,32,40,checkpoint
69.1941990852356,POSITION_TARGET_LOCAL_NED,85,63,checkpoint
69.1941990852356,POSITION_TARGET_LOCAL_NED,85,63,checkpoint
69.19421005249023,SERVO_OUTPUT_RAW,36,24,checkpoint
69.19422006607056,VFR_HUD,74,31,checkpoint
69.202565908432,GLOBAL_POSITION_INT,33,40,checkpoint
69.20263290405273,GLOBAL_POSITION_INT,33,40,checkpoint
69.2026948928833,SERVO_OUTPUT_RAW,36,24,checkpoint
69.20605206489563,ATTITUDE,30,40,checkpoint
69.20615887641907,ATTITUDE,30,40,checkpoint
69.20618391036987,ATTITUDE_QUATERNION,31,44,checkpoint
69.21407508850098,HIGHRES_IMU,105,74,checkpoint
69.21409797668457,ATTITUDE,30,40,checkpoint
69.21411204338074,ATTITUDE_QUATERNION,31,44,checkpoint
69.21422505378723,ATTITUDE_TARGET,83,48,checkpoint
69.21425485610962,LOCAL_POSITION_NED,32,40,checkpoint
69.21426796913147,POSITION_TARGET_LOCAL_NED,85,63,checkpoint
69.2184739112854,GPS_RAW_INT,24,56,checkpoint
69.21904301643372,MISSION_CURRENT,42,22,checkpoint
69.22206401824951,GLOBAL_POSITION_INT,33,40,checkpoint
69.2222170829773,GLOBAL_POSITION_INT,33,40,checkpoint
69.22229194641113,SERVO_OUTPUT_RAW,36,24,checkpoint
69.22601199150085,ATTITUDE,30,40,checkpoint
69.22615885734558,ATTITUDE,30,40,checkpoint
69.22622609138489,ATTITUDE_QUATERNION,31,44,checkpoint
69.23023200035095,LOCAL_POSITION_NED,32,40,checkpoint
69.23030304908752,ODOMETRY,331,244,checkpoint
69.23414897918701,HIGHRES_IMU,105,74,checkpoint
69.23421502113342,ATTITUDE,30,40,checkpoint
69.23423194885254,ATTITUDE_QUATERNION,31,44,checkpoint
69.23423790931702,ATTITUDE_TARGET,83,48,checkpoint
69.23430109024048,LOCAL_POSITION_NED,32,40,checkpoint
69.2343099117279,POSITION_TARGET_LOCAL_NED,85,63,checkpoint
69.24201607704163,GLOBAL_POSITION_INT,33,40,checkpoint
69.24212503433228,GLOBAL_POSITION_INT,33,40,checkpoint
69.24218988418579,SERVO_OUTPUT_RAW,36,24,checkpoint
69.24619507789612,ATTITUDE,30,40,checkpoint
69.24629998207092,ATTITUDE,30,40,checkpoint
69.24632287025452,ATTITUDE_QUATERNION,31,44,checkpoint
69.25421595573425,HIGHRES_IMU,105,74,checkpoint
69.25427603721619,ATTITUDE_TARGET,83,48,checkpoint
69.25430107116699,ATTITUDE,30,40,checkpoint
69.25431609153748,ATTITUDE_QUATERNION,31,44,checkpoint
69.25432300567627,LOCAL_POSITION_NED,32,40,checkpoint
69.25432705879211,GPS_RAW_INT,24,56,checkpoint
69.25433492660522,POSITION_TARGET_LOCAL_NED,85,63,checkpoint
69.26233696937561,LOCAL_POSITION_NED,32,40,checkpoint
69.26240706443787,ODOMETRY,331,244,checkpoint
69.26241207122803,GLOBAL_POSITION_INT,33,40,checkpoint
69.26242303848267,GLOBAL_POSITION_INT,33,40,checkpoint
69.26248502731323,SERVO_OUTPUT_RAW,36,24,checkpoint
69.26613092422485,ATTITUDE,30,40,checkpoint
69.26622605323792,ATTITUDE,30,40,checkpoint
69.26629900932312,ATTITUDE_QUATERNION,31,44,checkpoint
69.27401804924011,HIGHRES_IMU,105,73,checkpoint
69.274080991745,ATTITUDE,30,40,checkpoint
69.27410292625427,ATTITUDE_QUATERNION,31,44,checkpoint
69.27415108680725,ATTITUDE_TARGET,83,48,checkpoint
69.27418398857117,LOCAL_POSITION_NED,32,40,checkpoint
69.2741949558258,POSITION_TARGET_LOCAL_NED,85,63,checkpoint
69.28221607208252,GLOBAL_POSITION_INT,33,40,checkpoint
69.28228688240051,POSITION_TARGET_GLOBAL_INT,87,63,checkpoint
69.28232407569885,GLOBAL_POSITION_INT,33,40,checkpoint
69.28239393234253,SERVO_OUTPUT_RAW,36,24,checkpoint
69.28622508049011,ATTITUDE,30,40,checkpoint
69.28629302978516,GPS_RAW_INT,24,56,checkpoint
69.28644394874573,ATTITUDE,30,40,checkpoint
69.2864670753479,ATTITUDE_QUATERNION,31,44,checkpoint
69.29419994354248,TIMESYNC,111,25,checkpoint
69.29427599906921,HIGHRES_IMU,105,73,checkpoint
69.29428887367249,LOCAL_POSITION_NED,32,40,checkpoint
69.29430198669434,ATTITUDE,30,40,checkpoint
69.29430294036865,ATTITUDE_TARGET,83,48,checkpoint
69.29431200027466,ALTITUDE,141,44,checkpoint
69.29432606697083,ODOMETRY,331,244,checkpoint
69.29433393478394,ATTITUDE_QUATERNION,31,44,checkpoint
69.29434204101562,ATTITUDE_TARGET,83,48,checkpoint
69.29435586929321,POSITION_TARGET_LOCAL_NED,85,63,checkpoint
69.29436588287354,SERVO_OUTPUT_RAW,36,24,checkpoint
69.29437804222107,LOCAL_POSITION_NED,32,40,checkpoint
69.29437804222107,SYS_STATUS,1,52,checkpoint
69.29438805580139,VFR_HUD,74,31,checkpoint
69.29439091682434,POSITION_TARGET_LOCAL_NED,85,63,checkpoint
69.29439997673035,VFR_HUD,74,31,checkpoint
69.30203485488892,GLOBAL_POSITION_INT,33,40,checkpoint
69.30213499069214,GLOBAL_POSITION_INT,33,40,checkpoint
69.30216002464294,SERVO_OUTPUT_RAW,36,24,checkpoint
69.30599093437195,ATTITUDE,30,40,checkpoint
69.30609488487244,ATTITUDE,30,40,checkpoint
69.30616092681885,ATTITUDE_QUATERNION,31,44,checkpoint
69.3141040802002,HIGHRES_IMU,105,74,checkpoint
69.3141839504242,ATTITUDE,30,40,checkpoint
69.3142020702362,ATTITUDE_QUATERNION,31,44,checkpoint
69.31420302391052,ATTITUDE_TARGET,83,48,checkpoint
69.31430697441101,LOCAL_POSITION_NED,32,40,checkpoint
69.31432008743286,POSITION_TARGET_LOCAL_NED,85,63,checkpoint
69.3181300163269,GPS_RAW_INT,24,56,checkpoint
69.32211995124817,GLOBAL_POSITION_INT,33,40,checkpoint
69.32221388816833,GLOBAL_POSITION_INT,33,40,checkpoint
69.32228803634644,SERVO_OUTPUT_RAW,36,24,checkpoint
69.32651901245117,ATTITUDE,30,40,checkpoint
69.32660102844238,ATTITUDE,30,40,checkpoint
69.3266248703003,ATTITUDE_QUATERNION,31,44,checkpoint
69.3300530910492,LOCAL_POSITION_NED,32,40,checkpoint
69.33011794090271,ODOMETRY,331,244,checkpoint
69.33405709266663,HIGHRES_IMU,105,73,checkpoint
69.33412098884583,ATTITUDE,30,40,checkpoint
69.33413696289062,ATTITUDE_QUATERNION,31,44,checkpoint
69.3341600894928,ATTITUDE_TARGET,83,48,checkpoint
69.33422803878784,LOCAL_POSITION_NED,32,40,checkpoint
69.33424091339111,POSITION_TARGET_LOCAL_NED,85,63,checkpoint
69.3421950340271,GLOBAL_POSITION_INT,33,40,checkpoint
69.3422999382019,GLOBAL_POSITION_INT,33,40,checkpoint
69.34241890907288,SERVO_OUTPUT_RAW,36,24,checkpoint
69.34602808952332,ATTITUDE,30,40,checkpoint
69.34615206718445,ATTITUDE,30,40,checkpoint
69.34617686271667,ATTITUDE_QUATERNION,31,44,checkpoint
69.35002207756042,GPS_RAW_INT,24,56,checkpoint
69.3540768623352,HIGHRES_IMU,105,74,checkpoint
69.3541510105133,ATTITUDE,30,40,checkpoint
69.3541669845581,ATTITUDE_QUATERNION,31,44,checkpoint
69.35421991348267,ATTITUDE_TARGET,83,48,checkpoint
69.35426092147827,LOCAL_POSITION_NED,32,40,checkpoint
69.35427403450012,POSITION_TARGET_LOCAL_NED,85,63,checkpoint
69.36202001571655,LOCAL_POSITION_NED,32,40,checkpoint
69.36209106445312,ODOMETRY,331,244,checkpoint
69.36210703849792,GLOBAL_POSITION_INT,33,40,checkpoint
69.36213898658752,GLOBAL_POSITION_INT,33,40,checkpoint
69.36216497421265,SERVO_OUTPUT_RAW,36,24,checkpoint
69.36599493026733,ATTITUDE,30,40,checkpoint
69.36609196662903,ATTITUDE,30,40,checkpoint
69.36615300178528,ATTITUDE_QUATERNION,31,44,checkpoint
69.3743200302124,HIGHRES_IMU,105,74,checkpoint
69.37439393997192,ATTITUDE,30,40,checkpoint
69.37439894676208,ATTITUDE_TARGET,83,48,checkpoint
69.37440705299377,ATTITUDE_QUATERNION,31,44,checkpoint
69.37442898750305,LOCAL_POSITION_NED,32,40,checkpoint
69.374440908432,POSITION_TARGET_LOCAL_NED,85,63,checkpoint
69.38202500343323,GLOBAL_POSITION_INT,33,40,checkpoint
69.38212990760803,POSITION_TARGET_GLOBAL_INT,87,63,checkpoint
69.3822009563446,GLOBAL_POSITION_INT,33,40,checkpoint
69.38222694396973,SERVO_OUTPUT_RAW,36,24,checkpoint
69.38610005378723,ATTITUDE,30,40,checkpoint
69.38613104820251,GPS_RAW_INT,24,56,checkpoint
69.38622093200684,ATTITUDE,30,40,checkpoint
69.38628602027893,ATTITUDE_QUATERNION,31,44,checkpoint
69.39413094520569,TIMESYNC,111,25,checkpoint
69.39417099952698,ATTITUDE_TARGET,83,48,checkpoint
69.39420104026794,HIGHRES_IMU,105,73,checkpoint
69.39421391487122,LOCAL_POSITION_NED,32,40,checkpoint
69.39422392845154,ATTITUDE,30,40,checkpoint
69.39423394203186,ALTITUDE,141,44,checkpoint
69.39424085617065,GPS_RAW_INT,24,56,checkpoint
69.39424800872803,ODOMETRY,331,244,checkpoint
69.3942539691925,LOCAL_POSITION_NED,32,40,checkpoint
69.39425802230835,ATTITUDE_QUATERNION,31,44,checkpoint
69.39426589012146,POSITION_TARGET_LOCAL_NED,85,63,checkpoint
69.39426589012146,ATTITUDE_TARGET,83,48,checkpoint
69.3942859172821,POSITION_TARGET_LOCAL_NED,85,63,checkpoint
69.3942940235138,SERVO_OUTPUT_RAW,36,24,checkpoint
69.3943030834198,VFR_HUD,74,31,checkpoint
69.40219187736511,GLOBAL_POSITION_INT,33,40,checkpoint
69.40219402313232,GLOBAL_POSITION_INT,33,40,checkpoint
69.40226793289185,SERVO_OUTPUT_RAW,36,24,checkpoint
69.40601992607117,ATTITUDE,30,40,checkpoint
69.4061188697815,ATTITUDE,30,40,checkpoint
69.40618395805359,ATTITUDE_QUATERNION,31,44,checkpoint
69.41417908668518,HIGHRES_IMU,105,73,checkpoint
69.4142439365387,ATTITUDE_TARGET,83,48,checkpoint
69.41424489021301,ATTITUDE,30,40,checkpoint
69.41426205635071,ATTITUDE_QUATERNION,31,44,checkpoint
69.41426992416382,LOCAL_POSITION_NED,32,40,checkpoint
69.41428089141846,POSITION_TARGET_LOCAL_NED,85,63,checkpoint
69.41826391220093,GPS_RAW_INT,24,56,checkpoint
69.42203688621521,GLOBAL_POSITION_INT,33,40,checkpoint
69.42215204238892,GLOBAL_POSITION_INT,33,40,checkpoint
69.42218708992004,SERVO_OUTPUT_RAW,36,24,checkpoint
69.42607188224792,ATTITUDE,30,40,checkpoint
69.42619705200195,ATTITUDE,30,40,checkpoint
69.42621994018555,ATTITUDE_QUATERNION,31,44,checkpoint
69.43012404441833,LOCAL_POSITION_NED,32,40,checkpoint
69.43033194541931,ODOMETRY,331,244,checkpoint
69.43419694900513,HIGHRES_IMU,105,74,checkpoint
69.4342679977417,ATTITUDE,30,40,checkpoint
69.43428492546082,ATTITUDE_QUATERNION,31,44,checkpoint
69.43434500694275,ATTITUDE_TARGET,83,48,checkpoint
69.43442797660828,LOCAL_POSITION_NED,32,40,checkpoint
69.43444299697876,POSITION_TARGET_LOCAL_NED,85,63,checkpoint
69.44207286834717,GLOBAL_POSITION_INT,33,40,checkpoint
69.44215393066406,GLOBAL_POSITION_INT,33,40,checkpoint
69.44217801094055,SERVO_OUTPUT_RAW,36,24,checkpoint
69.44603085517883,ATTITUDE,30,40,checkpoint
69.4461419582367,ATTITUDE,30,40,checkpoint
69.4461669921875,ATTITUDE_QUATERNION,31,44,checkpoint
69.45031189918518,GPS_RAW_INT,24,56,checkpoint
69.45407605171204,HIGHRES_IMU,105,73,checkpoint
69.45410108566284,ATTITUDE,30,40,checkpoint
69.45411396026611,ATTITUDE_QUATERNION,31,44,checkpoint
69.45412492752075,ATTITUDE_TARGET,83,48,checkpoint
69.45415496826172,LOCAL_POSITION_NED,32,40,checkpoint
69.45416688919067,POSITION_TARGET_LOCAL_NED,85,63,checkpoint
69.46204900741577,LOCAL_POSITION_NED,32,40,checkpoint
69.46211504936218,ODOMETRY,331,244,checkpoint
69.46213102340698,GLOBAL_POSITION_INT,33,40,checkpoint
69.46215200424194,GLOBAL_POSITION_INT,33,40,checkpoint
69.46221899986267,SERVO_OUTPUT_RAW,36,24,checkpoint
69.46625208854675,ATTITUDE,30,40,checkpoint
69.46635007858276,ATTITUDE,30,40,checkpoint
69.46641898155212,ATTITUDE_QUATERNION,31,44,checkpoint
69.47412991523743,HIGHRES_IMU,105,73,checkpoint
69.47420287132263,ATTITUDE,30,40,checkpoint
69.47421908378601,ATTITUDE_QUATERNION,31,44,checkpoint
69.47423887252808,ATTITUDE_TARGET,83,48,checkpoint
69.47426700592041,LOCAL_POSITION_NED,32,40,checkpoint
69.47428107261658,POSITION_TARGET_LOCAL_NED,85,63,checkpoint
69.48220992088318,GLOBAL_POSITION_INT,33,40,checkpoint
69.4822769165039,GPS_RAW_INT,24,56,checkpoint
69.48229098320007,POSITION_TARGET_GLOBAL_INT,87,63,checkpoint
69.48231506347656,GLOBAL_POSITION_INT,33,40,checkpoint
69.48233985900879,SERVO_OUTPUT_RAW,36,24,checkpoint
69.48602795600891,ATTITUDE,30,40,checkpoint
69.48612189292908,ATTITUDE,30,40,checkpoint
69.4861900806427,ATTITUDE_QUATERNION,31,44,checkpoint
69.49398899078369,TIMESYNC,111,25,checkpoint
69.49405002593994,HIGHRES_IMU,105,74,checkpoint
69.49406099319458,LOCAL_POSITION_NED,32,40,checkpoint
69.49407005310059,ATTITUDE,30,40,checkpoint
69.4940779209137,ALTITUDE,141,44,checkpoint
69.49409008026123,ODOMETRY,331,244,checkpoint
69.49409198760986,ATTITUDE_TARGET,83,48,checkpoint
69.49409890174866,ATTITUDE_QUATERNION,31,44,checkpoint
69.49410700798035,ATTITUDE_TARGET,83,48,checkpoint
69.49411988258362,LOCAL_POSITION_NED,32,40,checkpoint
69.49412107467651,POSITION_TARGET_LOCAL_NED,85,63,checkpoint
69.49413108825684,SERVO_OUTPUT_RAW,36,24,checkpoint
69.49413108825684,POSITION_TARGET_LOCAL_NED,85,63,checkpoint
69.49414205551147,SYS_STATUS,1,52,checkpoint
69.49414992332458,VFR_HUD,74,31,checkpoint
69.50204396247864,GLOBAL_POSITION_INT,33,40,checkpoint
69.5021460056305,GLOBAL_POSITION_INT,33,40,checkpoint
69.50217199325562,SERVO_OUTPUT_RAW,36,24,checkpoint
69.50614595413208,ATTITUDE,30,40,checkpoint
69.50622296333313,ATTITUDE,30,40,checkpoint
69.50628900527954,ATTITUDE_QUATERNION,31,44,checkpoint
69.51420593261719,HIGHRES_IMU,105,74,checkpoint
69.51428604125977,ATTITUDE,30,40,checkpoint
69.51430797576904,ATTITUDE_QUATERNION,31,44,checkpoint
69.51431107521057,ATTITUDE_TARGET,83,48,checkpoint
69.51436305046082,LOCAL_POSITION_NED,32,40,checkpoint
69.51438307762146,POSITION_TARGET_LOCAL_NED,85,63,checkpoint
69.5180389881134,GPS_RAW_INT,24,56,checkpoint
69.52207708358765,GLOBAL_POSITION_INT,33,40,checkpoint
69.52214193344116,GLOBAL_POSITION_INT,33,40,checkpoint
69.52222895622253,SERVO_OUTPUT_RAW,36,24,checkpoint
69.52603101730347,ATTITUDE,30,40,checkpoint
69.52611303329468,ATTITUDE,30,40,checkpoint
69.52617502212524,ATTITUDE_QUATERNION,31,44,checkpoint
69.53024196624756,LOCAL_POSITION_NED,32,40,checkpoint
69.53037405014038,ODOMETRY,331,244,checkpoint
69.53400707244873,HIGHRES_IMU,105,73,checkpoint
69.5340678691864,ATTITUDE,30,40,checkpoint
69.53408408164978,ATTITUDE_QUATERNION,31,44,checkpoint
69.53411793708801,ATTITUDE_TARGET,83,48,checkpoint
69.53418588638306,LOCAL_POSITION_NED,32,40,checkpoint
69.53419899940491,POSITION_TARGET_LOCAL_NED,85,63,checkpoint
69.54204297065735,GLOBAL_POSITION_INT,33,40,checkpoint
69.54212808609009,GLOBAL_POSITION_INT,33,40,checkpoint
69.54219508171082,SERVO_OUTPUT_RAW,36,24,checkpoint
69.54628705978394,ATTITUDE,30,40,checkpoint
69.54638600349426,ATTITUDE,30,40,checkpoint
69.54644298553467,ATTITUDE_QUATERNION,31,44,checkpoint
69.54646396636963,VFR_HUD,74,31,checkpoint
69.54999089241028,GPS_RAW_INT,24,56,checkpoint
69.55399799346924,HIGHRES_IMU,105,74,checkpoint
69.5540599822998,ATTITUDE,30,40,checkpoint
69.55407691001892,ATTITUDE_QUATERNION,31,44,checkpoint
69.55409407615662,ATTITUDE_TARGET,83,48,checkpoint
69.55416107177734,LOCAL_POSITION_NED,32,40,checkpoint
69.55417394638062,POSITION_TARGET_LOCAL_NED,85,63,checkpoint
69.56227803230286,LOCAL_POSITION_NED,32,40,checkpoint
69.5623459815979,ODOMETRY,331,244,checkpoint
69.5623619556427,GLOBAL_POSITION_INT,33,40,checkpoint
69.56238007545471,GLOBAL_POSITION_INT,33,40,checkpoint
69.56240200996399,SERVO_OUTPUT_RAW,36,24,checkpoint
69.56605005264282,ATTITUDE,30,40,checkpoint
69.56612205505371,ATTITUDE,30,40,checkpoint
69.56613993644714,ATTITUDE_QUATERNION,31,44,checkpoint
69.5742700099945,HIGHRES_IMU,105,73,checkpoint
69.57433986663818,ATTITUDE,30,40,checkpoint
69.57435703277588,ATTITUDE_QUATERNION,31,44,checkpoint
69.5744218826294,ATTITUDE_TARGET,83,48,checkpoint
69.574462890625,LOCAL_POSITION_NED,32,40,checkpoint
69.5744788646698,POSITION_TARGET_LOCAL_NED,85,63,checkpoint
69.58206701278687,GLOBAL_POSITION_INT,33,40,checkpoint
69.58213090896606,GPS_RAW_INT,24,56,checkpoint
69.58214688301086,POSITION_TARGET_GLOBAL_INT,87,63,checkpoint
69.58219194412231,GLOBAL_POSITION_INT,33,40,checkpoint
69.58225703239441,SERVO_OUTPUT_RAW,36,24,checkpoint
69.58601999282837,ATTITUDE,30,40,checkpoint
69.58609890937805,ATTITUDE,30,40,checkpoint
69.58616399765015,ATTITUDE_QUATERNION,31,44,checkpoint
69.59406685829163,TIMESYNC,111,25,checkpoint
69.59413695335388,HIGHRES_IMU,105,73,checkpoint
69.59414887428284,LOCAL_POSITION_NED,32,40,checkpoint
69.59416103363037,ATTITUDE,30,40,checkpoint
69.5941710472107,ALTITUDE,141,44,checkpoint
69.59418487548828,ODOMETRY,331,244,checkpoint
69.59418797492981,ATTITUDE_TARGET,83,48,checkpoint
69.59419202804565,ATTITUDE_QUATERNION,31,44,checkpoint
69.59419703483582,ATTITUDE_TARGET,83,48,checkpoint
69.59420800209045,POSITION_TARGET_LOCAL_NED,85,63,checkpoint
69.59421706199646,SERVO_OUTPUT_RAW,36,24,checkpoint
69.59421706199646,GPS_RAW_INT,24,56,checkpoint
69.5942280292511,VFR_HUD,74,31,checkpoint
69.59422898292542,LOCAL_POSITION_NED,32,40,checkpoint
69.59423899650574,POSITION_TARGET_LOCAL_NED,85,63,checkpoint
69.60204100608826,GLOBAL_POSITION_INT,33,40,checkpoint
69.60214900970459,GLOBAL_POSITION_INT,33,40,checkpoint
69.602215051651,SERVO_OUTPUT_RAW,36,24,checkpoint
69.60621404647827,ATTITUDE,30,40,checkpoint
69.6062159538269,ATTITUDE,30,40,checkpoint
69.60628008842468,ATTITUDE_QUATERNION,31,44,checkpoint
69.61408805847168,HIGHRES_IMU,105,74,checkpoint
69.61414408683777,ATTITUDE,30,40,checkpoint
69.61416101455688,ATTITUDE_QUATERNION,31,44,checkpoint
69.61417198181152,GPS_RAW_INT,24,56,checkpoint
69.61417698860168,ATTITUDE_TARGET,83,48,checkpoint
69.61419892311096,LOCAL_POSITION_NED,32,40,checkpoint
69.6142110824585,POSITION_TARGET_LOCAL_NED,85,63,checkpoint
69.62218403816223,GLOBAL_POSITION_INT,33,40,checkpoint
69.62226295471191,GLOBAL_POSITION_INT,33,40,checkpoint
69.62228989601135,SERVO_OUTPUT_RAW,36,24,checkpoint
69.62621808052063,ATTITUDE,30,40,checkpoint
69.62633895874023,ATTITUDE,30,40,checkpoint
69.62636089324951,ATTITUDE_QUATERNION,31,44,checkpoint
69.63009691238403,LOCAL_POSITION_NED,32,40,checkpoint
69.63016891479492,ODOMETRY,331,244,checkpoint
69.63408088684082,HIGHRES_IMU,105,74,checkpoint
69.63414287567139,ATTITUDE,30,40,checkpoint
69.63416004180908,ATTITUDE_QUATERNION,31,44,checkpoint
69.63418006896973,ATTITUDE_TARGET,83,48,checkpoint
69.63424897193909,LOCAL_POSITION_NED,32,40,checkpoint
69.63426089286804,POSITION_TARGET_LOCAL_NED,85,63,checkpoint
69.64208889007568,GLOBAL_POSITION_INT,33,40,checkpoint
69.64224886894226,GLOBAL_POSITION_INT,33,40,checkpoint
69.64227795600891,SERVO_OUTPUT_RAW,36,24,checkpoint
69.64610195159912,ATTITUDE,30,40,checkpoint
69.64618992805481,ATTITUDE,30,40,checkpoint
69.64625597000122,ATTITUDE_QUATERNION,31,44,checkpoint
69.64998698234558,GPS_RAW_INT,24,56,checkpoint
69.65423488616943,HIGHRES_IMU,105,74,checkpoint
69.65438508987427,ATTITUDE_TARGET,83,48,checkpoint
69.65441989898682,ATTITUDE,30,40,checkpoint
69.6544508934021,LOCAL_POSITION_NED,32,40,checkpoint
69.65446400642395,POSITION_TARGET_LOCAL_NED,85,63,checkpoint
69.65448498725891,ATTITUDE_QUATERNION,31,44,checkpoint
69.66213798522949,LOCAL_POSITION_NED,32,40,checkpoint
69.66220808029175,ODOMETRY,331,244,checkpoint
69.66222286224365,GLOBAL_POSITION_INT,33,40,checkpoint
69.66227102279663,GLOBAL_POSITION_INT,33,40,checkpoint
69.66229605674744,SERVO_OUTPUT_RAW,36,24,checkpoint
69.66609406471252,ATTITUDE,30,40,checkpoint
69.66621708869934,ATTITUDE,30,40,checkpoint
69.66628289222717,ATTITUDE_QUATERNION,31,44,checkpoint
69.67412495613098,HIGHRES_IMU,105,74,checkpoint
69.67418789863586,ATTITUDE,30,40,checkpoint
69.67420196533203,ATTITUDE_QUATERNION,31,44,checkpoint
69.67424201965332,ATTITUDE_TARGET,83,48,checkpoint
69.67432498931885,LOCAL_POSITION_NED,32,40,checkpoint
69.67433905601501,POSITION_TARGET_LOCAL_NED,85,63,checkpoint
69.68199706077576,GLOBAL_POSITION_INT,33,40,checkpoint
69.68201494216919,GPS_RAW_INT,24,56,checkpoint
69.6820240020752,POSITION_TARGET_GLOBAL_INT,87,63,checkpoint
69.6821060180664,GLOBAL_POSITION_INT,33,40,checkpoint
69.68212890625,SERVO_OUTPUT_RAW,36,24,checkpoint
69.68630790710449,ATTITUDE,30,40,checkpoint
69.68644785881042,ATTITUDE,30,40,checkpoint
69.68654704093933,ATTITUDE_QUATERNION,31,44,checkpoint
69.69406986236572,TIMESYNC,111,25,checkpoint
69.6941180229187,ATTITUDE_TARGET,83,48,checkpoint
69.69413685798645,HIGHRES_IMU,105,73,checkpoint
69.6941430568695,LOCAL_POSITION_NED,32,40,checkpoint
69.69414806365967,LOCAL_POSITION_NED,32,40,checkpoint
69.69415497779846,POSITION_TARGET_LOCAL_NED,85,63,checkpoint
69.6941590309143,ATTITUDE,30,40,checkpoint
69.69416809082031,ALTITUDE,141,44,checkpoint
69.6941819190979,ODOMETRY,331,244,checkpoint
69.69419193267822,ATTITUDE_QUATERNION,31,44,checkpoint
69.69420099258423,ATTITUDE_TARGET,83,48,checkpoint
69.6942138671875,POSITION_TARGET_LOCAL_NED,85,63,checkpoint
69.6942229270935,SERVO_OUTPUT_RAW,36,24,checkpoint
69.69423389434814,SYS_STATUS,1,52,checkpoint
69.69424295425415,VFR_HUD,74,31,checkpoint
69.70241689682007,GLOBAL_POSITION_INT,33,40,checkpoint
69.70249009132385,GLOBAL_POSITION_INT,33,40,checkpoint
69.7025818824768,SERVO_OUTPUT_RAW,36,24,checkpoint
69.70604801177979,ATTITUDE,30,40,checkpoint
69.70616102218628,ATTITUDE,30,40,checkpoint
69.706218957901,ATTITUDE_QUATERNION,31,44,checkpoint
69.71402788162231,HIGHRES_IMU,105,73,checkpoint
69.71409487724304,ATTITUDE,30,40,checkpoint
69.71411108970642,ATTITUDE_TARGET,83,48,checkpoint
69.71411204338074,ATTITUDE_QUATERNION,31,44,checkpoint
69.71412491798401,GPS_RAW_INT,24,56,checkpoint
69.71413898468018,LOCAL_POSITION_NED,32,40,checkpoint
69.71415090560913,POSITION_TARGET_LOCAL_NED,85,63,checkpoint
69.72207808494568,GLOBAL_POSITION_INT,33,40,checkpoint
69.72222995758057,GLOBAL_POSITION_INT,33,40,checkpoint
69.72225403785706,SERVO_OUTPUT_RAW,36,24,checkpoint
69.72616505622864,ATTITUDE,30,40,checkpoint
69.72630190849304,ATTITUDE,30,40,checkpoint
69.72636294364929,ATTITUDE_QUATERNION,31,44,checkpoint
69.73031497001648,LOCAL_POSITION_NED,32,40,checkpoint
69.7303409576416,ODOMETRY,331,244,checkpoint
69.73424696922302,HIGHRES_IMU,105,74,checkpoint
69.73431396484375,ATTITUDE,30,40,checkpoint
69.73432803153992,ATTITUDE_QUATERNION,31,44,checkpoint
69.73435497283936,ATTITUDE_TARGET,83,48,checkpoint
69.7344319820404,LOCAL_POSITION_NED,32,40,checkpoint
69.73444700241089,POSITION_TARGET_LOCAL_NED,85,63,checkpoint
69.7420380115509,GLOBAL_POSITION_INT,33,40,checkpoint
69.74220299720764,GLOBAL_POSITION_INT,33,40,checkpoint
69.7422468662262,SERVO_OUTPUT_RAW,36,24,checkpoint
69.74622988700867,ATTITUDE,30,40,checkpoint
69.74630689620972,GPS_RAW_INT,24,56,checkpoint
69.7463219165802,ATTITUDE,30,40,checkpoint
69.74635004997253,ATTITUDE_QUATERNION,31,44,checkpoint
69.75404691696167,HIGHRES_IMU,105,73,checkpoint
69.75411605834961,ATTITUDE,30,40,checkpoint
69.75413107872009,ATTITUDE_QUATERNION,31,44,checkpoint
69.75414204597473,ATTITUDE_TARGET,83,48,checkpoint
69.75418090820312,LOCAL_POSITION_NED,32,40,checkpoint
69.75419092178345,POSITION_TARGET_LOCAL_NED,85,63,checkpoint
69.7621579170227,LOCAL_POSITION_NED,32,40,checkpoint
69.76223301887512,ODOMETRY,331,244,checkpoint
69.76224899291992,GLOBAL_POSITION_INT,33,40,checkpoint
69.7622618675232,GLOBAL_POSITION_INT,33,40,checkpoint
69.76228785514832,SERVO_OUTPUT_RAW,36,24,checkpoint
69.76628398895264,ATTITUDE,30,40,checkpoint
69.7664749622345,ATTITUDE,30,40,checkpoint
69.76661992073059,ATTITUDE_QUATERNION,31,44,checkpoint
69.77412295341492,HIGHRES_IMU,105,74,checkpoint
69.7741858959198,ATTITUDE,30,40,checkpoint
69.7742030620575,ATTITUDE_QUATERNION,31,44,checkpoint
69.77421402931213,ATTITUDE_TARGET,83,48,checkpoint
69.77423787117004,LOCAL_POSITION_NED,32,40,checkpoint
69.77424907684326,POSITION_TARGET_LOCAL_NED,85,63,checkpoint
69.78274893760681,GLOBAL_POSITION_INT,33,40,checkpoint
69.78284692764282,GPS_RAW_INT,24,56,checkpoint
69.78286385536194,GLOBAL_POSITION_INT,33,40,checkpoint
69.78286790847778,POSITION_TARGET_GLOBAL_INT,87,63,checkpoint
69.78289198875427,SERVO_OUTPUT_RAW,36,24,checkpoint
69.78605389595032,ATTITUDE,30,40,checkpoint
69.78615808486938,ATTITUDE,30,40,checkpoint
69.78617191314697,ATTITUDE_QUATERNION,31,44,checkpoint
69.79417586326599,TIMESYNC,111,25,checkpoint
69.79423904418945,HIGHRES_IMU,105,74,checkpoint
69.79424691200256,LOCAL_POSITION_NED,32,40,checkpoint
69.79425406455994,ATTITUDE,30,40,checkpoint
69.79426002502441,ALTITUDE,141,44,checkpoint
69.79427099227905,ODOMETRY,331,244,checkpoint
69.79428100585938,ATTITUDE_QUATERNION,31,44,checkpoint
69.79429006576538,ATTITUDE_TARGET,83,48,checkpoint
69.7943069934845,POSITION_TARGET_LOCAL_NED,85,63,checkpoint
69.79431700706482,SERVO_OUTPUT_RAW,36,24,checkpoint
69.79431891441345,HEARTBEAT,0,21,checkpoint
69.79432797431946,VFR_HUD,74,31,checkpoint
69.79433989524841,ALTITUDE,141,44,checkpoint
69.79434895515442,ATTITUDE_TARGET,83,48,checkpoint
69.79435896873474,BATTERY_STATUS,147,53,checkpoint
69.79436707496643,UNKNOWN_436,-2,21,checkpoint
69.79437899589539,ESTIMATOR_STATUS,230,54,checkpoint
69.79438805580139,EXTENDED_SYS_STATE,245,14,checkpoint
69.79439687728882,GPS_RAW_INT,24,56,checkpoint
69.79440593719482,HOME_POSITION,242,67,checkpoint
69.79441499710083,LOCAL_POSITION_NED,32,40,checkpoint
69.79442691802979,OPEN_DRONE_ID_LOCATION,12901,70,checkpoint
69.79443502426147,OPEN_DRONE_ID_SYSTEM,12904,37,checkpoint
69.79444408416748,POSITION_TARGET_LOCAL_NED,85,63,checkpoint
69.79445385932922,SCALED_PRESSURE,29,26,checkpoint
69.79446387290955,SYS_STATUS,1,52,checkpoint
69.79447293281555,VFR_HUD,74,31,checkpoint
69.79448199272156,UNKNOWN_8,-2,33,checkpoint
69.80209708213806,GLOBAL_POSITION_INT,33,40,checkpoint
69.80222296714783,GLOBAL_POSITION_INT,33,40,checkpoint
69.80226492881775,SERVO_OUTPUT_RAW,36,24,checkpoint
69.80609893798828,ATTITUDE,30,40,checkpoint
69.80619406700134,ATTITUDE,30,40,checkpoint
69.80625486373901,ATTITUDE_QUATERNION,31,44,checkpoint
69.81421899795532,HIGHRES_IMU,105,73,checkpoint
69.8142409324646,ATTITUDE,30,40,checkpoint
69.81426095962524,ATTITUDE_TARGET,83,48,checkpoint
69.81428909301758,LOCAL_POSITION_NED,32,40,checkpoint
69.81430292129517,POSITION_TARGET_LOCAL_NED,85,63,checkpoint
69.81433892250061,ATTITUDE_QUATERNION,31,44,checkpoint
69.81436204910278,GPS_RAW_INT,24,56,checkpoint
69.82199192047119,GLOBAL_POSITION_INT,33,40,checkpoint
69.82209992408752,GLOBAL_POSITION_INT,33,40,checkpoint
69.82212591171265,SERVO_OUTPUT_RAW,36,24,checkpoint
69.82620787620544,ATTITUDE,30,40,checkpoint
69.82634997367859,ATTITUDE,30,40,checkpoint
69.82636785507202,ATTITUDE_QUATERNION,31,44,checkpoint
69.83007407188416,LOCAL_POSITION_NED,32,40,checkpoint
69.830148935318,ODOMETRY,331,244,checkpoint
69.8340220451355,HIGHRES_IMU,105,73,checkpoint
69.83408808708191,ATTITUDE,30,40,checkpoint
69.83410501480103,ATTITUDE_QUATERNION,31,44,checkpoint
69.83411693572998,ATTITUDE_TARGET,83,48,checkpoint
69.83418488502502,LOCAL_POSITION_NED,32,40,checkpoint
69.83419799804688,POSITION_TARGET_LOCAL_NED,85,63,checkpoint
69.84230589866638,GLOBAL_POSITION_INT,33,40,checkpoint
69.84244108200073,GLOBAL_POSITION_INT,33,40,checkpoint
69.84251809120178,SERVO_OUTPUT_RAW,36,24,checkpoint
69.84605002403259,ATTITUDE,30,40,checkpoint
69.84612107276917,GPS_RAW_INT,24,56,checkpoint
69.84613704681396,ATTITUDE,30,40,checkpoint
69.84619903564453,ATTITUDE_QUATERNION,31,44,checkpoint
69.85408091545105,HIGHRES_IMU,105,74,checkpoint
69.85415005683899,ATTITUDE,30,40,checkpoint
69.8541669845581,ATTITUDE_QUATERNION,31,44,checkpoint
69.85421395301819,ATTITUDE_TARGET,83,48,checkpoint
69.85424399375916,LOCAL_POSITION_NED,32,40,checkpoint
69.8542549610138,POSITION_TARGET_LOCAL_NED,85,63,checkpoint
69.86213088035583,LOCAL_POSITION_NED,32,40,checkpoint
69.86220002174377,ODOMETRY,331,244,checkpoint
69.86221599578857,GLOBAL_POSITION_INT,33,40,checkpoint
69.86222386360168,GLOBAL_POSITION_INT,33,40,checkpoint
69.86229586601257,SERVO_OUTPUT_RAW,36,24,checkpoint
69.86615586280823,ATTITUDE,30,40,checkpoint
69.8662588596344,ATTITUDE,30,40,checkpoint
69.86632585525513,ATTITUDE_QUATERNION,31,44,checkpoint
69.87440204620361,HIGHRES_IMU,105,73,checkpoint
69.87451601028442,ATTITUDE_TARGET,83,48,checkpoint
69.87452507019043,ATTITUDE,30,40,checkpoint
69.87454795837402,ATTITUDE_QUATERNION,31,44,checkpoint
69.87461590766907,LOCAL_POSITION_NED,32,40,checkpoint
69.8746280670166,POSITION_TARGET_LOCAL_NED,85,63,checkpoint
69.87802696228027,GPS_RAW_INT,24,56,checkpoint
69.88198590278625,GLOBAL_POSITION_INT,33,40,checkpoint
69.8820469379425,POSITION_TARGET_GLOBAL_INT,87,63,checkpoint
69.88210892677307,GLOBAL_POSITION_INT,33,40,checkpoint
69.88217687606812,SERVO_OUTPUT_RAW,36,24,checkpoint
69.88613891601562,ATTITUDE,30,40,checkpoint
69.88628792762756,ATTITUDE,30,40,checkpoint
69.88635301589966,ATTITUDE_QUATERNION,31,44,checkpoint
69.8863799571991,UNKNOWN_411,-2,13,checkpoint
69.89407396316528,TIMESYNC,111,25,checkpoint
69.89414191246033,HIGHRES_IMU,105,73,checkpoint
69.89415407180786,LOCAL_POSITION_NED,32,40,checkpoint
69.89416408538818,ATTITUDE,30,40,checkpoint
69.89417290687561,ALTITUDE,141,44,checkpoint
69.89418601989746,ODOMETRY,331,244,checkpoint
69.89419603347778,ATTITUDE_QUATERNION,31,44,checkpoint
69.8942060470581,ATTITUDE_TARGET,83,48,checkpoint
69.8942198753357,POSITION_TARGET_LOCAL_NED,85,63,checkpoint
69.89422798156738,ATTITUDE_TARGET,83,48,checkpoint
69.89422988891602,SERVO_OUTPUT_RAW,36,24,checkpoint
69.89424085617065,SYS_STATUS,1,52,checkpoint
69.89425086975098,VFR_HUD,74,31,checkpoint
69.89425897598267,LOCAL_POSITION_NED,32,40,checkpoint
69.89427208900452,POSITION_TARGET_LOCAL_NED,85,63,checkpoint
69.9023048877716,GLOBAL_POSITION_INT,33,40,checkpoint
69.90231585502625,GLOBAL_POSITION_INT,33,40,checkpoint
69.90234398841858,SERVO_OUTPUT_RAW,36,24,checkpoint
69.90639901161194,ATTITUDE,30,40,checkpoint
69.90652108192444,ATTITUDE,30,40,checkpoint
69.90661597251892,ATTITUDE_QUATERNION,31,44,checkpoint
69.9140510559082,HIGHRES_IMU,105,74,checkpoint
69.91411304473877,ATTITUDE,30,40,checkpoint
69.91412806510925,ATTITUDE_QUATERNION,31,44,checkpoint
69.91413307189941,ATTITUDE_TARGET,83,48,checkpoint
69.91414093971252,GPS_RAW_INT,24,56,checkpoint
69.91416096687317,LOCAL_POSITION_NED,32,40,checkpoint
69.91417288780212,POSITION_TARGET_LOCAL_NED,85,63,checkpoint
69.92219805717468,GLOBAL_POSITION_INT,33,40,checkpoint
69.92238903045654,GLOBAL_POSITION_INT,33,40,checkpoint
69.92245507240295,SERVO_OUTPUT_RAW,36,24,checkpoint
69.92617106437683,ATTITUDE,30,40,checkpoint
69.92628908157349,ATTITUDE,30,40,checkpoint
69.92630791664124,ATTITUDE_QUATERNION,31,44,checkpoint
69.93001890182495,LOCAL_POSITION_NED,32,40,checkpoint
69.93008208274841,ODOMETRY,331,244,checkpoint
69.93432593345642,HIGHRES_IMU,105,74,checkpoint
69.93435406684875,ATTITUDE,30,40,checkpoint
69.93436908721924,ATTITUDE_QUATERNION,31,44,checkpoint
69.9345030784607,ATTITUDE_TARGET,83,48,checkpoint
69.93460702896118,LOCAL_POSITION_NED,32,40,checkpoint
69.93472790718079,POSITION_TARGET_LOCAL_NED,85,63,checkpoint
69.94213604927063,GLOBAL_POSITION_INT,33,40,checkpoint
69.94220995903015,GLOBAL_POSITION_INT,33,40,checkpoint
69.94233393669128,SERVO_OUTPUT_RAW,36,24,checkpoint
69.94600296020508,ATTITUDE,30,40,checkpoint
69.94606399536133,GPS_RAW_INT,24,56,checkpoint
69.94611692428589,ATTITUDE,30,40,checkpoint
69.94618391990662,ATTITUDE_QUATERNION,31,44,checkpoint
69.95406007766724,HIGHRES_IMU,105,73,checkpoint
69.95414185523987,ATTITUDE,30,40,checkpoint
69.95415592193604,ATTITUDE_QUATERNION,31,44,checkpoint
69.954176902771,ATTITUDE_TARGET,83,48,checkpoint
69.95424294471741,LOCAL_POSITION_NED,32,40,checkpoint
69.95425701141357,POSITION_TARGET_LOCAL_NED,85,63,checkpoint
69.96200704574585,LOCAL_POSITION_NED,32,40,checkpoint
69.96206998825073,ODOMETRY,331,244,checkpoint
69.962082862854,GLOBAL_POSITION_INT,33,40,checkpoint
69.96212196350098,GLOBAL_POSITION_INT,33,40,checkpoint
69.96215200424194,SERVO_OUTPUT_RAW,36,24,checkpoint
69.96611499786377,ATTITUDE,30,40,checkpoint
69.96619200706482,ATTITUDE,30,40,checkpoint
69.96625804901123,ATTITUDE_QUATERNION,31,44,checkpoint
69.97406601905823,HIGHRES_IMU,105,74,checkpoint
69.97413086891174,ATTITUDE,30,40,checkpoint
69.97414803504944,ATTITUDE_QUATERNION,31,44,checkpoint
69.97420406341553,ATTITUDE_TARGET,83,48,checkpoint
69.97422790527344,LOCAL_POSITION_NED,32,40,checkpoint
69.97423887252808,POSITION_TARGET_LOCAL_NED,85,63,checkpoint
69.97801303863525,GPS_RAW_INT,24,56,checkpoint
69.98225593566895,GLOBAL_POSITION_INT,33,40,checkpoint
69.98229002952576,POSITION_TARGET_GLOBAL_INT,87,63,checkpoint
69.9823169708252,GLOBAL_POSITION_INT,33,40,checkpoint
69.98235297203064,SERVO_OUTPUT_RAW,36,24,checkpoint
69.98609685897827,ATTITUDE,30,40,checkpoint
69.98621201515198,ATTITUDE,30,40,checkpoint
69.98627996444702,ATTITUDE_QUATERNION,31,44,checkpoint
69.99404501914978,TIMESYNC,111,25,checkpoint
69.99411106109619,HIGHRES_IMU,105,73,checkpoint
69.99412298202515,LOCAL_POSITION_NED,32,40,checkpoint
69.99413299560547,ATTITUDE,30,40,checkpoint
69.99414086341858,ALTITUDE,141,44,checkpoint
69.99414896965027,ATTITUDE_TARGET,83,48,checkpoint
69.99415493011475,ODOMETRY,331,244,checkpoint
69.99416399002075,ATTITUDE_QUATERNION,31,44,checkpoint
69.99417304992676,ATTITUDE_TARGET,83,48,checkpoint
69.99417805671692,GPS_RAW_INT,24,56,checkpoint
69.99418592453003,POSITION_TARGET_LOCAL_NED,85,63,checkpoint
69.99418902397156,LOCAL_POSITION_NED,32,40,checkpoint
69.99419593811035,SERVO_OUTPUT_RAW,36,24,checkpoint
69.99419903755188,POSITION_TARGET_LOCAL_NED,85,63,checkpoint
69.99420595169067,VFR_HUD,74,31,checkpoint
70.00207090377808,GLOBAL_POSITION_INT,33,40,checkpoint
70.00214099884033,GLOBAL_POSITION_INT,33,40,checkpoint
70.00216507911682,SERVO_OUTPUT_RAW,36,24,checkpoint
70.00603985786438,ATTITUDE,30,40,checkpoint
70.00616693496704,ATTITUDE,30,40,checkpoint
70.00623106956482,ATTITUDE_QUATERNION,31,44,checkpoint
70.01007103919983,GPS_RAW_INT,24,56,checkpoint
70.01424503326416,HIGHRES_IMU,105,73,checkpoint
70.01433086395264,ATTITUDE_TARGET,83,48,checkpoint
70.01433491706848,ATTITUDE,30,40,checkpoint
70.01435208320618,ATTITUDE_QUATERNION,31,44,checkpoint
70.01436805725098,LOCAL_POSITION_NED,32,40,checkpoint
70.01440095901489,POSITION_TARGET_LOCAL_NED,85,63,checkpoint
70.02210903167725,GLOBAL_POSITION_INT,33,40,checkpoint
70.02227091789246,GLOBAL_POSITION_INT,33,40,checkpoint
70.0223400592804,SERVO_OUTPUT_RAW,36,24,checkpoint
70.02606987953186,ATTITUDE,30,40,checkpoint
70.02618288993835,ATTITUDE,30,40,checkpoint
70.02624702453613,ATTITUDE_QUATERNION,31,44,checkpoint
70.03020191192627,LOCAL_POSITION_NED,32,40,checkpoint
70.03028988838196,ODOMETRY,331,244,checkpoint
70.03406691551208,HIGHRES_IMU,105,74,checkpoint
70.03412795066833,ATTITUDE,30,40,checkpoint
70.03414487838745,ATTITUDE_QUATERNION,31,44,checkpoint
70.0341808795929,ATTITUDE_TARGET,83,48,checkpoint
70.034264087677,LOCAL_POSITION_NED,32,40,checkpoint
70.03427600860596,POSITION_TARGET_LOCAL_NED,85,63,checkpoint
70.0420310497284,GLOBAL_POSITION_INT,33,40,checkpoint
70.04209995269775,GLOBAL_POSITION_INT,33,40,checkpoint
70.04212689399719,SERVO_OUTPUT_RAW,36,24,checkpoint
70.04633688926697,ATTITUDE,30,40,checkpoint
70.04648399353027,GPS_RAW_INT,24,56,checkpoint
70.04649186134338,ATTITUDE,30,40,checkpoint
70.04661393165588,ATTITUDE_QUATERNION,31,44,checkpoint
70.04664707183838,VFR_HUD,74,31,checkpoint
70.05405902862549,HIGHRES_IMU,105,74,checkpoint
70.05412197113037,ATTITUDE,30,40,checkpoint
70.05413794517517,ATTITUDE_QUATERNION,31,44,checkpoint
70.0541639328003,ATTITUDE_TARGET,83,48,checkpoint
70.05419301986694,LOCAL_POSITION_NED,32,40,checkpoint
70.05420398712158,POSITION_TARGET_LOCAL_NED,85,63,checkpoint
70.0622010231018,LOCAL_POSITION_NED,32,40,checkpoint
70.06231999397278,ODOMETRY,331,244,checkpoint
70.06233787536621,GLOBAL_POSITION_INT,33,40,checkpoint
70.06237292289734,GLOBAL_POSITION_INT,33,40,checkpoint
70.06240701675415,SERVO_OUTPUT_RAW,36,24,checkpoint
70.0660629272461,ATTITUDE,30,40,checkpoint
70.06614995002747,ATTITUDE,30,40,checkpoint
70.06621599197388,ATTITUDE_QUATERNION,31,44,checkpoint
70.07406187057495,HIGHRES_IMU,105,74,checkpoint
70.07408595085144,ATTITUDE,30,40,checkpoint
70.07410097122192,ATTITUDE_QUATERNION,31,44,checkpoint
70.07423806190491,ATTITUDE_TARGET,83,48,checkpoint
70.0743100643158,LOCAL_POSITION_NED,32,40,checkpoint
70.07432198524475,POSITION_TARGET_LOCAL_NED,85,63,checkpoint
70.07821893692017,GPS_RAW_INT,24,56,checkpoint
70.0784900188446,HEARTBEAT,0,21,checkpoint
70.08208990097046,GLOBAL_POSITION_INT,33,40,checkpoint
70.08215498924255,POSITION_TARGET_GLOBAL_INT,87,63,checkpoint
70.08215808868408,GLOBAL_POSITION_INT,33,40,checkpoint
70.08222699165344,SERVO_OUTPUT_RAW,36,24,checkpoint
70.08224105834961,HEARTBEAT,0,21,checkpoint
70.08607792854309,ATTITUDE,30,40,checkpoint
70.08619689941406,ATTITUDE,30,40,checkpoint
70.08622097969055,ATTITUDE_QUATERNION,31,44,checkpoint
70.09022402763367,UNKNOWN_380,-2,32,checkpoint
70.09035801887512,UNKNOWN_380,-2,32,checkpoint
70.09420204162598,HEARTBEAT,0,21,checkpoint
70.09426689147949,TIMESYNC,111,25,checkpoint
70.09428286552429,HIGHRES_IMU,105,74,checkpoint
70.09429287910461,LOCAL_POSITION_NED,32,40,checkpoint
70.09430289268494,ATTITUDE,30,40,checkpoint
70.09430503845215,ATTITUDE_TARGET,83,48,checkpoint
70.094309091568,ALTITUDE,141,44,checkpoint
70.0943169593811,ODOMETRY,331,244,checkpoint
70.09432601928711,ATTITUDE_QUATERNION,31,44,checkpoint
70.09433197975159,ATTITUDE_TARGET,83,48,checkpoint
70.09433507919312,LOCAL_POSITION_NED,32,40,checkpoint
70.09434294700623,BATTERY_STATUS,147,53,checkpoint
70.09434604644775,POSITION_TARGET_LOCAL_NED,85,63,checkpoint
70.09435200691223,UNKNOWN_436,-2,21,checkpoint
70.09436106681824,ESTIMATOR_STATUS,230,54,checkpoint
70.09436893463135,EXTENDED_SYS_STATE,245,14,checkpoint
70.09437990188599,HOME_POSITION,242,67,checkpoint
70.09439086914062,OPEN_DRONE_ID_LOCATION,12901,70,checkpoint
70.09439897537231,OPEN_DRONE_ID_SYSTEM,12904,37,checkpoint
70.09440803527832,PING,4,21,checkpoint
70.09441685676575,POSITION_TARGET_LOCAL_NED,85,63,checkpoint
70.09442687034607,SCALED_PRESSURE,29,26,checkpoint
70.09443593025208,SERVO_OUTPUT_RAW,36,24,checkpoint
70.0944459438324,SYS_STATUS,1,52,checkpoint
70.09445405006409,SYSTEM_TIME,2,23,checkpoint
70.09446406364441,VFR_HUD,74,31,checkpoint
70.09447288513184,VIBRATION,241,32,checkpoint
70.09448194503784,UNKNOWN_8,-2,33,checkpoint
70.0961320400238,PING,4,26,checkpoint
70.1020610332489,GLOBAL_POSITION_INT,33,40,checkpoint
70.10215997695923,GLOBAL_POSITION_INT,33,40,checkpoint
70.10224604606628,SERVO_OUTPUT_RAW,36,24,checkpoint
70.1062068939209,ATTITUDE,30,40,checkpoint
70.10628294944763,ATTITUDE,30,40,checkpoint
70.10630702972412,ATTITUDE_QUATERNION,31,44,checkpoint
70.11008286476135,GPS_RAW_INT,24,56,checkpoint
70.11402201652527,HIGHRES_IMU,105,73,checkpoint
70.1140809059143,ATTITUDE,30,40,checkpoint
70.114098072052,ATTITUDE_QUATERNION,31,44,checkpoint
70.11412787437439,ATTITUDE_TARGET,83,48,checkpoint
70.11419892311096,LOCAL_POSITION_NED,32,40,checkpoint
70.11421203613281,POSITION_TARGET_LOCAL_NED,85,63,checkpoint
70.12046885490417,HEARTBEAT,0,21,checkpoint
70.12228488922119,GLOBAL_POSITION_INT,33,40,checkpoint
70.122318983078,HEARTBEAT,0,21,checkpoint
70.12234401702881,GLOBAL_POSITION_INT,33,40,checkpoint
70.12242197990417,SERVO_OUTPUT_RAW,36,24,checkpoint
70.12613892555237,ATTITUDE,30,40,checkpoint
70.12622499465942,ATTITUDE,30,40,checkpoint
70.12628698348999,ATTITUDE_QUATERNION,31,44,checkpoint
70.13005900382996,LOCAL_POSITION_NED,32,40,checkpoint
70.130117893219,ODOMETRY,331,244,checkpoint
70.13406705856323,HIGHRES_IMU,105,73,checkpoint
70.13414096832275,ATTITUDE,30,40,checkpoint
70.13415908813477,ATTITUDE_QUATERNION,31,44,checkpoint
70.1341769695282,ATTITUDE_TARGET,83,48,checkpoint
70.13420796394348,LOCAL_POSITION_NED,32,40,checkpoint
70.13422107696533,POSITION_TARGET_LOCAL_NED,85,63,checkpoint
70.14203405380249,GLOBAL_POSITION_INT,33,40,checkpoint
70.14209604263306,GPS_RAW_INT,24,56,checkpoint
70.14209985733032,GLOBAL_POSITION_INT,33,40,checkpoint
70.14212489128113,SERVO_OUTPUT_RAW,36,24,checkpoint
70.14622092247009,ATTITUDE,30,40,checkpoint
70.1463508605957,ATTITUDE,30,40,checkpoint
70.14642286300659,ATTITUDE_QUATERNION,31,44,checkpoint
70.15424799919128,HIGHRES_IMU,105,74,checkpoint
70.15427303314209,ATTITUDE,30,40,checkpoint
70.15427899360657,ATTITUDE_TARGET,83,48,checkpoint
70.15428686141968,ATTITUDE_QUATERNION,31,44,checkpoint
70.1543459892273,LOCAL_POSITION_NED,32,40,checkpoint
70.15435791015625,POSITION_TARGET_LOCAL_NED,85,63,checkpoint
70.16208600997925,LOCAL_POSITION_NED,32,40,checkpoint
70.16216087341309,ODOMETRY,331,244,checkpoint
70.16217589378357,GLOBAL_POSITION_INT,33,40,checkpoint
70.16218900680542,GLOBAL_POSITION_INT,33,40,checkpoint
70.16221690177917,SERVO_OUTPUT_RAW,36,24,checkpoint
70.16599488258362,ATTITUDE,30,40,checkpoint
70.16613698005676,ATTITUDE,30,40,checkpoint
70.16619896888733,ATTITUDE_QUATERNION,31,44,checkpoint
70.1740870475769,HIGHRES_IMU,105,73,checkpoint
70.17411398887634,ATTITUDE,30,40,checkpoint
70.17412900924683,ATTITUDE_QUATERNION,31,44,checkpoint

91.4014720916748,GLOBAL_POSITION_INT,33,40,other
91.4015429019928,GPS_RAW_INT,24,56,other
91.4016649723053,GLOBAL_POSITION_INT,33,40,other
91.40169095993042,SERVO_OUTPUT_RAW,36,24,other
91.4052369594574,ATTITUDE,30,40,other
91.40533494949341,ATTITUDE,30,40,other
91.40535402297974,ATTITUDE_QUATERNION,31,44,other
91.40911793708801,LOCAL_POSITION_NED,32,40,other
91.40918302536011,ODOMETRY,331,244,other
91.413419008255,ATTITUDE_TARGET,83,48,other
91.41342806816101,HIGHRES_IMU,105,73,other
91.41349196434021,LOCAL_POSITION_NED,32,40,other
91.4135000705719,ATTITUDE,30,40,other
91.41350388526917,POSITION_TARGET_LOCAL_NED,85,63,other
91.41351795196533,ATTITUDE_QUATERNION,31,44,other
91.4211778640747,GLOBAL_POSITION_INT,33,40,other
91.42131686210632,GLOBAL_POSITION_INT,33,40,other
91.42138385772705,SERVO_OUTPUT_RAW,36,24,other
91.42512488365173,ATTITUDE,30,40,other
91.42518186569214,ATTITUDE,30,40,other
91.42524695396423,ATTITUDE_QUATERNION,31,44,other
91.43367505073547,HIGHRES_IMU,105,74,other
91.43378186225891,ATTITUDE,30,40,other
91.4337968826294,ATTITUDE_QUATERNION,31,44,other
91.43380403518677,ATTITUDE_TARGET,83,48,other
91.43380904197693,GPS_RAW_INT,24,56,other
91.4338390827179,LOCAL_POSITION_NED,32,40,other
91.4338538646698,POSITION_TARGET_LOCAL_NED,85,63,other
91.44112086296082,LOCAL_POSITION_NED,32,40,other
91.44118094444275,ODOMETRY,331,244,other
91.44119596481323,GLOBAL_POSITION_INT,33,40,other
91.44122791290283,GLOBAL_POSITION_INT,33,40,other
91.44125509262085,SERVO_OUTPUT_RAW,36,24,other
91.44525098800659,ATTITUDE,30,40,other
91.44533896446228,ATTITUDE,30,40,other
91.44539999961853,ATTITUDE_QUATERNION,31,44,other
91.4531638622284,HIGHRES_IMU,105,73,other
91.45323300361633,ATTITUDE,30,40,other
91.45324993133545,ATTITUDE_QUATERNION,31,44,other
91.45334100723267,ATTITUDE_TARGET,83,48,other
91.45341205596924,LOCAL_POSITION_NED,32,40,other
91.45342588424683,POSITION_TARGET_LOCAL_NED,85,63,other
91.46124386787415,GLOBAL_POSITION_INT,33,40,other
91.4613049030304,POSITION_TARGET_GLOBAL_INT,87,63,other
91.46133708953857,GLOBAL_POSITION_INT,33,40,other
91.46140599250793,SERVO_OUTPUT_RAW,36,24,other
91.46528601646423,ATTITUDE,30,40,other
91.46536993980408,ATTITUDE,30,40,other
91.46543908119202,ATTITUDE_QUATERNION,31,44,other
91.46916699409485,GPS_RAW_INT,24,56,other
91.47312998771667,TIMESYNC,111,25,other
91.47319102287292,HIGHRES_IMU,105,73,other
91.47320199012756,LOCAL_POSITION_NED,32,40,other
91.47321200370789,ATTITUDE,30,40,other
91.47322106361389,ALTITUDE,141,44,other
91.47323298454285,ODOMETRY,331,244,other
91.47323703765869,HEARTBEAT,0,21,other
91.47324204444885,ATTITUDE_QUATERNION,31,44,other
91.47325086593628,ATTITUDE_TARGET,83,48,other
91.4732620716095,ALTITUDE,141,44,other
91.47326493263245,POSITION_TARGET_LOCAL_NED,85,63,other
91.47327208518982,ATTITUDE_TARGET,83,48,other
91.47327494621277,SERVO_OUTPUT_RAW,36,24,other
91.47328495979309,VFR_HUD,74,31,other
91.47328495979309,EXTENDED_SYS_STATE,245,14,other
91.47329497337341,GPS_RAW_INT,24,56,other
91.47330594062805,LOCAL_POSITION_NED,32,40,other
91.473317861557,OPEN_DRONE_ID_LOCATION,12901,70,other
91.47332787513733,OPEN_DRONE_ID_SYSTEM,12904,37,other
91.47333788871765,POSITION_TARGET_LOCAL_NED,85,63,other
91.47334694862366,SCALED_PRESSURE,29,26,other
91.47335696220398,SYS_STATUS,1,52,other
91.47336602210999,VFR_HUD,74,31,other
91.4733738899231,UNKNOWN_8,-2,33,other
91.48124885559082,GLOBAL_POSITION_INT,33,40,other
91.48131990432739,GLOBAL_POSITION_INT,33,40,other
91.48137903213501,SERVO_OUTPUT_RAW,36,24,other
91.48516392707825,ATTITUDE,30,40,other
91.48528599739075,ATTITUDE,30,40,other
91.48534893989563,ATTITUDE_QUATERNION,31,44,other
91.4932689666748,HIGHRES_IMU,105,74,other
91.49334502220154,ATTITUDE,30,40,other
91.49336004257202,ATTITUDE_QUATERNION,31,44,other
91.49336504936218,ATTITUDE_TARGET,83,48,other
91.49341702461243,LOCAL_POSITION_NED,32,40,other
91.4934298992157,POSITION_TARGET_LOCAL_NED,85,63,other
91.50124788284302,GLOBAL_POSITION_INT,33,40,other
91.50131487846375,GPS_RAW_INT,24,56,other
91.5013530254364,GLOBAL_POSITION_INT,33,40,other
91.50144600868225,SERVO_OUTPUT_RAW,36,24,other
91.50529909133911,ATTITUDE,30,40,other
91.50556302070618,ATTITUDE,30,40,other
91.50563287734985,ATTITUDE_QUATERNION,31,44,other
91.50941801071167,LOCAL_POSITION_NED,32,40,other
91.50951385498047,ODOMETRY,331,244,other
91.51319789886475,HIGHRES_IMU,105,74,other
91.51327395439148,ATTITUDE,30,40,other
91.51329207420349,ATTITUDE_QUATERNION,31,44,other
91.51330590248108,ATTITUDE_TARGET,83,48,other
91.51337695121765,LOCAL_POSITION_NED,32,40,other
91.51339101791382,POSITION_TARGET_LOCAL_NED,85,63,other
91.52124500274658,GLOBAL_POSITION_INT,33,40,other
91.52137207984924,GLOBAL_POSITION_INT,33,40,other
91.52140188217163,SERVO_OUTPUT_RAW,36,24,other
91.52567887306213,ATTITUDE,30,40,other
91.52590203285217,ATTITUDE,30,40,other
91.52602505683899,ATTITUDE_QUATERNION,31,44,other
91.53322100639343,HIGHRES_IMU,105,73,other
91.53328704833984,ATTITUDE,30,40,other
91.5332989692688,ATTITUDE_QUATERNION,31,44,other
91.53330397605896,ATTITUDE_TARGET,83,48,other
91.53333306312561,LOCAL_POSITION_NED,32,40,other
91.53334307670593,POSITION_TARGET_LOCAL_NED,85,63,other
91.53342008590698,GPS_RAW_INT,24,56,other
91.54136204719543,LOCAL_POSITION_NED,32,40,other
91.54140186309814,GLOBAL_POSITION_INT,33,40,other
91.54143404960632,SERVO_OUTPUT_RAW,36,24,other
91.54143404960632,ODOMETRY,331,244,other
91.54145097732544,GLOBAL_POSITION_INT,33,40,other
91.54515194892883,ATTITUDE,30,40,other
91.54526686668396,ATTITUDE,30,40,other
91.54533004760742,ATTITUDE_QUATERNION,31,44,other
91.55334091186523,ATTITUDE_TARGET,83,48,other
91.55335807800293,HIGHRES_IMU,105,74,other
91.55337500572205,LOCAL_POSITION_NED,32,40,other
91.55338501930237,ATTITUDE,30,40,other
91.55338788032532,POSITION_TARGET_LOCAL_NED,85,63,other
91.55339908599854,ATTITUDE_QUATERNION,31,44,other
91.56121802330017,GLOBAL_POSITION_INT,33,40,other
91.56128787994385,POSITION_TARGET_GLOBAL_INT,87,63,other
91.56132388114929,GLOBAL_POSITION_INT,33,40,other
91.56134986877441,SERVO_OUTPUT_RAW,36,24,other
91.5651319026947,ATTITUDE,30,40,other
91.56519794464111,GPS_RAW_INT,24,56,other
91.5652449131012,ATTITUDE,30,40,other
91.56531190872192,ATTITUDE_QUATERNION,31,44,other
91.57326793670654,TIMESYNC,111,25,other
91.57333707809448,HIGHRES_IMU,105,73,other
91.57334995269775,LOCAL_POSITION_NED,32,40,other
91.57335996627808,ATTITUDE,30,40,other
91.5733699798584,ALTITUDE,141,44,other
91.57338404655457,ODOMETRY,331,244,other
91.57339406013489,ATTITUDE_QUATERNION,31,44,other
91.57340288162231,ATTITUDE_TARGET,83,48,other
91.57341694831848,POSITION_TARGET_LOCAL_NED,85,63,other
91.5734269618988,SERVO_OUTPUT_RAW,36,24,other
91.57343792915344,SYS_STATUS,1,52,other
91.57344698905945,VFR_HUD,74,31,other
91.57461786270142,ATTITUDE_TARGET,83,48,other
91.57468605041504,LOCAL_POSITION_NED,32,40,other
91.574697971344,POSITION_TARGET_LOCAL_NED,85,63,other
91.58152890205383,GLOBAL_POSITION_INT,33,40,other
91.58167600631714,GLOBAL_POSITION_INT,33,40,other
91.5817289352417,SERVO_OUTPUT_RAW,36,24,other
91.58549094200134,ATTITUDE,30,40,other
91.58555388450623,ATTITUDE,30,40,other
91.58563208580017,ATTITUDE_QUATERNION,31,44,other
91.59326386451721,HIGHRES_IMU,105,73,other
91.59335899353027,ATTITUDE,30,40,other
91.59336495399475,ATTITUDE_TARGET,83,48,other
91.59337496757507,ATTITUDE_QUATERNION,31,44,other
91.59339308738708,LOCAL_POSITION_NED,32,40,other
91.59340500831604,POSITION_TARGET_LOCAL_NED,85,63,other
91.60142087936401,GLOBAL_POSITION_INT,33,40,other
91.6014928817749,GPS_RAW_INT,24,56,other
91.6015100479126,GLOBAL_POSITION_INT,33,40,other
91.60163998603821,SERVO_OUTPUT_RAW,36,24,other
91.60532093048096,ATTITUDE,30,40,other
91.60542607307434,ATTITUDE,30,40,other
91.60549592971802,ATTITUDE_QUATERNION,31,44,other
91.60923385620117,LOCAL_POSITION_NED,32,40,other
91.60930395126343,ODOMETRY,331,244,other
91.61311888694763,HIGHRES_IMU,105,74,other
91.61317586898804,ATTITUDE,30,40,other
91.61319208145142,ATTITUDE_QUATERNION,31,44,other
91.61321496963501,ATTITUDE_TARGET,83,48,other
91.6132869720459,LOCAL_POSITION_NED,32,40,other
91.61330199241638,POSITION_TARGET_LOCAL_NED,85,63,other
91.62121891975403,GLOBAL_POSITION_INT,33,40,other
91.62131690979004,GLOBAL_POSITION_INT,33,40,other
91.62138795852661,SERVO_OUTPUT_RAW,36,24,other
91.62522792816162,ATTITUDE,30,40,other
91.62530303001404,ATTITUDE,30,40,other
91.62533187866211,ATTITUDE_QUATERNION,31,44,other
91.63343501091003,HIGHRES_IMU,105,74,other
91.63350987434387,ATTITUDE,30,40,other
91.63352704048157,ATTITUDE_QUATERNION,31,44,other
91.63353991508484,GPS_RAW_INT,24,56,other
91.63354396820068,ATTITUDE_TARGET,83,48,other
91.63361692428589,LOCAL_POSITION_NED,32,40,other
91.63363099098206,POSITION_TARGET_LOCAL_NED,85,63,other
91.64115500450134,LOCAL_POSITION_NED,32,40,other
91.64128708839417,ODOMETRY,331,244,other
91.64128994941711,GLOBAL_POSITION_INT,33,40,other
91.64130902290344,GLOBAL_POSITION_INT,33,40,other
91.64136385917664,SERVO_OUTPUT_RAW,36,24,other
91.6451530456543,ATTITUDE,30,40,other
91.64526605606079,ATTITUDE,30,40,other
91.64533686637878,ATTITUDE_QUATERNION,31,44,other
91.65321803092957,HIGHRES_IMU,105,74,other
91.65328001976013,ATTITUDE,30,40,other
91.65329599380493,ATTITUDE_TARGET,83,48,other
91.65329694747925,ATTITUDE_QUATERNION,31,44,other
91.65332388877869,LOCAL_POSITION_NED,32,40,other
91.65333390235901,POSITION_TARGET_LOCAL_NED,85,63,other
91.66115999221802,GLOBAL_POSITION_INT,33,40,other
91.66123104095459,POSITION_TARGET_GLOBAL_INT,87,63,other
91.66127300262451,GLOBAL_POSITION_INT,33,40,other
91.66136908531189,SERVO_OUTPUT_RAW,36,24,other
91.66527891159058,ATTITUDE,30,40,other
91.66534686088562,GPS_RAW_INT,24,56,other
91.66540193557739,ATTITUDE,30,40,other
91.66550803184509,ATTITUDE_QUATERNION,31,44,other
91.67313504219055,TIMESYNC,111,25,other
91.67319893836975,HIGHRES_IMU,105,74,other
91.67321300506592,LOCAL_POSITION_NED,32,40,other
91.67322492599487,ATTITUDE,30,40,other
91.67323398590088,ALTITUDE,141,44,other
91.67324686050415,ODOMETRY,331,244,other
91.67325687408447,ATTITUDE_QUATERNION,31,44,other
91.67326498031616,ATTITUDE_TARGET,83,48,other
91.67327785491943,POSITION_TARGET_LOCAL_NED,85,63,other
91.67328786849976,SERVO_OUTPUT_RAW,36,24,other
91.67329692840576,VFR_HUD,74,31,other
91.67330002784729,ATTITUDE_TARGET,83,48,other
91.6733729839325,GPS_RAW_INT,24,56,other
91.67338800430298,LOCAL_POSITION_NED,32,40,other
91.67339897155762,POSITION_TARGET_LOCAL_NED,85,63,other
91.68138003349304,GLOBAL_POSITION_INT,33,40,other
91.681480884552,GLOBAL_POSITION_INT,33,40,other
91.68160104751587,SERVO_OUTPUT_RAW,36,24,other
91.68530488014221,ATTITUDE,30,40,other
91.68543004989624,ATTITUDE,30,40,other
91.68549799919128,ATTITUDE_QUATERNION,31,44,other
91.69315791130066,HIGHRES_IMU,105,73,other
91.69322896003723,ATTITUDE,30,40,other
91.69324707984924,ATTITUDE_QUATERNION,31,44,other
91.69332098960876,ATTITUDE_TARGET,83,48,other
91.69342088699341,LOCAL_POSITION_NED,32,40,other
91.69343996047974,POSITION_TARGET_LOCAL_NED,85,63,other
91.69752407073975,GPS_RAW_INT,24,56,other
91.7011969089508,GLOBAL_POSITION_INT,33,40,other
91.70129704475403,GLOBAL_POSITION_INT,33,40,other
91.70132303237915,SERVO_OUTPUT_RAW,36,24,other
91.70513486862183,ATTITUDE,30,40,other
91.70522904396057,ATTITUDE,30,40,other
91.70528507232666,ATTITUDE_QUATERNION,31,44,other
91.70919895172119,LOCAL_POSITION_NED,32,40,other
91.70926594734192,ODOMETRY,331,244,other
91.71342301368713,HIGHRES_IMU,105,73,other
91.71349287033081,ATTITUDE,30,40,other
91.7135078907013,ATTITUDE_QUATERNION,31,44,other
91.7135100364685,ATTITUDE_TARGET,83,48,other
91.71353697776794,LOCAL_POSITION_NED,32,40,other
91.7135488986969,POSITION_TARGET_LOCAL_NED,85,63,other
91.72132086753845,GLOBAL_POSITION_INT,33,40,other
91.72139286994934,SERVO_OUTPUT_RAW,36,24,other
91.72145009040833,GLOBAL_POSITION_INT,33,40,other
91.72514605522156,ATTITUDE,30,40,other
91.72523093223572,ATTITUDE,30,40,other
91.725252866745,ATTITUDE_QUATERNION,31,44,other
91.72527408599854,VFR_HUD,74,31,other
91.73319005966187,HIGHRES_IMU,105,74,other
91.73325300216675,ATTITUDE,30,40,other
91.73326992988586,ATTITUDE_QUATERNION,31,44,other
91.73328304290771,GPS_RAW_INT,24,56,other
91.73332285881042,ATTITUDE_TARGET,83,48,other
91.73339295387268,LOCAL_POSITION_NED,32,40,other
91.73340201377869,POSITION_TARGET_LOCAL_NED,85,63,other
91.74122786521912,LOCAL_POSITION_NED,32,40,other
91.74125599861145,ODOMETRY,331,244,other
91.74127197265625,GLOBAL_POSITION_INT,33,40,other
91.74140691757202,GLOBAL_POSITION_INT,33,40,other
91.74146389961243,SERVO_OUTPUT_RAW,36,24,other
91.74544906616211,ATTITUDE,30,40,other
91.74555492401123,ATTITUDE,30,40,other
91.74561405181885,ATTITUDE_QUATERNION,31,44,other
91.7531909942627,HIGHRES_IMU,105,73,other
91.75325298309326,ATTITUDE,30,40,other
91.7532639503479,ATTITUDE_QUATERNION,31,44,other
91.75329208374023,ATTITUDE_TARGET,83,48,other
91.75335788726807,LOCAL_POSITION_NED,32,40,other
91.75337100028992,POSITION_TARGET_LOCAL_NED,85,63,other
91.76139903068542,GLOBAL_POSITION_INT,33,40,other
91.76147389411926,GLOBAL_POSITION_INT,33,40,other
91.76150608062744,SERVO_OUTPUT_RAW,36,24,other
91.76157188415527,POSITION_TARGET_GLOBAL_INT,87,63,other
91.76163101196289,HEARTBEAT,0,21,other
91.76517105102539,ATTITUDE,30,40,other
91.76523900032043,GPS_RAW_INT,24,56,other
91.76532506942749,ATTITUDE,30,40,other
91.76538801193237,ATTITUDE_QUATERNION,31,44,other
91.76540803909302,HEARTBEAT,0,21,other
91.77345299720764,HEARTBEAT,0,21,other
91.77347993850708,TIMESYNC,111,25,other
91.77348208427429,ATTITUDE_TARGET,83,48,other
91.77349400520325,HIGHRES_IMU,105,74,other
91.77350187301636,LOCAL_POSITION_NED,32,40,other
91.77351188659668,LOCAL_POSITION_NED,32,40,other
91.77351307868958,ATTITUDE,30,40,other
91.7735230922699,POSITION_TARGET_LOCAL_NED,85,63,other
91.77352404594421,ALTITUDE,141,44,other
91.7735378742218,ODOMETRY,331,244,other
91.77354788780212,ATTITUDE_QUATERNION,31,44,other
91.7735550403595,ATTITUDE_TARGET,83,48,other
91.77356386184692,ESTIMATOR_STATUS,230,54,other
91.77357387542725,EXTENDED_SYS_STATE,245,14,other
91.77358794212341,OPEN_DRONE_ID_LOCATION,12901,70,other
91.77359700202942,OPEN_DRONE_ID_SYSTEM,12904,37,other
91.77360606193542,PING,4,21,other
91.77361488342285,POSITION_TARGET_LOCAL_NED,85,63,other
91.77362394332886,SCALED_PRESSURE,29,26,other
91.77363204956055,SERVO_OUTPUT_RAW,36,24,other
91.77364206314087,SYS_STATUS,1,52,other
91.77364993095398,SYSTEM_TIME,2,23,other
91.7736599445343,VFR_HUD,74,31,other
91.77366900444031,UNKNOWN_8,-2,34,other
91.77486205101013,PING,4,26,other
91.7812430858612,GLOBAL_POSITION_INT,33,40,other
91.7812819480896,GLOBAL_POSITION_INT,33,40,other
91.78130888938904,SERVO_OUTPUT_RAW,36,24,other
91.78532886505127,ATTITUDE,30,40,other
91.78543496131897,ATTITUDE,30,40,other
91.78549790382385,ATTITUDE_QUATERNION,31,44,other
91.79330086708069,HIGHRES_IMU,105,74,other
91.79338097572327,ATTITUDE,30,40,other
91.7933988571167,ATTITUDE_QUATERNION,31,44,other
91.79340696334839,ATTITUDE_TARGET,83,48,other
91.79343891143799,LOCAL_POSITION_NED,32,40,other
91.79345202445984,POSITION_TARGET_LOCAL_NED,85,63,other
91.79710793495178,GPS_RAW_INT,24,56,other
91.80121493339539,GLOBAL_POSITION_INT,33,40,other
91.80131101608276,GLOBAL_POSITION_INT,33,40,other
91.80133390426636,SERVO_OUTPUT_RAW,36,24,other
91.80247592926025,HEARTBEAT,0,21,other
91.80535101890564,ATTITUDE,30,40,other
91.80539798736572,HEARTBEAT,0,21,other
91.80541896820068,ATTITUDE,30,40,other
91.80551385879517,ATTITUDE_QUATERNION,31,44,other
91.80919194221497,LOCAL_POSITION_NED,32,40,other
91.80926895141602,ODOMETRY,331,244,other
91.81342101097107,HIGHRES_IMU,105,73,other
91.81349205970764,ATTITUDE,30,40,other
91.81350803375244,ATTITUDE_QUATERNION,31,44,other
91.81351590156555,ATTITUDE_TARGET,83,48,other
91.81354999542236,LOCAL_POSITION_NED,32,40,other
91.81356191635132,POSITION_TARGET_LOCAL_NED,85,63,other
91.82130789756775,GLOBAL_POSITION_INT,33,40,other
91.82140707969666,GLOBAL_POSITION_INT,33,40,other
91.8214340209961,SERVO_OUTPUT_RAW,36,24,other
91.82515692710876,ATTITUDE,30,40,other
91.82527089118958,ATTITUDE,30,40,other
91.82534003257751,ATTITUDE_QUATERNION,31,44,other
91.82934594154358,GPS_RAW_INT,24,56,other
91.83327198028564,HIGHRES_IMU,105,73,other
91.833340883255,ATTITUDE,30,40,other
91.8333580493927,ATTITUDE_QUATERNION,31,44,other
91.83351492881775,ATTITUDE_TARGET,83,48,other
91.83358502388,LOCAL_POSITION_NED,32,40,other
91.83359789848328,POSITION_TARGET_LOCAL_NED,85,63,other
91.84122705459595,LOCAL_POSITION_NED,32,40,other
91.84130692481995,ODOMETRY,331,244,other
91.84132504463196,GLOBAL_POSITION_INT,33,40,other
91.84136199951172,GLOBAL_POSITION_INT,33,40,other
91.84138798713684,SERVO_OUTPUT_RAW,36,24,other
91.84533405303955,ATTITUDE,30,40,other
91.84544086456299,ATTITUDE,30,40,other
91.84550595283508,ATTITUDE_QUATERNION,31,44,other
91.85337495803833,HIGHRES_IMU,105,74,other
91.85346388816833,ATTITUDE,30,40,other
91.85353088378906,ATTITUDE_TARGET,83,48,other
91.85359907150269,LOCAL_POSITION_NED,32,40,other
91.85361790657043,POSITION_TARGET_LOCAL_NED,85,63,other
91.85372591018677,ATTITUDE_QUATERNION,31,44,other
91.86126494407654,GLOBAL_POSITION_INT,33,40,other
91.86133408546448,POSITION_TARGET_GLOBAL_INT,87,63,other
91.86145186424255,GLOBAL_POSITION_INT,33,40,other
91.86147904396057,POSITION_TARGET_GLOBAL_INT,87,63,other
91.86149096488953,SERVO_OUTPUT_RAW,36,24,other
91.86516094207764,ATTITUDE,30,40,other
91.86523294448853,GPS_RAW_INT,24,56,other
91.86531496047974,ATTITUDE,30,40,other
91.86533689498901,ATTITUDE_QUATERNION,31,44,other
91.87319493293762,TIMESYNC,111,25,other
91.8732659816742,HIGHRES_IMU,105,73,other
91.87327694892883,LOCAL_POSITION_NED,32,40,other
91.87328696250916,ATTITUDE,30,40,other
91.87329506874084,ALTITUDE,141,44,other
91.8733069896698,ODOMETRY,331,244,other
91.8733160495758,ATTITUDE_QUATERNION,31,44,other
91.87331986427307,ATTITUDE_TARGET,83,48,other
91.8733229637146,ATTITUDE_TARGET,83,48,other
91.87333703041077,POSITION_TARGET_LOCAL_NED,85,63,other
91.87334704399109,GPS_RAW_INT,24,56,other
91.8733479976654,SERVO_OUTPUT_RAW,36,24,other
91.87335801124573,VFR_HUD,74,31,other
91.87335801124573,LOCAL_POSITION_NED,32,40,other
91.87336802482605,POSITION_TARGET_LOCAL_NED,85,63,other
91.88117599487305,GLOBAL_POSITION_INT,33,40,other
91.88127589225769,GLOBAL_POSITION_INT,33,40,other
91.88134694099426,SERVO_OUTPUT_RAW,36,24,other
91.88563799858093,ATTITUDE,30,40,other
91.88583397865295,ATTITUDE,30,40,other
91.88586091995239,ATTITUDE_QUATERNION,31,44,other
91.88637900352478,MISSION_CURRENT,42,22,other
91.8931360244751,HIGHRES_IMU,105,73,other
91.89319705963135,ATTITUDE,30,40,other
91.89321398735046,ATTITUDE_QUATERNION,31,44,other
91.89328789710999,ATTITUDE_TARGET,83,48,other
91.89335703849792,LOCAL_POSITION_NED,32,40,other
91.89337086677551,POSITION_TARGET_LOCAL_NED,85,63,other
91.89722204208374,GPS_RAW_INT,24,56,other
91.90137600898743,GLOBAL_POSITION_INT,33,40,other
91.9014790058136,GLOBAL_POSITION_INT,33,40,other
91.90154504776001,SERVO_OUTPUT_RAW,36,24,other
91.90521693229675,ATTITUDE,30,40,other
91.90530490875244,ATTITUDE,30,40,other
91.90541505813599,ATTITUDE_QUATERNION,31,44,other
91.90911102294922,LOCAL_POSITION_NED,32,40,other
91.9091739654541,ODOMETRY,331,244,other
91.91324305534363,HIGHRES_IMU,105,74,other
91.91331601142883,ATTITUDE,30,40,other
91.91333293914795,ATTITUDE_QUATERNION,31,44,other
91.91334986686707,ATTITUDE_TARGET,83,48,other
91.91342306137085,LOCAL_POSITION_NED,32,40,other
91.91343593597412,POSITION_TARGET_LOCAL_NED,85,63,other
91.9212498664856,GLOBAL_POSITION_INT,33,40,other
91.9213240146637,GLOBAL_POSITION_INT,33,40,other
91.92139005661011,SERVO_OUTPUT_RAW,36,24,other
91.92514204978943,ATTITUDE,30,40,other
91.92526698112488,ATTITUDE,30,40,other
91.92529606819153,ATTITUDE_QUATERNION,31,44,other
91.92942500114441,GPS_RAW_INT,24,56,other
91.93326807022095,HIGHRES_IMU,105,74,other
91.93329405784607,ATTITUDE,30,40,other
91.93330788612366,ATTITUDE_QUATERNION,31,44,other
91.93333005905151,ATTITUDE_TARGET,83,48,other
91.93336200714111,LOCAL_POSITION_NED,32,40,other
91.93337297439575,POSITION_TARGET_LOCAL_NED,85,63,other
91.94115090370178,LOCAL_POSITION_NED,32,40,other
91.9411940574646,GLOBAL_POSITION_INT,33,40,other
91.94122195243835,ODOMETRY,331,244,other
91.94123792648315,GLOBAL_POSITION_INT,33,40,other
91.94125986099243,SERVO_OUTPUT_RAW,36,24,other
91.94529891014099,ATTITUDE,30,40,other
91.9454939365387,ATTITUDE,30,40,other
91.94556403160095,ATTITUDE_QUATERNION,31,44,other
91.95330286026001,HIGHRES_IMU,105,73,other
91.95336890220642,ATTITUDE,30,40,other
91.95338702201843,ATTITUDE_QUATERNION,31,44,other
91.9534170627594,ATTITUDE_TARGET,83,48,other
91.95344400405884,LOCAL_POSITION_NED,32,40,other
91.9534559249878,POSITION_TARGET_LOCAL_NED,85,63,other
91.96135807037354,GLOBAL_POSITION_INT,33,40,other
91.9614040851593,GLOBAL_POSITION_INT,33,40,other
91.96142601966858,GPS_RAW_INT,24,56,other
91.96143198013306,SERVO_OUTPUT_RAW,36,24,other
91.96144199371338,POSITION_TARGET_GLOBAL_INT,87,63,other
91.965341091156,ATTITUDE,30,40,other
91.96596097946167,ATTITUDE,30,40,other
91.96599102020264,ATTITUDE_QUATERNION,31,44,other
91.97314691543579,TIMESYNC,111,25,other
91.97323489189148,HIGHRES_IMU,105,74,other
91.97324299812317,ATTITUDE_TARGET,83,48,other
91.97324705123901,LOCAL_POSITION_NED,32,40,other
91.97325706481934,ATTITUDE,30,40,other
91.97326588630676,ALTITUDE,141,44,other
91.97327899932861,ODOMETRY,331,244,other
91.97328901290894,ATTITUDE_QUATERNION,31,44,other
91.97329902648926,ATTITUDE_TARGET,83,48,other
91.9733099937439,LOCAL_POSITION_NED,32,40,other
91.97331309318542,POSITION_TARGET_LOCAL_NED,85,63,other
91.97332191467285,POSITION_TARGET_LOCAL_NED,85,63,other
91.97333788871765,VFR_HUD,74,31,other
91.97343301773071,SERVO_OUTPUT_RAW,36,24,other
91.97345685958862,SYS_STATUS,1,52,other
91.9737799167633,VFR_HUD,74,31,other
91.98124694824219,GLOBAL_POSITION_INT,33,40,other
91.98135685920715,GLOBAL_POSITION_INT,33,40,other
91.98142790794373,SERVO_OUTPUT_RAW,36,24,other
91.98545408248901,ATTITUDE,30,40,other
91.985524892807,ATTITUDE_QUATERNION,31,44,other
91.98560094833374,ATTITUDE,30,40,other
91.99336099624634,HIGHRES_IMU,105,73,other
91.9934229850769,ATTITUDE,30,40,other
91.99343991279602,ATTITUDE_QUATERNION,31,44,other
91.99346709251404,ATTITUDE_TARGET,83,48,other
91.99354100227356,LOCAL_POSITION_NED,32,40,other
91.99355506896973,POSITION_TARGET_LOCAL_NED,85,63,other
91.99731206893921,GPS_RAW_INT,24,56,other
92.00121903419495,GLOBAL_POSITION_INT,33,40,other
92.00128197669983,GLOBAL_POSITION_INT,33,40,other
92.00135588645935,SERVO_OUTPUT_RAW,36,24,other
92.00512599945068,ATTITUDE,30,40,other
92.00523900985718,ATTITUDE,30,40,other
92.00530004501343,ATTITUDE_QUATERNION,31,44,other
92.00935387611389,LOCAL_POSITION_NED,32,40,other
92.00943493843079,ODOMETRY,331,244,other
92.01324701309204,HIGHRES_IMU,105,73,other
92.01332092285156,ATTITUDE_TARGET,83,48,other
92.01332497596741,ATTITUDE,30,40,other
92.01334285736084,ATTITUDE_QUATERNION,31,44,other
92.01339292526245,LOCAL_POSITION_NED,32,40,other
92.0134060382843,POSITION_TARGET_LOCAL_NED,85,63,other
92.02115106582642,GLOBAL_POSITION_INT,33,40,other
92.0212550163269,GLOBAL_POSITION_INT,33,40,other
92.02146196365356,SERVO_OUTPUT_RAW,36,24,other
92.02541899681091,ATTITUDE,30,40,other
92.0255069732666,ATTITUDE,30,40,other
92.0256519317627,ATTITUDE_QUATERNION,31,44,other
92.02921390533447,GPS_RAW_INT,24,56,other
92.03317999839783,HIGHRES_IMU,105,74,other
92.03324389457703,ATTITUDE,30,40,other
92.03325700759888,ATTITUDE_TARGET,83,48,other
92.03325891494751,ATTITUDE_QUATERNION,31,44,other
92.03332686424255,LOCAL_POSITION_NED,32,40,other
92.0333399772644,POSITION_TARGET_LOCAL_NED,85,63,other
92.04120802879333,LOCAL_POSITION_NED,32,40,other
92.04128003120422,ODOMETRY,331,244,other
92.04129695892334,GLOBAL_POSITION_INT,33,40,other
92.04137206077576,GLOBAL_POSITION_INT,33,40,other
92.04139494895935,SERVO_OUTPUT_RAW,36,24,other
92.04525995254517,ATTITUDE,30,40,other
92.04535508155823,ATTITUDE,30,40,other
92.0453770160675,ATTITUDE_QUATERNION,31,44,other
92.0456440448761,MISSION_CURRENT,42,22,other
92.05320000648499,HIGHRES_IMU,105,74,other
92.05325603485107,ATTITUDE_TARGET,83,48,other
92.05328607559204,ATTITUDE,30,40,other
92.05330300331116,ATTITUDE_QUATERNION,31,44,other
92.05332493782043,LOCAL_POSITION_NED,32,40,other
92.05333805084229,POSITION_TARGET_LOCAL_NED,85,63,other
92.06123304367065,GLOBAL_POSITION_INT,33,40,other
92.06130504608154,GPS_RAW_INT,24,56,other
92.06132006645203,POSITION_TARGET_GLOBAL_INT,87,63,other
92.06133103370667,GLOBAL_POSITION_INT,33,40,other
92.06135892868042,SERVO_OUTPUT_RAW,36,24,other
92.06523489952087,ATTITUDE,30,40,other
92.06535506248474,ATTITUDE,30,40,other
92.06537699699402,ATTITUDE_QUATERNION,31,44,other
92.07332801818848,TIMESYNC,111,25,other
92.07344007492065,HIGHRES_IMU,105,74,other
92.07345390319824,LOCAL_POSITION_NED,32,40,other
92.07346701622009,ATTITUDE,30,40,other
92.07346987724304,ATTITUDE_TARGET,83,48,other
92.0734748840332,ALTITUDE,141,44,other
92.07348704338074,ODOMETRY,331,244,other
92.07349705696106,ATTITUDE_QUATERNION,31,44,other
92.07349896430969,GPS_RAW_INT,24,56,other
92.07350492477417,ATTITUDE_TARGET,83,48,other
92.07350993156433,LOCAL_POSITION_NED,32,40,other
92.07351899147034,POSITION_TARGET_LOCAL_NED,85,63,other
92.07351899147034,POSITION_TARGET_LOCAL_NED,85,63,other
92.07352900505066,SERVO_OUTPUT_RAW,36,24,other
92.07353806495667,VFR_HUD,74,31,other
92.08116793632507,GLOBAL_POSITION_INT,33,40,other
92.08127999305725,GLOBAL_POSITION_INT,33,40,other
92.08130288124084,SERVO_OUTPUT_RAW,36,24,other
92.08525705337524,ATTITUDE,30,40,other
92.08542895317078,ATTITUDE,30,40,other
92.08545899391174,ATTITUDE_QUATERNION,31,44,other
92.0932149887085,HIGHRES_IMU,105,74,other
92.09328103065491,ATTITUDE,30,40,other
92.09329891204834,ATTITUDE_QUATERNION,31,44,other
92.0933129787445,GPS_RAW_INT,24,56,other
92.09331488609314,ATTITUDE_TARGET,83,48,other
92.09334301948547,LOCAL_POSITION_NED,32,40,other
92.09335398674011,POSITION_TARGET_LOCAL_NED,85,63,other
92.1013388633728,GLOBAL_POSITION_INT,33,40,other
92.1014358997345,GLOBAL_POSITION_INT,33,40,other
92.10145902633667,SERVO_OUTPUT_RAW,36,24,other
92.10561203956604,ATTITUDE,30,40,other
92.10568404197693,ATTITUDE_QUATERNION,31,44,other
92.10568594932556,ATTITUDE,30,40,other
92.10924792289734,LOCAL_POSITION_NED,32,40,other
92.10932207107544,ODOMETRY,331,244,other
92.11315488815308,HIGHRES_IMU,105,73,other
92.1132218837738,ATTITUDE,30,40,other
92.1132378578186,ATTITUDE_QUATERNION,31,44,other
92.11324906349182,ATTITUDE_TARGET,83,48,other
92.11332297325134,LOCAL_POSITION_NED,32,40,other
92.1133348941803,POSITION_TARGET_LOCAL_NED,85,63,other
92.12126302719116,GLOBAL_POSITION_INT,33,40,other
92.12136197090149,GLOBAL_POSITION_INT,33,40,other
92.12139201164246,SERVO_OUTPUT_RAW,36,24,other
92.12522602081299,ATTITUDE,30,40,other
92.12533187866211,ATTITUDE,30,40,other
92.12582588195801,ATTITUDE_QUATERNION,31,44,other
92.12914395332336,GPS_RAW_INT,24,56,other
92.13336706161499,HIGHRES_IMU,105,73,other
92.13339686393738,ATTITUDE,30,40,other
92.13340997695923,ATTITUDE_QUATERNION,31,44,other
92.1334400177002,ATTITUDE_TARGET,83,48,other
92.13347005844116,LOCAL_POSITION_NED,32,40,other
92.13348197937012,POSITION_TARGET_LOCAL_NED,85,63,other
92.14130997657776,LOCAL_POSITION_NED,32,40,other
92.14144992828369,ODOMETRY,331,244,other
92.14146685600281,GLOBAL_POSITION_INT,33,40,other
92.14164900779724,GLOBAL_POSITION_INT,33,40,other
92.14172101020813,SERVO_OUTPUT_RAW,36,24,other
92.14521288871765,ATTITUDE,30,40,other
92.1454210281372,ATTITUDE,30,40,other
92.1454439163208,ATTITUDE_QUATERNION,31,44,other
92.15322303771973,HIGHRES_IMU,105,74,other
92.1532940864563,ATTITUDE,30,40,other
92.1533100605011,ATTITUDE_QUATERNION,31,44,other
92.15335607528687,ATTITUDE_TARGET,83,48,other
92.1534218788147,LOCAL_POSITION_NED,32,40,other
92.15343594551086,POSITION_TARGET_LOCAL_NED,85,63,other
92.16112899780273,GLOBAL_POSITION_INT,33,40,other
92.1611909866333,GPS_RAW_INT,24,56,other
92.16120600700378,POSITION_TARGET_GLOBAL_INT,87,63,other
92.16122889518738,GLOBAL_POSITION_INT,33,40,other
92.16125392913818,SERVO_OUTPUT_RAW,36,24,other
92.16534900665283,ATTITUDE,30,40,other
92.16545987129211,ATTITUDE,30,40,other
92.16553592681885,ATTITUDE_QUATERNION,31,44,other
92.17325401306152,TIMESYNC,111,25,other
92.17332792282104,HIGHRES_IMU,105,73,other
92.17334008216858,LOCAL_POSITION_NED,32,40,other
92.17335104942322,ATTITUDE,30,40,other
92.17335987091064,ALTITUDE,141,44,other
92.17337203025818,ODOMETRY,331,244,other
92.17337489128113,ATTITUDE_TARGET,83,48,other
92.1733820438385,ATTITUDE_QUATERNION,31,44,other
92.17339086532593,ATTITUDE_TARGET,83,48,other
92.17340397834778,LOCAL_POSITION_NED,32,40,other
92.1734049320221,POSITION_TARGET_LOCAL_NED,85,63,other
92.17341494560242,POSITION_TARGET_LOCAL_NED,85,63,other
92.17341589927673,SERVO_OUTPUT_RAW,36,24,other
92.17342805862427,SYS_STATUS,1,52,other
92.17343807220459,VFR_HUD,74,31,other
92.18140387535095,GLOBAL_POSITION_INT,33,40,other
92.18161201477051,GLOBAL_POSITION_INT,33,40,other
92.1816930770874,SERVO_OUTPUT_RAW,36,24,other
92.1852400302887,ATTITUDE,30,40,other
92.185546875,ATTITUDE,30,40,other
92.18556594848633,ATTITUDE_QUATERNION,31,44,other
92.19317102432251,HIGHRES_IMU,105,74,other
92.19323086738586,ATTITUDE,30,40,other
92.19324707984924,ATTITUDE_QUATERNION,31,44,other
92.19325995445251,GPS_RAW_INT,24,56,other
92.19328093528748,ATTITUDE_TARGET,83,48,other
92.19330501556396,LOCAL_POSITION_NED,32,40,other
92.19332098960876,POSITION_TARGET_LOCAL_NED,85,63,other
92.20125198364258,GLOBAL_POSITION_INT,33,40,other
92.20133304595947,GLOBAL_POSITION_INT,33,40,other
92.20140290260315,SERVO_OUTPUT_RAW,36,24,other
92.20522499084473,ATTITUDE,30,40,other
92.20535206794739,ATTITUDE,30,40,other
92.20542192459106,ATTITUDE_QUATERNION,31,44,other
92.20919799804688,LOCAL_POSITION_NED,32,40,other
92.20926594734192,ODOMETRY,331,244,other
92.21350002288818,HIGHRES_IMU,105,74,other
92.21357488632202,ATTITUDE,30,40,other
92.21358895301819,ATTITUDE_TARGET,83,48,other
92.21359086036682,ATTITUDE_QUATERNION,31,44,other
92.21362090110779,LOCAL_POSITION_NED,32,40,other
92.21363401412964,POSITION_TARGET_LOCAL_NED,85,63,other
92.2212769985199,GLOBAL_POSITION_INT,33,40,other
92.22144508361816,GLOBAL_POSITION_INT,33,40,other
92.22146987915039,SERVO_OUTPUT_RAW,36,24,other
92.22580695152283,ATTITUDE,30,40,other
92.22590208053589,ATTITUDE_QUATERNION,31,44,other
92.22592496871948,VFR_HUD,74,31,other
92.22662901878357,ATTITUDE,30,40,other
92.22731304168701,GPS_RAW_INT,24,56,other
92.23327088356018,HIGHRES_IMU,105,73,other
92.23328995704651,ATTITUDE,30,40,other
92.23330402374268,ATTITUDE_QUATERNION,31,44,other
92.23348689079285,ATTITUDE_TARGET,83,48,other
92.23356008529663,LOCAL_POSITION_NED,32,40,other
92.23357486724854,POSITION_TARGET_LOCAL_NED,85,63,other
92.2413718700409,LOCAL_POSITION_NED,32,40,other
92.24144291877747,ODOMETRY,331,244,other
92.24145603179932,GLOBAL_POSITION_INT,33,40,other
92.24146389961243,GLOBAL_POSITION_INT,33,40,other
92.24149298667908,SERVO_OUTPUT_RAW,36,24,other
92.24535799026489,ATTITUDE,30,40,other
92.24550604820251,ATTITUDE,30,40,other
92.24562692642212,ATTITUDE_QUATERNION,31,44,other
92.25329899787903,HIGHRES_IMU,105,73,other
92.25337100028992,ATTITUDE,30,40,other
92.25339102745056,ATTITUDE_QUATERNION,31,44,other
92.25342297554016,ATTITUDE_TARGET,83,48,other
92.25349402427673,LOCAL_POSITION_NED,32,40,other
92.25350499153137,POSITION_TARGET_LOCAL_NED,85,63,other
92.2614688873291,GLOBAL_POSITION_INT,33,40,other
92.26149106025696,GPS_RAW_INT,24,56,other
92.26149892807007,POSITION_TARGET_GLOBAL_INT,87,63,other
92.26159405708313,GLOBAL_POSITION_INT,33,40,other
92.26162099838257,SERVO_OUTPUT_RAW,36,24,other
92.26521587371826,ATTITUDE,30,40,other
92.26532697677612,ATTITUDE,30,40,other
92.26535296440125,ATTITUDE_QUATERNION,31,44,other
92.27342700958252,ATTITUDE_TARGET,83,48,other
92.27350687980652,GPS_RAW_INT,24,56,other
92.27351999282837,LOCAL_POSITION_NED,32,40,other
92.27353096008301,POSITION_TARGET_LOCAL_NED,85,63,other
92.27358198165894,TIMESYNC,111,25,other
92.27366089820862,HIGHRES_IMU,105,74,other
92.27367186546326,LOCAL_POSITION_NED,32,40,other
92.27368497848511,ATTITUDE,30,40,other
92.27369403839111,ALTITUDE,141,44,other
92.27370595932007,ODOMETRY,331,244,other
92.27371597290039,ATTITUDE_QUATERNION,31,44,other
92.27372407913208,ATTITUDE_TARGET,83,48,other
92.27373790740967,POSITION_TARGET_LOCAL_NED,85,63,other
92.27374696731567,SERVO_OUTPUT_RAW,36,24,other
92.273756980896,VFR_HUD,74,31,other
92.28131890296936,GLOBAL_POSITION_INT,33,40,other
92.28159403800964,GLOBAL_POSITION_INT,33,40,other
92.28184103965759,SERVO_OUTPUT_RAW,36,24,other
92.28532695770264,ATTITUDE,30,40,other
92.28557801246643,ATTITUDE,30,40,other
92.28564286231995,ATTITUDE_QUATERNION,31,44,other
92.29382085800171,HIGHRES_IMU,105,73,other
92.2938780784607,ATTITUDE,30,40,other
92.29389691352844,ATTITUDE_QUATERNION,31,44,other
92.2939100265503,GPS_RAW_INT,24,56,other
92.29394888877869,ATTITUDE_TARGET,83,48,other
92.29401898384094,LOCAL_POSITION_NED,32,40,other
92.29403400421143,POSITION_TARGET_LOCAL_NED,85,63,other
92.30141401290894,GLOBAL_POSITION_INT,33,40,other
92.30161690711975,GLOBAL_POSITION_INT,33,40,other
92.30189990997314,SERVO_OUTPUT_RAW,36,24,other
92.30554604530334,ATTITUDE,30,40,other
92.30596089363098,ATTITUDE,30,40,other
92.30613493919373,ATTITUDE_QUATERNION,31,44,other
92.30977201461792,LOCAL_POSITION_NED,32,40,other
92.30987787246704,ODOMETRY,331,244,other
92.31580686569214,ATTITUDE_TARGET,83,48,other
92.31583905220032,LOCAL_POSITION_NED,32,40,other
92.31585097312927,POSITION_TARGET_LOCAL_NED,85,63,other
92.31733202934265,HIGHRES_IMU,105,73,other
92.3176019191742,ATTITUDE,30,40,other
92.31762099266052,ATTITUDE_QUATERNION,31,44,other
92.32313799858093,GLOBAL_POSITION_INT,33,40,other
92.32440900802612,GLOBAL_POSITION_INT,33,40,other
92.32447504997253,SERVO_OUTPUT_RAW,36,24,other
92.3349609375,ATTITUDE,30,40,other
92.33503603935242,GPS_RAW_INT,24,56,other
92.33513498306274,ATTITUDE,30,40,other
92.33519887924194,ATTITUDE_QUATERNION,31,44,other
92.33835792541504,HIGHRES_IMU,105,74,other
92.33842301368713,ATTITUDE,30,40,other
92.33843994140625,ATTITUDE_QUATERNION,31,44,other
92.34049487113953,ATTITUDE_TARGET,83,48,other
92.34067606925964,LOCAL_POSITION_NED,32,40,other
92.34069895744324,POSITION_TARGET_LOCAL_NED,85,63,other
92.34590697288513,LOCAL_POSITION_NED,32,40,other
92.34593486785889,ODOMETRY,331,244,other
92.34594297409058,GLOBAL_POSITION_INT,33,40,other
92.3459849357605,GLOBAL_POSITION_INT,33,40,other
92.3461709022522,SERVO_OUTPUT_RAW,36,24,other
92.34943103790283,ATTITUDE,30,40,other
92.34947896003723,ATTITUDE,30,40,other
92.34949994087219,ATTITUDE_QUATERNION,31,44,other
92.357351064682,HIGHRES_IMU,105,74,other
92.35742497444153,ATTITUDE,30,40,other
92.35744094848633,ATTITUDE_TARGET,83,48,other
92.35744190216064,ATTITUDE_QUATERNION,31,44,other
92.3575119972229,LOCAL_POSITION_NED,32,40,other
92.35752606391907,POSITION_TARGET_LOCAL_NED,85,63,other
92.36130499839783,GPS_RAW_INT,24,56,other
92.36532092094421,GLOBAL_POSITION_INT,33,40,other
92.36538505554199,POSITION_TARGET_GLOBAL_INT,87,63,other
92.36542296409607,GLOBAL_POSITION_INT,33,40,other
92.36553597450256,SERVO_OUTPUT_RAW,36,24,other
92.36965489387512,ATTITUDE,30,40,other
92.36974787712097,ATTITUDE,30,40,other
92.36977291107178,ATTITUDE_QUATERNION,31,44,other
92.37735605239868,TIMESYNC,111,25,other
92.37743186950684,HIGHRES_IMU,105,73,other
92.37744498252869,LOCAL_POSITION_NED,32,40,other
92.37745785713196,ATTITUDE,30,40,other
92.37746787071228,ALTITUDE,141,44,other
92.37748289108276,ODOMETRY,331,244,other
92.37749290466309,ATTITUDE_QUATERNION,31,44,other
92.37750387191772,ATTITUDE_TARGET,83,48,other
92.37752199172974,POSITION_TARGET_LOCAL_NED,85,63,other
92.37753295898438,SERVO_OUTPUT_RAW,36,24,other
92.37754607200623,SYS_STATUS,1,52,other
92.37755703926086,VFR_HUD,74,31,other
92.37778186798096,ATTITUDE_TARGET,83,48,other
92.37781095504761,LOCAL_POSITION_NED,32,40,other
92.37782192230225,POSITION_TARGET_LOCAL_NED,85,63,other
92.38600206375122,GLOBAL_POSITION_INT,33,40,other
92.38606190681458,GLOBAL_POSITION_INT,33,40,other
92.38609004020691,SERVO_OUTPUT_RAW,36,24,other
92.38939189910889,ATTITUDE,30,40,other
92.38973903656006,ATTITUDE,30,40,other
92.39006900787354,ATTITUDE_QUATERNION,31,44,other
92.39754700660706,HIGHRES_IMU,105,74,other
92.39761996269226,ATTITUDE,30,40,other
92.39763689041138,ATTITUDE_QUATERNION,31,44,other
92.39765000343323,ATTITUDE_TARGET,83,48,other
92.39765000343323,GPS_RAW_INT,24,56,other
92.3977038860321,LOCAL_POSITION_NED,32,40,other
92.39771604537964,POSITION_TARGET_LOCAL_NED,85,63,other
92.40536904335022,GLOBAL_POSITION_INT,33,40,other
92.40552091598511,GLOBAL_POSITION_INT,33,40,other
92.4055860042572,SERVO_OUTPUT_RAW,36,24,other
92.4095230102539,ATTITUDE,30,40,other
92.40962386131287,ATTITUDE,30,40,other
92.4096930027008,ATTITUDE_QUATERNION,31,44,other
92.41363406181335,LOCAL_POSITION_NED,32,40,other
92.41366004943848,ODOMETRY,331,244,other
92.41742491722107,HIGHRES_IMU,105,73,other
92.41750693321228,ATTITUDE_TARGET,83,48,other
92.41751003265381,ATTITUDE,30,40,other
92.41752505302429,ATTITUDE_QUATERNION,31,44,other
92.4176230430603,LOCAL_POSITION_NED,32,40,other
92.41768288612366,POSITION_TARGET_LOCAL_NED,85,63,other
92.42569398880005,GLOBAL_POSITION_INT,33,40,other
92.42584800720215,GLOBAL_POSITION_INT,33,40,other
92.42601299285889,SERVO_OUTPUT_RAW,36,24,other
92.42927503585815,ATTITUDE,30,40,other
92.42933893203735,GPS_RAW_INT,24,56,other
92.42949795722961,ATTITUDE,30,40,other
92.42955899238586,ATTITUDE_QUATERNION,31,44,other
92.43740606307983,HIGHRES_IMU,105,73,other
92.43747901916504,ATTITUDE,30,40,other
92.43749690055847,ATTITUDE_QUATERNION,31,44,other
92.43751502037048,ATTITUDE_TARGET,83,48,other
92.43758392333984,LOCAL_POSITION_NED,32,40,other
92.4375970363617,POSITION_TARGET_LOCAL_NED,85,63,other
92.44545602798462,LOCAL_POSITION_NED,32,40,other
92.44552993774414,ODOMETRY,331,244,other
92.44554686546326,GLOBAL_POSITION_INT,33,40,other
92.44565105438232,GLOBAL_POSITION_INT,33,40,other
92.44573593139648,SERVO_OUTPUT_RAW,36,24,other
92.44936394691467,ATTITUDE,30,40,other
92.4494640827179,ATTITUDE,30,40,other
92.4495759010315,ATTITUDE_QUATERNION,31,44,other
92.45733404159546,HIGHRES_IMU,105,74,other
92.45741891860962,ATTITUDE,30,40,other
92.45743489265442,ATTITUDE_QUATERNION,31,44,other
92.45760202407837,ATTITUDE_TARGET,83,48,other
92.45763206481934,LOCAL_POSITION_NED,32,40,other
92.45764398574829,POSITION_TARGET_LOCAL_NED,85,63,other
92.4614610671997,GPS_RAW_INT,24,56,other
92.46533799171448,GLOBAL_POSITION_INT,33,40,other
92.46539807319641,POSITION_TARGET_GLOBAL_INT,87,63,other
92.46546196937561,GLOBAL_POSITION_INT,33,40,other
92.46553301811218,SERVO_OUTPUT_RAW,36,24,other
92.46936988830566,ATTITUDE,30,40,other
92.46947598457336,ATTITUDE,30,40,other
92.46954393386841,ATTITUDE_QUATERNION,31,44,other
92.47726893424988,TIMESYNC,111,25,other
92.47733092308044,HIGHRES_IMU,105,74,other
92.4773440361023,LOCAL_POSITION_NED,32,40,other
92.47735500335693,ATTITUDE,30,40,other
92.47736406326294,ALTITUDE,141,44,other
92.47737789154053,ODOMETRY,331,244,other
92.47738289833069,HEARTBEAT,0,21,other
92.47738695144653,ATTITUDE_QUATERNION,31,44,other
92.47739601135254,ATTITUDE_TARGET,83,48,other
92.47740697860718,ALTITUDE,141,44,other
92.4774100780487,POSITION_TARGET_LOCAL_NED,85,63,other
92.4774169921875,ATTITUDE_TARGET,83,48,other
92.47741889953613,SERVO_OUTPUT_RAW,36,24,other
92.47742795944214,BATTERY_STATUS,147,53,other
92.47743105888367,VFR_HUD,74,31,other
92.47743701934814,UNKNOWN_436,-2,21,other
92.4774489402771,ESTIMATOR_STATUS,230,54,other
92.4774580001831,EXTENDED_SYS_STATE,245,14,other
92.47746706008911,GPS_RAW_INT,24,56,other
92.47747588157654,HOME_POSITION,242,67,other
92.47748494148254,LOCAL_POSITION_NED,32,40,other
92.4774968624115,OPEN_DRONE_ID_LOCATION,12901,70,other
92.4775059223175,OPEN_DRONE_ID_SYSTEM,12904,37,other
92.47751593589783,POSITION_TARGET_LOCAL_NED,85,63,other
92.47752499580383,SCALED_PRESSURE,29,26,other
92.47753691673279,SYS_STATUS,1,52,other
92.4775459766388,VFR_HUD,74,31,other
92.47755599021912,UNKNOWN_8,-2,33,other
92.48539185523987,GLOBAL_POSITION_INT,33,40,other
92.48551392555237,GLOBAL_POSITION_INT,33,40,other
92.48558306694031,SERVO_OUTPUT_RAW,36,24,other
92.4893090724945,ATTITUDE,30,40,other
92.48943090438843,ATTITUDE,30,40,other
92.48951697349548,ATTITUDE_QUATERNION,31,44,other
92.49329495429993,GPS_RAW_INT,24,56,other
92.49737906455994,HIGHRES_IMU,105,74,other
92.49743890762329,ATTITUDE_TARGET,83,48,other
92.49751496315002,LOCAL_POSITION_NED,32,40,other
92.49752902984619,POSITION_TARGET_LOCAL_NED,85,63,other
92.49754905700684,ATTITUDE,30,40,other
92.49756693840027,ATTITUDE_QUATERNION,31,44,other
92.5053288936615,GLOBAL_POSITION_INT,33,40,other
92.50540804862976,GLOBAL_POSITION_INT,33,40,other
92.5054759979248,SERVO_OUTPUT_RAW,36,24,other
92.50937104225159,ATTITUDE,30,40,other
92.50949192047119,ATTITUDE,30,40,other
92.50955700874329,ATTITUDE_QUATERNION,31,44,other
92.51338696479797,LOCAL_POSITION_NED,32,40,other
92.5135509967804,ODOMETRY,331,244,other
92.51773691177368,HIGHRES_IMU,105,74,other
92.51786708831787,ATTITUDE,30,40,other
92.51787495613098,ATTITUDE_TARGET,83,48,other
92.51788997650146,ATTITUDE_QUATERNION,31,44,other
92.51792407035828,LOCAL_POSITION_NED,32,40,other
92.51793909072876,POSITION_TARGET_LOCAL_NED,85,63,other
92.52533888816833,GLOBAL_POSITION_INT,33,40,other
92.52546191215515,GLOBAL_POSITION_INT,33,40,other
92.5255298614502,SERVO_OUTPUT_RAW,36,24,other
92.5292580127716,ATTITUDE,30,40,other
92.52932286262512,GPS_RAW_INT,24,56,other
92.5293779373169,ATTITUDE,30,40,other
92.52944207191467,ATTITUDE_QUATERNION,31,44,other
92.53736090660095,HIGHRES_IMU,105,73,other
92.53743004798889,ATTITUDE,30,40,other
92.53744506835938,ATTITUDE_QUATERNION,31,44,other
92.53744697570801,ATTITUDE_TARGET,83,48,other
92.53751492500305,LOCAL_POSITION_NED,32,40,other
92.5375280380249,POSITION_TARGET_LOCAL_NED,85,63,other
92.54546999931335,LOCAL_POSITION_NED,32,40,other
92.54555106163025,ODOMETRY,331,244,other
92.54556608200073,GLOBAL_POSITION_INT,33,40,other
92.54567790031433,GLOBAL_POSITION_INT,33,40,other
92.54575085639954,SERVO_OUTPUT_RAW,36,24,other
92.54939198493958,ATTITUDE,30,40,other
92.54948997497559,ATTITUDE,30,40,other
92.54957985877991,ATTITUDE_QUATERNION,31,44,other
92.55744194984436,HIGHRES_IMU,105,73,other
92.55746698379517,ATTITUDE,30,40,other
92.55748200416565,ATTITUDE_QUATERNION,31,44,other
92.55754089355469,ATTITUDE_TARGET,83,48,other
92.55761504173279,LOCAL_POSITION_NED,32,40,other
92.55763006210327,POSITION_TARGET_LOCAL_NED,85,63,other
92.56136798858643,GPS_RAW_INT,24,56,other
92.56528687477112,GLOBAL_POSITION_INT,33,40,other
92.565358877182,POSITION_TARGET_GLOBAL_INT,87,63,other
92.56538391113281,GLOBAL_POSITION_INT,33,40,other
92.56545186042786,SERVO_OUTPUT_RAW,36,24,other
92.56937289237976,ATTITUDE,30,40,other
92.56945991516113,ATTITUDE,30,40,other
92.56952285766602,ATTITUDE_QUATERNION,31,44,other
92.57755208015442,TIMESYNC,111,25,other
92.57763385772705,HIGHRES_IMU,105,74,other
92.57764506340027,LOCAL_POSITION_NED,32,40,other
92.57765197753906,ATTITUDE,30,40,other
92.57766103744507,ALTITUDE,141,44,other
92.57767391204834,ODOMETRY,331,244,other
92.57768392562866,ATTITUDE_QUATERNION,31,44,other
92.57769393920898,ATTITUDE_TARGET,83,48,other
92.57770800590515,POSITION_TARGET_LOCAL_NED,85,63,other
92.57771801948547,SERVO_OUTPUT_RAW,36,24,other
92.57772898674011,SYS_STATUS,1,52,other
92.57773804664612,VFR_HUD,74,31,other
92.57780289649963,ATTITUDE_TARGET,83,48,other
92.57785105705261,LOCAL_POSITION_NED,32,40,other
92.57786798477173,POSITION_TARGET_LOCAL_NED,85,63,other
92.58546090126038,GLOBAL_POSITION_INT,33,40,other
92.58557295799255,GLOBAL_POSITION_INT,33,40,other
92.58564686775208,SERVO_OUTPUT_RAW,36,24,other
92.58937287330627,ATTITUDE,30,40,other
92.58944988250732,ATTITUDE,30,40,other
92.5894730091095,ATTITUDE_QUATERNION,31,44,other
92.59426689147949,GPS_RAW_INT,24,56,other
92.59731793403625,HIGHRES_IMU,105,73,other
92.59738492965698,ATTITUDE,30,40,other
92.59740090370178,ATTITUDE_QUATERNION,31,44,other
92.59741687774658,ATTITUDE_TARGET,83,48,other
92.597491979599,LOCAL_POSITION_NED,32,40,other
92.59750604629517,POSITION_TARGET_LOCAL_NED,85,63,other
92.60545086860657,GLOBAL_POSITION_INT,33,40,other
92.60560202598572,GLOBAL_POSITION_INT,33,40,other
92.60566997528076,SERVO_OUTPUT_RAW,36,24,other
92.60975193977356,ATTITUDE,30,40,other
92.60989999771118,ATTITUDE,30,40,other
92.60992789268494,ATTITUDE_QUATERNION,31,44,other
92.61335301399231,LOCAL_POSITION_NED,32,40,other
92.61341691017151,ODOMETRY,331,244,other
92.61726999282837,HIGHRES_IMU,105,74,other
92.61728501319885,ATTITUDE,30,40,other
92.61729407310486,ATTITUDE_QUATERNION,31,44,other
92.61736702919006,ATTITUDE_TARGET,83,48,other
92.61743307113647,LOCAL_POSITION_NED,32,40,other
92.61744594573975,POSITION_TARGET_LOCAL_NED,85,63,other
92.62538290023804,GLOBAL_POSITION_INT,33,40,other
92.62545585632324,GPS_RAW_INT,24,56,other
92.62550401687622,GLOBAL_POSITION_INT,33,40,other
92.6255750656128,SERVO_OUTPUT_RAW,36,24,other
92.62933802604675,ATTITUDE,30,40,other
92.62953186035156,ATTITUDE,30,40,other
92.62955594062805,ATTITUDE_QUATERNION,31,44,other
92.6375470161438,HIGHRES_IMU,105,74,other
92.63761901855469,ATTITUDE,30,40,other
92.63763499259949,ATTITUDE_QUATERNION,31,44,other
92.63765001296997,ATTITUDE_TARGET,83,48,other
92.63772106170654,LOCAL_POSITION_NED,32,40,other
92.6377329826355,POSITION_TARGET_LOCAL_NED,85,63,other
92.64542698860168,LOCAL_POSITION_NED,32,40,other
92.64550399780273,ODOMETRY,331,244,other
92.64552092552185,GLOBAL_POSITION_INT,33,40,other
92.64584708213806,GLOBAL_POSITION_INT,33,40,other
92.6459219455719,SERVO_OUTPUT_RAW,36,24,other
92.64925599098206,ATTITUDE,30,40,other
92.64935994148254,ATTITUDE,30,40,other
92.64938402175903,ATTITUDE_QUATERNION,31,44,other
92.65733504295349,HIGHRES_IMU,105,73,other
92.65735507011414,ATTITUDE,30,40,other
92.65737009048462,ATTITUDE_QUATERNION,31,44,other
92.65745902061462,ATTITUDE_TARGET,83,48,other
92.65752506256104,LOCAL_POSITION_NED,32,40,other
92.6575379371643,POSITION_TARGET_LOCAL_NED,85,63,other
92.6613118648529,GPS_RAW_INT,24,56,other
92.66527104377747,GLOBAL_POSITION_INT,33,40,other
92.66533589363098,POSITION_TARGET_GLOBAL_INT,87,63,other
92.66537690162659,GLOBAL_POSITION_INT,33,40,other
92.66540098190308,SERVO_OUTPUT_RAW,36,24,other
92.66951489448547,ATTITUDE,30,40,other
92.6695909500122,ATTITUDE,30,40,other
92.66962003707886,ATTITUDE_QUATERNION,31,44,other
92.67733001708984,TIMESYNC,111,25,other
92.6773989200592,HIGHRES_IMU,105,73,other
92.67741203308105,LOCAL_POSITION_NED,32,40,other
92.67742991447449,ATTITUDE,30,40,other
92.67744588851929,ALTITUDE,141,44,other
92.67744994163513,ATTITUDE_TARGET,83,48,other
92.67745995521545,ODOMETRY,331,244,other
92.67746996879578,ATTITUDE_QUATERNION,31,44,other
92.67747807502747,ATTITUDE_TARGET,83,48,other
92.6774799823761,GPS_RAW_INT,24,56,other
92.67749190330505,POSITION_TARGET_LOCAL_NED,85,63,other
92.67749285697937,LOCAL_POSITION_NED,32,40,other
92.67750406265259,POSITION_TARGET_LOCAL_NED,85,63,other
92.67750406265259,SERVO_OUTPUT_RAW,36,24,other
92.67751502990723,VFR_HUD,74,31,other
92.68545508384705,GLOBAL_POSITION_INT,33,40,other
92.68555188179016,GLOBAL_POSITION_INT,33,40,other
92.68562006950378,SERVO_OUTPUT_RAW,36,24,other
92.68937087059021,ATTITUDE,30,40,other
92.68949699401855,ATTITUDE,30,40,other
92.68956708908081,ATTITUDE_QUATERNION,31,44,other
92.69339299201965,GPS_RAW_INT,24,56,other
92.69748497009277,HIGHRES_IMU,105,74,other
92.6975998878479,ATTITUDE_TARGET,83,48,other
92.6976249217987,ATTITUDE,30,40,other
92.69763398170471,LOCAL_POSITION_NED,32,40,other
92.69764590263367,POSITION_TARGET_LOCAL_NED,85,63,other
92.69764995574951,ATTITUDE_QUATERNION,31,44,other
92.70533800125122,GLOBAL_POSITION_INT,33,40,other
92.70543003082275,GLOBAL_POSITION_INT,33,40,other
92.70549893379211,SERVO_OUTPUT_RAW,36,24,other
92.70935487747192,ATTITUDE,30,40,other
92.70945000648499,ATTITUDE,30,40,other
92.70947098731995,ATTITUDE_QUATERNION,31,44,other
92.71387386322021,LOCAL_POSITION_NED,32,40,other
92.713947057724,ODOMETRY,331,244,other
92.7174780368805,HIGHRES_IMU,105,73,other
92.7175600528717,ATTITUDE_TARGET,83,48,other
92.71766591072083,LOCAL_POSITION_NED,32,40,other
92.71767902374268,POSITION_TARGET_LOCAL_NED,85,63,other
92.71781206130981,ATTITUDE,30,40,other
92.71784591674805,ATTITUDE_QUATERNION,31,44,other
92.72537589073181,GLOBAL_POSITION_INT,33,40,other
92.72544002532959,GPS_RAW_INT,24,56,other
92.72546792030334,GLOBAL_POSITION_INT,33,40,other
92.72553706169128,SERVO_OUTPUT_RAW,36,24,other
92.72948908805847,ATTITUDE,30,40,other
92.7295229434967,ATTITUDE,30,40,other
92.72958707809448,ATTITUDE_QUATERNION,31,44,other
92.72960805892944,VFR_HUD,74,31,other
92.73749804496765,HIGHRES_IMU,105,73,other
92.73757290840149,ATTITUDE,30,40,other
92.73758888244629,ATTITUDE_QUATERNION,31,44,other
92.7376959323883,ATTITUDE_TARGET,83,48,other
92.73795986175537,LOCAL_POSITION_NED,32,40,other
92.73797392845154,POSITION_TARGET_LOCAL_NED,85,63,other
92.74554991722107,LOCAL_POSITION_NED,32,40,other
92.74562001228333,ODOMETRY,331,244,other
92.74563694000244,GLOBAL_POSITION_INT,33,40,other
92.74570798873901,GLOBAL_POSITION_INT,33,40,other
92.74573087692261,SERVO_OUTPUT_RAW,36,24,other
92.75051808357239,ATTITUDE,30,40,other
92.75094509124756,ATTITUDE,30,40,other
92.7510359287262,ATTITUDE_QUATERNION,31,44,other
92.75738787651062,HIGHRES_IMU,105,74,other
92.75745987892151,ATTITUDE,30,40,other
92.75747609138489,ATTITUDE_QUATERNION,31,44,other
92.75748705863953,GPS_RAW_INT,24,56,other
92.75749707221985,ATTITUDE_TARGET,83,48,other
92.75756788253784,LOCAL_POSITION_NED,32,40,other
92.75758194923401,POSITION_TARGET_LOCAL_NED,85,63,other
92.75759696960449,HEARTBEAT,0,21,other
92.76149797439575,HEARTBEAT,0,21,other
92.7658178806305,GLOBAL_POSITION_INT,33,40,other
92.76590299606323,GLOBAL_POSITION_INT,33,40,other
92.76592087745667,POSITION_TARGET_GLOBAL_INT,87,63,other
92.76593208312988,SERVO_OUTPUT_RAW,36,24,other
92.769376039505,ATTITUDE,30,40,other
92.76944708824158,ATTITUDE,30,40,other
92.7694799900055,ATTITUDE_QUATERNION,31,44,other
92.77824687957764,HEARTBEAT,0,21,other
92.77832198143005,TIMESYNC,111,25,other
92.77833890914917,HIGHRES_IMU,105,74,other
92.77834296226501,ATTITUDE_TARGET,83,48,other
92.77834892272949,LOCAL_POSITION_NED,32,40,other
92.77835893630981,ATTITUDE,30,40,other
92.77836799621582,ALTITUDE,141,44,other
92.77838206291199,ODOMETRY,331,244,other
92.77839088439941,ATTITUDE_QUATERNION,31,44,other
92.7783989906311,ATTITUDE_TARGET,83,48,other
92.77840900421143,BATTERY_STATUS,147,53,other
92.77841806411743,UNKNOWN_436,-2,21,other
92.77842307090759,LOCAL_POSITION_NED,32,40,other
92.77842497825623,ESTIMATOR_STATUS,230,54,other
92.77843403816223,EXTENDED_SYS_STATE,245,14,other
92.77843689918518,POSITION_TARGET_LOCAL_NED,85,63,other
92.77844405174255,HOME_POSITION,242,67,other
92.77845501899719,OPEN_DRONE_ID_LOCATION,12901,70,other
92.77846503257751,OPEN_DRONE_ID_SYSTEM,12904,37,other
92.7784788608551,PING,4,21,other
92.77848792076111,POSITION_TARGET_LOCAL_NED,85,63,other
92.77850294113159,SCALED_PRESSURE,29,26,other
92.77851104736328,SERVO_OUTPUT_RAW,36,24,other
92.77851986885071,SYS_STATUS,1,52,other
92.77852988243103,SYSTEM_TIME,2,23,other
92.77853894233704,VFR_HUD,74,31,other
92.77854800224304,VIBRATION,241,32,other
92.77855706214905,UNKNOWN_8,-2,34,other
92.78079605102539,PING,4,26,other
92.78592801094055,GLOBAL_POSITION_INT,33,40,other
92.78603005409241,GLOBAL_POSITION_INT,33,40,other
92.78610491752625,SERVO_OUTPUT_RAW,36,24,other
92.7896978855133,ATTITUDE,30,40,other
92.78977799415588,ATTITUDE_QUATERNION,31,44,other
92.78995299339294,ATTITUDE,30,40,other
92.79354906082153,GPS_RAW_INT,24,56,other
92.79747700691223,HIGHRES_IMU,105,73,other
92.79750108718872,ATTITUDE,30,40,other
92.79751491546631,ATTITUDE_QUATERNION,31,44,other
92.79760098457336,ATTITUDE_TARGET,83,48,other
92.79766798019409,LOCAL_POSITION_NED,32,40,other
92.79768109321594,POSITION_TARGET_LOCAL_NED,85,63,other
92.80537009239197,GLOBAL_POSITION_INT,33,40,other
92.80570793151855,GLOBAL_POSITION_INT,33,40,other
92.80582690238953,SERVO_OUTPUT_RAW,36,24,other
92.80950498580933,ATTITUDE,30,40,other
92.80957007408142,ATTITUDE_QUATERNION,31,44,other
92.80969190597534,ATTITUDE,30,40,other
92.81010794639587,HEARTBEAT,0,21,other
92.81363892555237,LOCAL_POSITION_NED,32,40,other
92.8137059211731,ODOMETRY,331,244,other
92.81373000144958,HEARTBEAT,0,21,other
92.81873106956482,HIGHRES_IMU,105,74,other
92.81879901885986,ATTITUDE,30,40,other
92.81881499290466,ATTITUDE_QUATERNION,31,44,other
92.81905603408813,ATTITUDE_TARGET,83,48,other
92.81957602500916,LOCAL_POSITION_NED,32,40,other
92.81965494155884,POSITION_TARGET_LOCAL_NED,85,63,other
92.8274290561676,GLOBAL_POSITION_INT,33,40,other
92.82785606384277,GLOBAL_POSITION_INT,33,40,other
92.82797193527222,SERVO_OUTPUT_RAW,36,24,other
92.82826209068298,GPS_RAW_INT,24,56,other
92.8318510055542,ATTITUDE,30,40,other
92.83190703392029,ATTITUDE,30,40,other
92.83192992210388,ATTITUDE_QUATERNION,31,44,other
92.83729887008667,HIGHRES_IMU,105,73,other
92.8373658657074,ATTITUDE,30,40,other
92.83738207817078,ATTITUDE_QUATERNION,31,44,other
92.83739900588989,ATTITUDE_TARGET,83,48,other
92.83742499351501,LOCAL_POSITION_NED,32,40,other
92.83743596076965,POSITION_TARGET_LOCAL_NED,85,63,other
92.84532809257507,LOCAL_POSITION_NED,32,40,other
92.84540295600891,ODOMETRY,331,244,other
92.8454179763794,GLOBAL_POSITION_INT,33,40,other
92.84543800354004,GLOBAL_POSITION_INT,33,40,other
92.84551787376404,SERVO_OUTPUT_RAW,36,24,other
92.84930896759033,ATTITUDE,30,40,other
92.8494119644165,ATTITUDE,30,40,other
92.84948205947876,ATTITUDE_QUATERNION,31,44,other
92.85757398605347,HIGHRES_IMU,105,73,other
92.85763907432556,ATTITUDE,30,40,other
92.857656955719,ATTITUDE_QUATERNION,31,44,other
92.85766887664795,GPS_RAW_INT,24,56,other
92.8577618598938,ATTITUDE_TARGET,83,48,other
92.8578360080719,LOCAL_POSITION_NED,32,40,other
92.8578519821167,POSITION_TARGET_LOCAL_NED,85,63,other
92.86533093452454,GLOBAL_POSITION_INT,33,40,other
92.86542105674744,GLOBAL_POSITION_INT,33,40,other
92.86542296409607,POSITION_TARGET_GLOBAL_INT,87,63,other
92.86544609069824,POSITION_TARGET_GLOBAL_INT,87,63,other
92.8654580116272,SERVO_OUTPUT_RAW,36,24,other
92.86941003799438,ATTITUDE,30,40,other
92.86945390701294,ATTITUDE,30,40,other
92.86952495574951,ATTITUDE_QUATERNION,31,44,other
92.87731409072876,TIMESYNC,111,25,other
92.8773820400238,HIGHRES_IMU,105,74,other
92.87739491462708,LOCAL_POSITION_NED,32,40,other
92.8774049282074,ATTITUDE,30,40,other
92.87741494178772,ALTITUDE,141,44,other
92.87742805480957,ODOMETRY,331,244,other
92.87743806838989,ATTITUDE_QUATERNION,31,44,other
92.87744688987732,ATTITUDE_TARGET,83,48,other
92.87746095657349,POSITION_TARGET_LOCAL_NED,85,63,other
92.87746906280518,ATTITUDE_TARGET,83,48,other
92.87747192382812,SERVO_OUTPUT_RAW,36,24,other
92.87748193740845,VFR_HUD,74,31,other
92.87753891944885,GPS_RAW_INT,24,56,other
92.8775520324707,LOCAL_POSITION_NED,32,40,other
92.87756204605103,POSITION_TARGET_LOCAL_NED,85,63,other
92.88539290428162,GLOBAL_POSITION_INT,33,40,other
92.88548803329468,GLOBAL_POSITION_INT,33,40,other
92.88556289672852,SERVO_OUTPUT_RAW,36,24,other
92.88938808441162,ATTITUDE,30,40,other
92.88946008682251,GPS_RAW_INT,24,56,other
92.88949704170227,ATTITUDE,30,40,other
92.88952493667603,ATTITUDE_QUATERNION,31,44,other
92.89749789237976,HIGHRES_IMU,105,74,other
92.89750790596008,ATTITUDE_TARGET,83,48,other
92.89753103256226,ATTITUDE,30,40,other
92.89754891395569,ATTITUDE_QUATERNION,31,44,other
92.8975579738617,LOCAL_POSITION_NED,32,40,other
92.89756894111633,POSITION_TARGET_LOCAL_NED,85,63,other
92.90260601043701,MISSION_CURRENT,42,22,other
92.90579009056091,GLOBAL_POSITION_INT,33,40,other
92.9058780670166,GLOBAL_POSITION_INT,33,40,other
92.90596604347229,SERVO_OUTPUT_RAW,36,24,other
92.90936493873596,ATTITUDE,30,40,other
92.9094660282135,ATTITUDE,30,40,other
92.90949201583862,ATTITUDE_QUATERNION,31,44,other
92.91340208053589,LOCAL_POSITION_NED,32,40,other
92.91347098350525,ODOMETRY,331,244,other
92.91736507415771,HIGHRES_IMU,105,74,other
92.91744995117188,ATTITUDE,30,40,other
92.91745185852051,ATTITUDE_TARGET,83,48,other
92.91746687889099,ATTITUDE_QUATERNION,31,44,other
92.91748094558716,LOCAL_POSITION_NED,32,40,other
92.91749286651611,POSITION_TARGET_LOCAL_NED,85,63,other
92.92530703544617,GLOBAL_POSITION_INT,33,40,other
92.92536687850952,GPS_RAW_INT,24,56,other
92.92546200752258,GLOBAL_POSITION_INT,33,40,other
92.925528049469,SERVO_OUTPUT_RAW,36,24,other
92.92940187454224,ATTITUDE,30,40,other
92.92948007583618,ATTITUDE,30,40,other
92.92954206466675,ATTITUDE_QUATERNION,31,44,other
92.93763899803162,HIGHRES_IMU,105,74,other
92.93771290779114,ATTITUDE_TARGET,83,48,other
92.93778395652771,LOCAL_POSITION_NED,32,40,other
92.93779706954956,POSITION_TARGET_LOCAL_NED,85,63,other
92.93783903121948,ATTITUDE,30,40,other
92.93790698051453,ATTITUDE_QUATERNION,31,44,other
92.94558501243591,LOCAL_POSITION_NED,32,40,other
92.94567608833313,ODOMETRY,331,244,other
92.9456889629364,GLOBAL_POSITION_INT,33,40,other
92.94569087028503,GLOBAL_POSITION_INT,33,40,other
92.94571590423584,SERVO_OUTPUT_RAW,36,24,other
92.9494960308075,ATTITUDE,30,40,other
92.94966387748718,ATTITUDE,30,40,other
92.94973397254944,ATTITUDE_QUATERNION,31,44,other
92.95340490341187,UNKNOWN_380,-2,32,other
92.95361995697021,UNKNOWN_380,-2,32,other
92.95780205726624,HIGHRES_IMU,105,73,other
92.95787191390991,ATTITUDE,30,40,other
92.95788788795471,ATTITUDE_QUATERNION,31,44,other
92.95790004730225,GPS_RAW_INT,24,56,other
92.95791792869568,ATTITUDE_TARGET,83,48,other
92.95794796943665,LOCAL_POSITION_NED,32,40,other
92.95795893669128,POSITION_TARGET_LOCAL_NED,85,63,other
92.96571707725525,GLOBAL_POSITION_INT,33,40,other
92.96579003334045,POSITION_TARGET_GLOBAL_INT,87,63,other
92.96615195274353,GLOBAL_POSITION_INT,33,40,other
92.96622800827026,SERVO_OUTPUT_RAW,36,24,other
92.96936702728271,ATTITUDE,30,40,other
92.96963691711426,ATTITUDE,30,40,other
92.9697060585022,ATTITUDE_QUATERNION,31,44,other
92.97753286361694,TIMESYNC,111,25,other
92.97755694389343,HIGHRES_IMU,105,73,other
92.97756791114807,LOCAL_POSITION_NED,32,40,other
92.97757887840271,ATTITUDE,30,40,other
92.97758793830872,ALTITUDE,141,44,other
92.97760105133057,ODOMETRY,331,244,other
92.9776120185852,ATTITUDE_QUATERNION,31,44,other
92.97761988639832,ATTITUDE_TARGET,83,48,other
92.97763204574585,POSITION_TARGET_LOCAL_NED,85,63,other
92.97763991355896,ATTITUDE_TARGET,83,48,other
92.9776439666748,SERVO_OUTPUT_RAW,36,24,other
92.97766494750977,SYS_STATUS,1,52,other
92.97767806053162,VFR_HUD,74,31,other
92.9776840209961,LOCAL_POSITION_NED,32,40,other
92.97769498825073,POSITION_TARGET_LOCAL_NED,85,63,other
92.97770595550537,VFR_HUD,74,31,other
92.98564195632935,GLOBAL_POSITION_INT,33,40,other
92.98566389083862,GLOBAL_POSITION_INT,33,40,other
92.98569703102112,SERVO_OUTPUT_RAW,36,24,other
92.98947787284851,ATTITUDE,30,40,other
92.98955488204956,GPS_RAW_INT,24,56,other
92.98979091644287,ATTITUDE,30,40,other
92.98985195159912,ATTITUDE_QUATERNION,31,44,other
92.99742293357849,HIGHRES_IMU,105,74,other
92.99742293357849,ATTITUDE_TARGET,83,48,other
92.9974479675293,ATTITUDE,30,40,other
92.99745106697083,LOCAL_POSITION_NED,32,40,other
92.99746298789978,ATTITUDE_QUATERNION,31,44,other
92.99746704101562,POSITION_TARGET_LOCAL_NED,85,63,other
93.00542688369751,GLOBAL_POSITION_INT,33,40,other
93.00565886497498,GLOBAL_POSITION_INT,33,40,other
93.00572800636292,SERVO_OUTPUT_RAW,36,24,other
93.0094530582428,ATTITUDE,30,40,other
93.009605884552,ATTITUDE,30,40,other
93.00962495803833,ATTITUDE_QUATERNION,31,44,other
93.01345801353455,LOCAL_POSITION_NED,32,40,other
93.01350593566895,ODOMETRY,331,244,other
93.01746487617493,HIGHRES_IMU,105,73,other
93.01753187179565,ATTITUDE,30,40,other
93.01753306388855,ATTITUDE_TARGET,83,48,other
93.01754999160767,ATTITUDE_QUATERNION,31,44,other
93.0176010131836,LOCAL_POSITION_NED,32,40,other
93.01761293411255,POSITION_TARGET_LOCAL_NED,85,63,other
93.0213520526886,GPS_RAW_INT,24,56,other
93.02531003952026,GLOBAL_POSITION_INT,33,40,other
93.0254418849945,GLOBAL_POSITION_INT,33,40,other
93.02546787261963,SERVO_OUTPUT_RAW,36,24,other
93.0294098854065,ATTITUDE,30,40,other
